escenario_a,escenario_b,ari
dbscan__eps_m-250__min_samples-5,dbscan__eps_m-250__min_samples-10,0.3890772196991587
dbscan__eps_m-250__min_samples-5,dbscan__eps_m-250__min_samples-15,0.2662210566855502
dbscan__eps_m-250__min_samples-5,dbscan__eps_m-250__min_samples-25,0.1615231270618384
dbscan__eps_m-250__min_samples-5,dbscan__eps_m-400__min_samples-5,0.2630213468846168
dbscan__eps_m-250__min_samples-5,dbscan__eps_m-400__min_samples-10,0.6091695164000146
dbscan__eps_m-250__min_samples-5,dbscan__eps_m-400__min_samples-15,0.4616936841236929
dbscan__eps_m-250__min_samples-5,dbscan__eps_m-400__min_samples-25,0.29676625667233403
dbscan__eps_m-250__min_samples-5,dbscan__eps_m-600__min_samples-5,0.17517054388448897
dbscan__eps_m-250__min_samples-5,dbscan__eps_m-600__min_samples-10,0.2041354459540539
dbscan__eps_m-250__min_samples-5,dbscan__eps_m-600__min_samples-15,0.37071390251791236
dbscan__eps_m-250__min_samples-5,dbscan__eps_m-600__min_samples-25,0.4867549844027435
dbscan__eps_m-250__min_samples-5,dbscan__eps_m-800__min_samples-5,0.20884641802945805
dbscan__eps_m-250__min_samples-5,dbscan__eps_m-800__min_samples-10,0.20595386533878363
dbscan__eps_m-250__min_samples-5,dbscan__eps_m-800__min_samples-15,0.22234748364165274
dbscan__eps_m-250__min_samples-5,dbscan__eps_m-800__min_samples-25,0.35688527388543384
dbscan__eps_m-250__min_samples-5,dbscan__eps_m-1200__min_samples-5,0.25017036397859505
dbscan__eps_m-250__min_samples-5,dbscan__eps_m-1200__min_samples-10,0.21884564259912098
dbscan__eps_m-250__min_samples-5,dbscan__eps_m-1200__min_samples-15,0.21053462392146285
dbscan__eps_m-250__min_samples-5,dbscan__eps_m-1200__min_samples-25,0.20725763358918997
dbscan__eps_m-250__min_samples-5,dbscan__eps_m-1600__min_samples-5,0.2509509094374073
dbscan__eps_m-250__min_samples-5,dbscan__eps_m-1600__min_samples-10,0.2418786539741454
dbscan__eps_m-250__min_samples-5,dbscan__eps_m-1600__min_samples-15,0.22927350557108278
dbscan__eps_m-250__min_samples-5,dbscan__eps_m-1600__min_samples-25,0.21725974479070298
dbscan__eps_m-250__min_samples-5,hdbscan__min_cluster_size-10__min_samples-5__cluster_selection_method-eom,0.3724238290923427
dbscan__eps_m-250__min_samples-5,hdbscan__min_cluster_size-10__min_samples-5__cluster_selection_method-leaf,0.2446450466121384
dbscan__eps_m-250__min_samples-5,hdbscan__min_cluster_size-10__min_samples-10__cluster_selection_method-eom,0.42006342519133427
dbscan__eps_m-250__min_samples-5,hdbscan__min_cluster_size-10__min_samples-10__cluster_selection_method-leaf,0.22405925878226138
dbscan__eps_m-250__min_samples-5,hdbscan__min_cluster_size-10__min_samples-20__cluster_selection_method-eom,0.22595235744375053
dbscan__eps_m-250__min_samples-5,hdbscan__min_cluster_size-10__min_samples-20__cluster_selection_method-leaf,0.21821919194388686
dbscan__eps_m-250__min_samples-5,hdbscan__min_cluster_size-20__min_samples-5__cluster_selection_method-eom,0.3888493540663884
dbscan__eps_m-250__min_samples-5,hdbscan__min_cluster_size-20__min_samples-5__cluster_selection_method-leaf,0.25320513003328504
dbscan__eps_m-250__min_samples-5,hdbscan__min_cluster_size-20__min_samples-10__cluster_selection_method-eom,0.23202226916852584
dbscan__eps_m-250__min_samples-5,hdbscan__min_cluster_size-20__min_samples-10__cluster_selection_method-leaf,0.2666040735744054
dbscan__eps_m-250__min_samples-5,hdbscan__min_cluster_size-20__min_samples-20__cluster_selection_method-eom,0.22720880888644723
dbscan__eps_m-250__min_samples-5,hdbscan__min_cluster_size-20__min_samples-20__cluster_selection_method-leaf,0.2778196280043195
dbscan__eps_m-250__min_samples-5,hdbscan__min_cluster_size-30__min_samples-5__cluster_selection_method-eom,0.28367639590853255
dbscan__eps_m-250__min_samples-5,hdbscan__min_cluster_size-30__min_samples-5__cluster_selection_method-leaf,0.28674568220977986
dbscan__eps_m-250__min_samples-5,hdbscan__min_cluster_size-30__min_samples-10__cluster_selection_method-eom,0.229637346968636
dbscan__eps_m-250__min_samples-5,hdbscan__min_cluster_size-30__min_samples-10__cluster_selection_method-leaf,0.2795774422531111
dbscan__eps_m-250__min_samples-5,hdbscan__min_cluster_size-30__min_samples-20__cluster_selection_method-eom,0.23429181156880216
dbscan__eps_m-250__min_samples-5,hdbscan__min_cluster_size-30__min_samples-20__cluster_selection_method-leaf,0.3008211773398253
dbscan__eps_m-250__min_samples-5,hdbscan__min_cluster_size-50__min_samples-5__cluster_selection_method-eom,0.2671910532222122
dbscan__eps_m-250__min_samples-5,hdbscan__min_cluster_size-50__min_samples-5__cluster_selection_method-leaf,0.34612775645294946
dbscan__eps_m-250__min_samples-5,hdbscan__min_cluster_size-50__min_samples-10__cluster_selection_method-eom,0.2631257680417123
dbscan__eps_m-250__min_samples-5,hdbscan__min_cluster_size-50__min_samples-10__cluster_selection_method-leaf,0.32710795464295317
dbscan__eps_m-250__min_samples-5,hdbscan__min_cluster_size-50__min_samples-20__cluster_selection_method-eom,0.23589264213506309
dbscan__eps_m-250__min_samples-5,hdbscan__min_cluster_size-50__min_samples-20__cluster_selection_method-leaf,0.4630663827875714
dbscan__eps_m-250__min_samples-5,hdbscan__min_cluster_size-75__min_samples-5__cluster_selection_method-eom,0.2676164517908402
dbscan__eps_m-250__min_samples-5,hdbscan__min_cluster_size-75__min_samples-5__cluster_selection_method-leaf,0.4006937252497863
dbscan__eps_m-250__min_samples-5,hdbscan__min_cluster_size-75__min_samples-10__cluster_selection_method-eom,0.2502241765183724
dbscan__eps_m-250__min_samples-5,hdbscan__min_cluster_size-75__min_samples-10__cluster_selection_method-leaf,0.44697834457598196
dbscan__eps_m-250__min_samples-5,hdbscan__min_cluster_size-75__min_samples-20__cluster_selection_method-eom,0.23735303628975793
dbscan__eps_m-250__min_samples-5,hdbscan__min_cluster_size-75__min_samples-20__cluster_selection_method-leaf,0.4567092607361212
dbscan__eps_m-250__min_samples-5,optics__min_samples-10__xi-0p05__min_cluster_size_frac-0p01,0.23532292539586258
dbscan__eps_m-250__min_samples-5,optics__min_samples-20__xi-0p05__min_cluster_size_frac-0p01,0.2843348066264261
dbscan__eps_m-250__min_samples-5,optics__min_samples-30__xi-0p05__min_cluster_size_frac-0p01,0.26235372070880825
dbscan__eps_m-250__min_samples-10,dbscan__eps_m-250__min_samples-15,0.7780143026977621
dbscan__eps_m-250__min_samples-10,dbscan__eps_m-250__min_samples-25,0.5488520126076379
dbscan__eps_m-250__min_samples-10,dbscan__eps_m-400__min_samples-5,0.10764961722652226
dbscan__eps_m-250__min_samples-10,dbscan__eps_m-400__min_samples-10,0.3481778143120609
dbscan__eps_m-250__min_samples-10,dbscan__eps_m-400__min_samples-15,0.7837767459623258
dbscan__eps_m-250__min_samples-10,dbscan__eps_m-400__min_samples-25,0.7926433885314285
dbscan__eps_m-250__min_samples-10,dbscan__eps_m-600__min_samples-5,0.36522208846534543
dbscan__eps_m-250__min_samples-10,dbscan__eps_m-600__min_samples-10,0.16360936159971304
dbscan__eps_m-250__min_samples-10,dbscan__eps_m-600__min_samples-15,0.24305373669818867
dbscan__eps_m-250__min_samples-10,dbscan__eps_m-600__min_samples-25,0.5842724056183952
dbscan__eps_m-250__min_samples-10,dbscan__eps_m-800__min_samples-5,0.4222469862767323
dbscan__eps_m-250__min_samples-10,dbscan__eps_m-800__min_samples-10,0.3892205893507316
dbscan__eps_m-250__min_samples-10,dbscan__eps_m-800__min_samples-15,0.2794008710995832
dbscan__eps_m-250__min_samples-10,dbscan__eps_m-800__min_samples-25,0.26311231098477394
dbscan__eps_m-250__min_samples-10,dbscan__eps_m-1200__min_samples-5,0.47285889626390176
dbscan__eps_m-250__min_samples-10,dbscan__eps_m-1200__min_samples-10,0.4301356382296134
dbscan__eps_m-250__min_samples-10,dbscan__eps_m-1200__min_samples-15,0.4016150902274377
dbscan__eps_m-250__min_samples-10,dbscan__eps_m-1200__min_samples-25,0.3885575332894477
dbscan__eps_m-250__min_samples-10,dbscan__eps_m-1600__min_samples-5,0.48862815428946516
dbscan__eps_m-250__min_samples-10,dbscan__eps_m-1600__min_samples-10,0.4768618771057963
dbscan__eps_m-250__min_samples-10,dbscan__eps_m-1600__min_samples-15,0.44229253214427205
dbscan__eps_m-250__min_samples-10,dbscan__eps_m-1600__min_samples-25,0.4231630288496383
dbscan__eps_m-250__min_samples-10,hdbscan__min_cluster_size-10__min_samples-5__cluster_selection_method-eom,0.14671508529242133
dbscan__eps_m-250__min_samples-10,hdbscan__min_cluster_size-10__min_samples-5__cluster_selection_method-leaf,0.085540798056911
dbscan__eps_m-250__min_samples-10,hdbscan__min_cluster_size-10__min_samples-10__cluster_selection_method-eom,0.2216949671117213
dbscan__eps_m-250__min_samples-10,hdbscan__min_cluster_size-10__min_samples-10__cluster_selection_method-leaf,0.09255808053783846
dbscan__eps_m-250__min_samples-10,hdbscan__min_cluster_size-10__min_samples-20__cluster_selection_method-eom,0.406660423213953
dbscan__eps_m-250__min_samples-10,hdbscan__min_cluster_size-10__min_samples-20__cluster_selection_method-leaf,0.18151427520094726
dbscan__eps_m-250__min_samples-10,hdbscan__min_cluster_size-20__min_samples-5__cluster_selection_method-eom,0.15360700964392812
dbscan__eps_m-250__min_samples-10,hdbscan__min_cluster_size-20__min_samples-5__cluster_selection_method-leaf,0.10261816381000044
dbscan__eps_m-250__min_samples-10,hdbscan__min_cluster_size-20__min_samples-10__cluster_selection_method-eom,0.42093009728711783
dbscan__eps_m-250__min_samples-10,hdbscan__min_cluster_size-20__min_samples-10__cluster_selection_method-leaf,0.14548149129527257
dbscan__eps_m-250__min_samples-10,hdbscan__min_cluster_size-20__min_samples-20__cluster_selection_method-eom,0.4085143361941389
dbscan__eps_m-250__min_samples-10,hdbscan__min_cluster_size-20__min_samples-20__cluster_selection_method-leaf,0.2297162000392332
dbscan__eps_m-250__min_samples-10,hdbscan__min_cluster_size-30__min_samples-5__cluster_selection_method-eom,0.5118557362051341
dbscan__eps_m-250__min_samples-10,hdbscan__min_cluster_size-30__min_samples-5__cluster_selection_method-leaf,0.10721659889681645
dbscan__eps_m-250__min_samples-10,hdbscan__min_cluster_size-30__min_samples-10__cluster_selection_method-eom,0.4195243222749061
dbscan__eps_m-250__min_samples-10,hdbscan__min_cluster_size-30__min_samples-10__cluster_selection_method-leaf,0.1555269947644807
dbscan__eps_m-250__min_samples-10,hdbscan__min_cluster_size-30__min_samples-20__cluster_selection_method-eom,0.4151855134625616
dbscan__eps_m-250__min_samples-10,hdbscan__min_cluster_size-30__min_samples-20__cluster_selection_method-leaf,0.2524997390933756
dbscan__eps_m-250__min_samples-10,hdbscan__min_cluster_size-50__min_samples-5__cluster_selection_method-eom,0.4956110017473764
dbscan__eps_m-250__min_samples-10,hdbscan__min_cluster_size-50__min_samples-5__cluster_selection_method-leaf,0.20647055876763304
dbscan__eps_m-250__min_samples-10,hdbscan__min_cluster_size-50__min_samples-10__cluster_selection_method-eom,0.48219174800297504
dbscan__eps_m-250__min_samples-10,hdbscan__min_cluster_size-50__min_samples-10__cluster_selection_method-leaf,0.21766687258726983
dbscan__eps_m-250__min_samples-10,hdbscan__min_cluster_size-50__min_samples-20__cluster_selection_method-eom,0.4421021477421021
dbscan__eps_m-250__min_samples-10,hdbscan__min_cluster_size-50__min_samples-20__cluster_selection_method-leaf,0.4647091587807379
dbscan__eps_m-250__min_samples-10,hdbscan__min_cluster_size-75__min_samples-5__cluster_selection_method-eom,0.49670564625489005
dbscan__eps_m-250__min_samples-10,hdbscan__min_cluster_size-75__min_samples-5__cluster_selection_method-leaf,0.37326467985167383
dbscan__eps_m-250__min_samples-10,hdbscan__min_cluster_size-75__min_samples-10__cluster_selection_method-eom,0.47139570915552104
dbscan__eps_m-250__min_samples-10,hdbscan__min_cluster_size-75__min_samples-10__cluster_selection_method-leaf,0.37355014330058167
dbscan__eps_m-250__min_samples-10,hdbscan__min_cluster_size-75__min_samples-20__cluster_selection_method-eom,0.4445628074261307
dbscan__eps_m-250__min_samples-10,hdbscan__min_cluster_size-75__min_samples-20__cluster_selection_method-leaf,0.5513340764225223
dbscan__eps_m-250__min_samples-10,optics__min_samples-10__xi-0p05__min_cluster_size_frac-0p01,0.22941983361207502
dbscan__eps_m-250__min_samples-10,optics__min_samples-20__xi-0p05__min_cluster_size_frac-0p01,0.4218958486580594
dbscan__eps_m-250__min_samples-10,optics__min_samples-30__xi-0p05__min_cluster_size_frac-0p01,0.47070080709243634
dbscan__eps_m-250__min_samples-15,dbscan__eps_m-250__min_samples-25,0.7458675631909065
dbscan__eps_m-250__min_samples-15,dbscan__eps_m-400__min_samples-5,0.08904471941475167
dbscan__eps_m-250__min_samples-15,dbscan__eps_m-400__min_samples-10,0.23784419617277944
dbscan__eps_m-250__min_samples-15,dbscan__eps_m-400__min_samples-15,0.5930446096520678
dbscan__eps_m-250__min_samples-15,dbscan__eps_m-400__min_samples-25,0.8913591524684455
dbscan__eps_m-250__min_samples-15,dbscan__eps_m-600__min_samples-5,0.3348539552991612
dbscan__eps_m-250__min_samples-15,dbscan__eps_m-600__min_samples-10,0.15002603016716312
dbscan__eps_m-250__min_samples-15,dbscan__eps_m-600__min_samples-15,0.19112105107543473
dbscan__eps_m-250__min_samples-15,dbscan__eps_m-600__min_samples-25,0.4715172370346394
dbscan__eps_m-250__min_samples-15,dbscan__eps_m-800__min_samples-5,0.38728405474182426
dbscan__eps_m-250__min_samples-15,dbscan__eps_m-800__min_samples-10,0.35586973622845564
dbscan__eps_m-250__min_samples-15,dbscan__eps_m-800__min_samples-15,0.25163253345102116
dbscan__eps_m-250__min_samples-15,dbscan__eps_m-800__min_samples-25,0.21041066719600415
dbscan__eps_m-250__min_samples-15,dbscan__eps_m-1200__min_samples-5,0.43256977762364907
dbscan__eps_m-250__min_samples-15,dbscan__eps_m-1200__min_samples-10,0.39330041375196834
dbscan__eps_m-250__min_samples-15,dbscan__eps_m-1200__min_samples-15,0.3661753649680719
dbscan__eps_m-250__min_samples-15,dbscan__eps_m-1200__min_samples-25,0.3519812320294248
dbscan__eps_m-250__min_samples-15,dbscan__eps_m-1600__min_samples-5,0.44596046639931836
dbscan__eps_m-250__min_samples-15,dbscan__eps_m-1600__min_samples-10,0.43496427086669837
dbscan__eps_m-250__min_samples-15,dbscan__eps_m-1600__min_samples-15,0.4044760294193625
dbscan__eps_m-250__min_samples-15,dbscan__eps_m-1600__min_samples-25,0.38597338461095276
dbscan__eps_m-250__min_samples-15,hdbscan__min_cluster_size-10__min_samples-5__cluster_selection_method-eom,0.09613241947424007
dbscan__eps_m-250__min_samples-15,hdbscan__min_cluster_size-10__min_samples-5__cluster_selection_method-leaf,0.041731723038141655
dbscan__eps_m-250__min_samples-15,hdbscan__min_cluster_size-10__min_samples-10__cluster_selection_method-eom,0.15712519843849343
dbscan__eps_m-250__min_samples-15,hdbscan__min_cluster_size-10__min_samples-10__cluster_selection_method-leaf,0.029122938846203792
dbscan__eps_m-250__min_samples-15,hdbscan__min_cluster_size-10__min_samples-20__cluster_selection_method-eom,0.3647439063927429
dbscan__eps_m-250__min_samples-15,hdbscan__min_cluster_size-10__min_samples-20__cluster_selection_method-leaf,0.08610442702247201
dbscan__eps_m-250__min_samples-15,hdbscan__min_cluster_size-20__min_samples-5__cluster_selection_method-eom,0.10228746179477359
dbscan__eps_m-250__min_samples-15,hdbscan__min_cluster_size-20__min_samples-5__cluster_selection_method-leaf,0.050452284187035325
dbscan__eps_m-250__min_samples-15,hdbscan__min_cluster_size-20__min_samples-10__cluster_selection_method-eom,0.37708401021793864
dbscan__eps_m-250__min_samples-15,hdbscan__min_cluster_size-20__min_samples-10__cluster_selection_method-leaf,0.06908873030806201
dbscan__eps_m-250__min_samples-15,hdbscan__min_cluster_size-20__min_samples-20__cluster_selection_method-eom,0.3662401704260612
dbscan__eps_m-250__min_samples-15,hdbscan__min_cluster_size-20__min_samples-20__cluster_selection_method-leaf,0.14159434289773717
dbscan__eps_m-250__min_samples-15,hdbscan__min_cluster_size-30__min_samples-5__cluster_selection_method-eom,0.46104779687573144
dbscan__eps_m-250__min_samples-15,hdbscan__min_cluster_size-30__min_samples-5__cluster_selection_method-leaf,0.05347980661739829
dbscan__eps_m-250__min_samples-15,hdbscan__min_cluster_size-30__min_samples-10__cluster_selection_method-eom,0.37625280961771246
dbscan__eps_m-250__min_samples-15,hdbscan__min_cluster_size-30__min_samples-10__cluster_selection_method-leaf,0.08215165570684867
dbscan__eps_m-250__min_samples-15,hdbscan__min_cluster_size-30__min_samples-20__cluster_selection_method-eom,0.3717213721129773
dbscan__eps_m-250__min_samples-15,hdbscan__min_cluster_size-30__min_samples-20__cluster_selection_method-leaf,0.14403709517084956
dbscan__eps_m-250__min_samples-15,hdbscan__min_cluster_size-50__min_samples-5__cluster_selection_method-eom,0.45675855514545993
dbscan__eps_m-250__min_samples-15,hdbscan__min_cluster_size-50__min_samples-5__cluster_selection_method-leaf,0.14217205412223086
dbscan__eps_m-250__min_samples-15,hdbscan__min_cluster_size-50__min_samples-10__cluster_selection_method-eom,0.433867946932559
dbscan__eps_m-250__min_samples-15,hdbscan__min_cluster_size-50__min_samples-10__cluster_selection_method-leaf,0.1346065554866756
dbscan__eps_m-250__min_samples-15,hdbscan__min_cluster_size-50__min_samples-20__cluster_selection_method-eom,0.4067661438998371
dbscan__eps_m-250__min_samples-15,hdbscan__min_cluster_size-50__min_samples-20__cluster_selection_method-leaf,0.3635855183413301
dbscan__eps_m-250__min_samples-15,hdbscan__min_cluster_size-75__min_samples-5__cluster_selection_method-eom,0.45926016711640416
dbscan__eps_m-250__min_samples-15,hdbscan__min_cluster_size-75__min_samples-5__cluster_selection_method-leaf,0.3075616066832899
dbscan__eps_m-250__min_samples-15,hdbscan__min_cluster_size-75__min_samples-10__cluster_selection_method-eom,0.4357487074819406
dbscan__eps_m-250__min_samples-15,hdbscan__min_cluster_size-75__min_samples-10__cluster_selection_method-leaf,0.2951796000897726
dbscan__eps_m-250__min_samples-15,hdbscan__min_cluster_size-75__min_samples-20__cluster_selection_method-eom,0.41137952349023116
dbscan__eps_m-250__min_samples-15,hdbscan__min_cluster_size-75__min_samples-20__cluster_selection_method-leaf,0.4468206129917961
dbscan__eps_m-250__min_samples-15,optics__min_samples-10__xi-0p05__min_cluster_size_frac-0p01,0.15204725204080882
dbscan__eps_m-250__min_samples-15,optics__min_samples-20__xi-0p05__min_cluster_size_frac-0p01,0.3520780367490335
dbscan__eps_m-250__min_samples-15,optics__min_samples-30__xi-0p05__min_cluster_size_frac-0p01,0.42051900638743567
dbscan__eps_m-250__min_samples-25,dbscan__eps_m-400__min_samples-5,0.055000609704698486
dbscan__eps_m-250__min_samples-25,dbscan__eps_m-400__min_samples-10,0.14439582379939148
dbscan__eps_m-250__min_samples-25,dbscan__eps_m-400__min_samples-15,0.40081721353505867
dbscan__eps_m-250__min_samples-25,dbscan__eps_m-400__min_samples-25,0.6830767583247704
dbscan__eps_m-250__min_samples-25,dbscan__eps_m-600__min_samples-5,0.24141901677590796
dbscan__eps_m-250__min_samples-25,dbscan__eps_m-600__min_samples-10,0.10618049603186464
dbscan__eps_m-250__min_samples-25,dbscan__eps_m-600__min_samples-15,0.12293322876642232
dbscan__eps_m-250__min_samples-25,dbscan__eps_m-600__min_samples-25,0.30913273397562524
dbscan__eps_m-250__min_samples-25,dbscan__eps_m-800__min_samples-5,0.2827253716184723
dbscan__eps_m-250__min_samples-25,dbscan__eps_m-800__min_samples-10,0.2581911339642256
dbscan__eps_m-250__min_samples-25,dbscan__eps_m-800__min_samples-15,0.18042714169369609
dbscan__eps_m-250__min_samples-25,dbscan__eps_m-800__min_samples-25,0.13787136032173455
dbscan__eps_m-250__min_samples-25,dbscan__eps_m-1200__min_samples-5,0.31898471206687906
dbscan__eps_m-250__min_samples-25,dbscan__eps_m-1200__min_samples-10,0.288351973621793
dbscan__eps_m-250__min_samples-25,dbscan__eps_m-1200__min_samples-15,0.26634486352560577
dbscan__eps_m-250__min_samples-25,dbscan__eps_m-1200__min_samples-25,0.2549343425738584
dbscan__eps_m-250__min_samples-25,dbscan__eps_m-1600__min_samples-5,0.33356697639126276
dbscan__eps_m-250__min_samples-25,dbscan__eps_m-1600__min_samples-10,0.3247382163946054
dbscan__eps_m-250__min_samples-25,dbscan__eps_m-1600__min_samples-15,0.2970165580068709
dbscan__eps_m-250__min_samples-25,dbscan__eps_m-1600__min_samples-25,0.2824782465002792
dbscan__eps_m-250__min_samples-25,hdbscan__min_cluster_size-10__min_samples-5__cluster_selection_method-eom,0.05007437184045399
dbscan__eps_m-250__min_samples-25,hdbscan__min_cluster_size-10__min_samples-5__cluster_selection_method-leaf,0.02115417513404219
dbscan__eps_m-250__min_samples-25,hdbscan__min_cluster_size-10__min_samples-10__cluster_selection_method-eom,0.0901521096333494
dbscan__eps_m-250__min_samples-25,hdbscan__min_cluster_size-10__min_samples-10__cluster_selection_method-leaf,0.00989748055247686
dbscan__eps_m-250__min_samples-25,hdbscan__min_cluster_size-10__min_samples-20__cluster_selection_method-eom,0.2516400529170901
dbscan__eps_m-250__min_samples-25,hdbscan__min_cluster_size-10__min_samples-20__cluster_selection_method-leaf,0.03673935433410877
dbscan__eps_m-250__min_samples-25,hdbscan__min_cluster_size-20__min_samples-5__cluster_selection_method-eom,0.054433364157271714
dbscan__eps_m-250__min_samples-25,hdbscan__min_cluster_size-20__min_samples-5__cluster_selection_method-leaf,0.042054113862977895
dbscan__eps_m-250__min_samples-25,hdbscan__min_cluster_size-20__min_samples-10__cluster_selection_method-eom,0.26142135335064737
dbscan__eps_m-250__min_samples-25,hdbscan__min_cluster_size-20__min_samples-10__cluster_selection_method-leaf,0.04587520419064846
dbscan__eps_m-250__min_samples-25,hdbscan__min_cluster_size-20__min_samples-20__cluster_selection_method-eom,0.25271778761334107
dbscan__eps_m-250__min_samples-25,hdbscan__min_cluster_size-20__min_samples-20__cluster_selection_method-leaf,0.07468429436670256
dbscan__eps_m-250__min_samples-25,hdbscan__min_cluster_size-30__min_samples-5__cluster_selection_method-eom,0.3248640739520464
dbscan__eps_m-250__min_samples-25,hdbscan__min_cluster_size-30__min_samples-5__cluster_selection_method-leaf,0.04265323606426229
dbscan__eps_m-250__min_samples-25,hdbscan__min_cluster_size-30__min_samples-10__cluster_selection_method-eom,0.260994620722253
dbscan__eps_m-250__min_samples-25,hdbscan__min_cluster_size-30__min_samples-10__cluster_selection_method-leaf,0.0611459520938816
dbscan__eps_m-250__min_samples-25,hdbscan__min_cluster_size-30__min_samples-20__cluster_selection_method-eom,0.2566716042176336
dbscan__eps_m-250__min_samples-25,hdbscan__min_cluster_size-30__min_samples-20__cluster_selection_method-leaf,0.07653550075709606
dbscan__eps_m-250__min_samples-25,hdbscan__min_cluster_size-50__min_samples-5__cluster_selection_method-eom,0.3377338463554014
dbscan__eps_m-250__min_samples-25,hdbscan__min_cluster_size-50__min_samples-5__cluster_selection_method-leaf,0.11869174188472593
dbscan__eps_m-250__min_samples-25,hdbscan__min_cluster_size-50__min_samples-10__cluster_selection_method-eom,0.30662698901290086
dbscan__eps_m-250__min_samples-25,hdbscan__min_cluster_size-50__min_samples-10__cluster_selection_method-leaf,0.1101685960729165
dbscan__eps_m-250__min_samples-25,hdbscan__min_cluster_size-50__min_samples-20__cluster_selection_method-eom,0.2965783932943868
dbscan__eps_m-250__min_samples-25,hdbscan__min_cluster_size-50__min_samples-20__cluster_selection_method-leaf,0.23162741656649655
dbscan__eps_m-250__min_samples-25,hdbscan__min_cluster_size-75__min_samples-5__cluster_selection_method-eom,0.33963518427943407
dbscan__eps_m-250__min_samples-25,hdbscan__min_cluster_size-75__min_samples-5__cluster_selection_method-leaf,0.2211770302837242
dbscan__eps_m-250__min_samples-25,hdbscan__min_cluster_size-75__min_samples-10__cluster_selection_method-eom,0.3195966751234087
dbscan__eps_m-250__min_samples-25,hdbscan__min_cluster_size-75__min_samples-10__cluster_selection_method-leaf,0.18500992523597304
dbscan__eps_m-250__min_samples-25,hdbscan__min_cluster_size-75__min_samples-20__cluster_selection_method-eom,0.30000216402081886
dbscan__eps_m-250__min_samples-25,hdbscan__min_cluster_size-75__min_samples-20__cluster_selection_method-leaf,0.2917415372831427
dbscan__eps_m-250__min_samples-25,optics__min_samples-10__xi-0p05__min_cluster_size_frac-0p01,0.07630226372068419
dbscan__eps_m-250__min_samples-25,optics__min_samples-20__xi-0p05__min_cluster_size_frac-0p01,0.20432134103460822
dbscan__eps_m-250__min_samples-25,optics__min_samples-30__xi-0p05__min_cluster_size_frac-0p01,0.27696787236794307
dbscan__eps_m-400__min_samples-5,dbscan__eps_m-400__min_samples-10,0.2933753215313384
dbscan__eps_m-400__min_samples-5,dbscan__eps_m-400__min_samples-15,0.13931095139469998
dbscan__eps_m-400__min_samples-5,dbscan__eps_m-400__min_samples-25,0.10778296451758003
dbscan__eps_m-400__min_samples-5,dbscan__eps_m-600__min_samples-5,0.2815948495912944
dbscan__eps_m-400__min_samples-5,dbscan__eps_m-600__min_samples-10,0.6001328501666856
dbscan__eps_m-400__min_samples-5,dbscan__eps_m-600__min_samples-15,0.5771956993156165
dbscan__eps_m-400__min_samples-5,dbscan__eps_m-600__min_samples-25,0.16013627620756143
dbscan__eps_m-400__min_samples-5,dbscan__eps_m-800__min_samples-5,0.23964348688253642
dbscan__eps_m-400__min_samples-5,dbscan__eps_m-800__min_samples-10,0.2791941530351637
dbscan__eps_m-400__min_samples-5,dbscan__eps_m-800__min_samples-15,0.3951278803180646
dbscan__eps_m-400__min_samples-5,dbscan__eps_m-800__min_samples-25,0.5279562350587658
dbscan__eps_m-400__min_samples-5,dbscan__eps_m-1200__min_samples-5,0.2101389787982545
dbscan__eps_m-400__min_samples-5,dbscan__eps_m-1200__min_samples-10,0.22145545529928293
dbscan__eps_m-400__min_samples-5,dbscan__eps_m-1200__min_samples-15,0.23996757577693364
dbscan__eps_m-400__min_samples-5,dbscan__eps_m-1200__min_samples-25,0.26078815923768534
dbscan__eps_m-400__min_samples-5,dbscan__eps_m-1600__min_samples-5,0.1905664280730483
dbscan__eps_m-400__min_samples-5,dbscan__eps_m-1600__min_samples-10,0.19284037527091014
dbscan__eps_m-400__min_samples-5,dbscan__eps_m-1600__min_samples-15,0.2188043075990764
dbscan__eps_m-400__min_samples-5,dbscan__eps_m-1600__min_samples-25,0.2300749983030146
dbscan__eps_m-400__min_samples-5,hdbscan__min_cluster_size-10__min_samples-5__cluster_selection_method-eom,0.4085164458024637
dbscan__eps_m-400__min_samples-5,hdbscan__min_cluster_size-10__min_samples-5__cluster_selection_method-leaf,0.16342301791350636
dbscan__eps_m-400__min_samples-5,hdbscan__min_cluster_size-10__min_samples-10__cluster_selection_method-eom,0.3486686707440775
dbscan__eps_m-400__min_samples-5,hdbscan__min_cluster_size-10__min_samples-10__cluster_selection_method-leaf,0.12477347873831895
dbscan__eps_m-400__min_samples-5,hdbscan__min_cluster_size-10__min_samples-20__cluster_selection_method-eom,0.26227178363871606
dbscan__eps_m-400__min_samples-5,hdbscan__min_cluster_size-10__min_samples-20__cluster_selection_method-leaf,0.08058426007996924
dbscan__eps_m-400__min_samples-5,hdbscan__min_cluster_size-20__min_samples-5__cluster_selection_method-eom,0.41470234863139144
dbscan__eps_m-400__min_samples-5,hdbscan__min_cluster_size-20__min_samples-5__cluster_selection_method-leaf,0.19358093159939715
dbscan__eps_m-400__min_samples-5,hdbscan__min_cluster_size-20__min_samples-10__cluster_selection_method-eom,0.24770964241349255
dbscan__eps_m-400__min_samples-5,hdbscan__min_cluster_size-20__min_samples-10__cluster_selection_method-leaf,0.1363682068467831
dbscan__eps_m-400__min_samples-5,hdbscan__min_cluster_size-20__min_samples-20__cluster_selection_method-eom,0.2632097654536484
dbscan__eps_m-400__min_samples-5,hdbscan__min_cluster_size-20__min_samples-20__cluster_selection_method-leaf,0.1136384453387584
dbscan__eps_m-400__min_samples-5,hdbscan__min_cluster_size-30__min_samples-5__cluster_selection_method-eom,0.2024402126316054
dbscan__eps_m-400__min_samples-5,hdbscan__min_cluster_size-30__min_samples-5__cluster_selection_method-leaf,0.20044694769136728
dbscan__eps_m-400__min_samples-5,hdbscan__min_cluster_size-30__min_samples-10__cluster_selection_method-eom,0.24466998100548773
dbscan__eps_m-400__min_samples-5,hdbscan__min_cluster_size-30__min_samples-10__cluster_selection_method-leaf,0.14736022786657235
dbscan__eps_m-400__min_samples-5,hdbscan__min_cluster_size-30__min_samples-20__cluster_selection_method-eom,0.2638627745153201
dbscan__eps_m-400__min_samples-5,hdbscan__min_cluster_size-30__min_samples-20__cluster_selection_method-leaf,0.12406992772460279
dbscan__eps_m-400__min_samples-5,hdbscan__min_cluster_size-50__min_samples-5__cluster_selection_method-eom,0.22212153465770385
dbscan__eps_m-400__min_samples-5,hdbscan__min_cluster_size-50__min_samples-5__cluster_selection_method-leaf,0.19442983385365498
dbscan__eps_m-400__min_samples-5,hdbscan__min_cluster_size-50__min_samples-10__cluster_selection_method-eom,0.22387627287381626
dbscan__eps_m-400__min_samples-5,hdbscan__min_cluster_size-50__min_samples-10__cluster_selection_method-leaf,0.1759358254425532
dbscan__eps_m-400__min_samples-5,hdbscan__min_cluster_size-50__min_samples-20__cluster_selection_method-eom,0.2500689373170817
dbscan__eps_m-400__min_samples-5,hdbscan__min_cluster_size-50__min_samples-20__cluster_selection_method-leaf,0.21047478854153032
dbscan__eps_m-400__min_samples-5,hdbscan__min_cluster_size-75__min_samples-5__cluster_selection_method-eom,0.22115455846072532
dbscan__eps_m-400__min_samples-5,hdbscan__min_cluster_size-75__min_samples-5__cluster_selection_method-leaf,0.2039302843790289
dbscan__eps_m-400__min_samples-5,hdbscan__min_cluster_size-75__min_samples-10__cluster_selection_method-eom,0.2304657086351081
dbscan__eps_m-400__min_samples-5,hdbscan__min_cluster_size-75__min_samples-10__cluster_selection_method-leaf,0.25764779969435503
dbscan__eps_m-400__min_samples-5,hdbscan__min_cluster_size-75__min_samples-20__cluster_selection_method-eom,0.24802254103933705
dbscan__eps_m-400__min_samples-5,hdbscan__min_cluster_size-75__min_samples-20__cluster_selection_method-leaf,0.16652888195098045
dbscan__eps_m-400__min_samples-5,optics__min_samples-10__xi-0p05__min_cluster_size_frac-0p01,0.0876809297911484
dbscan__eps_m-400__min_samples-5,optics__min_samples-20__xi-0p05__min_cluster_size_frac-0p01,0.12897091045200065
dbscan__eps_m-400__min_samples-5,optics__min_samples-30__xi-0p05__min_cluster_size_frac-0p01,0.12404191517102427
dbscan__eps_m-400__min_samples-10,dbscan__eps_m-400__min_samples-15,0.4863092612951639
dbscan__eps_m-400__min_samples-10,dbscan__eps_m-400__min_samples-25,0.2706555497070957
dbscan__eps_m-400__min_samples-10,dbscan__eps_m-600__min_samples-5,0.18540324183013512
dbscan__eps_m-400__min_samples-10,dbscan__eps_m-600__min_samples-10,0.21868659126478998
dbscan__eps_m-400__min_samples-10,dbscan__eps_m-600__min_samples-15,0.5059046716176399
dbscan__eps_m-400__min_samples-10,dbscan__eps_m-600__min_samples-25,0.5754569338818675
dbscan__eps_m-400__min_samples-10,dbscan__eps_m-800__min_samples-5,0.21472662049610206
dbscan__eps_m-400__min_samples-10,dbscan__eps_m-800__min_samples-10,0.2174529684353511
dbscan__eps_m-400__min_samples-10,dbscan__eps_m-800__min_samples-15,0.2313738311400378
dbscan__eps_m-400__min_samples-10,dbscan__eps_m-800__min_samples-25,0.49133390956615175
dbscan__eps_m-400__min_samples-10,dbscan__eps_m-1200__min_samples-5,0.2571128360781297
dbscan__eps_m-400__min_samples-10,dbscan__eps_m-1200__min_samples-10,0.224422872544241
dbscan__eps_m-400__min_samples-10,dbscan__eps_m-1200__min_samples-15,0.21941701151203982
dbscan__eps_m-400__min_samples-10,dbscan__eps_m-1200__min_samples-25,0.22145447053348197
dbscan__eps_m-400__min_samples-10,dbscan__eps_m-1600__min_samples-5,0.2657282745779339
dbscan__eps_m-400__min_samples-10,dbscan__eps_m-1600__min_samples-10,0.25692544864981753
dbscan__eps_m-400__min_samples-10,dbscan__eps_m-1600__min_samples-15,0.2344533001854673
dbscan__eps_m-400__min_samples-10,dbscan__eps_m-1600__min_samples-25,0.225699981776698
dbscan__eps_m-400__min_samples-10,hdbscan__min_cluster_size-10__min_samples-5__cluster_selection_method-eom,0.3231237278430936
dbscan__eps_m-400__min_samples-10,hdbscan__min_cluster_size-10__min_samples-5__cluster_selection_method-leaf,0.17113277622992978
dbscan__eps_m-400__min_samples-10,hdbscan__min_cluster_size-10__min_samples-10__cluster_selection_method-eom,0.44245952464623506
dbscan__eps_m-400__min_samples-10,hdbscan__min_cluster_size-10__min_samples-10__cluster_selection_method-leaf,0.1926768179913777
dbscan__eps_m-400__min_samples-10,hdbscan__min_cluster_size-10__min_samples-20__cluster_selection_method-eom,0.2267865924292732
dbscan__eps_m-400__min_samples-10,hdbscan__min_cluster_size-10__min_samples-20__cluster_selection_method-leaf,0.24630189409437042
dbscan__eps_m-400__min_samples-10,hdbscan__min_cluster_size-20__min_samples-5__cluster_selection_method-eom,0.4085557883277516
dbscan__eps_m-400__min_samples-10,hdbscan__min_cluster_size-20__min_samples-5__cluster_selection_method-leaf,0.22530488130657125
dbscan__eps_m-400__min_samples-10,hdbscan__min_cluster_size-20__min_samples-10__cluster_selection_method-eom,0.23474075843371284
dbscan__eps_m-400__min_samples-10,hdbscan__min_cluster_size-20__min_samples-10__cluster_selection_method-leaf,0.2872240321468126
dbscan__eps_m-400__min_samples-10,hdbscan__min_cluster_size-20__min_samples-20__cluster_selection_method-eom,0.22983426229929788
dbscan__eps_m-400__min_samples-10,hdbscan__min_cluster_size-20__min_samples-20__cluster_selection_method-leaf,0.31977481824968834
dbscan__eps_m-400__min_samples-10,hdbscan__min_cluster_size-30__min_samples-5__cluster_selection_method-eom,0.2847108411724489
dbscan__eps_m-400__min_samples-10,hdbscan__min_cluster_size-30__min_samples-5__cluster_selection_method-leaf,0.31761376621498455
dbscan__eps_m-400__min_samples-10,hdbscan__min_cluster_size-30__min_samples-10__cluster_selection_method-eom,0.23451109197921038
dbscan__eps_m-400__min_samples-10,hdbscan__min_cluster_size-30__min_samples-10__cluster_selection_method-leaf,0.32474338668250796
dbscan__eps_m-400__min_samples-10,hdbscan__min_cluster_size-30__min_samples-20__cluster_selection_method-eom,0.24073420028501255
dbscan__eps_m-400__min_samples-10,hdbscan__min_cluster_size-30__min_samples-20__cluster_selection_method-leaf,0.3652837221778669
dbscan__eps_m-400__min_samples-10,hdbscan__min_cluster_size-50__min_samples-5__cluster_selection_method-eom,0.27564583179533997
dbscan__eps_m-400__min_samples-10,hdbscan__min_cluster_size-50__min_samples-5__cluster_selection_method-leaf,0.4135669022233464
dbscan__eps_m-400__min_samples-10,hdbscan__min_cluster_size-50__min_samples-10__cluster_selection_method-eom,0.2739054713522738
dbscan__eps_m-400__min_samples-10,hdbscan__min_cluster_size-50__min_samples-10__cluster_selection_method-leaf,0.4247561107711005
dbscan__eps_m-400__min_samples-10,hdbscan__min_cluster_size-50__min_samples-20__cluster_selection_method-eom,0.24768348279058985
dbscan__eps_m-400__min_samples-10,hdbscan__min_cluster_size-50__min_samples-20__cluster_selection_method-leaf,0.5312892839887371
dbscan__eps_m-400__min_samples-10,hdbscan__min_cluster_size-75__min_samples-5__cluster_selection_method-eom,0.27537844770890096
dbscan__eps_m-400__min_samples-10,hdbscan__min_cluster_size-75__min_samples-5__cluster_selection_method-leaf,0.4744055441738745
dbscan__eps_m-400__min_samples-10,hdbscan__min_cluster_size-75__min_samples-10__cluster_selection_method-eom,0.26028454106559334
dbscan__eps_m-400__min_samples-10,hdbscan__min_cluster_size-75__min_samples-10__cluster_selection_method-leaf,0.5049519322080179
dbscan__eps_m-400__min_samples-10,hdbscan__min_cluster_size-75__min_samples-20__cluster_selection_method-eom,0.24756632832547232
dbscan__eps_m-400__min_samples-10,hdbscan__min_cluster_size-75__min_samples-20__cluster_selection_method-leaf,0.5189049005060223
dbscan__eps_m-400__min_samples-10,optics__min_samples-10__xi-0p05__min_cluster_size_frac-0p01,0.2855166551198231
dbscan__eps_m-400__min_samples-10,optics__min_samples-20__xi-0p05__min_cluster_size_frac-0p01,0.31182651471098566
dbscan__eps_m-400__min_samples-10,optics__min_samples-30__xi-0p05__min_cluster_size_frac-0p01,0.27787344920594653
dbscan__eps_m-400__min_samples-15,dbscan__eps_m-400__min_samples-25,0.6527486200537258
dbscan__eps_m-400__min_samples-15,dbscan__eps_m-600__min_samples-5,0.3598306765620637
dbscan__eps_m-400__min_samples-15,dbscan__eps_m-600__min_samples-10,0.17968729274504355
dbscan__eps_m-400__min_samples-15,dbscan__eps_m-600__min_samples-15,0.302892134862848
dbscan__eps_m-400__min_samples-15,dbscan__eps_m-600__min_samples-25,0.701505793742516
dbscan__eps_m-400__min_samples-15,dbscan__eps_m-800__min_samples-5,0.41674729794045
dbscan__eps_m-400__min_samples-15,dbscan__eps_m-800__min_samples-10,0.38601077075136336
dbscan__eps_m-400__min_samples-15,dbscan__eps_m-800__min_samples-15,0.3014934470944651
dbscan__eps_m-400__min_samples-15,dbscan__eps_m-800__min_samples-25,0.32716091818236653
dbscan__eps_m-400__min_samples-15,dbscan__eps_m-1200__min_samples-5,0.46794018734818116
dbscan__eps_m-400__min_samples-15,dbscan__eps_m-1200__min_samples-10,0.42510852471531974
dbscan__eps_m-400__min_samples-15,dbscan__eps_m-1200__min_samples-15,0.39773286310710587
dbscan__eps_m-400__min_samples-15,dbscan__eps_m-1200__min_samples-25,0.3886720363484918
dbscan__eps_m-400__min_samples-15,dbscan__eps_m-1600__min_samples-5,0.4746619803584386
dbscan__eps_m-400__min_samples-15,dbscan__eps_m-1600__min_samples-10,0.4631285141704969
dbscan__eps_m-400__min_samples-15,dbscan__eps_m-1600__min_samples-15,0.43733112084229897
dbscan__eps_m-400__min_samples-15,dbscan__eps_m-1600__min_samples-25,0.4198280337891184
dbscan__eps_m-400__min_samples-15,hdbscan__min_cluster_size-10__min_samples-5__cluster_selection_method-eom,0.1842462584731332
dbscan__eps_m-400__min_samples-15,hdbscan__min_cluster_size-10__min_samples-5__cluster_selection_method-leaf,0.09503295019701653
dbscan__eps_m-400__min_samples-15,hdbscan__min_cluster_size-10__min_samples-10__cluster_selection_method-eom,0.2822610882595541
dbscan__eps_m-400__min_samples-15,hdbscan__min_cluster_size-10__min_samples-10__cluster_selection_method-leaf,0.12003706712612737
dbscan__eps_m-400__min_samples-15,hdbscan__min_cluster_size-10__min_samples-20__cluster_selection_method-eom,0.4075894311779748
dbscan__eps_m-400__min_samples-15,hdbscan__min_cluster_size-10__min_samples-20__cluster_selection_method-leaf,0.2667541509084671
dbscan__eps_m-400__min_samples-15,hdbscan__min_cluster_size-20__min_samples-5__cluster_selection_method-eom,0.21261547620732427
dbscan__eps_m-400__min_samples-15,hdbscan__min_cluster_size-20__min_samples-5__cluster_selection_method-leaf,0.13844829218428914
dbscan__eps_m-400__min_samples-15,hdbscan__min_cluster_size-20__min_samples-10__cluster_selection_method-eom,0.4204253465022822
dbscan__eps_m-400__min_samples-15,hdbscan__min_cluster_size-20__min_samples-10__cluster_selection_method-leaf,0.20433745590737093
dbscan__eps_m-400__min_samples-15,hdbscan__min_cluster_size-20__min_samples-20__cluster_selection_method-eom,0.4097902177825307
dbscan__eps_m-400__min_samples-15,hdbscan__min_cluster_size-20__min_samples-20__cluster_selection_method-leaf,0.3155540749582092
dbscan__eps_m-400__min_samples-15,hdbscan__min_cluster_size-30__min_samples-5__cluster_selection_method-eom,0.5087107544236062
dbscan__eps_m-400__min_samples-15,hdbscan__min_cluster_size-30__min_samples-5__cluster_selection_method-leaf,0.16181528649948743
dbscan__eps_m-400__min_samples-15,hdbscan__min_cluster_size-30__min_samples-10__cluster_selection_method-eom,0.4187210641153669
dbscan__eps_m-400__min_samples-15,hdbscan__min_cluster_size-30__min_samples-10__cluster_selection_method-leaf,0.20677300315332744
dbscan__eps_m-400__min_samples-15,hdbscan__min_cluster_size-30__min_samples-20__cluster_selection_method-eom,0.4176357532775554
dbscan__eps_m-400__min_samples-15,hdbscan__min_cluster_size-30__min_samples-20__cluster_selection_method-leaf,0.35648818986561137
dbscan__eps_m-400__min_samples-15,hdbscan__min_cluster_size-50__min_samples-5__cluster_selection_method-eom,0.48986060127214
dbscan__eps_m-400__min_samples-15,hdbscan__min_cluster_size-50__min_samples-5__cluster_selection_method-leaf,0.2769090098113318
dbscan__eps_m-400__min_samples-15,hdbscan__min_cluster_size-50__min_samples-10__cluster_selection_method-eom,0.4832808008953739
dbscan__eps_m-400__min_samples-15,hdbscan__min_cluster_size-50__min_samples-10__cluster_selection_method-leaf,0.3100451298657946
dbscan__eps_m-400__min_samples-15,hdbscan__min_cluster_size-50__min_samples-20__cluster_selection_method-eom,0.4385924559678671
dbscan__eps_m-400__min_samples-15,hdbscan__min_cluster_size-50__min_samples-20__cluster_selection_method-leaf,0.5877650587523987
dbscan__eps_m-400__min_samples-15,hdbscan__min_cluster_size-75__min_samples-5__cluster_selection_method-eom,0.4902080384622101
dbscan__eps_m-400__min_samples-15,hdbscan__min_cluster_size-75__min_samples-5__cluster_selection_method-leaf,0.45973481352973794
dbscan__eps_m-400__min_samples-15,hdbscan__min_cluster_size-75__min_samples-10__cluster_selection_method-eom,0.4658323556052457
dbscan__eps_m-400__min_samples-15,hdbscan__min_cluster_size-75__min_samples-10__cluster_selection_method-leaf,0.49089434983524755
dbscan__eps_m-400__min_samples-15,hdbscan__min_cluster_size-75__min_samples-20__cluster_selection_method-eom,0.4398218867363254
dbscan__eps_m-400__min_samples-15,hdbscan__min_cluster_size-75__min_samples-20__cluster_selection_method-leaf,0.6612687283733538
dbscan__eps_m-400__min_samples-15,optics__min_samples-10__xi-0p05__min_cluster_size_frac-0p01,0.29624771753695883
dbscan__eps_m-400__min_samples-15,optics__min_samples-20__xi-0p05__min_cluster_size_frac-0p01,0.45845398224260514
dbscan__eps_m-400__min_samples-15,optics__min_samples-30__xi-0p05__min_cluster_size_frac-0p01,0.5196831620897193
dbscan__eps_m-400__min_samples-25,dbscan__eps_m-600__min_samples-5,0.3802125102393264
dbscan__eps_m-400__min_samples-25,dbscan__eps_m-600__min_samples-10,0.17435746905295546
dbscan__eps_m-400__min_samples-25,dbscan__eps_m-600__min_samples-15,0.22238047564702312
dbscan__eps_m-400__min_samples-25,dbscan__eps_m-600__min_samples-25,0.5238718670605199
dbscan__eps_m-400__min_samples-25,dbscan__eps_m-800__min_samples-5,0.4364543901165036
dbscan__eps_m-400__min_samples-25,dbscan__eps_m-800__min_samples-10,0.40234139932822266
dbscan__eps_m-400__min_samples-25,dbscan__eps_m-800__min_samples-15,0.287585938223853
dbscan__eps_m-400__min_samples-25,dbscan__eps_m-800__min_samples-25,0.2427341343588052
dbscan__eps_m-400__min_samples-25,dbscan__eps_m-1200__min_samples-5,0.48553701889717354
dbscan__eps_m-400__min_samples-25,dbscan__eps_m-1200__min_samples-10,0.44321398828552044
dbscan__eps_m-400__min_samples-25,dbscan__eps_m-1200__min_samples-15,0.4143358672348731
dbscan__eps_m-400__min_samples-25,dbscan__eps_m-1200__min_samples-25,0.3987994520334666
dbscan__eps_m-400__min_samples-25,dbscan__eps_m-1600__min_samples-5,0.49159708238792094
dbscan__eps_m-400__min_samples-25,dbscan__eps_m-1600__min_samples-10,0.4799375997278118
dbscan__eps_m-400__min_samples-25,dbscan__eps_m-1600__min_samples-15,0.45521842148188396
dbscan__eps_m-400__min_samples-25,dbscan__eps_m-1600__min_samples-25,0.43519726865527647
dbscan__eps_m-400__min_samples-25,hdbscan__min_cluster_size-10__min_samples-5__cluster_selection_method-eom,0.1118529825059161
dbscan__eps_m-400__min_samples-25,hdbscan__min_cluster_size-10__min_samples-5__cluster_selection_method-leaf,0.04006079313021933
dbscan__eps_m-400__min_samples-25,hdbscan__min_cluster_size-10__min_samples-10__cluster_selection_method-eom,0.17760296026904818
dbscan__eps_m-400__min_samples-25,hdbscan__min_cluster_size-10__min_samples-10__cluster_selection_method-leaf,0.023533870226056578
dbscan__eps_m-400__min_samples-25,hdbscan__min_cluster_size-10__min_samples-20__cluster_selection_method-eom,0.416585204818128
dbscan__eps_m-400__min_samples-25,hdbscan__min_cluster_size-10__min_samples-20__cluster_selection_method-leaf,0.0897712696754056
dbscan__eps_m-400__min_samples-25,hdbscan__min_cluster_size-20__min_samples-5__cluster_selection_method-eom,0.11911067758517553
dbscan__eps_m-400__min_samples-25,hdbscan__min_cluster_size-20__min_samples-5__cluster_selection_method-leaf,0.05402211794619219
dbscan__eps_m-400__min_samples-25,hdbscan__min_cluster_size-20__min_samples-10__cluster_selection_method-eom,0.4296917634825763
dbscan__eps_m-400__min_samples-25,hdbscan__min_cluster_size-20__min_samples-10__cluster_selection_method-leaf,0.07214506625794236
dbscan__eps_m-400__min_samples-25,hdbscan__min_cluster_size-20__min_samples-20__cluster_selection_method-eom,0.41820061384803503
dbscan__eps_m-400__min_samples-25,hdbscan__min_cluster_size-20__min_samples-20__cluster_selection_method-leaf,0.15090776302133596
dbscan__eps_m-400__min_samples-25,hdbscan__min_cluster_size-30__min_samples-5__cluster_selection_method-eom,0.520695382057748
dbscan__eps_m-400__min_samples-25,hdbscan__min_cluster_size-30__min_samples-5__cluster_selection_method-leaf,0.05865760434112594
dbscan__eps_m-400__min_samples-25,hdbscan__min_cluster_size-30__min_samples-10__cluster_selection_method-eom,0.42854261078357536
dbscan__eps_m-400__min_samples-25,hdbscan__min_cluster_size-30__min_samples-10__cluster_selection_method-leaf,0.08474775054429907
dbscan__eps_m-400__min_samples-25,hdbscan__min_cluster_size-30__min_samples-20__cluster_selection_method-eom,0.4241155285209466
dbscan__eps_m-400__min_samples-25,hdbscan__min_cluster_size-30__min_samples-20__cluster_selection_method-leaf,0.17096547522872227
dbscan__eps_m-400__min_samples-25,hdbscan__min_cluster_size-50__min_samples-5__cluster_selection_method-eom,0.5106664406712612
dbscan__eps_m-400__min_samples-25,hdbscan__min_cluster_size-50__min_samples-5__cluster_selection_method-leaf,0.15556830090803206
dbscan__eps_m-400__min_samples-25,hdbscan__min_cluster_size-50__min_samples-10__cluster_selection_method-eom,0.4912746770572847
dbscan__eps_m-400__min_samples-25,hdbscan__min_cluster_size-50__min_samples-10__cluster_selection_method-leaf,0.1468969139793679
dbscan__eps_m-400__min_samples-25,hdbscan__min_cluster_size-50__min_samples-20__cluster_selection_method-eom,0.45765038224511506
dbscan__eps_m-400__min_samples-25,hdbscan__min_cluster_size-50__min_samples-20__cluster_selection_method-leaf,0.4080308576971232
dbscan__eps_m-400__min_samples-25,hdbscan__min_cluster_size-75__min_samples-5__cluster_selection_method-eom,0.5133286368646469
dbscan__eps_m-400__min_samples-25,hdbscan__min_cluster_size-75__min_samples-5__cluster_selection_method-leaf,0.3376653395535028
dbscan__eps_m-400__min_samples-25,hdbscan__min_cluster_size-75__min_samples-10__cluster_selection_method-eom,0.48872115456304843
dbscan__eps_m-400__min_samples-25,hdbscan__min_cluster_size-75__min_samples-10__cluster_selection_method-leaf,0.3333960746070239
dbscan__eps_m-400__min_samples-25,hdbscan__min_cluster_size-75__min_samples-20__cluster_selection_method-eom,0.46259372098982077
dbscan__eps_m-400__min_samples-25,hdbscan__min_cluster_size-75__min_samples-20__cluster_selection_method-leaf,0.4975255698822629
dbscan__eps_m-400__min_samples-25,optics__min_samples-10__xi-0p05__min_cluster_size_frac-0p01,0.1615596787164438
dbscan__eps_m-400__min_samples-25,optics__min_samples-20__xi-0p05__min_cluster_size_frac-0p01,0.391264166075122
dbscan__eps_m-400__min_samples-25,optics__min_samples-30__xi-0p05__min_cluster_size_frac-0p01,0.4511903615151076
dbscan__eps_m-600__min_samples-5,dbscan__eps_m-600__min_samples-10,0.5145256183758504
dbscan__eps_m-600__min_samples-5,dbscan__eps_m-600__min_samples-15,0.34822360249546525
dbscan__eps_m-600__min_samples-5,dbscan__eps_m-600__min_samples-25,0.32122546623217246
dbscan__eps_m-600__min_samples-5,dbscan__eps_m-800__min_samples-5,0.9012037505195815
dbscan__eps_m-600__min_samples-5,dbscan__eps_m-800__min_samples-10,0.9541934142902215
dbscan__eps_m-600__min_samples-5,dbscan__eps_m-800__min_samples-15,0.7599857528188925
dbscan__eps_m-600__min_samples-5,dbscan__eps_m-800__min_samples-25,0.3312931086813155
dbscan__eps_m-600__min_samples-5,dbscan__eps_m-1200__min_samples-5,0.781391573652716
dbscan__eps_m-600__min_samples-5,dbscan__eps_m-1200__min_samples-10,0.8329868798610534
dbscan__eps_m-600__min_samples-5,dbscan__eps_m-1200__min_samples-15,0.878127824250805
dbscan__eps_m-600__min_samples-5,dbscan__eps_m-1200__min_samples-25,0.9009759655881963
dbscan__eps_m-600__min_samples-5,dbscan__eps_m-1600__min_samples-5,0.7075338814978247
dbscan__eps_m-600__min_samples-5,dbscan__eps_m-1600__min_samples-10,0.7210545884072934
dbscan__eps_m-600__min_samples-5,dbscan__eps_m-1600__min_samples-15,0.8177123175955124
dbscan__eps_m-600__min_samples-5,dbscan__eps_m-1600__min_samples-25,0.8446130698944506
dbscan__eps_m-600__min_samples-5,hdbscan__min_cluster_size-10__min_samples-5__cluster_selection_method-eom,0.1914911810937762
dbscan__eps_m-600__min_samples-5,hdbscan__min_cluster_size-10__min_samples-5__cluster_selection_method-leaf,0.06796324618706992
dbscan__eps_m-600__min_samples-5,hdbscan__min_cluster_size-10__min_samples-10__cluster_selection_method-eom,0.21120220405961015
dbscan__eps_m-600__min_samples-5,hdbscan__min_cluster_size-10__min_samples-10__cluster_selection_method-leaf,0.05506766964590284
dbscan__eps_m-600__min_samples-5,hdbscan__min_cluster_size-10__min_samples-20__cluster_selection_method-eom,0.9004065288402904
dbscan__eps_m-600__min_samples-5,hdbscan__min_cluster_size-10__min_samples-20__cluster_selection_method-leaf,0.08456855006001204
dbscan__eps_m-600__min_samples-5,hdbscan__min_cluster_size-20__min_samples-5__cluster_selection_method-eom,0.1445286001337835
dbscan__eps_m-600__min_samples-5,hdbscan__min_cluster_size-20__min_samples-5__cluster_selection_method-leaf,0.03732906806693155
dbscan__eps_m-600__min_samples-5,hdbscan__min_cluster_size-20__min_samples-10__cluster_selection_method-eom,0.8940855846532996
dbscan__eps_m-600__min_samples-5,hdbscan__min_cluster_size-20__min_samples-10__cluster_selection_method-leaf,0.056948690350858686
dbscan__eps_m-600__min_samples-5,hdbscan__min_cluster_size-20__min_samples-20__cluster_selection_method-eom,0.8983326776834886
dbscan__eps_m-600__min_samples-5,hdbscan__min_cluster_size-20__min_samples-20__cluster_selection_method-leaf,0.11826769528549809
dbscan__eps_m-600__min_samples-5,hdbscan__min_cluster_size-30__min_samples-5__cluster_selection_method-eom,0.7855033332798217
dbscan__eps_m-600__min_samples-5,hdbscan__min_cluster_size-30__min_samples-5__cluster_selection_method-leaf,0.03928102393859628
dbscan__eps_m-600__min_samples-5,hdbscan__min_cluster_size-30__min_samples-10__cluster_selection_method-eom,0.8938457567185768
dbscan__eps_m-600__min_samples-5,hdbscan__min_cluster_size-30__min_samples-10__cluster_selection_method-leaf,0.07099313445456636
dbscan__eps_m-600__min_samples-5,hdbscan__min_cluster_size-30__min_samples-20__cluster_selection_method-eom,0.8905427158616948
dbscan__eps_m-600__min_samples-5,hdbscan__min_cluster_size-30__min_samples-20__cluster_selection_method-leaf,0.13057962206472196
dbscan__eps_m-600__min_samples-5,hdbscan__min_cluster_size-50__min_samples-5__cluster_selection_method-eom,0.8035148284784587
dbscan__eps_m-600__min_samples-5,hdbscan__min_cluster_size-50__min_samples-5__cluster_selection_method-leaf,0.047155381008942024
dbscan__eps_m-600__min_samples-5,hdbscan__min_cluster_size-50__min_samples-10__cluster_selection_method-eom,0.8246010834345294
dbscan__eps_m-600__min_samples-5,hdbscan__min_cluster_size-50__min_samples-10__cluster_selection_method-leaf,0.08453193239873155
dbscan__eps_m-600__min_samples-5,hdbscan__min_cluster_size-50__min_samples-20__cluster_selection_method-eom,0.875023526833447
dbscan__eps_m-600__min_samples-5,hdbscan__min_cluster_size-50__min_samples-20__cluster_selection_method-leaf,0.29180673484227565
dbscan__eps_m-600__min_samples-5,hdbscan__min_cluster_size-75__min_samples-5__cluster_selection_method-eom,0.8003896416919918
dbscan__eps_m-600__min_samples-5,hdbscan__min_cluster_size-75__min_samples-5__cluster_selection_method-leaf,0.20893619881713588
dbscan__eps_m-600__min_samples-5,hdbscan__min_cluster_size-75__min_samples-10__cluster_selection_method-eom,0.8353827600362635
dbscan__eps_m-600__min_samples-5,hdbscan__min_cluster_size-75__min_samples-10__cluster_selection_method-leaf,0.23843374958466007
dbscan__eps_m-600__min_samples-5,hdbscan__min_cluster_size-75__min_samples-20__cluster_selection_method-eom,0.8686877738449401
dbscan__eps_m-600__min_samples-5,hdbscan__min_cluster_size-75__min_samples-20__cluster_selection_method-leaf,0.3333072218146318
dbscan__eps_m-600__min_samples-5,optics__min_samples-10__xi-0p05__min_cluster_size_frac-0p01,0.08067837709583926
dbscan__eps_m-600__min_samples-5,optics__min_samples-20__xi-0p05__min_cluster_size_frac-0p01,0.2950198923266244
dbscan__eps_m-600__min_samples-5,optics__min_samples-30__xi-0p05__min_cluster_size_frac-0p01,0.3286915765755307
dbscan__eps_m-600__min_samples-10,dbscan__eps_m-600__min_samples-15,0.6431932341941743
dbscan__eps_m-600__min_samples-10,dbscan__eps_m-600__min_samples-25,0.16276601377512118
dbscan__eps_m-600__min_samples-10,dbscan__eps_m-800__min_samples-5,0.4476245471995923
dbscan__eps_m-600__min_samples-10,dbscan__eps_m-800__min_samples-10,0.5179122938994101
dbscan__eps_m-600__min_samples-10,dbscan__eps_m-800__min_samples-15,0.7033617000127056
dbscan__eps_m-600__min_samples-10,dbscan__eps_m-800__min_samples-25,0.5965492533669442
dbscan__eps_m-600__min_samples-10,dbscan__eps_m-1200__min_samples-5,0.3869052571436882
dbscan__eps_m-600__min_samples-10,dbscan__eps_m-1200__min_samples-10,0.4118726462507308
dbscan__eps_m-600__min_samples-10,dbscan__eps_m-1200__min_samples-15,0.4483240864792471
dbscan__eps_m-600__min_samples-10,dbscan__eps_m-1200__min_samples-25,0.4840295488395476
dbscan__eps_m-600__min_samples-10,dbscan__eps_m-1600__min_samples-5,0.34864449901701683
dbscan__eps_m-600__min_samples-10,dbscan__eps_m-1600__min_samples-10,0.3530788871165663
dbscan__eps_m-600__min_samples-10,dbscan__eps_m-1600__min_samples-15,0.40613905151989543
dbscan__eps_m-600__min_samples-10,dbscan__eps_m-1600__min_samples-25,0.42611966294697284
dbscan__eps_m-600__min_samples-10,hdbscan__min_cluster_size-10__min_samples-5__cluster_selection_method-eom,0.27779239762908486
dbscan__eps_m-600__min_samples-10,hdbscan__min_cluster_size-10__min_samples-5__cluster_selection_method-leaf,0.09534383801676187
dbscan__eps_m-600__min_samples-10,hdbscan__min_cluster_size-10__min_samples-10__cluster_selection_method-eom,0.30625747357125244
dbscan__eps_m-600__min_samples-10,hdbscan__min_cluster_size-10__min_samples-10__cluster_selection_method-leaf,0.11100996264684342
dbscan__eps_m-600__min_samples-10,hdbscan__min_cluster_size-10__min_samples-20__cluster_selection_method-eom,0.4801401437820665
dbscan__eps_m-600__min_samples-10,hdbscan__min_cluster_size-10__min_samples-20__cluster_selection_method-leaf,0.07373595884263631
dbscan__eps_m-600__min_samples-10,hdbscan__min_cluster_size-20__min_samples-5__cluster_selection_method-eom,0.28349772663860423
dbscan__eps_m-600__min_samples-10,hdbscan__min_cluster_size-20__min_samples-5__cluster_selection_method-leaf,0.12096601894066386
dbscan__eps_m-600__min_samples-10,hdbscan__min_cluster_size-20__min_samples-10__cluster_selection_method-eom,0.4543311213657102
dbscan__eps_m-600__min_samples-10,hdbscan__min_cluster_size-20__min_samples-10__cluster_selection_method-leaf,0.12563525098112488
dbscan__eps_m-600__min_samples-10,hdbscan__min_cluster_size-20__min_samples-20__cluster_selection_method-eom,0.47872412077914533
dbscan__eps_m-600__min_samples-10,hdbscan__min_cluster_size-20__min_samples-20__cluster_selection_method-leaf,0.11999672549116314
dbscan__eps_m-600__min_samples-10,hdbscan__min_cluster_size-30__min_samples-5__cluster_selection_method-eom,0.37305281963197606
dbscan__eps_m-600__min_samples-10,hdbscan__min_cluster_size-30__min_samples-5__cluster_selection_method-leaf,0.12722658668538733
dbscan__eps_m-600__min_samples-10,hdbscan__min_cluster_size-30__min_samples-10__cluster_selection_method-eom,0.45129921730958716
dbscan__eps_m-600__min_samples-10,hdbscan__min_cluster_size-30__min_samples-10__cluster_selection_method-leaf,0.12618451627878105
dbscan__eps_m-600__min_samples-10,hdbscan__min_cluster_size-30__min_samples-20__cluster_selection_method-eom,0.4804244303737571
dbscan__eps_m-600__min_samples-10,hdbscan__min_cluster_size-30__min_samples-20__cluster_selection_method-leaf,0.1383313727226083
dbscan__eps_m-600__min_samples-10,hdbscan__min_cluster_size-50__min_samples-5__cluster_selection_method-eom,0.4059200682185467
dbscan__eps_m-600__min_samples-10,hdbscan__min_cluster_size-50__min_samples-5__cluster_selection_method-leaf,0.1438530073774411
dbscan__eps_m-600__min_samples-10,hdbscan__min_cluster_size-50__min_samples-10__cluster_selection_method-eom,0.4022965117637
dbscan__eps_m-600__min_samples-10,hdbscan__min_cluster_size-50__min_samples-10__cluster_selection_method-leaf,0.1804753404845745
dbscan__eps_m-600__min_samples-10,hdbscan__min_cluster_size-50__min_samples-20__cluster_selection_method-eom,0.45871948492401854
dbscan__eps_m-600__min_samples-10,hdbscan__min_cluster_size-50__min_samples-20__cluster_selection_method-leaf,0.2633924864705874
dbscan__eps_m-600__min_samples-10,hdbscan__min_cluster_size-75__min_samples-5__cluster_selection_method-eom,0.4038654250911061
dbscan__eps_m-600__min_samples-10,hdbscan__min_cluster_size-75__min_samples-5__cluster_selection_method-leaf,0.21821371441934598
dbscan__eps_m-600__min_samples-10,hdbscan__min_cluster_size-75__min_samples-10__cluster_selection_method-eom,0.4257388374124063
dbscan__eps_m-600__min_samples-10,hdbscan__min_cluster_size-75__min_samples-10__cluster_selection_method-leaf,0.30348464748258547
dbscan__eps_m-600__min_samples-10,hdbscan__min_cluster_size-75__min_samples-20__cluster_selection_method-eom,0.4543353711072131
dbscan__eps_m-600__min_samples-10,hdbscan__min_cluster_size-75__min_samples-20__cluster_selection_method-leaf,0.20417406234817392
dbscan__eps_m-600__min_samples-10,optics__min_samples-10__xi-0p05__min_cluster_size_frac-0p01,0.07570817061991834
dbscan__eps_m-600__min_samples-10,optics__min_samples-20__xi-0p05__min_cluster_size_frac-0p01,0.15792656353378662
dbscan__eps_m-600__min_samples-10,optics__min_samples-30__xi-0p05__min_cluster_size_frac-0p01,0.21152647009896944
dbscan__eps_m-600__min_samples-15,dbscan__eps_m-600__min_samples-25,0.335298003139691
dbscan__eps_m-600__min_samples-15,dbscan__eps_m-800__min_samples-5,0.33138400758274783
dbscan__eps_m-600__min_samples-15,dbscan__eps_m-800__min_samples-10,0.36696171556185486
dbscan__eps_m-600__min_samples-15,dbscan__eps_m-800__min_samples-15,0.485151134223029
dbscan__eps_m-600__min_samples-15,dbscan__eps_m-800__min_samples-25,0.7967053510978693
dbscan__eps_m-600__min_samples-15,dbscan__eps_m-1200__min_samples-5,0.3261493038491665
dbscan__eps_m-600__min_samples-15,dbscan__eps_m-1200__min_samples-10,0.31943038741132795
dbscan__eps_m-600__min_samples-15,dbscan__eps_m-1200__min_samples-15,0.33573211663999736
dbscan__eps_m-600__min_samples-15,dbscan__eps_m-1200__min_samples-25,0.36530618588274605
dbscan__eps_m-600__min_samples-15,dbscan__eps_m-1600__min_samples-5,0.304058432390496
dbscan__eps_m-600__min_samples-15,dbscan__eps_m-1600__min_samples-10,0.30162327648776494
dbscan__eps_m-600__min_samples-15,dbscan__eps_m-1600__min_samples-15,0.32193662301077763
dbscan__eps_m-600__min_samples-15,dbscan__eps_m-1600__min_samples-25,0.33246960683988686
dbscan__eps_m-600__min_samples-15,hdbscan__min_cluster_size-10__min_samples-5__cluster_selection_method-eom,0.2843472004326064
dbscan__eps_m-600__min_samples-15,hdbscan__min_cluster_size-10__min_samples-5__cluster_selection_method-leaf,0.11247365965931512
dbscan__eps_m-600__min_samples-15,hdbscan__min_cluster_size-10__min_samples-10__cluster_selection_method-eom,0.34777538337632974
dbscan__eps_m-600__min_samples-15,hdbscan__min_cluster_size-10__min_samples-10__cluster_selection_method-leaf,0.13264209779702638
dbscan__eps_m-600__min_samples-15,hdbscan__min_cluster_size-10__min_samples-20__cluster_selection_method-eom,0.3703927665029526
dbscan__eps_m-600__min_samples-15,hdbscan__min_cluster_size-10__min_samples-20__cluster_selection_method-leaf,0.1519480658283828
dbscan__eps_m-600__min_samples-15,hdbscan__min_cluster_size-20__min_samples-5__cluster_selection_method-eom,0.36824419714317635
dbscan__eps_m-600__min_samples-15,hdbscan__min_cluster_size-20__min_samples-5__cluster_selection_method-leaf,0.18729732647260927
dbscan__eps_m-600__min_samples-15,hdbscan__min_cluster_size-20__min_samples-10__cluster_selection_method-eom,0.3584138843992176
dbscan__eps_m-600__min_samples-15,hdbscan__min_cluster_size-20__min_samples-10__cluster_selection_method-leaf,0.20019253747047758
dbscan__eps_m-600__min_samples-15,hdbscan__min_cluster_size-20__min_samples-20__cluster_selection_method-eom,0.3730958751384031
dbscan__eps_m-600__min_samples-15,hdbscan__min_cluster_size-20__min_samples-20__cluster_selection_method-leaf,0.21261260345497401
dbscan__eps_m-600__min_samples-15,hdbscan__min_cluster_size-30__min_samples-5__cluster_selection_method-eom,0.3469237274205158
dbscan__eps_m-600__min_samples-15,hdbscan__min_cluster_size-30__min_samples-5__cluster_selection_method-leaf,0.2292478646346017
dbscan__eps_m-600__min_samples-15,hdbscan__min_cluster_size-30__min_samples-10__cluster_selection_method-eom,0.359597861833041
dbscan__eps_m-600__min_samples-15,hdbscan__min_cluster_size-30__min_samples-10__cluster_selection_method-leaf,0.22117236931576034
dbscan__eps_m-600__min_samples-15,hdbscan__min_cluster_size-30__min_samples-20__cluster_selection_method-eom,0.3827601347989073
dbscan__eps_m-600__min_samples-15,hdbscan__min_cluster_size-30__min_samples-20__cluster_selection_method-leaf,0.2506022221661414
dbscan__eps_m-600__min_samples-15,hdbscan__min_cluster_size-50__min_samples-5__cluster_selection_method-eom,0.34814519897205826
dbscan__eps_m-600__min_samples-15,hdbscan__min_cluster_size-50__min_samples-5__cluster_selection_method-leaf,0.28806649439654763
dbscan__eps_m-600__min_samples-15,hdbscan__min_cluster_size-50__min_samples-10__cluster_selection_method-eom,0.36225723927969633
dbscan__eps_m-600__min_samples-15,hdbscan__min_cluster_size-50__min_samples-10__cluster_selection_method-leaf,0.29162390386104836
dbscan__eps_m-600__min_samples-15,hdbscan__min_cluster_size-50__min_samples-20__cluster_selection_method-eom,0.3637572295884229
dbscan__eps_m-600__min_samples-15,hdbscan__min_cluster_size-50__min_samples-20__cluster_selection_method-leaf,0.39340131883497637
dbscan__eps_m-600__min_samples-15,hdbscan__min_cluster_size-75__min_samples-5__cluster_selection_method-eom,0.34661620645687463
dbscan__eps_m-600__min_samples-15,hdbscan__min_cluster_size-75__min_samples-5__cluster_selection_method-leaf,0.32721312282214504
dbscan__eps_m-600__min_samples-15,hdbscan__min_cluster_size-75__min_samples-10__cluster_selection_method-eom,0.3505643443893252
dbscan__eps_m-600__min_samples-15,hdbscan__min_cluster_size-75__min_samples-10__cluster_selection_method-leaf,0.3965679731110518
dbscan__eps_m-600__min_samples-15,hdbscan__min_cluster_size-75__min_samples-20__cluster_selection_method-eom,0.36067611840924957
dbscan__eps_m-600__min_samples-15,hdbscan__min_cluster_size-75__min_samples-20__cluster_selection_method-leaf,0.33186337960313705
dbscan__eps_m-600__min_samples-15,optics__min_samples-10__xi-0p05__min_cluster_size_frac-0p01,0.17589694655907934
dbscan__eps_m-600__min_samples-15,optics__min_samples-20__xi-0p05__min_cluster_size_frac-0p01,0.2537516762599264
dbscan__eps_m-600__min_samples-15,optics__min_samples-30__xi-0p05__min_cluster_size_frac-0p01,0.2505405722234667
dbscan__eps_m-600__min_samples-25,dbscan__eps_m-800__min_samples-5,0.37486666963383825
dbscan__eps_m-600__min_samples-25,dbscan__eps_m-800__min_samples-10,0.3488731513027284
dbscan__eps_m-600__min_samples-25,dbscan__eps_m-800__min_samples-15,0.26603866224149825
dbscan__eps_m-600__min_samples-25,dbscan__eps_m-800__min_samples-25,0.38749754774547085
dbscan__eps_m-600__min_samples-25,dbscan__eps_m-1200__min_samples-5,0.42414475502658927
dbscan__eps_m-600__min_samples-25,dbscan__eps_m-1200__min_samples-10,0.3832655779559881
dbscan__eps_m-600__min_samples-25,dbscan__eps_m-1200__min_samples-15,0.3584745967514608
dbscan__eps_m-600__min_samples-25,dbscan__eps_m-1200__min_samples-25,0.35492606059438075
dbscan__eps_m-600__min_samples-25,dbscan__eps_m-1600__min_samples-5,0.4305526013742797
dbscan__eps_m-600__min_samples-25,dbscan__eps_m-1600__min_samples-10,0.41961654648005775
dbscan__eps_m-600__min_samples-25,dbscan__eps_m-1600__min_samples-15,0.3953268298949475
dbscan__eps_m-600__min_samples-25,dbscan__eps_m-1600__min_samples-25,0.38037545414100726
dbscan__eps_m-600__min_samples-25,hdbscan__min_cluster_size-10__min_samples-5__cluster_selection_method-eom,0.1965735061516977
dbscan__eps_m-600__min_samples-25,hdbscan__min_cluster_size-10__min_samples-5__cluster_selection_method-leaf,0.08202286885951858
dbscan__eps_m-600__min_samples-25,hdbscan__min_cluster_size-10__min_samples-10__cluster_selection_method-eom,0.28551188946054595
dbscan__eps_m-600__min_samples-25,hdbscan__min_cluster_size-10__min_samples-10__cluster_selection_method-leaf,0.0942999850468249
dbscan__eps_m-600__min_samples-25,hdbscan__min_cluster_size-10__min_samples-20__cluster_selection_method-eom,0.3643931673852208
dbscan__eps_m-600__min_samples-25,hdbscan__min_cluster_size-10__min_samples-20__cluster_selection_method-leaf,0.2496963728052757
dbscan__eps_m-600__min_samples-25,hdbscan__min_cluster_size-20__min_samples-5__cluster_selection_method-eom,0.25091205289631197
dbscan__eps_m-600__min_samples-25,hdbscan__min_cluster_size-20__min_samples-5__cluster_selection_method-leaf,0.14990894654666112
dbscan__eps_m-600__min_samples-25,hdbscan__min_cluster_size-20__min_samples-10__cluster_selection_method-eom,0.37632399530199534
dbscan__eps_m-600__min_samples-25,hdbscan__min_cluster_size-20__min_samples-10__cluster_selection_method-leaf,0.2152959787261111
dbscan__eps_m-600__min_samples-25,hdbscan__min_cluster_size-20__min_samples-20__cluster_selection_method-eom,0.36673514390233175
dbscan__eps_m-600__min_samples-25,hdbscan__min_cluster_size-20__min_samples-20__cluster_selection_method-leaf,0.3118494242710838
dbscan__eps_m-600__min_samples-25,hdbscan__min_cluster_size-30__min_samples-5__cluster_selection_method-eom,0.4623275734752555
dbscan__eps_m-600__min_samples-25,hdbscan__min_cluster_size-30__min_samples-5__cluster_selection_method-leaf,0.19981524435557466
dbscan__eps_m-600__min_samples-25,hdbscan__min_cluster_size-30__min_samples-10__cluster_selection_method-eom,0.3749220359562252
dbscan__eps_m-600__min_samples-25,hdbscan__min_cluster_size-30__min_samples-10__cluster_selection_method-leaf,0.22583876688820564
dbscan__eps_m-600__min_samples-25,hdbscan__min_cluster_size-30__min_samples-20__cluster_selection_method-eom,0.3753735773438421
dbscan__eps_m-600__min_samples-25,hdbscan__min_cluster_size-30__min_samples-20__cluster_selection_method-leaf,0.3651624416895159
dbscan__eps_m-600__min_samples-25,hdbscan__min_cluster_size-50__min_samples-5__cluster_selection_method-eom,0.4460821788632863
dbscan__eps_m-600__min_samples-25,hdbscan__min_cluster_size-50__min_samples-5__cluster_selection_method-leaf,0.3195507017019011
dbscan__eps_m-600__min_samples-25,hdbscan__min_cluster_size-50__min_samples-10__cluster_selection_method-eom,0.44118799970187855
dbscan__eps_m-600__min_samples-25,hdbscan__min_cluster_size-50__min_samples-10__cluster_selection_method-leaf,0.3287052730639714
dbscan__eps_m-600__min_samples-25,hdbscan__min_cluster_size-50__min_samples-20__cluster_selection_method-eom,0.40074167466537647
dbscan__eps_m-600__min_samples-25,hdbscan__min_cluster_size-50__min_samples-20__cluster_selection_method-leaf,0.5764370762617751
dbscan__eps_m-600__min_samples-25,hdbscan__min_cluster_size-75__min_samples-5__cluster_selection_method-eom,0.44916152986579594
dbscan__eps_m-600__min_samples-25,hdbscan__min_cluster_size-75__min_samples-5__cluster_selection_method-leaf,0.48328960137787735
dbscan__eps_m-600__min_samples-25,hdbscan__min_cluster_size-75__min_samples-10__cluster_selection_method-eom,0.4291490266920251
dbscan__eps_m-600__min_samples-25,hdbscan__min_cluster_size-75__min_samples-10__cluster_selection_method-leaf,0.48619136939331115
dbscan__eps_m-600__min_samples-25,hdbscan__min_cluster_size-75__min_samples-20__cluster_selection_method-eom,0.4077256753592764
dbscan__eps_m-600__min_samples-25,hdbscan__min_cluster_size-75__min_samples-20__cluster_selection_method-leaf,0.6869196311017004
dbscan__eps_m-600__min_samples-25,optics__min_samples-10__xi-0p05__min_cluster_size_frac-0p01,0.3819958990422312
dbscan__eps_m-600__min_samples-25,optics__min_samples-20__xi-0p05__min_cluster_size_frac-0p01,0.4948038447941845
dbscan__eps_m-600__min_samples-25,optics__min_samples-30__xi-0p05__min_cluster_size_frac-0p01,0.42335326180185096
dbscan__eps_m-800__min_samples-5,dbscan__eps_m-800__min_samples-10,0.9158704342451096
dbscan__eps_m-800__min_samples-5,dbscan__eps_m-800__min_samples-15,0.6939724649981628
dbscan__eps_m-800__min_samples-5,dbscan__eps_m-800__min_samples-25,0.3252759406260758
dbscan__eps_m-800__min_samples-5,dbscan__eps_m-1200__min_samples-5,0.8743833040467294
dbscan__eps_m-800__min_samples-5,dbscan__eps_m-1200__min_samples-10,0.9278785653946573
dbscan__eps_m-800__min_samples-5,dbscan__eps_m-1200__min_samples-15,0.9143575334974358
dbscan__eps_m-800__min_samples-5,dbscan__eps_m-1200__min_samples-25,0.8745443826873104
dbscan__eps_m-800__min_samples-5,dbscan__eps_m-1600__min_samples-5,0.7961647935364085
dbscan__eps_m-800__min_samples-5,dbscan__eps_m-1600__min_samples-10,0.8103558171914002
dbscan__eps_m-800__min_samples-5,dbscan__eps_m-1600__min_samples-15,0.9106370716665584
dbscan__eps_m-800__min_samples-5,dbscan__eps_m-1600__min_samples-25,0.9107835340092283
dbscan__eps_m-800__min_samples-5,hdbscan__min_cluster_size-10__min_samples-5__cluster_selection_method-eom,0.18204662978967268
dbscan__eps_m-800__min_samples-5,hdbscan__min_cluster_size-10__min_samples-5__cluster_selection_method-leaf,0.06438325209859228
dbscan__eps_m-800__min_samples-5,hdbscan__min_cluster_size-10__min_samples-10__cluster_selection_method-eom,0.22233506652769894
dbscan__eps_m-800__min_samples-5,hdbscan__min_cluster_size-10__min_samples-10__cluster_selection_method-leaf,0.06630480399592481
dbscan__eps_m-800__min_samples-5,hdbscan__min_cluster_size-10__min_samples-20__cluster_selection_method-eom,0.847113254867998
dbscan__eps_m-800__min_samples-5,hdbscan__min_cluster_size-10__min_samples-20__cluster_selection_method-leaf,0.10647891079390037
dbscan__eps_m-800__min_samples-5,hdbscan__min_cluster_size-20__min_samples-5__cluster_selection_method-eom,0.14279271723557233
dbscan__eps_m-800__min_samples-5,hdbscan__min_cluster_size-20__min_samples-5__cluster_selection_method-leaf,0.04266118991990145
dbscan__eps_m-800__min_samples-5,hdbscan__min_cluster_size-20__min_samples-10__cluster_selection_method-eom,0.8800103396315957
dbscan__eps_m-800__min_samples-5,hdbscan__min_cluster_size-20__min_samples-10__cluster_selection_method-leaf,0.07948682925903262
dbscan__eps_m-800__min_samples-5,hdbscan__min_cluster_size-20__min_samples-20__cluster_selection_method-eom,0.8450691616124985
dbscan__eps_m-800__min_samples-5,hdbscan__min_cluster_size-20__min_samples-20__cluster_selection_method-leaf,0.14206205440059963
dbscan__eps_m-800__min_samples-5,hdbscan__min_cluster_size-30__min_samples-5__cluster_selection_method-eom,0.8733061417989804
dbscan__eps_m-800__min_samples-5,hdbscan__min_cluster_size-30__min_samples-5__cluster_selection_method-leaf,0.05482846798804932
dbscan__eps_m-800__min_samples-5,hdbscan__min_cluster_size-30__min_samples-10__cluster_selection_method-eom,0.8811993973910766
dbscan__eps_m-800__min_samples-5,hdbscan__min_cluster_size-30__min_samples-10__cluster_selection_method-leaf,0.09549253063217426
dbscan__eps_m-800__min_samples-5,hdbscan__min_cluster_size-30__min_samples-20__cluster_selection_method-eom,0.8374472784527344
dbscan__eps_m-800__min_samples-5,hdbscan__min_cluster_size-30__min_samples-20__cluster_selection_method-leaf,0.1532456650387976
dbscan__eps_m-800__min_samples-5,hdbscan__min_cluster_size-50__min_samples-5__cluster_selection_method-eom,0.8965856733339668
dbscan__eps_m-800__min_samples-5,hdbscan__min_cluster_size-50__min_samples-5__cluster_selection_method-leaf,0.08104987308795787
dbscan__eps_m-800__min_samples-5,hdbscan__min_cluster_size-50__min_samples-10__cluster_selection_method-eom,0.9034967840798281
dbscan__eps_m-800__min_samples-5,hdbscan__min_cluster_size-50__min_samples-10__cluster_selection_method-leaf,0.12183951256094855
dbscan__eps_m-800__min_samples-5,hdbscan__min_cluster_size-50__min_samples-20__cluster_selection_method-eom,0.9371666727093587
dbscan__eps_m-800__min_samples-5,hdbscan__min_cluster_size-50__min_samples-20__cluster_selection_method-leaf,0.34429494531399657
dbscan__eps_m-800__min_samples-5,hdbscan__min_cluster_size-75__min_samples-5__cluster_selection_method-eom,0.8933647818261832
dbscan__eps_m-800__min_samples-5,hdbscan__min_cluster_size-75__min_samples-5__cluster_selection_method-leaf,0.25688488480106497
dbscan__eps_m-800__min_samples-5,hdbscan__min_cluster_size-75__min_samples-10__cluster_selection_method-eom,0.9186703011282925
dbscan__eps_m-800__min_samples-5,hdbscan__min_cluster_size-75__min_samples-10__cluster_selection_method-leaf,0.2840550919003458
dbscan__eps_m-800__min_samples-5,hdbscan__min_cluster_size-75__min_samples-20__cluster_selection_method-eom,0.9308169973281303
dbscan__eps_m-800__min_samples-5,hdbscan__min_cluster_size-75__min_samples-20__cluster_selection_method-leaf,0.389048552492827
dbscan__eps_m-800__min_samples-5,optics__min_samples-10__xi-0p05__min_cluster_size_frac-0p01,0.11749026191351201
dbscan__eps_m-800__min_samples-5,optics__min_samples-20__xi-0p05__min_cluster_size_frac-0p01,0.3489285451544548
dbscan__eps_m-800__min_samples-5,optics__min_samples-30__xi-0p05__min_cluster_size_frac-0p01,0.38450794418435874
dbscan__eps_m-800__min_samples-10,dbscan__eps_m-800__min_samples-15,0.7724824835333791
dbscan__eps_m-800__min_samples-10,dbscan__eps_m-800__min_samples-25,0.35191817083347415
dbscan__eps_m-800__min_samples-10,dbscan__eps_m-1200__min_samples-5,0.8007619048156398
dbscan__eps_m-800__min_samples-10,dbscan__eps_m-1200__min_samples-10,0.8513667526866734
dbscan__eps_m-800__min_samples-10,dbscan__eps_m-1200__min_samples-15,0.9038063119275342
dbscan__eps_m-800__min_samples-10,dbscan__eps_m-1200__min_samples-25,0.931279867441698
dbscan__eps_m-800__min_samples-10,dbscan__eps_m-1600__min_samples-5,0.7288347742256012
dbscan__eps_m-800__min_samples-10,dbscan__eps_m-1600__min_samples-10,0.7409025640622827
dbscan__eps_m-800__min_samples-10,dbscan__eps_m-1600__min_samples-15,0.8378822118426186
dbscan__eps_m-800__min_samples-10,dbscan__eps_m-1600__min_samples-25,0.868527433928399
dbscan__eps_m-800__min_samples-10,hdbscan__min_cluster_size-10__min_samples-5__cluster_selection_method-eom,0.1932204937510787
dbscan__eps_m-800__min_samples-10,hdbscan__min_cluster_size-10__min_samples-5__cluster_selection_method-leaf,0.07183299407509534
dbscan__eps_m-800__min_samples-10,hdbscan__min_cluster_size-10__min_samples-10__cluster_selection_method-eom,0.22264071004747646
dbscan__eps_m-800__min_samples-10,hdbscan__min_cluster_size-10__min_samples-10__cluster_selection_method-leaf,0.06429979767002844
dbscan__eps_m-800__min_samples-10,hdbscan__min_cluster_size-10__min_samples-20__cluster_selection_method-eom,0.9068968419052382
dbscan__eps_m-800__min_samples-10,hdbscan__min_cluster_size-10__min_samples-20__cluster_selection_method-leaf,0.10285974780459946
dbscan__eps_m-800__min_samples-10,hdbscan__min_cluster_size-20__min_samples-5__cluster_selection_method-eom,0.1584186365029283
dbscan__eps_m-800__min_samples-10,hdbscan__min_cluster_size-20__min_samples-5__cluster_selection_method-leaf,0.053070167267360156
dbscan__eps_m-800__min_samples-10,hdbscan__min_cluster_size-20__min_samples-10__cluster_selection_method-eom,0.9013436284317339
dbscan__eps_m-800__min_samples-10,hdbscan__min_cluster_size-20__min_samples-10__cluster_selection_method-leaf,0.07649402597363576
dbscan__eps_m-800__min_samples-10,hdbscan__min_cluster_size-20__min_samples-20__cluster_selection_method-eom,0.9047354246030131
dbscan__eps_m-800__min_samples-10,hdbscan__min_cluster_size-20__min_samples-20__cluster_selection_method-leaf,0.13802115279739283
dbscan__eps_m-800__min_samples-10,hdbscan__min_cluster_size-30__min_samples-5__cluster_selection_method-eom,0.801857799852531
dbscan__eps_m-800__min_samples-10,hdbscan__min_cluster_size-30__min_samples-5__cluster_selection_method-leaf,0.06260650452950424
dbscan__eps_m-800__min_samples-10,hdbscan__min_cluster_size-30__min_samples-10__cluster_selection_method-eom,0.902079452801944
dbscan__eps_m-800__min_samples-10,hdbscan__min_cluster_size-30__min_samples-10__cluster_selection_method-leaf,0.09208277391022626
dbscan__eps_m-800__min_samples-10,hdbscan__min_cluster_size-30__min_samples-20__cluster_selection_method-eom,0.9017580639847763
dbscan__eps_m-800__min_samples-10,hdbscan__min_cluster_size-30__min_samples-20__cluster_selection_method-leaf,0.15397164319662912
dbscan__eps_m-800__min_samples-10,hdbscan__min_cluster_size-50__min_samples-5__cluster_selection_method-eom,0.8261927370297746
dbscan__eps_m-800__min_samples-10,hdbscan__min_cluster_size-50__min_samples-5__cluster_selection_method-leaf,0.07633902060668254
dbscan__eps_m-800__min_samples-10,hdbscan__min_cluster_size-50__min_samples-10__cluster_selection_method-eom,0.8421050387873952
dbscan__eps_m-800__min_samples-10,hdbscan__min_cluster_size-50__min_samples-10__cluster_selection_method-leaf,0.10925102354829826
dbscan__eps_m-800__min_samples-10,hdbscan__min_cluster_size-50__min_samples-20__cluster_selection_method-eom,0.9002792374049529
dbscan__eps_m-800__min_samples-10,hdbscan__min_cluster_size-50__min_samples-20__cluster_selection_method-leaf,0.3194641181656927
dbscan__eps_m-800__min_samples-10,hdbscan__min_cluster_size-75__min_samples-5__cluster_selection_method-eom,0.8230496477772986
dbscan__eps_m-800__min_samples-10,hdbscan__min_cluster_size-75__min_samples-5__cluster_selection_method-leaf,0.2372810733630259
dbscan__eps_m-800__min_samples-10,hdbscan__min_cluster_size-75__min_samples-10__cluster_selection_method-eom,0.8601975523703191
dbscan__eps_m-800__min_samples-10,hdbscan__min_cluster_size-75__min_samples-10__cluster_selection_method-leaf,0.2666361972895167
dbscan__eps_m-800__min_samples-10,hdbscan__min_cluster_size-75__min_samples-20__cluster_selection_method-eom,0.8939331155166761
dbscan__eps_m-800__min_samples-10,hdbscan__min_cluster_size-75__min_samples-20__cluster_selection_method-leaf,0.3593565171162866
dbscan__eps_m-800__min_samples-10,optics__min_samples-10__xi-0p05__min_cluster_size_frac-0p01,0.0993434256529634
dbscan__eps_m-800__min_samples-10,optics__min_samples-20__xi-0p05__min_cluster_size_frac-0p01,0.31605976549626796
dbscan__eps_m-800__min_samples-10,optics__min_samples-30__xi-0p05__min_cluster_size_frac-0p01,0.3483447551133494
dbscan__eps_m-800__min_samples-15,dbscan__eps_m-800__min_samples-25,0.4642603202589285
dbscan__eps_m-800__min_samples-15,dbscan__eps_m-1200__min_samples-5,0.6020168941985835
dbscan__eps_m-800__min_samples-15,dbscan__eps_m-1200__min_samples-10,0.6419040640495424
dbscan__eps_m-800__min_samples-15,dbscan__eps_m-1200__min_samples-15,0.6899127965911255
dbscan__eps_m-800__min_samples-15,dbscan__eps_m-1200__min_samples-25,0.7301538661005932
dbscan__eps_m-800__min_samples-15,dbscan__eps_m-1600__min_samples-5,0.5448010488417895
dbscan__eps_m-800__min_samples-15,dbscan__eps_m-1600__min_samples-10,0.5531041966090781
dbscan__eps_m-800__min_samples-15,dbscan__eps_m-1600__min_samples-15,0.6320790609020155
dbscan__eps_m-800__min_samples-15,dbscan__eps_m-1600__min_samples-25,0.6597485039402529
dbscan__eps_m-800__min_samples-15,hdbscan__min_cluster_size-10__min_samples-5__cluster_selection_method-eom,0.21679803941640421
dbscan__eps_m-800__min_samples-15,hdbscan__min_cluster_size-10__min_samples-5__cluster_selection_method-leaf,0.07563948242850932
dbscan__eps_m-800__min_samples-15,hdbscan__min_cluster_size-10__min_samples-10__cluster_selection_method-eom,0.2632493529969025
dbscan__eps_m-800__min_samples-15,hdbscan__min_cluster_size-10__min_samples-10__cluster_selection_method-leaf,0.10016174872101756
dbscan__eps_m-800__min_samples-15,hdbscan__min_cluster_size-10__min_samples-20__cluster_selection_method-eom,0.7316983258815971
dbscan__eps_m-800__min_samples-15,hdbscan__min_cluster_size-10__min_samples-20__cluster_selection_method-leaf,0.10103180730793912
dbscan__eps_m-800__min_samples-15,hdbscan__min_cluster_size-20__min_samples-5__cluster_selection_method-eom,0.21457579825355869
dbscan__eps_m-800__min_samples-15,hdbscan__min_cluster_size-20__min_samples-5__cluster_selection_method-leaf,0.09108223330093146
dbscan__eps_m-800__min_samples-15,hdbscan__min_cluster_size-20__min_samples-10__cluster_selection_method-eom,0.7000077043212142
dbscan__eps_m-800__min_samples-15,hdbscan__min_cluster_size-20__min_samples-10__cluster_selection_method-leaf,0.10424136873121796
dbscan__eps_m-800__min_samples-15,hdbscan__min_cluster_size-20__min_samples-20__cluster_selection_method-eom,0.7301092343635742
dbscan__eps_m-800__min_samples-15,hdbscan__min_cluster_size-20__min_samples-20__cluster_selection_method-leaf,0.1519704722331471
dbscan__eps_m-800__min_samples-15,hdbscan__min_cluster_size-30__min_samples-5__cluster_selection_method-eom,0.5950793466281176
dbscan__eps_m-800__min_samples-15,hdbscan__min_cluster_size-30__min_samples-5__cluster_selection_method-leaf,0.09533956887174315
dbscan__eps_m-800__min_samples-15,hdbscan__min_cluster_size-30__min_samples-10__cluster_selection_method-eom,0.6985630234834541
dbscan__eps_m-800__min_samples-15,hdbscan__min_cluster_size-30__min_samples-10__cluster_selection_method-leaf,0.09488275443573504
dbscan__eps_m-800__min_samples-15,hdbscan__min_cluster_size-30__min_samples-20__cluster_selection_method-eom,0.7296555729888419
dbscan__eps_m-800__min_samples-15,hdbscan__min_cluster_size-30__min_samples-20__cluster_selection_method-leaf,0.170007722901787
dbscan__eps_m-800__min_samples-15,hdbscan__min_cluster_size-50__min_samples-5__cluster_selection_method-eom,0.6261921101936555
dbscan__eps_m-800__min_samples-15,hdbscan__min_cluster_size-50__min_samples-5__cluster_selection_method-leaf,0.11242970354939619
dbscan__eps_m-800__min_samples-15,hdbscan__min_cluster_size-50__min_samples-10__cluster_selection_method-eom,0.6315208734849421
dbscan__eps_m-800__min_samples-15,hdbscan__min_cluster_size-50__min_samples-10__cluster_selection_method-leaf,0.13487060623194508
dbscan__eps_m-800__min_samples-15,hdbscan__min_cluster_size-50__min_samples-20__cluster_selection_method-eom,0.6940073185824126
dbscan__eps_m-800__min_samples-15,hdbscan__min_cluster_size-50__min_samples-20__cluster_selection_method-leaf,0.33029952270097335
dbscan__eps_m-800__min_samples-15,hdbscan__min_cluster_size-75__min_samples-5__cluster_selection_method-eom,0.6233927900592534
dbscan__eps_m-800__min_samples-15,hdbscan__min_cluster_size-75__min_samples-5__cluster_selection_method-leaf,0.22779352046822945
dbscan__eps_m-800__min_samples-15,hdbscan__min_cluster_size-75__min_samples-10__cluster_selection_method-eom,0.65431393250474
dbscan__eps_m-800__min_samples-15,hdbscan__min_cluster_size-75__min_samples-10__cluster_selection_method-leaf,0.2895492054864517
dbscan__eps_m-800__min_samples-15,hdbscan__min_cluster_size-75__min_samples-20__cluster_selection_method-eom,0.6881990314109888
dbscan__eps_m-800__min_samples-15,hdbscan__min_cluster_size-75__min_samples-20__cluster_selection_method-leaf,0.3284446606988663
dbscan__eps_m-800__min_samples-15,optics__min_samples-10__xi-0p05__min_cluster_size_frac-0p01,0.10895039934287569
dbscan__eps_m-800__min_samples-15,optics__min_samples-20__xi-0p05__min_cluster_size_frac-0p01,0.28279187471686323
dbscan__eps_m-800__min_samples-15,optics__min_samples-30__xi-0p05__min_cluster_size_frac-0p01,0.3645914208592406
dbscan__eps_m-800__min_samples-25,dbscan__eps_m-1200__min_samples-5,0.322052141220205
dbscan__eps_m-800__min_samples-25,dbscan__eps_m-1200__min_samples-10,0.3142840056681169
dbscan__eps_m-800__min_samples-25,dbscan__eps_m-1200__min_samples-15,0.3218256025996384
dbscan__eps_m-800__min_samples-25,dbscan__eps_m-1200__min_samples-25,0.36015366431747914
dbscan__eps_m-800__min_samples-25,dbscan__eps_m-1600__min_samples-5,0.3093628109652308
dbscan__eps_m-800__min_samples-25,dbscan__eps_m-1600__min_samples-10,0.30652067713150355
dbscan__eps_m-800__min_samples-25,dbscan__eps_m-1600__min_samples-15,0.31728778555581144
dbscan__eps_m-800__min_samples-25,dbscan__eps_m-1600__min_samples-25,0.3295201838983603
dbscan__eps_m-800__min_samples-25,hdbscan__min_cluster_size-10__min_samples-5__cluster_selection_method-eom,0.25357510697383806
dbscan__eps_m-800__min_samples-25,hdbscan__min_cluster_size-10__min_samples-5__cluster_selection_method-leaf,0.0830695247503326
dbscan__eps_m-800__min_samples-25,hdbscan__min_cluster_size-10__min_samples-10__cluster_selection_method-eom,0.30051754681738896
dbscan__eps_m-800__min_samples-25,hdbscan__min_cluster_size-10__min_samples-10__cluster_selection_method-leaf,0.10280821552943133
dbscan__eps_m-800__min_samples-25,hdbscan__min_cluster_size-10__min_samples-20__cluster_selection_method-eom,0.35464448335179455
dbscan__eps_m-800__min_samples-25,hdbscan__min_cluster_size-10__min_samples-20__cluster_selection_method-leaf,0.13681423786277302
dbscan__eps_m-800__min_samples-25,hdbscan__min_cluster_size-20__min_samples-5__cluster_selection_method-eom,0.32703731900930316
dbscan__eps_m-800__min_samples-25,hdbscan__min_cluster_size-20__min_samples-5__cluster_selection_method-leaf,0.16112760604537688
dbscan__eps_m-800__min_samples-25,hdbscan__min_cluster_size-20__min_samples-10__cluster_selection_method-eom,0.34151269932826506
dbscan__eps_m-800__min_samples-25,hdbscan__min_cluster_size-20__min_samples-10__cluster_selection_method-leaf,0.1712062185641563
dbscan__eps_m-800__min_samples-25,hdbscan__min_cluster_size-20__min_samples-20__cluster_selection_method-eom,0.35748639367514584
dbscan__eps_m-800__min_samples-25,hdbscan__min_cluster_size-20__min_samples-20__cluster_selection_method-leaf,0.2153818002749403
dbscan__eps_m-800__min_samples-25,hdbscan__min_cluster_size-30__min_samples-5__cluster_selection_method-eom,0.3385120590383779
dbscan__eps_m-800__min_samples-25,hdbscan__min_cluster_size-30__min_samples-5__cluster_selection_method-leaf,0.2289541618492188
dbscan__eps_m-800__min_samples-25,hdbscan__min_cluster_size-30__min_samples-10__cluster_selection_method-eom,0.342589760349574
dbscan__eps_m-800__min_samples-25,hdbscan__min_cluster_size-30__min_samples-10__cluster_selection_method-leaf,0.2023490296391765
dbscan__eps_m-800__min_samples-25,hdbscan__min_cluster_size-30__min_samples-20__cluster_selection_method-eom,0.3676646761996189
dbscan__eps_m-800__min_samples-25,hdbscan__min_cluster_size-30__min_samples-20__cluster_selection_method-leaf,0.25337174778484844
dbscan__eps_m-800__min_samples-25,hdbscan__min_cluster_size-50__min_samples-5__cluster_selection_method-eom,0.34421059857945485
dbscan__eps_m-800__min_samples-25,hdbscan__min_cluster_size-50__min_samples-5__cluster_selection_method-leaf,0.3235889463377379
dbscan__eps_m-800__min_samples-25,hdbscan__min_cluster_size-50__min_samples-10__cluster_selection_method-eom,0.35069310714109225
dbscan__eps_m-800__min_samples-25,hdbscan__min_cluster_size-50__min_samples-10__cluster_selection_method-leaf,0.29808127502474135
dbscan__eps_m-800__min_samples-25,hdbscan__min_cluster_size-50__min_samples-20__cluster_selection_method-eom,0.3598097544080457
dbscan__eps_m-800__min_samples-25,hdbscan__min_cluster_size-50__min_samples-20__cluster_selection_method-leaf,0.4060128134100866
dbscan__eps_m-800__min_samples-25,hdbscan__min_cluster_size-75__min_samples-5__cluster_selection_method-eom,0.34506499558797576
dbscan__eps_m-800__min_samples-25,hdbscan__min_cluster_size-75__min_samples-5__cluster_selection_method-leaf,0.3467715063554937
dbscan__eps_m-800__min_samples-25,hdbscan__min_cluster_size-75__min_samples-10__cluster_selection_method-eom,0.3517594011588578
dbscan__eps_m-800__min_samples-25,hdbscan__min_cluster_size-75__min_samples-10__cluster_selection_method-leaf,0.41048204097224195
dbscan__eps_m-800__min_samples-25,hdbscan__min_cluster_size-75__min_samples-20__cluster_selection_method-eom,0.3618827785948782
dbscan__eps_m-800__min_samples-25,hdbscan__min_cluster_size-75__min_samples-20__cluster_selection_method-leaf,0.3589594357470297
dbscan__eps_m-800__min_samples-25,optics__min_samples-10__xi-0p05__min_cluster_size_frac-0p01,0.19869593412276787
dbscan__eps_m-800__min_samples-25,optics__min_samples-20__xi-0p05__min_cluster_size_frac-0p01,0.2928280113603081
dbscan__eps_m-800__min_samples-25,optics__min_samples-30__xi-0p05__min_cluster_size_frac-0p01,0.26130286124534946
dbscan__eps_m-1200__min_samples-5,dbscan__eps_m-1200__min_samples-10,0.9424689517860483
dbscan__eps_m-1200__min_samples-5,dbscan__eps_m-1200__min_samples-15,0.8877077745411196
dbscan__eps_m-1200__min_samples-5,dbscan__eps_m-1200__min_samples-25,0.8271613143032379
dbscan__eps_m-1200__min_samples-5,dbscan__eps_m-1600__min_samples-5,0.9195233472047916
dbscan__eps_m-1200__min_samples-5,dbscan__eps_m-1600__min_samples-10,0.9309384867962999
dbscan__eps_m-1200__min_samples-5,dbscan__eps_m-1600__min_samples-15,0.9557576167248008
dbscan__eps_m-1200__min_samples-5,dbscan__eps_m-1600__min_samples-25,0.9116453858727706
dbscan__eps_m-1200__min_samples-5,hdbscan__min_cluster_size-10__min_samples-5__cluster_selection_method-eom,0.16527060042257055
dbscan__eps_m-1200__min_samples-5,hdbscan__min_cluster_size-10__min_samples-5__cluster_selection_method-leaf,0.05833845749931937
dbscan__eps_m-1200__min_samples-5,hdbscan__min_cluster_size-10__min_samples-10__cluster_selection_method-eom,0.22960517974183517
dbscan__eps_m-1200__min_samples-5,hdbscan__min_cluster_size-10__min_samples-10__cluster_selection_method-leaf,0.08582111904075977
dbscan__eps_m-1200__min_samples-5,hdbscan__min_cluster_size-10__min_samples-20__cluster_selection_method-eom,0.7449270070559975
dbscan__eps_m-1200__min_samples-5,hdbscan__min_cluster_size-10__min_samples-20__cluster_selection_method-leaf,0.13502916767461015
dbscan__eps_m-1200__min_samples-5,hdbscan__min_cluster_size-20__min_samples-5__cluster_selection_method-eom,0.1497945459191504
dbscan__eps_m-1200__min_samples-5,hdbscan__min_cluster_size-20__min_samples-5__cluster_selection_method-leaf,0.06210473629052475
dbscan__eps_m-1200__min_samples-5,hdbscan__min_cluster_size-20__min_samples-10__cluster_selection_method-eom,0.7892271450017099
dbscan__eps_m-1200__min_samples-5,hdbscan__min_cluster_size-20__min_samples-10__cluster_selection_method-leaf,0.10947741366130362
dbscan__eps_m-1200__min_samples-5,hdbscan__min_cluster_size-20__min_samples-20__cluster_selection_method-eom,0.7430598918300727
dbscan__eps_m-1200__min_samples-5,hdbscan__min_cluster_size-20__min_samples-20__cluster_selection_method-leaf,0.16140262699940228
dbscan__eps_m-1200__min_samples-5,hdbscan__min_cluster_size-30__min_samples-5__cluster_selection_method-eom,0.9354780379887505
dbscan__eps_m-1200__min_samples-5,hdbscan__min_cluster_size-30__min_samples-5__cluster_selection_method-leaf,0.08396286380254961
dbscan__eps_m-1200__min_samples-5,hdbscan__min_cluster_size-30__min_samples-10__cluster_selection_method-eom,0.7904259688910449
dbscan__eps_m-1200__min_samples-5,hdbscan__min_cluster_size-30__min_samples-10__cluster_selection_method-leaf,0.12492472259502344
dbscan__eps_m-1200__min_samples-5,hdbscan__min_cluster_size-30__min_samples-20__cluster_selection_method-eom,0.7360915811785937
dbscan__eps_m-1200__min_samples-5,hdbscan__min_cluster_size-30__min_samples-20__cluster_selection_method-leaf,0.17208380508357138
dbscan__eps_m-1200__min_samples-5,hdbscan__min_cluster_size-50__min_samples-5__cluster_selection_method-eom,0.9610386288846253
dbscan__eps_m-1200__min_samples-5,hdbscan__min_cluster_size-50__min_samples-5__cluster_selection_method-leaf,0.11972556664739903
dbscan__eps_m-1200__min_samples-5,hdbscan__min_cluster_size-50__min_samples-10__cluster_selection_method-eom,0.890814683172394
dbscan__eps_m-1200__min_samples-5,hdbscan__min_cluster_size-50__min_samples-10__cluster_selection_method-leaf,0.1655381325743126
dbscan__eps_m-1200__min_samples-5,hdbscan__min_cluster_size-50__min_samples-20__cluster_selection_method-eom,0.8543360184403426
dbscan__eps_m-1200__min_samples-5,hdbscan__min_cluster_size-50__min_samples-20__cluster_selection_method-leaf,0.39290506779004053
dbscan__eps_m-1200__min_samples-5,hdbscan__min_cluster_size-75__min_samples-5__cluster_selection_method-eom,0.9578530291138915
dbscan__eps_m-1200__min_samples-5,hdbscan__min_cluster_size-75__min_samples-5__cluster_selection_method-leaf,0.30122805758183024
dbscan__eps_m-1200__min_samples-5,hdbscan__min_cluster_size-75__min_samples-10__cluster_selection_method-eom,0.9044138612968055
dbscan__eps_m-1200__min_samples-5,hdbscan__min_cluster_size-75__min_samples-10__cluster_selection_method-leaf,0.3280886169785092
dbscan__eps_m-1200__min_samples-5,hdbscan__min_cluster_size-75__min_samples-20__cluster_selection_method-eom,0.8484695915556763
dbscan__eps_m-1200__min_samples-5,hdbscan__min_cluster_size-75__min_samples-20__cluster_selection_method-leaf,0.4393579148320797
dbscan__eps_m-1200__min_samples-5,optics__min_samples-10__xi-0p05__min_cluster_size_frac-0p01,0.15834989759041568
dbscan__eps_m-1200__min_samples-5,optics__min_samples-20__xi-0p05__min_cluster_size_frac-0p01,0.4054114577712051
dbscan__eps_m-1200__min_samples-5,optics__min_samples-30__xi-0p05__min_cluster_size_frac-0p01,0.4497434142388582
dbscan__eps_m-1200__min_samples-10,dbscan__eps_m-1200__min_samples-15,0.942535803149991
dbscan__eps_m-1200__min_samples-10,dbscan__eps_m-1200__min_samples-25,0.8771275756842957
dbscan__eps_m-1200__min_samples-10,dbscan__eps_m-1600__min_samples-5,0.86300760984053
dbscan__eps_m-1200__min_samples-10,dbscan__eps_m-1600__min_samples-10,0.878353559975416
dbscan__eps_m-1200__min_samples-10,dbscan__eps_m-1600__min_samples-15,0.9805318379788859
dbscan__eps_m-1200__min_samples-10,dbscan__eps_m-1600__min_samples-25,0.9571231823050595
dbscan__eps_m-1200__min_samples-10,hdbscan__min_cluster_size-10__min_samples-5__cluster_selection_method-eom,0.1714431015060872
dbscan__eps_m-1200__min_samples-10,hdbscan__min_cluster_size-10__min_samples-5__cluster_selection_method-leaf,0.062493602790917105
dbscan__eps_m-1200__min_samples-10,hdbscan__min_cluster_size-10__min_samples-10__cluster_selection_method-eom,0.22371903474903335
dbscan__eps_m-1200__min_samples-10,hdbscan__min_cluster_size-10__min_samples-10__cluster_selection_method-leaf,0.08125339104468185
dbscan__eps_m-1200__min_samples-10,hdbscan__min_cluster_size-10__min_samples-20__cluster_selection_method-eom,0.7901352916439721
dbscan__eps_m-1200__min_samples-10,hdbscan__min_cluster_size-10__min_samples-20__cluster_selection_method-leaf,0.12520866115244572
dbscan__eps_m-1200__min_samples-10,hdbscan__min_cluster_size-20__min_samples-5__cluster_selection_method-eom,0.15072592404389193
dbscan__eps_m-1200__min_samples-10,hdbscan__min_cluster_size-20__min_samples-5__cluster_selection_method-leaf,0.06111763813050847
dbscan__eps_m-1200__min_samples-10,hdbscan__min_cluster_size-20__min_samples-10__cluster_selection_method-eom,0.8377518694348328
dbscan__eps_m-1200__min_samples-10,hdbscan__min_cluster_size-20__min_samples-10__cluster_selection_method-leaf,0.09733683552677169
dbscan__eps_m-1200__min_samples-10,hdbscan__min_cluster_size-20__min_samples-20__cluster_selection_method-eom,0.7881983252562359
dbscan__eps_m-1200__min_samples-10,hdbscan__min_cluster_size-20__min_samples-20__cluster_selection_method-leaf,0.14982907495655795
dbscan__eps_m-1200__min_samples-10,hdbscan__min_cluster_size-30__min_samples-5__cluster_selection_method-eom,0.8845513469923109
dbscan__eps_m-1200__min_samples-10,hdbscan__min_cluster_size-30__min_samples-5__cluster_selection_method-leaf,0.0729742063661812
dbscan__eps_m-1200__min_samples-10,hdbscan__min_cluster_size-30__min_samples-10__cluster_selection_method-eom,0.8389817009850413
dbscan__eps_m-1200__min_samples-10,hdbscan__min_cluster_size-30__min_samples-10__cluster_selection_method-leaf,0.11260221380288928
dbscan__eps_m-1200__min_samples-10,hdbscan__min_cluster_size-30__min_samples-20__cluster_selection_method-eom,0.7819579505982571
dbscan__eps_m-1200__min_samples-10,hdbscan__min_cluster_size-30__min_samples-20__cluster_selection_method-leaf,0.16123059083445967
dbscan__eps_m-1200__min_samples-10,hdbscan__min_cluster_size-50__min_samples-5__cluster_selection_method-eom,0.9120802697763295
dbscan__eps_m-1200__min_samples-10,hdbscan__min_cluster_size-50__min_samples-5__cluster_selection_method-leaf,0.0922216502631223
dbscan__eps_m-1200__min_samples-10,hdbscan__min_cluster_size-50__min_samples-10__cluster_selection_method-eom,0.8956178222410112
dbscan__eps_m-1200__min_samples-10,hdbscan__min_cluster_size-50__min_samples-10__cluster_selection_method-leaf,0.13539318221476448
dbscan__eps_m-1200__min_samples-10,hdbscan__min_cluster_size-50__min_samples-20__cluster_selection_method-eom,0.9004122550537375
dbscan__eps_m-1200__min_samples-10,hdbscan__min_cluster_size-50__min_samples-20__cluster_selection_method-leaf,0.35438327983140905
dbscan__eps_m-1200__min_samples-10,hdbscan__min_cluster_size-75__min_samples-5__cluster_selection_method-eom,0.9089012071761537
dbscan__eps_m-1200__min_samples-10,hdbscan__min_cluster_size-75__min_samples-5__cluster_selection_method-leaf,0.2668562574530511
dbscan__eps_m-1200__min_samples-10,hdbscan__min_cluster_size-75__min_samples-10__cluster_selection_method-eom,0.9095834361747085
dbscan__eps_m-1200__min_samples-10,hdbscan__min_cluster_size-75__min_samples-10__cluster_selection_method-leaf,0.2933419324510695
dbscan__eps_m-1200__min_samples-10,hdbscan__min_cluster_size-75__min_samples-20__cluster_selection_method-eom,0.8943273093622608
dbscan__eps_m-1200__min_samples-10,hdbscan__min_cluster_size-75__min_samples-20__cluster_selection_method-leaf,0.3985661379594309
dbscan__eps_m-1200__min_samples-10,optics__min_samples-10__xi-0p05__min_cluster_size_frac-0p01,0.128520858649332
dbscan__eps_m-1200__min_samples-10,optics__min_samples-20__xi-0p05__min_cluster_size_frac-0p01,0.3648455064277063
dbscan__eps_m-1200__min_samples-10,optics__min_samples-30__xi-0p05__min_cluster_size_frac-0p01,0.4079897604051523
dbscan__eps_m-1200__min_samples-15,dbscan__eps_m-1200__min_samples-25,0.93118598890813
dbscan__eps_m-1200__min_samples-15,dbscan__eps_m-1600__min_samples-5,0.8102568764742265
dbscan__eps_m-1200__min_samples-15,dbscan__eps_m-1600__min_samples-10,0.8248957909778475
dbscan__eps_m-1200__min_samples-15,dbscan__eps_m-1600__min_samples-15,0.9276182274241517
dbscan__eps_m-1200__min_samples-15,dbscan__eps_m-1600__min_samples-25,0.9305032838794711
dbscan__eps_m-1200__min_samples-15,hdbscan__min_cluster_size-10__min_samples-5__cluster_selection_method-eom,0.18228928227646907
dbscan__eps_m-1200__min_samples-15,hdbscan__min_cluster_size-10__min_samples-5__cluster_selection_method-leaf,0.07089992658060604
dbscan__eps_m-1200__min_samples-15,hdbscan__min_cluster_size-10__min_samples-10__cluster_selection_method-eom,0.22120330411237943
dbscan__eps_m-1200__min_samples-15,hdbscan__min_cluster_size-10__min_samples-10__cluster_selection_method-leaf,0.07835040007641997
dbscan__eps_m-1200__min_samples-15,hdbscan__min_cluster_size-10__min_samples-20__cluster_selection_method-eom,0.8355663720599136
dbscan__eps_m-1200__min_samples-15,hdbscan__min_cluster_size-10__min_samples-20__cluster_selection_method-leaf,0.1228795626964331
dbscan__eps_m-1200__min_samples-15,hdbscan__min_cluster_size-20__min_samples-5__cluster_selection_method-eom,0.15296237151002753
dbscan__eps_m-1200__min_samples-15,hdbscan__min_cluster_size-20__min_samples-5__cluster_selection_method-leaf,0.058891217924169646
dbscan__eps_m-1200__min_samples-15,hdbscan__min_cluster_size-20__min_samples-10__cluster_selection_method-eom,0.8741788312035704
dbscan__eps_m-1200__min_samples-15,hdbscan__min_cluster_size-20__min_samples-10__cluster_selection_method-leaf,0.09324424822066407
dbscan__eps_m-1200__min_samples-15,hdbscan__min_cluster_size-20__min_samples-20__cluster_selection_method-eom,0.8336746405065505
dbscan__eps_m-1200__min_samples-15,hdbscan__min_cluster_size-20__min_samples-20__cluster_selection_method-leaf,0.1479503685439217
dbscan__eps_m-1200__min_samples-15,hdbscan__min_cluster_size-30__min_samples-5__cluster_selection_method-eom,0.835806661682434
dbscan__eps_m-1200__min_samples-15,hdbscan__min_cluster_size-30__min_samples-5__cluster_selection_method-leaf,0.0723379944590087
dbscan__eps_m-1200__min_samples-15,hdbscan__min_cluster_size-30__min_samples-10__cluster_selection_method-eom,0.87555550752501
dbscan__eps_m-1200__min_samples-15,hdbscan__min_cluster_size-30__min_samples-10__cluster_selection_method-leaf,0.10866878532422332
dbscan__eps_m-1200__min_samples-15,hdbscan__min_cluster_size-30__min_samples-20__cluster_selection_method-eom,0.8296727809596791
dbscan__eps_m-1200__min_samples-15,hdbscan__min_cluster_size-30__min_samples-20__cluster_selection_method-leaf,0.1624542600618187
dbscan__eps_m-1200__min_samples-15,hdbscan__min_cluster_size-50__min_samples-5__cluster_selection_method-eom,0.8611828223833544
dbscan__eps_m-1200__min_samples-15,hdbscan__min_cluster_size-50__min_samples-5__cluster_selection_method-leaf,0.07833212153055447
dbscan__eps_m-1200__min_samples-15,hdbscan__min_cluster_size-50__min_samples-10__cluster_selection_method-eom,0.8699577293766437
dbscan__eps_m-1200__min_samples-15,hdbscan__min_cluster_size-50__min_samples-10__cluster_selection_method-leaf,0.11891936332911356
dbscan__eps_m-1200__min_samples-15,hdbscan__min_cluster_size-50__min_samples-20__cluster_selection_method-eom,0.9071560843913364
dbscan__eps_m-1200__min_samples-15,hdbscan__min_cluster_size-50__min_samples-20__cluster_selection_method-leaf,0.3299825868435969
dbscan__eps_m-1200__min_samples-15,hdbscan__min_cluster_size-75__min_samples-5__cluster_selection_method-eom,0.8580377865361829
dbscan__eps_m-1200__min_samples-15,hdbscan__min_cluster_size-75__min_samples-5__cluster_selection_method-leaf,0.2450138032010967
dbscan__eps_m-1200__min_samples-15,hdbscan__min_cluster_size-75__min_samples-10__cluster_selection_method-eom,0.8853857301453443
dbscan__eps_m-1200__min_samples-15,hdbscan__min_cluster_size-75__min_samples-10__cluster_selection_method-leaf,0.27363505114774783
dbscan__eps_m-1200__min_samples-15,hdbscan__min_cluster_size-75__min_samples-20__cluster_selection_method-eom,0.9009561558932572
dbscan__eps_m-1200__min_samples-15,hdbscan__min_cluster_size-75__min_samples-20__cluster_selection_method-leaf,0.37184173006527566
dbscan__eps_m-1200__min_samples-15,optics__min_samples-10__xi-0p05__min_cluster_size_frac-0p01,0.11032546839662614
dbscan__eps_m-1200__min_samples-15,optics__min_samples-20__xi-0p05__min_cluster_size_frac-0p01,0.3370664379904623
dbscan__eps_m-1200__min_samples-15,optics__min_samples-30__xi-0p05__min_cluster_size_frac-0p01,0.37837682301667985
dbscan__eps_m-1200__min_samples-25,dbscan__eps_m-1600__min_samples-5,0.7559981771933669
dbscan__eps_m-1200__min_samples-25,dbscan__eps_m-1600__min_samples-10,0.7679143934941005
dbscan__eps_m-1200__min_samples-25,dbscan__eps_m-1600__min_samples-15,0.8639947587072584
dbscan__eps_m-1200__min_samples-25,dbscan__eps_m-1600__min_samples-25,0.9072966370849699
dbscan__eps_m-1200__min_samples-25,hdbscan__min_cluster_size-10__min_samples-5__cluster_selection_method-eom,0.17847012749714875
dbscan__eps_m-1200__min_samples-25,hdbscan__min_cluster_size-10__min_samples-5__cluster_selection_method-leaf,0.06533046053316004
dbscan__eps_m-1200__min_samples-25,hdbscan__min_cluster_size-10__min_samples-10__cluster_selection_method-eom,0.2076623632616779
dbscan__eps_m-1200__min_samples-25,hdbscan__min_cluster_size-10__min_samples-10__cluster_selection_method-leaf,0.06388085677535939
dbscan__eps_m-1200__min_samples-25,hdbscan__min_cluster_size-10__min_samples-20__cluster_selection_method-eom,0.8774174386615938
dbscan__eps_m-1200__min_samples-25,hdbscan__min_cluster_size-10__min_samples-20__cluster_selection_method-leaf,0.10592111577770137
dbscan__eps_m-1200__min_samples-25,hdbscan__min_cluster_size-20__min_samples-5__cluster_selection_method-eom,0.15750426208449878
dbscan__eps_m-1200__min_samples-25,hdbscan__min_cluster_size-20__min_samples-5__cluster_selection_method-leaf,0.0585276202989701
dbscan__eps_m-1200__min_samples-25,hdbscan__min_cluster_size-20__min_samples-10__cluster_selection_method-eom,0.8606729132276832
dbscan__eps_m-1200__min_samples-25,hdbscan__min_cluster_size-20__min_samples-10__cluster_selection_method-leaf,0.07845200219054396
dbscan__eps_m-1200__min_samples-25,hdbscan__min_cluster_size-20__min_samples-20__cluster_selection_method-eom,0.8782675388968857
dbscan__eps_m-1200__min_samples-25,hdbscan__min_cluster_size-20__min_samples-20__cluster_selection_method-leaf,0.13420258021023004
dbscan__eps_m-1200__min_samples-25,hdbscan__min_cluster_size-30__min_samples-5__cluster_selection_method-eom,0.778691973740514
dbscan__eps_m-1200__min_samples-25,hdbscan__min_cluster_size-30__min_samples-5__cluster_selection_method-leaf,0.0714513860166912
dbscan__eps_m-1200__min_samples-25,hdbscan__min_cluster_size-30__min_samples-10__cluster_selection_method-eom,0.8631955908133053
dbscan__eps_m-1200__min_samples-25,hdbscan__min_cluster_size-30__min_samples-10__cluster_selection_method-leaf,0.09562792246603789
dbscan__eps_m-1200__min_samples-25,hdbscan__min_cluster_size-30__min_samples-20__cluster_selection_method-eom,0.8813538130050154
dbscan__eps_m-1200__min_samples-25,hdbscan__min_cluster_size-30__min_samples-20__cluster_selection_method-leaf,0.15528021625812996
dbscan__eps_m-1200__min_samples-25,hdbscan__min_cluster_size-50__min_samples-5__cluster_selection_method-eom,0.8057843739187486
dbscan__eps_m-1200__min_samples-25,hdbscan__min_cluster_size-50__min_samples-5__cluster_selection_method-leaf,0.08428908121094747
dbscan__eps_m-1200__min_samples-25,hdbscan__min_cluster_size-50__min_samples-10__cluster_selection_method-eom,0.8228356293882907
dbscan__eps_m-1200__min_samples-25,hdbscan__min_cluster_size-50__min_samples-10__cluster_selection_method-leaf,0.11670531220437835
dbscan__eps_m-1200__min_samples-25,hdbscan__min_cluster_size-50__min_samples-20__cluster_selection_method-eom,0.8876219675786248
dbscan__eps_m-1200__min_samples-25,hdbscan__min_cluster_size-50__min_samples-20__cluster_selection_method-leaf,0.3211344237785161
dbscan__eps_m-1200__min_samples-25,hdbscan__min_cluster_size-75__min_samples-5__cluster_selection_method-eom,0.8048511834234566
dbscan__eps_m-1200__min_samples-25,hdbscan__min_cluster_size-75__min_samples-5__cluster_selection_method-leaf,0.2425731536902118
dbscan__eps_m-1200__min_samples-25,hdbscan__min_cluster_size-75__min_samples-10__cluster_selection_method-eom,0.8447390885613025
dbscan__eps_m-1200__min_samples-25,hdbscan__min_cluster_size-75__min_samples-10__cluster_selection_method-leaf,0.27372133437752977
dbscan__eps_m-1200__min_samples-25,hdbscan__min_cluster_size-75__min_samples-20__cluster_selection_method-eom,0.8854544018916342
dbscan__eps_m-1200__min_samples-25,hdbscan__min_cluster_size-75__min_samples-20__cluster_selection_method-leaf,0.3629435106490735
dbscan__eps_m-1200__min_samples-25,optics__min_samples-10__xi-0p05__min_cluster_size_frac-0p01,0.10491383727197055
dbscan__eps_m-1200__min_samples-25,optics__min_samples-20__xi-0p05__min_cluster_size_frac-0p01,0.32033420661454415
dbscan__eps_m-1200__min_samples-25,optics__min_samples-30__xi-0p05__min_cluster_size_frac-0p01,0.35390599946998275
dbscan__eps_m-1600__min_samples-5,dbscan__eps_m-1600__min_samples-10,0.9842119353636376
dbscan__eps_m-1600__min_samples-5,dbscan__eps_m-1600__min_samples-15,0.8785224604780214
dbscan__eps_m-1600__min_samples-5,dbscan__eps_m-1600__min_samples-25,0.835175053655394
dbscan__eps_m-1600__min_samples-5,hdbscan__min_cluster_size-10__min_samples-5__cluster_selection_method-eom,0.1472340586919119
dbscan__eps_m-1600__min_samples-5,hdbscan__min_cluster_size-10__min_samples-5__cluster_selection_method-leaf,0.04198925647489842
dbscan__eps_m-1600__min_samples-5,hdbscan__min_cluster_size-10__min_samples-10__cluster_selection_method-eom,0.20903572672980172
dbscan__eps_m-1600__min_samples-5,hdbscan__min_cluster_size-10__min_samples-10__cluster_selection_method-leaf,0.061834513380389096
dbscan__eps_m-1600__min_samples-5,hdbscan__min_cluster_size-10__min_samples-20__cluster_selection_method-eom,0.6765974740314005
dbscan__eps_m-1600__min_samples-5,hdbscan__min_cluster_size-10__min_samples-20__cluster_selection_method-leaf,0.10663791494759868
dbscan__eps_m-1600__min_samples-5,hdbscan__min_cluster_size-20__min_samples-5__cluster_selection_method-eom,0.14625740246305233
dbscan__eps_m-1600__min_samples-5,hdbscan__min_cluster_size-20__min_samples-5__cluster_selection_method-leaf,0.06021318271795605
dbscan__eps_m-1600__min_samples-5,hdbscan__min_cluster_size-20__min_samples-10__cluster_selection_method-eom,0.7181804156050731
dbscan__eps_m-1600__min_samples-5,hdbscan__min_cluster_size-20__min_samples-10__cluster_selection_method-leaf,0.09423835803066058
dbscan__eps_m-1600__min_samples-5,hdbscan__min_cluster_size-20__min_samples-20__cluster_selection_method-eom,0.6748808566725812
dbscan__eps_m-1600__min_samples-5,hdbscan__min_cluster_size-20__min_samples-20__cluster_selection_method-leaf,0.13623046300959807
dbscan__eps_m-1600__min_samples-5,hdbscan__min_cluster_size-30__min_samples-5__cluster_selection_method-eom,0.8577541602443383
dbscan__eps_m-1600__min_samples-5,hdbscan__min_cluster_size-30__min_samples-5__cluster_selection_method-leaf,0.07192831735615306
dbscan__eps_m-1600__min_samples-5,hdbscan__min_cluster_size-30__min_samples-10__cluster_selection_method-eom,0.7180069110120224
dbscan__eps_m-1600__min_samples-5,hdbscan__min_cluster_size-30__min_samples-10__cluster_selection_method-leaf,0.09799354141355732
dbscan__eps_m-1600__min_samples-5,hdbscan__min_cluster_size-30__min_samples-20__cluster_selection_method-eom,0.6685472365180795
dbscan__eps_m-1600__min_samples-5,hdbscan__min_cluster_size-30__min_samples-20__cluster_selection_method-leaf,0.1469612030103168
dbscan__eps_m-1600__min_samples-5,hdbscan__min_cluster_size-50__min_samples-5__cluster_selection_method-eom,0.8829921048549958
dbscan__eps_m-1600__min_samples-5,hdbscan__min_cluster_size-50__min_samples-5__cluster_selection_method-leaf,0.1014644070596301
dbscan__eps_m-1600__min_samples-5,hdbscan__min_cluster_size-50__min_samples-10__cluster_selection_method-eom,0.8144052312461735
dbscan__eps_m-1600__min_samples-5,hdbscan__min_cluster_size-50__min_samples-10__cluster_selection_method-leaf,0.13599043009016296
dbscan__eps_m-1600__min_samples-5,hdbscan__min_cluster_size-50__min_samples-20__cluster_selection_method-eom,0.7826143861783419
dbscan__eps_m-1600__min_samples-5,hdbscan__min_cluster_size-50__min_samples-20__cluster_selection_method-leaf,0.3719309241401619
dbscan__eps_m-1600__min_samples-5,hdbscan__min_cluster_size-75__min_samples-5__cluster_selection_method-eom,0.8799646706568253
dbscan__eps_m-1600__min_samples-5,hdbscan__min_cluster_size-75__min_samples-5__cluster_selection_method-leaf,0.2725566394507855
dbscan__eps_m-1600__min_samples-5,hdbscan__min_cluster_size-75__min_samples-10__cluster_selection_method-eom,0.828621390786302
dbscan__eps_m-1600__min_samples-5,hdbscan__min_cluster_size-75__min_samples-10__cluster_selection_method-leaf,0.3030250264489098
dbscan__eps_m-1600__min_samples-5,hdbscan__min_cluster_size-75__min_samples-20__cluster_selection_method-eom,0.7770188254988248
dbscan__eps_m-1600__min_samples-5,hdbscan__min_cluster_size-75__min_samples-20__cluster_selection_method-leaf,0.41615916407647635
dbscan__eps_m-1600__min_samples-5,optics__min_samples-10__xi-0p05__min_cluster_size_frac-0p01,0.1436071002080789
dbscan__eps_m-1600__min_samples-5,optics__min_samples-20__xi-0p05__min_cluster_size_frac-0p01,0.3939632085677009
dbscan__eps_m-1600__min_samples-5,optics__min_samples-30__xi-0p05__min_cluster_size_frac-0p01,0.40315901161025897
dbscan__eps_m-1600__min_samples-10,dbscan__eps_m-1600__min_samples-15,0.8939434328098191
dbscan__eps_m-1600__min_samples-10,dbscan__eps_m-1600__min_samples-25,0.8492808175099779
dbscan__eps_m-1600__min_samples-10,hdbscan__min_cluster_size-10__min_samples-5__cluster_selection_method-eom,0.14828622968701516
dbscan__eps_m-1600__min_samples-10,hdbscan__min_cluster_size-10__min_samples-5__cluster_selection_method-leaf,0.04268590932111007
dbscan__eps_m-1600__min_samples-10,hdbscan__min_cluster_size-10__min_samples-10__cluster_selection_method-eom,0.21012560386853818
dbscan__eps_m-1600__min_samples-10,hdbscan__min_cluster_size-10__min_samples-10__cluster_selection_method-leaf,0.06341539748807344
dbscan__eps_m-1600__min_samples-10,hdbscan__min_cluster_size-10__min_samples-20__cluster_selection_method-eom,0.6881016018338391
dbscan__eps_m-1600__min_samples-10,hdbscan__min_cluster_size-10__min_samples-20__cluster_selection_method-leaf,0.1041281691512138
dbscan__eps_m-1600__min_samples-10,hdbscan__min_cluster_size-20__min_samples-5__cluster_selection_method-eom,0.14033321163082185
dbscan__eps_m-1600__min_samples-10,hdbscan__min_cluster_size-20__min_samples-5__cluster_selection_method-leaf,0.05310656424187549
dbscan__eps_m-1600__min_samples-10,hdbscan__min_cluster_size-20__min_samples-10__cluster_selection_method-eom,0.7312592272121319
dbscan__eps_m-1600__min_samples-10,hdbscan__min_cluster_size-20__min_samples-10__cluster_selection_method-leaf,0.09563922342122497
dbscan__eps_m-1600__min_samples-10,hdbscan__min_cluster_size-20__min_samples-20__cluster_selection_method-eom,0.6863728307242806
dbscan__eps_m-1600__min_samples-10,hdbscan__min_cluster_size-20__min_samples-20__cluster_selection_method-leaf,0.13323849085550363
dbscan__eps_m-1600__min_samples-10,hdbscan__min_cluster_size-30__min_samples-5__cluster_selection_method-eom,0.8713928066701775
dbscan__eps_m-1600__min_samples-10,hdbscan__min_cluster_size-30__min_samples-5__cluster_selection_method-leaf,0.06516375811170644
dbscan__eps_m-1600__min_samples-10,hdbscan__min_cluster_size-30__min_samples-10__cluster_selection_method-eom,0.7312039655912086
dbscan__eps_m-1600__min_samples-10,hdbscan__min_cluster_size-30__min_samples-10__cluster_selection_method-leaf,0.09932381509237949
dbscan__eps_m-1600__min_samples-10,hdbscan__min_cluster_size-30__min_samples-20__cluster_selection_method-eom,0.6802093704751794
dbscan__eps_m-1600__min_samples-10,hdbscan__min_cluster_size-30__min_samples-20__cluster_selection_method-leaf,0.1441237660137291
dbscan__eps_m-1600__min_samples-10,hdbscan__min_cluster_size-50__min_samples-5__cluster_selection_method-eom,0.8970466373679448
dbscan__eps_m-1600__min_samples-10,hdbscan__min_cluster_size-50__min_samples-5__cluster_selection_method-leaf,0.09426560912251504
dbscan__eps_m-1600__min_samples-10,hdbscan__min_cluster_size-50__min_samples-10__cluster_selection_method-eom,0.8291540421700772
dbscan__eps_m-1600__min_samples-10,hdbscan__min_cluster_size-50__min_samples-10__cluster_selection_method-leaf,0.13800598340563627
dbscan__eps_m-1600__min_samples-10,hdbscan__min_cluster_size-50__min_samples-20__cluster_selection_method-eom,0.7951877215686849
dbscan__eps_m-1600__min_samples-10,hdbscan__min_cluster_size-50__min_samples-20__cluster_selection_method-leaf,0.36192632728493535
dbscan__eps_m-1600__min_samples-10,hdbscan__min_cluster_size-75__min_samples-5__cluster_selection_method-eom,0.8939937017996809
dbscan__eps_m-1600__min_samples-10,hdbscan__min_cluster_size-75__min_samples-5__cluster_selection_method-leaf,0.26360562382992825
dbscan__eps_m-1600__min_samples-10,hdbscan__min_cluster_size-75__min_samples-10__cluster_selection_method-eom,0.8426555219133575
dbscan__eps_m-1600__min_samples-10,hdbscan__min_cluster_size-75__min_samples-10__cluster_selection_method-leaf,0.2940444887118772
dbscan__eps_m-1600__min_samples-10,hdbscan__min_cluster_size-75__min_samples-20__cluster_selection_method-eom,0.7895494562811799
dbscan__eps_m-1600__min_samples-10,hdbscan__min_cluster_size-75__min_samples-20__cluster_selection_method-leaf,0.40554013144130296
dbscan__eps_m-1600__min_samples-10,optics__min_samples-10__xi-0p05__min_cluster_size_frac-0p01,0.14751058686961857
dbscan__eps_m-1600__min_samples-10,optics__min_samples-20__xi-0p05__min_cluster_size_frac-0p01,0.39457119533803425
dbscan__eps_m-1600__min_samples-10,optics__min_samples-30__xi-0p05__min_cluster_size_frac-0p01,0.40212376246202886
dbscan__eps_m-1600__min_samples-15,dbscan__eps_m-1600__min_samples-25,0.9527288525968547
dbscan__eps_m-1600__min_samples-15,hdbscan__min_cluster_size-10__min_samples-5__cluster_selection_method-eom,0.16988678362767978
dbscan__eps_m-1600__min_samples-15,hdbscan__min_cluster_size-10__min_samples-5__cluster_selection_method-leaf,0.06168966532312121
dbscan__eps_m-1600__min_samples-15,hdbscan__min_cluster_size-10__min_samples-10__cluster_selection_method-eom,0.2320818879314147
dbscan__eps_m-1600__min_samples-15,hdbscan__min_cluster_size-10__min_samples-10__cluster_selection_method-leaf,0.08928205670548321
dbscan__eps_m-1600__min_samples-15,hdbscan__min_cluster_size-10__min_samples-20__cluster_selection_method-eom,0.778889126667701
dbscan__eps_m-1600__min_samples-15,hdbscan__min_cluster_size-10__min_samples-20__cluster_selection_method-leaf,0.13431594227021823
dbscan__eps_m-1600__min_samples-15,hdbscan__min_cluster_size-20__min_samples-5__cluster_selection_method-eom,0.15651354626159344
dbscan__eps_m-1600__min_samples-15,hdbscan__min_cluster_size-20__min_samples-5__cluster_selection_method-leaf,0.06804771063912624
dbscan__eps_m-1600__min_samples-15,hdbscan__min_cluster_size-20__min_samples-10__cluster_selection_method-eom,0.8252286975295933
dbscan__eps_m-1600__min_samples-15,hdbscan__min_cluster_size-20__min_samples-10__cluster_selection_method-leaf,0.10741214021628402
dbscan__eps_m-1600__min_samples-15,hdbscan__min_cluster_size-20__min_samples-20__cluster_selection_method-eom,0.7770438070238412
dbscan__eps_m-1600__min_samples-15,hdbscan__min_cluster_size-20__min_samples-20__cluster_selection_method-leaf,0.15959000615587307
dbscan__eps_m-1600__min_samples-15,hdbscan__min_cluster_size-30__min_samples-5__cluster_selection_method-eom,0.8968544044769549
dbscan__eps_m-1600__min_samples-15,hdbscan__min_cluster_size-30__min_samples-5__cluster_selection_method-leaf,0.08220396824115951
dbscan__eps_m-1600__min_samples-15,hdbscan__min_cluster_size-30__min_samples-10__cluster_selection_method-eom,0.8273843378157026
dbscan__eps_m-1600__min_samples-15,hdbscan__min_cluster_size-30__min_samples-10__cluster_selection_method-leaf,0.12374248527326534
dbscan__eps_m-1600__min_samples-15,hdbscan__min_cluster_size-30__min_samples-20__cluster_selection_method-eom,0.7711116833568781
dbscan__eps_m-1600__min_samples-15,hdbscan__min_cluster_size-30__min_samples-20__cluster_selection_method-leaf,0.17135070718925835
dbscan__eps_m-1600__min_samples-15,hdbscan__min_cluster_size-50__min_samples-5__cluster_selection_method-eom,0.924075973428406
dbscan__eps_m-1600__min_samples-15,hdbscan__min_cluster_size-50__min_samples-5__cluster_selection_method-leaf,0.10169417561409348
dbscan__eps_m-1600__min_samples-15,hdbscan__min_cluster_size-50__min_samples-10__cluster_selection_method-eom,0.893312011073283
dbscan__eps_m-1600__min_samples-15,hdbscan__min_cluster_size-50__min_samples-10__cluster_selection_method-leaf,0.14571215388478456
dbscan__eps_m-1600__min_samples-15,hdbscan__min_cluster_size-50__min_samples-20__cluster_selection_method-eom,0.8924923681083382
dbscan__eps_m-1600__min_samples-15,hdbscan__min_cluster_size-50__min_samples-20__cluster_selection_method-leaf,0.36599582706444916
dbscan__eps_m-1600__min_samples-15,hdbscan__min_cluster_size-75__min_samples-5__cluster_selection_method-eom,0.9208964797519764
dbscan__eps_m-1600__min_samples-15,hdbscan__min_cluster_size-75__min_samples-5__cluster_selection_method-leaf,0.2775698173766505
dbscan__eps_m-1600__min_samples-15,hdbscan__min_cluster_size-75__min_samples-10__cluster_selection_method-eom,0.9071753481781694
dbscan__eps_m-1600__min_samples-15,hdbscan__min_cluster_size-75__min_samples-10__cluster_selection_method-leaf,0.30479321958007505
dbscan__eps_m-1600__min_samples-15,hdbscan__min_cluster_size-75__min_samples-20__cluster_selection_method-eom,0.8864615463868968
dbscan__eps_m-1600__min_samples-15,hdbscan__min_cluster_size-75__min_samples-20__cluster_selection_method-leaf,0.4106040797247716
dbscan__eps_m-1600__min_samples-15,optics__min_samples-10__xi-0p05__min_cluster_size_frac-0p01,0.1372335045076081
dbscan__eps_m-1600__min_samples-15,optics__min_samples-20__xi-0p05__min_cluster_size_frac-0p01,0.37622200247655735
dbscan__eps_m-1600__min_samples-15,optics__min_samples-30__xi-0p05__min_cluster_size_frac-0p01,0.42061439856156263
dbscan__eps_m-1600__min_samples-25,hdbscan__min_cluster_size-10__min_samples-5__cluster_selection_method-eom,0.17195468768283287
dbscan__eps_m-1600__min_samples-25,hdbscan__min_cluster_size-10__min_samples-5__cluster_selection_method-leaf,0.06259537836781671
dbscan__eps_m-1600__min_samples-25,hdbscan__min_cluster_size-10__min_samples-10__cluster_selection_method-eom,0.21566079993055493
dbscan__eps_m-1600__min_samples-25,hdbscan__min_cluster_size-10__min_samples-10__cluster_selection_method-leaf,0.07313870816156318
dbscan__eps_m-1600__min_samples-25,hdbscan__min_cluster_size-10__min_samples-20__cluster_selection_method-eom,0.8070271622172094
dbscan__eps_m-1600__min_samples-25,hdbscan__min_cluster_size-10__min_samples-20__cluster_selection_method-leaf,0.11510067239932353
dbscan__eps_m-1600__min_samples-25,hdbscan__min_cluster_size-20__min_samples-5__cluster_selection_method-eom,0.15341139263308937
dbscan__eps_m-1600__min_samples-25,hdbscan__min_cluster_size-20__min_samples-5__cluster_selection_method-leaf,0.0623530423492215
dbscan__eps_m-1600__min_samples-25,hdbscan__min_cluster_size-20__min_samples-10__cluster_selection_method-eom,0.8369305204794963
dbscan__eps_m-1600__min_samples-25,hdbscan__min_cluster_size-20__min_samples-10__cluster_selection_method-leaf,0.0872759726651172
dbscan__eps_m-1600__min_samples-25,hdbscan__min_cluster_size-20__min_samples-20__cluster_selection_method-eom,0.8067459878557155
dbscan__eps_m-1600__min_samples-25,hdbscan__min_cluster_size-20__min_samples-20__cluster_selection_method-leaf,0.1414048646767695
dbscan__eps_m-1600__min_samples-25,hdbscan__min_cluster_size-30__min_samples-5__cluster_selection_method-eom,0.8554591448771515
dbscan__eps_m-1600__min_samples-25,hdbscan__min_cluster_size-30__min_samples-5__cluster_selection_method-leaf,0.06960241253571682
dbscan__eps_m-1600__min_samples-25,hdbscan__min_cluster_size-30__min_samples-10__cluster_selection_method-eom,0.8394949166395805
dbscan__eps_m-1600__min_samples-25,hdbscan__min_cluster_size-30__min_samples-10__cluster_selection_method-leaf,0.10408171105548182
dbscan__eps_m-1600__min_samples-25,hdbscan__min_cluster_size-30__min_samples-20__cluster_selection_method-eom,0.8060134343164458
dbscan__eps_m-1600__min_samples-25,hdbscan__min_cluster_size-30__min_samples-20__cluster_selection_method-leaf,0.15796007843536142
dbscan__eps_m-1600__min_samples-25,hdbscan__min_cluster_size-50__min_samples-5__cluster_selection_method-eom,0.8877338208751929
dbscan__eps_m-1600__min_samples-25,hdbscan__min_cluster_size-50__min_samples-5__cluster_selection_method-leaf,0.09392082297352798
dbscan__eps_m-1600__min_samples-25,hdbscan__min_cluster_size-50__min_samples-10__cluster_selection_method-eom,0.8816643966293051
dbscan__eps_m-1600__min_samples-25,hdbscan__min_cluster_size-50__min_samples-10__cluster_selection_method-leaf,0.13312517421693523
dbscan__eps_m-1600__min_samples-25,hdbscan__min_cluster_size-50__min_samples-20__cluster_selection_method-eom,0.9178047271958889
dbscan__eps_m-1600__min_samples-25,hdbscan__min_cluster_size-50__min_samples-20__cluster_selection_method-leaf,0.34987103942022296
dbscan__eps_m-1600__min_samples-25,hdbscan__min_cluster_size-75__min_samples-5__cluster_selection_method-eom,0.8864410962769883
dbscan__eps_m-1600__min_samples-25,hdbscan__min_cluster_size-75__min_samples-5__cluster_selection_method-leaf,0.2654183815492986
dbscan__eps_m-1600__min_samples-25,hdbscan__min_cluster_size-75__min_samples-10__cluster_selection_method-eom,0.9003032865382022
dbscan__eps_m-1600__min_samples-25,hdbscan__min_cluster_size-75__min_samples-10__cluster_selection_method-leaf,0.29342678130265276
dbscan__eps_m-1600__min_samples-25,hdbscan__min_cluster_size-75__min_samples-20__cluster_selection_method-eom,0.9143912112076013
dbscan__eps_m-1600__min_samples-25,hdbscan__min_cluster_size-75__min_samples-20__cluster_selection_method-leaf,0.3945995749017331
dbscan__eps_m-1600__min_samples-25,optics__min_samples-10__xi-0p05__min_cluster_size_frac-0p01,0.12352209428201534
dbscan__eps_m-1600__min_samples-25,optics__min_samples-20__xi-0p05__min_cluster_size_frac-0p01,0.3546153812080789
dbscan__eps_m-1600__min_samples-25,optics__min_samples-30__xi-0p05__min_cluster_size_frac-0p01,0.3974002388840265
hdbscan__min_cluster_size-10__min_samples-5__cluster_selection_method-eom,hdbscan__min_cluster_size-10__min_samples-5__cluster_selection_method-leaf,0.5763420751225589
hdbscan__min_cluster_size-10__min_samples-5__cluster_selection_method-eom,hdbscan__min_cluster_size-10__min_samples-10__cluster_selection_method-eom,0.523971391970587
hdbscan__min_cluster_size-10__min_samples-5__cluster_selection_method-eom,hdbscan__min_cluster_size-10__min_samples-10__cluster_selection_method-leaf,0.25438483417719154
hdbscan__min_cluster_size-10__min_samples-5__cluster_selection_method-eom,hdbscan__min_cluster_size-10__min_samples-20__cluster_selection_method-eom,0.1970057513513313
hdbscan__min_cluster_size-10__min_samples-5__cluster_selection_method-eom,hdbscan__min_cluster_size-10__min_samples-20__cluster_selection_method-leaf,0.15091998159483216
hdbscan__min_cluster_size-10__min_samples-5__cluster_selection_method-eom,hdbscan__min_cluster_size-20__min_samples-5__cluster_selection_method-eom,0.6183994965520252
hdbscan__min_cluster_size-10__min_samples-5__cluster_selection_method-eom,hdbscan__min_cluster_size-20__min_samples-5__cluster_selection_method-leaf,0.38791216529252137
hdbscan__min_cluster_size-10__min_samples-5__cluster_selection_method-eom,hdbscan__min_cluster_size-20__min_samples-10__cluster_selection_method-eom,0.19155265547148725
hdbscan__min_cluster_size-10__min_samples-5__cluster_selection_method-eom,hdbscan__min_cluster_size-20__min_samples-10__cluster_selection_method-leaf,0.22345939622931543
hdbscan__min_cluster_size-10__min_samples-5__cluster_selection_method-eom,hdbscan__min_cluster_size-20__min_samples-20__cluster_selection_method-eom,0.19613833679717754
hdbscan__min_cluster_size-10__min_samples-5__cluster_selection_method-eom,hdbscan__min_cluster_size-20__min_samples-20__cluster_selection_method-leaf,0.17189511624351858
hdbscan__min_cluster_size-10__min_samples-5__cluster_selection_method-eom,hdbscan__min_cluster_size-30__min_samples-5__cluster_selection_method-eom,0.18495607078523918
hdbscan__min_cluster_size-10__min_samples-5__cluster_selection_method-eom,hdbscan__min_cluster_size-30__min_samples-5__cluster_selection_method-leaf,0.29052651153620684
hdbscan__min_cluster_size-10__min_samples-5__cluster_selection_method-eom,hdbscan__min_cluster_size-30__min_samples-10__cluster_selection_method-eom,0.19066451580991356
hdbscan__min_cluster_size-10__min_samples-5__cluster_selection_method-eom,hdbscan__min_cluster_size-30__min_samples-10__cluster_selection_method-leaf,0.23887521722217891
hdbscan__min_cluster_size-10__min_samples-5__cluster_selection_method-eom,hdbscan__min_cluster_size-30__min_samples-20__cluster_selection_method-eom,0.19290841386002508
hdbscan__min_cluster_size-10__min_samples-5__cluster_selection_method-eom,hdbscan__min_cluster_size-30__min_samples-20__cluster_selection_method-leaf,0.16528786913733817
hdbscan__min_cluster_size-10__min_samples-5__cluster_selection_method-eom,hdbscan__min_cluster_size-50__min_samples-5__cluster_selection_method-eom,0.17183846649243084
hdbscan__min_cluster_size-10__min_samples-5__cluster_selection_method-eom,hdbscan__min_cluster_size-50__min_samples-5__cluster_selection_method-leaf,0.22299945104160648
hdbscan__min_cluster_size-10__min_samples-5__cluster_selection_method-eom,hdbscan__min_cluster_size-50__min_samples-10__cluster_selection_method-eom,0.1759091741829661
hdbscan__min_cluster_size-10__min_samples-5__cluster_selection_method-eom,hdbscan__min_cluster_size-50__min_samples-10__cluster_selection_method-leaf,0.20504018776524494
hdbscan__min_cluster_size-10__min_samples-5__cluster_selection_method-eom,hdbscan__min_cluster_size-50__min_samples-20__cluster_selection_method-eom,0.17808706607081326
hdbscan__min_cluster_size-10__min_samples-5__cluster_selection_method-eom,hdbscan__min_cluster_size-50__min_samples-20__cluster_selection_method-leaf,0.2358178457082934
hdbscan__min_cluster_size-10__min_samples-5__cluster_selection_method-eom,hdbscan__min_cluster_size-75__min_samples-5__cluster_selection_method-eom,0.1706788726892225
hdbscan__min_cluster_size-10__min_samples-5__cluster_selection_method-eom,hdbscan__min_cluster_size-75__min_samples-5__cluster_selection_method-leaf,0.20059844064801116
hdbscan__min_cluster_size-10__min_samples-5__cluster_selection_method-eom,hdbscan__min_cluster_size-75__min_samples-10__cluster_selection_method-eom,0.16559799752675544
hdbscan__min_cluster_size-10__min_samples-5__cluster_selection_method-eom,hdbscan__min_cluster_size-75__min_samples-10__cluster_selection_method-leaf,0.2583057827779367
hdbscan__min_cluster_size-10__min_samples-5__cluster_selection_method-eom,hdbscan__min_cluster_size-75__min_samples-20__cluster_selection_method-eom,0.17569300580039454
hdbscan__min_cluster_size-10__min_samples-5__cluster_selection_method-eom,hdbscan__min_cluster_size-75__min_samples-20__cluster_selection_method-leaf,0.18983498877114008
hdbscan__min_cluster_size-10__min_samples-5__cluster_selection_method-eom,optics__min_samples-10__xi-0p05__min_cluster_size_frac-0p01,0.11463418219771562
hdbscan__min_cluster_size-10__min_samples-5__cluster_selection_method-eom,optics__min_samples-20__xi-0p05__min_cluster_size_frac-0p01,0.13784708229085527
hdbscan__min_cluster_size-10__min_samples-5__cluster_selection_method-eom,optics__min_samples-30__xi-0p05__min_cluster_size_frac-0p01,0.12079258670288069
hdbscan__min_cluster_size-10__min_samples-5__cluster_selection_method-leaf,hdbscan__min_cluster_size-10__min_samples-10__cluster_selection_method-eom,0.33873812952809773
hdbscan__min_cluster_size-10__min_samples-5__cluster_selection_method-leaf,hdbscan__min_cluster_size-10__min_samples-10__cluster_selection_method-leaf,0.41445561624262883
hdbscan__min_cluster_size-10__min_samples-5__cluster_selection_method-leaf,hdbscan__min_cluster_size-10__min_samples-20__cluster_selection_method-eom,0.0739375962528731
hdbscan__min_cluster_size-10__min_samples-5__cluster_selection_method-leaf,hdbscan__min_cluster_size-10__min_samples-20__cluster_selection_method-leaf,0.24085168142465754
hdbscan__min_cluster_size-10__min_samples-5__cluster_selection_method-leaf,hdbscan__min_cluster_size-20__min_samples-5__cluster_selection_method-eom,0.2979395039054661
hdbscan__min_cluster_size-10__min_samples-5__cluster_selection_method-leaf,hdbscan__min_cluster_size-20__min_samples-5__cluster_selection_method-leaf,0.525428446386257
hdbscan__min_cluster_size-10__min_samples-5__cluster_selection_method-leaf,hdbscan__min_cluster_size-20__min_samples-10__cluster_selection_method-eom,0.06997439633949308
hdbscan__min_cluster_size-10__min_samples-5__cluster_selection_method-leaf,hdbscan__min_cluster_size-20__min_samples-10__cluster_selection_method-leaf,0.3354107186672583
hdbscan__min_cluster_size-10__min_samples-5__cluster_selection_method-leaf,hdbscan__min_cluster_size-20__min_samples-20__cluster_selection_method-eom,0.07319513770364812
hdbscan__min_cluster_size-10__min_samples-5__cluster_selection_method-leaf,hdbscan__min_cluster_size-20__min_samples-20__cluster_selection_method-leaf,0.22372296369576897
hdbscan__min_cluster_size-10__min_samples-5__cluster_selection_method-leaf,hdbscan__min_cluster_size-30__min_samples-5__cluster_selection_method-eom,0.06659176227697443
hdbscan__min_cluster_size-10__min_samples-5__cluster_selection_method-leaf,hdbscan__min_cluster_size-30__min_samples-5__cluster_selection_method-leaf,0.3392457585706263
hdbscan__min_cluster_size-10__min_samples-5__cluster_selection_method-leaf,hdbscan__min_cluster_size-30__min_samples-10__cluster_selection_method-eom,0.06911291543067641
hdbscan__min_cluster_size-10__min_samples-5__cluster_selection_method-leaf,hdbscan__min_cluster_size-30__min_samples-10__cluster_selection_method-leaf,0.32792907333686433
hdbscan__min_cluster_size-10__min_samples-5__cluster_selection_method-leaf,hdbscan__min_cluster_size-30__min_samples-20__cluster_selection_method-eom,0.07041828043110507
hdbscan__min_cluster_size-10__min_samples-5__cluster_selection_method-leaf,hdbscan__min_cluster_size-30__min_samples-20__cluster_selection_method-leaf,0.2026026077818124
hdbscan__min_cluster_size-10__min_samples-5__cluster_selection_method-leaf,hdbscan__min_cluster_size-50__min_samples-5__cluster_selection_method-eom,0.05859806610554578
hdbscan__min_cluster_size-10__min_samples-5__cluster_selection_method-leaf,hdbscan__min_cluster_size-50__min_samples-5__cluster_selection_method-leaf,0.1754935807243509
hdbscan__min_cluster_size-10__min_samples-5__cluster_selection_method-leaf,hdbscan__min_cluster_size-50__min_samples-10__cluster_selection_method-eom,0.05731278973900997
hdbscan__min_cluster_size-10__min_samples-5__cluster_selection_method-leaf,hdbscan__min_cluster_size-50__min_samples-10__cluster_selection_method-leaf,0.2158650459280544
hdbscan__min_cluster_size-10__min_samples-5__cluster_selection_method-leaf,hdbscan__min_cluster_size-50__min_samples-20__cluster_selection_method-eom,0.06076801599104898
hdbscan__min_cluster_size-10__min_samples-5__cluster_selection_method-leaf,hdbscan__min_cluster_size-50__min_samples-20__cluster_selection_method-leaf,0.11213221805268395
hdbscan__min_cluster_size-10__min_samples-5__cluster_selection_method-leaf,hdbscan__min_cluster_size-75__min_samples-5__cluster_selection_method-eom,0.057533183886544055
hdbscan__min_cluster_size-10__min_samples-5__cluster_selection_method-leaf,hdbscan__min_cluster_size-75__min_samples-5__cluster_selection_method-leaf,0.06760781017097614
hdbscan__min_cluster_size-10__min_samples-5__cluster_selection_method-leaf,hdbscan__min_cluster_size-75__min_samples-10__cluster_selection_method-eom,0.05032212764952107
hdbscan__min_cluster_size-10__min_samples-5__cluster_selection_method-leaf,hdbscan__min_cluster_size-75__min_samples-10__cluster_selection_method-leaf,0.10782279686762969
hdbscan__min_cluster_size-10__min_samples-5__cluster_selection_method-leaf,hdbscan__min_cluster_size-75__min_samples-20__cluster_selection_method-eom,0.05862573102943393
hdbscan__min_cluster_size-10__min_samples-5__cluster_selection_method-leaf,hdbscan__min_cluster_size-75__min_samples-20__cluster_selection_method-leaf,0.07707241585754503
hdbscan__min_cluster_size-10__min_samples-5__cluster_selection_method-leaf,optics__min_samples-10__xi-0p05__min_cluster_size_frac-0p01,0.15475485078857518
hdbscan__min_cluster_size-10__min_samples-5__cluster_selection_method-leaf,optics__min_samples-20__xi-0p05__min_cluster_size_frac-0p01,0.08281295382727061
hdbscan__min_cluster_size-10__min_samples-5__cluster_selection_method-leaf,optics__min_samples-30__xi-0p05__min_cluster_size_frac-0p01,0.06880978807663912
hdbscan__min_cluster_size-10__min_samples-10__cluster_selection_method-eom,hdbscan__min_cluster_size-10__min_samples-10__cluster_selection_method-leaf,0.5402240784937993
hdbscan__min_cluster_size-10__min_samples-10__cluster_selection_method-eom,hdbscan__min_cluster_size-10__min_samples-20__cluster_selection_method-eom,0.23459926050766625
hdbscan__min_cluster_size-10__min_samples-10__cluster_selection_method-eom,hdbscan__min_cluster_size-10__min_samples-20__cluster_selection_method-leaf,0.2469517141677877
hdbscan__min_cluster_size-10__min_samples-10__cluster_selection_method-eom,hdbscan__min_cluster_size-20__min_samples-5__cluster_selection_method-eom,0.4743201919488045
hdbscan__min_cluster_size-10__min_samples-10__cluster_selection_method-eom,hdbscan__min_cluster_size-20__min_samples-5__cluster_selection_method-leaf,0.3283667679397997
hdbscan__min_cluster_size-10__min_samples-10__cluster_selection_method-eom,hdbscan__min_cluster_size-20__min_samples-10__cluster_selection_method-eom,0.2431337095354232
hdbscan__min_cluster_size-10__min_samples-10__cluster_selection_method-eom,hdbscan__min_cluster_size-20__min_samples-10__cluster_selection_method-leaf,0.4760970193996162
hdbscan__min_cluster_size-10__min_samples-10__cluster_selection_method-eom,hdbscan__min_cluster_size-20__min_samples-20__cluster_selection_method-eom,0.23352563211385505
hdbscan__min_cluster_size-10__min_samples-10__cluster_selection_method-eom,hdbscan__min_cluster_size-20__min_samples-20__cluster_selection_method-leaf,0.2837563168452218
hdbscan__min_cluster_size-10__min_samples-10__cluster_selection_method-eom,hdbscan__min_cluster_size-30__min_samples-5__cluster_selection_method-eom,0.24663045594068234
hdbscan__min_cluster_size-10__min_samples-10__cluster_selection_method-eom,hdbscan__min_cluster_size-30__min_samples-5__cluster_selection_method-leaf,0.27596098876425673
hdbscan__min_cluster_size-10__min_samples-10__cluster_selection_method-eom,hdbscan__min_cluster_size-30__min_samples-10__cluster_selection_method-eom,0.23887405193630112
hdbscan__min_cluster_size-10__min_samples-10__cluster_selection_method-eom,hdbscan__min_cluster_size-30__min_samples-10__cluster_selection_method-leaf,0.41937103124075215
hdbscan__min_cluster_size-10__min_samples-10__cluster_selection_method-eom,hdbscan__min_cluster_size-30__min_samples-20__cluster_selection_method-eom,0.22956902646582275
hdbscan__min_cluster_size-10__min_samples-10__cluster_selection_method-eom,hdbscan__min_cluster_size-30__min_samples-20__cluster_selection_method-leaf,0.2864941601439461
hdbscan__min_cluster_size-10__min_samples-10__cluster_selection_method-eom,hdbscan__min_cluster_size-50__min_samples-5__cluster_selection_method-eom,0.2374051033360306
hdbscan__min_cluster_size-10__min_samples-10__cluster_selection_method-eom,hdbscan__min_cluster_size-50__min_samples-5__cluster_selection_method-leaf,0.2388913677281837
hdbscan__min_cluster_size-10__min_samples-10__cluster_selection_method-eom,hdbscan__min_cluster_size-50__min_samples-10__cluster_selection_method-eom,0.23284227414968867
hdbscan__min_cluster_size-10__min_samples-10__cluster_selection_method-eom,hdbscan__min_cluster_size-50__min_samples-10__cluster_selection_method-leaf,0.3590657965062936
hdbscan__min_cluster_size-10__min_samples-10__cluster_selection_method-eom,hdbscan__min_cluster_size-50__min_samples-20__cluster_selection_method-eom,0.21970410805971963
hdbscan__min_cluster_size-10__min_samples-10__cluster_selection_method-eom,hdbscan__min_cluster_size-50__min_samples-20__cluster_selection_method-leaf,0.36633957825537633
hdbscan__min_cluster_size-10__min_samples-10__cluster_selection_method-eom,hdbscan__min_cluster_size-75__min_samples-5__cluster_selection_method-eom,0.2358346954240463
hdbscan__min_cluster_size-10__min_samples-10__cluster_selection_method-eom,hdbscan__min_cluster_size-75__min_samples-5__cluster_selection_method-leaf,0.2682855954076529
hdbscan__min_cluster_size-10__min_samples-10__cluster_selection_method-eom,hdbscan__min_cluster_size-75__min_samples-10__cluster_selection_method-eom,0.21979332470714305
hdbscan__min_cluster_size-10__min_samples-10__cluster_selection_method-eom,hdbscan__min_cluster_size-75__min_samples-10__cluster_selection_method-leaf,0.3917909674201625
hdbscan__min_cluster_size-10__min_samples-10__cluster_selection_method-eom,hdbscan__min_cluster_size-75__min_samples-20__cluster_selection_method-eom,0.21666900688959914
hdbscan__min_cluster_size-10__min_samples-10__cluster_selection_method-eom,hdbscan__min_cluster_size-75__min_samples-20__cluster_selection_method-leaf,0.3032474627318359
hdbscan__min_cluster_size-10__min_samples-10__cluster_selection_method-eom,optics__min_samples-10__xi-0p05__min_cluster_size_frac-0p01,0.18108873433670666
hdbscan__min_cluster_size-10__min_samples-10__cluster_selection_method-eom,optics__min_samples-20__xi-0p05__min_cluster_size_frac-0p01,0.1938098205821715
hdbscan__min_cluster_size-10__min_samples-10__cluster_selection_method-eom,optics__min_samples-30__xi-0p05__min_cluster_size_frac-0p01,0.19326650887235874
hdbscan__min_cluster_size-10__min_samples-10__cluster_selection_method-leaf,hdbscan__min_cluster_size-10__min_samples-20__cluster_selection_method-eom,0.06931340880309307
hdbscan__min_cluster_size-10__min_samples-10__cluster_selection_method-leaf,hdbscan__min_cluster_size-10__min_samples-20__cluster_selection_method-leaf,0.4013217479865958
hdbscan__min_cluster_size-10__min_samples-10__cluster_selection_method-leaf,hdbscan__min_cluster_size-20__min_samples-5__cluster_selection_method-eom,0.2051648195007429
hdbscan__min_cluster_size-10__min_samples-10__cluster_selection_method-leaf,hdbscan__min_cluster_size-20__min_samples-5__cluster_selection_method-leaf,0.38854611773601994
hdbscan__min_cluster_size-10__min_samples-10__cluster_selection_method-leaf,hdbscan__min_cluster_size-20__min_samples-10__cluster_selection_method-eom,0.07610834093906814
hdbscan__min_cluster_size-10__min_samples-10__cluster_selection_method-leaf,hdbscan__min_cluster_size-20__min_samples-10__cluster_selection_method-leaf,0.6398472760981498
hdbscan__min_cluster_size-10__min_samples-10__cluster_selection_method-leaf,hdbscan__min_cluster_size-20__min_samples-20__cluster_selection_method-eom,0.0682475567288677
hdbscan__min_cluster_size-10__min_samples-10__cluster_selection_method-leaf,hdbscan__min_cluster_size-20__min_samples-20__cluster_selection_method-leaf,0.38184629971409806
hdbscan__min_cluster_size-10__min_samples-10__cluster_selection_method-leaf,hdbscan__min_cluster_size-30__min_samples-5__cluster_selection_method-eom,0.08741341504505949
hdbscan__min_cluster_size-10__min_samples-10__cluster_selection_method-leaf,hdbscan__min_cluster_size-30__min_samples-5__cluster_selection_method-leaf,0.30471940032471767
hdbscan__min_cluster_size-10__min_samples-10__cluster_selection_method-leaf,hdbscan__min_cluster_size-30__min_samples-10__cluster_selection_method-eom,0.07245773287551475
hdbscan__min_cluster_size-10__min_samples-10__cluster_selection_method-leaf,hdbscan__min_cluster_size-30__min_samples-10__cluster_selection_method-leaf,0.5303882547603722
hdbscan__min_cluster_size-10__min_samples-10__cluster_selection_method-leaf,hdbscan__min_cluster_size-30__min_samples-20__cluster_selection_method-eom,0.06431394388072953
hdbscan__min_cluster_size-10__min_samples-10__cluster_selection_method-leaf,hdbscan__min_cluster_size-30__min_samples-20__cluster_selection_method-leaf,0.3436773111445367
hdbscan__min_cluster_size-10__min_samples-10__cluster_selection_method-leaf,hdbscan__min_cluster_size-50__min_samples-5__cluster_selection_method-eom,0.0799076115468529
hdbscan__min_cluster_size-10__min_samples-10__cluster_selection_method-leaf,hdbscan__min_cluster_size-50__min_samples-5__cluster_selection_method-leaf,0.1880990121390783
hdbscan__min_cluster_size-10__min_samples-10__cluster_selection_method-leaf,hdbscan__min_cluster_size-50__min_samples-10__cluster_selection_method-eom,0.06893346250346398
hdbscan__min_cluster_size-10__min_samples-10__cluster_selection_method-leaf,hdbscan__min_cluster_size-50__min_samples-10__cluster_selection_method-leaf,0.34133138977681965
hdbscan__min_cluster_size-10__min_samples-10__cluster_selection_method-leaf,hdbscan__min_cluster_size-50__min_samples-20__cluster_selection_method-eom,0.06100685135858058
hdbscan__min_cluster_size-10__min_samples-10__cluster_selection_method-leaf,hdbscan__min_cluster_size-50__min_samples-20__cluster_selection_method-leaf,0.17461417347873318
hdbscan__min_cluster_size-10__min_samples-10__cluster_selection_method-leaf,hdbscan__min_cluster_size-75__min_samples-5__cluster_selection_method-eom,0.07825201974201855
hdbscan__min_cluster_size-10__min_samples-10__cluster_selection_method-leaf,hdbscan__min_cluster_size-75__min_samples-5__cluster_selection_method-leaf,0.06917088743267535
hdbscan__min_cluster_size-10__min_samples-10__cluster_selection_method-leaf,hdbscan__min_cluster_size-75__min_samples-10__cluster_selection_method-eom,0.061278965485027
hdbscan__min_cluster_size-10__min_samples-10__cluster_selection_method-leaf,hdbscan__min_cluster_size-75__min_samples-10__cluster_selection_method-leaf,0.17281512320802728
hdbscan__min_cluster_size-10__min_samples-10__cluster_selection_method-leaf,hdbscan__min_cluster_size-75__min_samples-20__cluster_selection_method-eom,0.0578458070073806
hdbscan__min_cluster_size-10__min_samples-10__cluster_selection_method-leaf,hdbscan__min_cluster_size-75__min_samples-20__cluster_selection_method-leaf,0.11746943869116742
hdbscan__min_cluster_size-10__min_samples-10__cluster_selection_method-leaf,optics__min_samples-10__xi-0p05__min_cluster_size_frac-0p01,0.25950046984185293
hdbscan__min_cluster_size-10__min_samples-10__cluster_selection_method-leaf,optics__min_samples-20__xi-0p05__min_cluster_size_frac-0p01,0.15079966792201321
hdbscan__min_cluster_size-10__min_samples-10__cluster_selection_method-leaf,optics__min_samples-30__xi-0p05__min_cluster_size_frac-0p01,0.1374839662735501
hdbscan__min_cluster_size-10__min_samples-20__cluster_selection_method-eom,hdbscan__min_cluster_size-10__min_samples-20__cluster_selection_method-leaf,0.14772734478065414
hdbscan__min_cluster_size-10__min_samples-20__cluster_selection_method-eom,hdbscan__min_cluster_size-20__min_samples-5__cluster_selection_method-eom,0.18632679452357712
hdbscan__min_cluster_size-10__min_samples-20__cluster_selection_method-eom,hdbscan__min_cluster_size-20__min_samples-5__cluster_selection_method-leaf,0.08137489857351154
hdbscan__min_cluster_size-10__min_samples-20__cluster_selection_method-eom,hdbscan__min_cluster_size-20__min_samples-10__cluster_selection_method-eom,0.9251034361554509
hdbscan__min_cluster_size-10__min_samples-20__cluster_selection_method-eom,hdbscan__min_cluster_size-20__min_samples-10__cluster_selection_method-leaf,0.10874156268297443
hdbscan__min_cluster_size-10__min_samples-20__cluster_selection_method-eom,hdbscan__min_cluster_size-20__min_samples-20__cluster_selection_method-eom,0.9976662388299539
hdbscan__min_cluster_size-10__min_samples-20__cluster_selection_method-eom,hdbscan__min_cluster_size-20__min_samples-20__cluster_selection_method-leaf,0.18558158509151518
hdbscan__min_cluster_size-10__min_samples-20__cluster_selection_method-eom,hdbscan__min_cluster_size-30__min_samples-5__cluster_selection_method-eom,0.7932339879448174
hdbscan__min_cluster_size-10__min_samples-20__cluster_selection_method-eom,hdbscan__min_cluster_size-30__min_samples-5__cluster_selection_method-leaf,0.09469039340186666
hdbscan__min_cluster_size-10__min_samples-20__cluster_selection_method-eom,hdbscan__min_cluster_size-30__min_samples-10__cluster_selection_method-eom,0.922278171389378
hdbscan__min_cluster_size-10__min_samples-20__cluster_selection_method-eom,hdbscan__min_cluster_size-30__min_samples-10__cluster_selection_method-leaf,0.12050906778842328
hdbscan__min_cluster_size-10__min_samples-20__cluster_selection_method-eom,hdbscan__min_cluster_size-30__min_samples-20__cluster_selection_method-eom,0.9891723483698851
hdbscan__min_cluster_size-10__min_samples-20__cluster_selection_method-eom,hdbscan__min_cluster_size-30__min_samples-20__cluster_selection_method-leaf,0.2004308521974844
hdbscan__min_cluster_size-10__min_samples-20__cluster_selection_method-eom,hdbscan__min_cluster_size-50__min_samples-5__cluster_selection_method-eom,0.7696840259460832
hdbscan__min_cluster_size-10__min_samples-20__cluster_selection_method-eom,hdbscan__min_cluster_size-50__min_samples-5__cluster_selection_method-leaf,0.10768044969933832
hdbscan__min_cluster_size-10__min_samples-20__cluster_selection_method-eom,hdbscan__min_cluster_size-50__min_samples-10__cluster_selection_method-eom,0.8277185345152251
hdbscan__min_cluster_size-10__min_samples-20__cluster_selection_method-eom,hdbscan__min_cluster_size-50__min_samples-10__cluster_selection_method-leaf,0.13350044930767996
hdbscan__min_cluster_size-10__min_samples-20__cluster_selection_method-eom,hdbscan__min_cluster_size-50__min_samples-20__cluster_selection_method-eom,0.8486011210215152
hdbscan__min_cluster_size-10__min_samples-20__cluster_selection_method-eom,hdbscan__min_cluster_size-50__min_samples-20__cluster_selection_method-leaf,0.3520153171474688
hdbscan__min_cluster_size-10__min_samples-20__cluster_selection_method-eom,hdbscan__min_cluster_size-75__min_samples-5__cluster_selection_method-eom,0.7666299632318471
hdbscan__min_cluster_size-10__min_samples-20__cluster_selection_method-eom,hdbscan__min_cluster_size-75__min_samples-5__cluster_selection_method-leaf,0.25289989462662205
hdbscan__min_cluster_size-10__min_samples-20__cluster_selection_method-eom,hdbscan__min_cluster_size-75__min_samples-10__cluster_selection_method-eom,0.8015134071480525
hdbscan__min_cluster_size-10__min_samples-20__cluster_selection_method-eom,hdbscan__min_cluster_size-75__min_samples-10__cluster_selection_method-leaf,0.27847473619045376
hdbscan__min_cluster_size-10__min_samples-20__cluster_selection_method-eom,hdbscan__min_cluster_size-75__min_samples-20__cluster_selection_method-eom,0.8423945774938363
hdbscan__min_cluster_size-10__min_samples-20__cluster_selection_method-eom,hdbscan__min_cluster_size-75__min_samples-20__cluster_selection_method-leaf,0.38805999683510306
hdbscan__min_cluster_size-10__min_samples-20__cluster_selection_method-eom,optics__min_samples-10__xi-0p05__min_cluster_size_frac-0p01,0.12352860093319418
hdbscan__min_cluster_size-10__min_samples-20__cluster_selection_method-eom,optics__min_samples-20__xi-0p05__min_cluster_size_frac-0p01,0.32955612949985574
hdbscan__min_cluster_size-10__min_samples-20__cluster_selection_method-eom,optics__min_samples-30__xi-0p05__min_cluster_size_frac-0p01,0.3677116643357408
hdbscan__min_cluster_size-10__min_samples-20__cluster_selection_method-leaf,hdbscan__min_cluster_size-20__min_samples-5__cluster_selection_method-eom,0.19673549750376174
hdbscan__min_cluster_size-10__min_samples-20__cluster_selection_method-leaf,hdbscan__min_cluster_size-20__min_samples-5__cluster_selection_method-leaf,0.3255312669619307
hdbscan__min_cluster_size-10__min_samples-20__cluster_selection_method-leaf,hdbscan__min_cluster_size-20__min_samples-10__cluster_selection_method-eom,0.1367615286507184
hdbscan__min_cluster_size-10__min_samples-20__cluster_selection_method-leaf,hdbscan__min_cluster_size-20__min_samples-10__cluster_selection_method-leaf,0.5431055510001537
hdbscan__min_cluster_size-10__min_samples-20__cluster_selection_method-leaf,hdbscan__min_cluster_size-20__min_samples-20__cluster_selection_method-eom,0.14628408810604399
hdbscan__min_cluster_size-10__min_samples-20__cluster_selection_method-leaf,hdbscan__min_cluster_size-20__min_samples-20__cluster_selection_method-leaf,0.7924602493347392
hdbscan__min_cluster_size-10__min_samples-20__cluster_selection_method-leaf,hdbscan__min_cluster_size-30__min_samples-5__cluster_selection_method-eom,0.15211742223169358
hdbscan__min_cluster_size-10__min_samples-20__cluster_selection_method-leaf,hdbscan__min_cluster_size-30__min_samples-5__cluster_selection_method-leaf,0.33235633164998146
hdbscan__min_cluster_size-10__min_samples-20__cluster_selection_method-leaf,hdbscan__min_cluster_size-30__min_samples-10__cluster_selection_method-eom,0.1341686085312177
hdbscan__min_cluster_size-10__min_samples-20__cluster_selection_method-leaf,hdbscan__min_cluster_size-30__min_samples-10__cluster_selection_method-leaf,0.49236810870746556
hdbscan__min_cluster_size-10__min_samples-20__cluster_selection_method-leaf,hdbscan__min_cluster_size-30__min_samples-20__cluster_selection_method-eom,0.14102160508623562
hdbscan__min_cluster_size-10__min_samples-20__cluster_selection_method-leaf,hdbscan__min_cluster_size-30__min_samples-20__cluster_selection_method-leaf,0.719696898118558
hdbscan__min_cluster_size-10__min_samples-20__cluster_selection_method-leaf,hdbscan__min_cluster_size-50__min_samples-5__cluster_selection_method-eom,0.13686976273975415
hdbscan__min_cluster_size-10__min_samples-20__cluster_selection_method-leaf,hdbscan__min_cluster_size-50__min_samples-5__cluster_selection_method-leaf,0.26403556242843834
hdbscan__min_cluster_size-10__min_samples-20__cluster_selection_method-leaf,hdbscan__min_cluster_size-50__min_samples-10__cluster_selection_method-eom,0.1295424195872751
hdbscan__min_cluster_size-10__min_samples-20__cluster_selection_method-leaf,hdbscan__min_cluster_size-50__min_samples-10__cluster_selection_method-leaf,0.3656192720745288
hdbscan__min_cluster_size-10__min_samples-20__cluster_selection_method-leaf,hdbscan__min_cluster_size-50__min_samples-20__cluster_selection_method-eom,0.11579057002879764
hdbscan__min_cluster_size-10__min_samples-20__cluster_selection_method-leaf,hdbscan__min_cluster_size-50__min_samples-20__cluster_selection_method-leaf,0.377108704536785
hdbscan__min_cluster_size-10__min_samples-20__cluster_selection_method-leaf,hdbscan__min_cluster_size-75__min_samples-5__cluster_selection_method-eom,0.13467688099394495
hdbscan__min_cluster_size-10__min_samples-20__cluster_selection_method-leaf,hdbscan__min_cluster_size-75__min_samples-5__cluster_selection_method-leaf,0.16429493430680547
hdbscan__min_cluster_size-10__min_samples-20__cluster_selection_method-leaf,hdbscan__min_cluster_size-75__min_samples-10__cluster_selection_method-eom,0.11397389310761942
hdbscan__min_cluster_size-10__min_samples-20__cluster_selection_method-leaf,hdbscan__min_cluster_size-75__min_samples-10__cluster_selection_method-leaf,0.21091134148610705
hdbscan__min_cluster_size-10__min_samples-20__cluster_selection_method-leaf,hdbscan__min_cluster_size-75__min_samples-20__cluster_selection_method-eom,0.1116320097386068
hdbscan__min_cluster_size-10__min_samples-20__cluster_selection_method-leaf,hdbscan__min_cluster_size-75__min_samples-20__cluster_selection_method-leaf,0.3068573398850615
hdbscan__min_cluster_size-10__min_samples-20__cluster_selection_method-leaf,optics__min_samples-10__xi-0p05__min_cluster_size_frac-0p01,0.4135628659412678
hdbscan__min_cluster_size-10__min_samples-20__cluster_selection_method-leaf,optics__min_samples-20__xi-0p05__min_cluster_size_frac-0p01,0.318494889108335
hdbscan__min_cluster_size-10__min_samples-20__cluster_selection_method-leaf,optics__min_samples-30__xi-0p05__min_cluster_size_frac-0p01,0.2970515479966153
hdbscan__min_cluster_size-20__min_samples-5__cluster_selection_method-eom,hdbscan__min_cluster_size-20__min_samples-5__cluster_selection_method-leaf,0.5817122041002495
hdbscan__min_cluster_size-20__min_samples-5__cluster_selection_method-eom,hdbscan__min_cluster_size-20__min_samples-10__cluster_selection_method-eom,0.18442746861625478
hdbscan__min_cluster_size-20__min_samples-5__cluster_selection_method-eom,hdbscan__min_cluster_size-20__min_samples-10__cluster_selection_method-leaf,0.3020638599627292
hdbscan__min_cluster_size-20__min_samples-5__cluster_selection_method-eom,hdbscan__min_cluster_size-20__min_samples-20__cluster_selection_method-eom,0.1855760045467829
hdbscan__min_cluster_size-20__min_samples-5__cluster_selection_method-eom,hdbscan__min_cluster_size-20__min_samples-20__cluster_selection_method-leaf,0.2400743443472648
hdbscan__min_cluster_size-20__min_samples-5__cluster_selection_method-eom,hdbscan__min_cluster_size-30__min_samples-5__cluster_selection_method-eom,0.17769171396822186
hdbscan__min_cluster_size-20__min_samples-5__cluster_selection_method-eom,hdbscan__min_cluster_size-30__min_samples-5__cluster_selection_method-leaf,0.5357682969347876
hdbscan__min_cluster_size-20__min_samples-5__cluster_selection_method-eom,hdbscan__min_cluster_size-30__min_samples-10__cluster_selection_method-eom,0.17905534371540052
hdbscan__min_cluster_size-20__min_samples-5__cluster_selection_method-eom,hdbscan__min_cluster_size-30__min_samples-10__cluster_selection_method-leaf,0.30064717435977645
hdbscan__min_cluster_size-20__min_samples-5__cluster_selection_method-eom,hdbscan__min_cluster_size-30__min_samples-20__cluster_selection_method-eom,0.1823964078470142
hdbscan__min_cluster_size-20__min_samples-5__cluster_selection_method-eom,hdbscan__min_cluster_size-30__min_samples-20__cluster_selection_method-leaf,0.23349087096003215
hdbscan__min_cluster_size-20__min_samples-5__cluster_selection_method-eom,hdbscan__min_cluster_size-50__min_samples-5__cluster_selection_method-eom,0.15964501751596277
hdbscan__min_cluster_size-20__min_samples-5__cluster_selection_method-eom,hdbscan__min_cluster_size-50__min_samples-5__cluster_selection_method-leaf,0.4124285433679253
hdbscan__min_cluster_size-20__min_samples-5__cluster_selection_method-eom,hdbscan__min_cluster_size-50__min_samples-10__cluster_selection_method-eom,0.16588460624908982
hdbscan__min_cluster_size-20__min_samples-5__cluster_selection_method-eom,hdbscan__min_cluster_size-50__min_samples-10__cluster_selection_method-leaf,0.2787692682006392
hdbscan__min_cluster_size-20__min_samples-5__cluster_selection_method-eom,hdbscan__min_cluster_size-50__min_samples-20__cluster_selection_method-eom,0.16224615888665306
hdbscan__min_cluster_size-20__min_samples-5__cluster_selection_method-eom,hdbscan__min_cluster_size-50__min_samples-20__cluster_selection_method-leaf,0.31981513550965274
hdbscan__min_cluster_size-20__min_samples-5__cluster_selection_method-eom,hdbscan__min_cluster_size-75__min_samples-5__cluster_selection_method-eom,0.1585053797450902
hdbscan__min_cluster_size-20__min_samples-5__cluster_selection_method-eom,hdbscan__min_cluster_size-75__min_samples-5__cluster_selection_method-leaf,0.3426868853555635
hdbscan__min_cluster_size-20__min_samples-5__cluster_selection_method-eom,hdbscan__min_cluster_size-75__min_samples-10__cluster_selection_method-eom,0.15650897427463772
hdbscan__min_cluster_size-20__min_samples-5__cluster_selection_method-eom,hdbscan__min_cluster_size-75__min_samples-10__cluster_selection_method-leaf,0.348685401079035
hdbscan__min_cluster_size-20__min_samples-5__cluster_selection_method-eom,hdbscan__min_cluster_size-75__min_samples-20__cluster_selection_method-eom,0.15992229891913207
hdbscan__min_cluster_size-20__min_samples-5__cluster_selection_method-eom,hdbscan__min_cluster_size-75__min_samples-20__cluster_selection_method-leaf,0.26195776580594277
hdbscan__min_cluster_size-20__min_samples-5__cluster_selection_method-eom,optics__min_samples-10__xi-0p05__min_cluster_size_frac-0p01,0.14184123610303997
hdbscan__min_cluster_size-20__min_samples-5__cluster_selection_method-eom,optics__min_samples-20__xi-0p05__min_cluster_size_frac-0p01,0.1603719019582324
hdbscan__min_cluster_size-20__min_samples-5__cluster_selection_method-eom,optics__min_samples-30__xi-0p05__min_cluster_size_frac-0p01,0.14963602207838733
hdbscan__min_cluster_size-20__min_samples-5__cluster_selection_method-leaf,hdbscan__min_cluster_size-20__min_samples-10__cluster_selection_method-eom,0.0809873279037983
hdbscan__min_cluster_size-20__min_samples-5__cluster_selection_method-leaf,hdbscan__min_cluster_size-20__min_samples-10__cluster_selection_method-leaf,0.4484470335964384
hdbscan__min_cluster_size-20__min_samples-5__cluster_selection_method-leaf,hdbscan__min_cluster_size-20__min_samples-20__cluster_selection_method-eom,0.0806695949033871
hdbscan__min_cluster_size-20__min_samples-5__cluster_selection_method-leaf,hdbscan__min_cluster_size-20__min_samples-20__cluster_selection_method-leaf,0.31575806976590415
hdbscan__min_cluster_size-20__min_samples-5__cluster_selection_method-leaf,hdbscan__min_cluster_size-30__min_samples-5__cluster_selection_method-eom,0.07966011110512793
hdbscan__min_cluster_size-20__min_samples-5__cluster_selection_method-leaf,hdbscan__min_cluster_size-30__min_samples-5__cluster_selection_method-leaf,0.6353200181428538
hdbscan__min_cluster_size-20__min_samples-5__cluster_selection_method-leaf,hdbscan__min_cluster_size-30__min_samples-10__cluster_selection_method-eom,0.07573555330904078
hdbscan__min_cluster_size-20__min_samples-5__cluster_selection_method-leaf,hdbscan__min_cluster_size-30__min_samples-10__cluster_selection_method-leaf,0.43191577727276975
hdbscan__min_cluster_size-20__min_samples-5__cluster_selection_method-leaf,hdbscan__min_cluster_size-30__min_samples-20__cluster_selection_method-eom,0.07768896812524202
hdbscan__min_cluster_size-20__min_samples-5__cluster_selection_method-leaf,hdbscan__min_cluster_size-30__min_samples-20__cluster_selection_method-leaf,0.306034048535195
hdbscan__min_cluster_size-20__min_samples-5__cluster_selection_method-leaf,hdbscan__min_cluster_size-50__min_samples-5__cluster_selection_method-eom,0.065260333480622
hdbscan__min_cluster_size-20__min_samples-5__cluster_selection_method-leaf,hdbscan__min_cluster_size-50__min_samples-5__cluster_selection_method-leaf,0.3856260291595225
hdbscan__min_cluster_size-20__min_samples-5__cluster_selection_method-leaf,hdbscan__min_cluster_size-50__min_samples-10__cluster_selection_method-eom,0.06681890172967797
hdbscan__min_cluster_size-20__min_samples-5__cluster_selection_method-leaf,hdbscan__min_cluster_size-50__min_samples-10__cluster_selection_method-leaf,0.3348670366707332
hdbscan__min_cluster_size-20__min_samples-5__cluster_selection_method-leaf,hdbscan__min_cluster_size-50__min_samples-20__cluster_selection_method-eom,0.06134721612681634
hdbscan__min_cluster_size-20__min_samples-5__cluster_selection_method-leaf,hdbscan__min_cluster_size-50__min_samples-20__cluster_selection_method-leaf,0.2056213842486795
hdbscan__min_cluster_size-20__min_samples-5__cluster_selection_method-leaf,hdbscan__min_cluster_size-75__min_samples-5__cluster_selection_method-eom,0.0641121440322111
hdbscan__min_cluster_size-20__min_samples-5__cluster_selection_method-leaf,hdbscan__min_cluster_size-75__min_samples-5__cluster_selection_method-leaf,0.15797454409922926
hdbscan__min_cluster_size-20__min_samples-5__cluster_selection_method-leaf,hdbscan__min_cluster_size-75__min_samples-10__cluster_selection_method-eom,0.05876209583635813
hdbscan__min_cluster_size-20__min_samples-5__cluster_selection_method-leaf,hdbscan__min_cluster_size-75__min_samples-10__cluster_selection_method-leaf,0.19366422080206339
hdbscan__min_cluster_size-20__min_samples-5__cluster_selection_method-leaf,hdbscan__min_cluster_size-75__min_samples-20__cluster_selection_method-eom,0.05908054272012333
hdbscan__min_cluster_size-20__min_samples-5__cluster_selection_method-leaf,hdbscan__min_cluster_size-75__min_samples-20__cluster_selection_method-leaf,0.15432258584430905
hdbscan__min_cluster_size-20__min_samples-5__cluster_selection_method-leaf,optics__min_samples-10__xi-0p05__min_cluster_size_frac-0p01,0.2512807425950654
hdbscan__min_cluster_size-20__min_samples-5__cluster_selection_method-leaf,optics__min_samples-20__xi-0p05__min_cluster_size_frac-0p01,0.13760493185816394
hdbscan__min_cluster_size-20__min_samples-5__cluster_selection_method-leaf,optics__min_samples-30__xi-0p05__min_cluster_size_frac-0p01,0.13292305125333606
hdbscan__min_cluster_size-20__min_samples-10__cluster_selection_method-eom,hdbscan__min_cluster_size-20__min_samples-10__cluster_selection_method-leaf,0.12537505214692002
hdbscan__min_cluster_size-20__min_samples-10__cluster_selection_method-eom,hdbscan__min_cluster_size-20__min_samples-20__cluster_selection_method-eom,0.9230063181599023
hdbscan__min_cluster_size-20__min_samples-10__cluster_selection_method-eom,hdbscan__min_cluster_size-20__min_samples-20__cluster_selection_method-leaf,0.17278257282420542
hdbscan__min_cluster_size-20__min_samples-10__cluster_selection_method-eom,hdbscan__min_cluster_size-30__min_samples-5__cluster_selection_method-eom,0.8396415291757002
hdbscan__min_cluster_size-20__min_samples-10__cluster_selection_method-eom,hdbscan__min_cluster_size-30__min_samples-5__cluster_selection_method-leaf,0.09265382904398063
hdbscan__min_cluster_size-20__min_samples-10__cluster_selection_method-eom,hdbscan__min_cluster_size-30__min_samples-10__cluster_selection_method-eom,0.9924779426355639
hdbscan__min_cluster_size-20__min_samples-10__cluster_selection_method-eom,hdbscan__min_cluster_size-30__min_samples-10__cluster_selection_method-leaf,0.13275074566868397
hdbscan__min_cluster_size-20__min_samples-10__cluster_selection_method-eom,hdbscan__min_cluster_size-30__min_samples-20__cluster_selection_method-eom,0.9150367734960704
hdbscan__min_cluster_size-20__min_samples-10__cluster_selection_method-eom,hdbscan__min_cluster_size-30__min_samples-20__cluster_selection_method-leaf,0.1878066946289789
hdbscan__min_cluster_size-20__min_samples-10__cluster_selection_method-eom,hdbscan__min_cluster_size-50__min_samples-5__cluster_selection_method-eom,0.813147540307274
hdbscan__min_cluster_size-20__min_samples-10__cluster_selection_method-eom,hdbscan__min_cluster_size-50__min_samples-5__cluster_selection_method-leaf,0.09871164525842947
hdbscan__min_cluster_size-20__min_samples-10__cluster_selection_method-eom,hdbscan__min_cluster_size-50__min_samples-10__cluster_selection_method-eom,0.8758022250612233
hdbscan__min_cluster_size-20__min_samples-10__cluster_selection_method-eom,hdbscan__min_cluster_size-50__min_samples-10__cluster_selection_method-leaf,0.13455084280622853
hdbscan__min_cluster_size-20__min_samples-10__cluster_selection_method-eom,hdbscan__min_cluster_size-50__min_samples-20__cluster_selection_method-eom,0.8823388216158454
hdbscan__min_cluster_size-20__min_samples-10__cluster_selection_method-eom,hdbscan__min_cluster_size-50__min_samples-20__cluster_selection_method-leaf,0.34791001467524385
hdbscan__min_cluster_size-20__min_samples-10__cluster_selection_method-eom,hdbscan__min_cluster_size-75__min_samples-5__cluster_selection_method-eom,0.8100276888198082
hdbscan__min_cluster_size-20__min_samples-10__cluster_selection_method-eom,hdbscan__min_cluster_size-75__min_samples-5__cluster_selection_method-leaf,0.2546098820258804
hdbscan__min_cluster_size-20__min_samples-10__cluster_selection_method-eom,hdbscan__min_cluster_size-75__min_samples-10__cluster_selection_method-eom,0.8469224145830601
hdbscan__min_cluster_size-20__min_samples-10__cluster_selection_method-eom,hdbscan__min_cluster_size-75__min_samples-10__cluster_selection_method-leaf,0.28618785509445654
hdbscan__min_cluster_size-20__min_samples-10__cluster_selection_method-eom,hdbscan__min_cluster_size-75__min_samples-20__cluster_selection_method-eom,0.8760552172754089
hdbscan__min_cluster_size-20__min_samples-10__cluster_selection_method-eom,hdbscan__min_cluster_size-75__min_samples-20__cluster_selection_method-leaf,0.38882597902556515
hdbscan__min_cluster_size-20__min_samples-10__cluster_selection_method-eom,optics__min_samples-10__xi-0p05__min_cluster_size_frac-0p01,0.12895888361111346
hdbscan__min_cluster_size-20__min_samples-10__cluster_selection_method-eom,optics__min_samples-20__xi-0p05__min_cluster_size_frac-0p01,0.34660317712089855
hdbscan__min_cluster_size-20__min_samples-10__cluster_selection_method-eom,optics__min_samples-30__xi-0p05__min_cluster_size_frac-0p01,0.3788035802510871
hdbscan__min_cluster_size-20__min_samples-10__cluster_selection_method-leaf,hdbscan__min_cluster_size-20__min_samples-20__cluster_selection_method-eom,0.10774190736875698
hdbscan__min_cluster_size-20__min_samples-10__cluster_selection_method-leaf,hdbscan__min_cluster_size-20__min_samples-20__cluster_selection_method-leaf,0.5251308835790247
hdbscan__min_cluster_size-20__min_samples-10__cluster_selection_method-leaf,hdbscan__min_cluster_size-30__min_samples-5__cluster_selection_method-eom,0.12886348654053068
hdbscan__min_cluster_size-20__min_samples-10__cluster_selection_method-leaf,hdbscan__min_cluster_size-30__min_samples-5__cluster_selection_method-leaf,0.45202771967226696
hdbscan__min_cluster_size-20__min_samples-10__cluster_selection_method-leaf,hdbscan__min_cluster_size-30__min_samples-10__cluster_selection_method-eom,0.11745560814033511
hdbscan__min_cluster_size-20__min_samples-10__cluster_selection_method-leaf,hdbscan__min_cluster_size-30__min_samples-10__cluster_selection_method-leaf,0.8412801282429664
hdbscan__min_cluster_size-20__min_samples-10__cluster_selection_method-leaf,hdbscan__min_cluster_size-30__min_samples-20__cluster_selection_method-eom,0.10374621456666033
hdbscan__min_cluster_size-20__min_samples-10__cluster_selection_method-leaf,hdbscan__min_cluster_size-30__min_samples-20__cluster_selection_method-leaf,0.48511438992708983
hdbscan__min_cluster_size-20__min_samples-10__cluster_selection_method-leaf,hdbscan__min_cluster_size-50__min_samples-5__cluster_selection_method-eom,0.1125164432555106
hdbscan__min_cluster_size-20__min_samples-10__cluster_selection_method-leaf,hdbscan__min_cluster_size-50__min_samples-5__cluster_selection_method-leaf,0.3238995559725514
hdbscan__min_cluster_size-20__min_samples-10__cluster_selection_method-leaf,hdbscan__min_cluster_size-50__min_samples-10__cluster_selection_method-eom,0.10620948460650274
hdbscan__min_cluster_size-20__min_samples-10__cluster_selection_method-leaf,hdbscan__min_cluster_size-50__min_samples-10__cluster_selection_method-leaf,0.5598934530906106
hdbscan__min_cluster_size-20__min_samples-10__cluster_selection_method-leaf,hdbscan__min_cluster_size-50__min_samples-20__cluster_selection_method-eom,0.09004012633661276
hdbscan__min_cluster_size-20__min_samples-10__cluster_selection_method-leaf,hdbscan__min_cluster_size-50__min_samples-20__cluster_selection_method-leaf,0.29417623399837733
hdbscan__min_cluster_size-20__min_samples-10__cluster_selection_method-leaf,hdbscan__min_cluster_size-75__min_samples-5__cluster_selection_method-eom,0.11085993444668489
hdbscan__min_cluster_size-20__min_samples-10__cluster_selection_method-leaf,hdbscan__min_cluster_size-75__min_samples-5__cluster_selection_method-leaf,0.18346899172538933
hdbscan__min_cluster_size-20__min_samples-10__cluster_selection_method-leaf,hdbscan__min_cluster_size-75__min_samples-10__cluster_selection_method-eom,0.0906095530932853
hdbscan__min_cluster_size-20__min_samples-10__cluster_selection_method-leaf,hdbscan__min_cluster_size-75__min_samples-10__cluster_selection_method-leaf,0.2986187950162639
hdbscan__min_cluster_size-20__min_samples-10__cluster_selection_method-leaf,hdbscan__min_cluster_size-75__min_samples-20__cluster_selection_method-eom,0.08688842370268816
hdbscan__min_cluster_size-20__min_samples-10__cluster_selection_method-leaf,hdbscan__min_cluster_size-75__min_samples-20__cluster_selection_method-leaf,0.23033941000737815
hdbscan__min_cluster_size-20__min_samples-10__cluster_selection_method-leaf,optics__min_samples-10__xi-0p05__min_cluster_size_frac-0p01,0.38932404930585507
hdbscan__min_cluster_size-20__min_samples-10__cluster_selection_method-leaf,optics__min_samples-20__xi-0p05__min_cluster_size_frac-0p01,0.24832782538642484
hdbscan__min_cluster_size-20__min_samples-10__cluster_selection_method-leaf,optics__min_samples-30__xi-0p05__min_cluster_size_frac-0p01,0.21908635079853964
hdbscan__min_cluster_size-20__min_samples-20__cluster_selection_method-eom,hdbscan__min_cluster_size-20__min_samples-20__cluster_selection_method-leaf,0.18867922469420517
hdbscan__min_cluster_size-20__min_samples-20__cluster_selection_method-eom,hdbscan__min_cluster_size-30__min_samples-5__cluster_selection_method-eom,0.7913693497721555
hdbscan__min_cluster_size-20__min_samples-20__cluster_selection_method-eom,hdbscan__min_cluster_size-30__min_samples-5__cluster_selection_method-leaf,0.09397381318126012
hdbscan__min_cluster_size-20__min_samples-20__cluster_selection_method-eom,hdbscan__min_cluster_size-30__min_samples-10__cluster_selection_method-eom,0.9201846664608183
hdbscan__min_cluster_size-20__min_samples-20__cluster_selection_method-eom,hdbscan__min_cluster_size-30__min_samples-10__cluster_selection_method-leaf,0.11952475364903352
hdbscan__min_cluster_size-20__min_samples-20__cluster_selection_method-eom,hdbscan__min_cluster_size-30__min_samples-20__cluster_selection_method-eom,0.9915058949010903
hdbscan__min_cluster_size-20__min_samples-20__cluster_selection_method-eom,hdbscan__min_cluster_size-30__min_samples-20__cluster_selection_method-leaf,0.20349864738831983
hdbscan__min_cluster_size-20__min_samples-20__cluster_selection_method-eom,hdbscan__min_cluster_size-50__min_samples-5__cluster_selection_method-eom,0.7687678218763552
hdbscan__min_cluster_size-20__min_samples-20__cluster_selection_method-eom,hdbscan__min_cluster_size-50__min_samples-5__cluster_selection_method-leaf,0.11122515939430605
hdbscan__min_cluster_size-20__min_samples-20__cluster_selection_method-eom,hdbscan__min_cluster_size-50__min_samples-10__cluster_selection_method-eom,0.8279626016288195
hdbscan__min_cluster_size-20__min_samples-20__cluster_selection_method-eom,hdbscan__min_cluster_size-50__min_samples-10__cluster_selection_method-leaf,0.13664686815459204
hdbscan__min_cluster_size-20__min_samples-20__cluster_selection_method-eom,hdbscan__min_cluster_size-50__min_samples-20__cluster_selection_method-eom,0.8490154717857353
hdbscan__min_cluster_size-20__min_samples-20__cluster_selection_method-eom,hdbscan__min_cluster_size-50__min_samples-20__cluster_selection_method-leaf,0.35503942640162506
hdbscan__min_cluster_size-20__min_samples-20__cluster_selection_method-eom,hdbscan__min_cluster_size-75__min_samples-5__cluster_selection_method-eom,0.7657164642109134
hdbscan__min_cluster_size-20__min_samples-20__cluster_selection_method-eom,hdbscan__min_cluster_size-75__min_samples-5__cluster_selection_method-leaf,0.2557235101023448
hdbscan__min_cluster_size-20__min_samples-20__cluster_selection_method-eom,hdbscan__min_cluster_size-75__min_samples-10__cluster_selection_method-eom,0.8014135655678271
hdbscan__min_cluster_size-20__min_samples-20__cluster_selection_method-eom,hdbscan__min_cluster_size-75__min_samples-10__cluster_selection_method-leaf,0.2812865232986478
hdbscan__min_cluster_size-20__min_samples-20__cluster_selection_method-eom,hdbscan__min_cluster_size-75__min_samples-20__cluster_selection_method-eom,0.8428117368587588
hdbscan__min_cluster_size-20__min_samples-20__cluster_selection_method-eom,hdbscan__min_cluster_size-75__min_samples-20__cluster_selection_method-leaf,0.39071971980301035
hdbscan__min_cluster_size-20__min_samples-20__cluster_selection_method-eom,optics__min_samples-10__xi-0p05__min_cluster_size_frac-0p01,0.12570031396441342
hdbscan__min_cluster_size-20__min_samples-20__cluster_selection_method-eom,optics__min_samples-20__xi-0p05__min_cluster_size_frac-0p01,0.3312645717454251
hdbscan__min_cluster_size-20__min_samples-20__cluster_selection_method-eom,optics__min_samples-30__xi-0p05__min_cluster_size_frac-0p01,0.36958199021405985
hdbscan__min_cluster_size-20__min_samples-20__cluster_selection_method-leaf,hdbscan__min_cluster_size-30__min_samples-5__cluster_selection_method-eom,0.19019736341483745
hdbscan__min_cluster_size-20__min_samples-20__cluster_selection_method-leaf,hdbscan__min_cluster_size-30__min_samples-5__cluster_selection_method-leaf,0.35341767473377117
hdbscan__min_cluster_size-20__min_samples-20__cluster_selection_method-leaf,hdbscan__min_cluster_size-30__min_samples-10__cluster_selection_method-eom,0.170078552158098
hdbscan__min_cluster_size-20__min_samples-20__cluster_selection_method-leaf,hdbscan__min_cluster_size-30__min_samples-10__cluster_selection_method-leaf,0.5149067364266198
hdbscan__min_cluster_size-20__min_samples-20__cluster_selection_method-leaf,hdbscan__min_cluster_size-30__min_samples-20__cluster_selection_method-eom,0.18354953965118787
hdbscan__min_cluster_size-20__min_samples-20__cluster_selection_method-leaf,hdbscan__min_cluster_size-30__min_samples-20__cluster_selection_method-leaf,0.920393674092826
hdbscan__min_cluster_size-20__min_samples-20__cluster_selection_method-leaf,hdbscan__min_cluster_size-50__min_samples-5__cluster_selection_method-eom,0.1767182699681108
hdbscan__min_cluster_size-20__min_samples-20__cluster_selection_method-leaf,hdbscan__min_cluster_size-50__min_samples-5__cluster_selection_method-leaf,0.38116189643342896
hdbscan__min_cluster_size-20__min_samples-20__cluster_selection_method-leaf,hdbscan__min_cluster_size-50__min_samples-10__cluster_selection_method-eom,0.16929329010220676
hdbscan__min_cluster_size-20__min_samples-20__cluster_selection_method-leaf,hdbscan__min_cluster_size-50__min_samples-10__cluster_selection_method-leaf,0.4363031537234423
hdbscan__min_cluster_size-20__min_samples-20__cluster_selection_method-leaf,hdbscan__min_cluster_size-50__min_samples-20__cluster_selection_method-eom,0.1558135408515246
hdbscan__min_cluster_size-20__min_samples-20__cluster_selection_method-leaf,hdbscan__min_cluster_size-50__min_samples-20__cluster_selection_method-leaf,0.5412626408767226
hdbscan__min_cluster_size-20__min_samples-20__cluster_selection_method-leaf,hdbscan__min_cluster_size-75__min_samples-5__cluster_selection_method-eom,0.17462315557708574
hdbscan__min_cluster_size-20__min_samples-20__cluster_selection_method-leaf,hdbscan__min_cluster_size-75__min_samples-5__cluster_selection_method-leaf,0.2752080830361335
hdbscan__min_cluster_size-20__min_samples-20__cluster_selection_method-leaf,hdbscan__min_cluster_size-75__min_samples-10__cluster_selection_method-eom,0.15408411106008274
hdbscan__min_cluster_size-20__min_samples-20__cluster_selection_method-leaf,hdbscan__min_cluster_size-75__min_samples-10__cluster_selection_method-leaf,0.3294140122576751
hdbscan__min_cluster_size-20__min_samples-20__cluster_selection_method-leaf,hdbscan__min_cluster_size-75__min_samples-20__cluster_selection_method-eom,0.15182660333982723
hdbscan__min_cluster_size-20__min_samples-20__cluster_selection_method-leaf,hdbscan__min_cluster_size-75__min_samples-20__cluster_selection_method-leaf,0.4469871575425389
hdbscan__min_cluster_size-20__min_samples-20__cluster_selection_method-leaf,optics__min_samples-10__xi-0p05__min_cluster_size_frac-0p01,0.4099233328872702
hdbscan__min_cluster_size-20__min_samples-20__cluster_selection_method-leaf,optics__min_samples-20__xi-0p05__min_cluster_size_frac-0p01,0.2865456436837336
hdbscan__min_cluster_size-20__min_samples-20__cluster_selection_method-leaf,optics__min_samples-30__xi-0p05__min_cluster_size_frac-0p01,0.2969516621609729
hdbscan__min_cluster_size-30__min_samples-5__cluster_selection_method-eom,hdbscan__min_cluster_size-30__min_samples-5__cluster_selection_method-leaf,0.11077662875947276
hdbscan__min_cluster_size-30__min_samples-5__cluster_selection_method-eom,hdbscan__min_cluster_size-30__min_samples-10__cluster_selection_method-eom,0.8433354801102768
hdbscan__min_cluster_size-30__min_samples-5__cluster_selection_method-eom,hdbscan__min_cluster_size-30__min_samples-10__cluster_selection_method-leaf,0.1482689376463207
hdbscan__min_cluster_size-30__min_samples-5__cluster_selection_method-eom,hdbscan__min_cluster_size-30__min_samples-20__cluster_selection_method-eom,0.7869435359338584
hdbscan__min_cluster_size-30__min_samples-5__cluster_selection_method-eom,hdbscan__min_cluster_size-30__min_samples-20__cluster_selection_method-leaf,0.20497216036991647
hdbscan__min_cluster_size-30__min_samples-5__cluster_selection_method-eom,hdbscan__min_cluster_size-50__min_samples-5__cluster_selection_method-eom,0.9643073529707844
hdbscan__min_cluster_size-30__min_samples-5__cluster_selection_method-eom,hdbscan__min_cluster_size-50__min_samples-5__cluster_selection_method-leaf,0.152843558179919
hdbscan__min_cluster_size-30__min_samples-5__cluster_selection_method-eom,hdbscan__min_cluster_size-50__min_samples-10__cluster_selection_method-eom,0.9382703454893584
hdbscan__min_cluster_size-30__min_samples-5__cluster_selection_method-eom,hdbscan__min_cluster_size-50__min_samples-10__cluster_selection_method-leaf,0.18738091866207923
hdbscan__min_cluster_size-30__min_samples-5__cluster_selection_method-eom,hdbscan__min_cluster_size-50__min_samples-20__cluster_selection_method-eom,0.8629213951739775
hdbscan__min_cluster_size-30__min_samples-5__cluster_selection_method-eom,hdbscan__min_cluster_size-50__min_samples-20__cluster_selection_method-leaf,0.4244226063184987
hdbscan__min_cluster_size-30__min_samples-5__cluster_selection_method-eom,hdbscan__min_cluster_size-75__min_samples-5__cluster_selection_method-eom,0.9610635519803423
hdbscan__min_cluster_size-30__min_samples-5__cluster_selection_method-eom,hdbscan__min_cluster_size-75__min_samples-5__cluster_selection_method-leaf,0.3279538774947841
hdbscan__min_cluster_size-30__min_samples-5__cluster_selection_method-eom,hdbscan__min_cluster_size-75__min_samples-10__cluster_selection_method-eom,0.913755261059936
hdbscan__min_cluster_size-30__min_samples-5__cluster_selection_method-eom,hdbscan__min_cluster_size-75__min_samples-10__cluster_selection_method-leaf,0.3565784165123202
hdbscan__min_cluster_size-30__min_samples-5__cluster_selection_method-eom,hdbscan__min_cluster_size-75__min_samples-20__cluster_selection_method-eom,0.8569416921257562
hdbscan__min_cluster_size-30__min_samples-5__cluster_selection_method-eom,hdbscan__min_cluster_size-75__min_samples-20__cluster_selection_method-leaf,0.4728323614255486
hdbscan__min_cluster_size-30__min_samples-5__cluster_selection_method-eom,optics__min_samples-10__xi-0p05__min_cluster_size_frac-0p01,0.1860410637193688
hdbscan__min_cluster_size-30__min_samples-5__cluster_selection_method-eom,optics__min_samples-20__xi-0p05__min_cluster_size_frac-0p01,0.436621534715535
hdbscan__min_cluster_size-30__min_samples-5__cluster_selection_method-eom,optics__min_samples-30__xi-0p05__min_cluster_size_frac-0p01,0.4711750919176161
hdbscan__min_cluster_size-30__min_samples-5__cluster_selection_method-leaf,hdbscan__min_cluster_size-30__min_samples-10__cluster_selection_method-eom,0.09927236758110387
hdbscan__min_cluster_size-30__min_samples-5__cluster_selection_method-leaf,hdbscan__min_cluster_size-30__min_samples-10__cluster_selection_method-leaf,0.5178603145345488
hdbscan__min_cluster_size-30__min_samples-5__cluster_selection_method-leaf,hdbscan__min_cluster_size-30__min_samples-20__cluster_selection_method-eom,0.09778975442937589
hdbscan__min_cluster_size-30__min_samples-5__cluster_selection_method-leaf,hdbscan__min_cluster_size-30__min_samples-20__cluster_selection_method-leaf,0.36047849305118174
hdbscan__min_cluster_size-30__min_samples-5__cluster_selection_method-leaf,hdbscan__min_cluster_size-50__min_samples-5__cluster_selection_method-eom,0.0898024323990903
hdbscan__min_cluster_size-30__min_samples-5__cluster_selection_method-leaf,hdbscan__min_cluster_size-50__min_samples-5__cluster_selection_method-leaf,0.6424621584117639
hdbscan__min_cluster_size-30__min_samples-5__cluster_selection_method-leaf,hdbscan__min_cluster_size-50__min_samples-10__cluster_selection_method-eom,0.08862177604025369
hdbscan__min_cluster_size-30__min_samples-5__cluster_selection_method-leaf,hdbscan__min_cluster_size-50__min_samples-10__cluster_selection_method-leaf,0.4324941176989164
hdbscan__min_cluster_size-30__min_samples-5__cluster_selection_method-leaf,hdbscan__min_cluster_size-50__min_samples-20__cluster_selection_method-eom,0.07729775798775847
hdbscan__min_cluster_size-30__min_samples-5__cluster_selection_method-leaf,hdbscan__min_cluster_size-50__min_samples-20__cluster_selection_method-leaf,0.27035703196632804
hdbscan__min_cluster_size-30__min_samples-5__cluster_selection_method-leaf,hdbscan__min_cluster_size-75__min_samples-5__cluster_selection_method-eom,0.08860744564468602
hdbscan__min_cluster_size-30__min_samples-5__cluster_selection_method-leaf,hdbscan__min_cluster_size-75__min_samples-5__cluster_selection_method-leaf,0.34089988729600773
hdbscan__min_cluster_size-30__min_samples-5__cluster_selection_method-leaf,hdbscan__min_cluster_size-75__min_samples-10__cluster_selection_method-eom,0.07612871648385648
hdbscan__min_cluster_size-30__min_samples-5__cluster_selection_method-leaf,hdbscan__min_cluster_size-75__min_samples-10__cluster_selection_method-leaf,0.2825325353651565
hdbscan__min_cluster_size-30__min_samples-5__cluster_selection_method-leaf,hdbscan__min_cluster_size-75__min_samples-20__cluster_selection_method-eom,0.07498691683698265
hdbscan__min_cluster_size-30__min_samples-5__cluster_selection_method-leaf,hdbscan__min_cluster_size-75__min_samples-20__cluster_selection_method-leaf,0.22389424966056243
hdbscan__min_cluster_size-30__min_samples-5__cluster_selection_method-leaf,optics__min_samples-10__xi-0p05__min_cluster_size_frac-0p01,0.24975439640300384
hdbscan__min_cluster_size-30__min_samples-5__cluster_selection_method-leaf,optics__min_samples-20__xi-0p05__min_cluster_size_frac-0p01,0.17905835113829938
hdbscan__min_cluster_size-30__min_samples-5__cluster_selection_method-leaf,optics__min_samples-30__xi-0p05__min_cluster_size_frac-0p01,0.18386423530640558
hdbscan__min_cluster_size-30__min_samples-10__cluster_selection_method-eom,hdbscan__min_cluster_size-30__min_samples-10__cluster_selection_method-leaf,0.14123848876252623
hdbscan__min_cluster_size-30__min_samples-10__cluster_selection_method-eom,hdbscan__min_cluster_size-30__min_samples-20__cluster_selection_method-eom,0.9171009172350573
hdbscan__min_cluster_size-30__min_samples-10__cluster_selection_method-eom,hdbscan__min_cluster_size-30__min_samples-20__cluster_selection_method-leaf,0.18993234415122398
hdbscan__min_cluster_size-30__min_samples-10__cluster_selection_method-eom,hdbscan__min_cluster_size-50__min_samples-5__cluster_selection_method-eom,0.8164092669599472
hdbscan__min_cluster_size-30__min_samples-10__cluster_selection_method-eom,hdbscan__min_cluster_size-50__min_samples-5__cluster_selection_method-leaf,0.10493248935067287
hdbscan__min_cluster_size-30__min_samples-10__cluster_selection_method-eom,hdbscan__min_cluster_size-50__min_samples-10__cluster_selection_method-eom,0.8815032524089678
hdbscan__min_cluster_size-30__min_samples-10__cluster_selection_method-eom,hdbscan__min_cluster_size-50__min_samples-10__cluster_selection_method-leaf,0.1427056502469974
hdbscan__min_cluster_size-30__min_samples-10__cluster_selection_method-eom,hdbscan__min_cluster_size-50__min_samples-20__cluster_selection_method-eom,0.8857639043536569
hdbscan__min_cluster_size-30__min_samples-10__cluster_selection_method-eom,hdbscan__min_cluster_size-50__min_samples-20__cluster_selection_method-leaf,0.3501285410368023
hdbscan__min_cluster_size-30__min_samples-10__cluster_selection_method-eom,hdbscan__min_cluster_size-75__min_samples-5__cluster_selection_method-eom,0.8132840211200137
hdbscan__min_cluster_size-30__min_samples-10__cluster_selection_method-eom,hdbscan__min_cluster_size-75__min_samples-5__cluster_selection_method-leaf,0.26032460726511825
hdbscan__min_cluster_size-30__min_samples-10__cluster_selection_method-eom,hdbscan__min_cluster_size-75__min_samples-10__cluster_selection_method-eom,0.8516205704730735
hdbscan__min_cluster_size-30__min_samples-10__cluster_selection_method-eom,hdbscan__min_cluster_size-75__min_samples-10__cluster_selection_method-leaf,0.2941532764464425
hdbscan__min_cluster_size-30__min_samples-10__cluster_selection_method-eom,hdbscan__min_cluster_size-75__min_samples-20__cluster_selection_method-eom,0.8794696074788878
hdbscan__min_cluster_size-30__min_samples-10__cluster_selection_method-eom,hdbscan__min_cluster_size-75__min_samples-20__cluster_selection_method-leaf,0.3908805331772234
hdbscan__min_cluster_size-30__min_samples-10__cluster_selection_method-eom,optics__min_samples-10__xi-0p05__min_cluster_size_frac-0p01,0.12776267324083046
hdbscan__min_cluster_size-30__min_samples-10__cluster_selection_method-eom,optics__min_samples-20__xi-0p05__min_cluster_size_frac-0p01,0.34572398874875554
hdbscan__min_cluster_size-30__min_samples-10__cluster_selection_method-eom,optics__min_samples-30__xi-0p05__min_cluster_size_frac-0p01,0.3828831278861184
hdbscan__min_cluster_size-30__min_samples-10__cluster_selection_method-leaf,hdbscan__min_cluster_size-30__min_samples-20__cluster_selection_method-eom,0.12194944625205498
hdbscan__min_cluster_size-30__min_samples-10__cluster_selection_method-leaf,hdbscan__min_cluster_size-30__min_samples-20__cluster_selection_method-leaf,0.4946656981048333
hdbscan__min_cluster_size-30__min_samples-10__cluster_selection_method-leaf,hdbscan__min_cluster_size-50__min_samples-5__cluster_selection_method-eom,0.13120947286501866
hdbscan__min_cluster_size-30__min_samples-10__cluster_selection_method-leaf,hdbscan__min_cluster_size-50__min_samples-5__cluster_selection_method-leaf,0.3901629868202542
hdbscan__min_cluster_size-30__min_samples-10__cluster_selection_method-leaf,hdbscan__min_cluster_size-50__min_samples-10__cluster_selection_method-eom,0.1277637427491669
hdbscan__min_cluster_size-30__min_samples-10__cluster_selection_method-leaf,hdbscan__min_cluster_size-50__min_samples-10__cluster_selection_method-leaf,0.6682224557612642
hdbscan__min_cluster_size-30__min_samples-10__cluster_selection_method-leaf,hdbscan__min_cluster_size-50__min_samples-20__cluster_selection_method-eom,0.10899282621440316
hdbscan__min_cluster_size-30__min_samples-10__cluster_selection_method-leaf,hdbscan__min_cluster_size-50__min_samples-20__cluster_selection_method-leaf,0.32402628682048934
hdbscan__min_cluster_size-30__min_samples-10__cluster_selection_method-leaf,hdbscan__min_cluster_size-75__min_samples-5__cluster_selection_method-eom,0.12956492903182343
hdbscan__min_cluster_size-30__min_samples-10__cluster_selection_method-leaf,hdbscan__min_cluster_size-75__min_samples-5__cluster_selection_method-leaf,0.22934038432941595
hdbscan__min_cluster_size-30__min_samples-10__cluster_selection_method-leaf,hdbscan__min_cluster_size-75__min_samples-10__cluster_selection_method-eom,0.110907661410449
hdbscan__min_cluster_size-30__min_samples-10__cluster_selection_method-leaf,hdbscan__min_cluster_size-75__min_samples-10__cluster_selection_method-leaf,0.3842125941725458
hdbscan__min_cluster_size-30__min_samples-10__cluster_selection_method-leaf,hdbscan__min_cluster_size-75__min_samples-20__cluster_selection_method-eom,0.10586055721545659
hdbscan__min_cluster_size-30__min_samples-10__cluster_selection_method-leaf,hdbscan__min_cluster_size-75__min_samples-20__cluster_selection_method-leaf,0.25190791988493927
hdbscan__min_cluster_size-30__min_samples-10__cluster_selection_method-leaf,optics__min_samples-10__xi-0p05__min_cluster_size_frac-0p01,0.397587765695941
hdbscan__min_cluster_size-30__min_samples-10__cluster_selection_method-leaf,optics__min_samples-20__xi-0p05__min_cluster_size_frac-0p01,0.2517488085356023
hdbscan__min_cluster_size-30__min_samples-10__cluster_selection_method-leaf,optics__min_samples-30__xi-0p05__min_cluster_size_frac-0p01,0.2390246518431351
hdbscan__min_cluster_size-30__min_samples-20__cluster_selection_method-eom,hdbscan__min_cluster_size-30__min_samples-20__cluster_selection_method-leaf,0.21467307902329855
hdbscan__min_cluster_size-30__min_samples-20__cluster_selection_method-eom,hdbscan__min_cluster_size-50__min_samples-5__cluster_selection_method-eom,0.7661733087622293
hdbscan__min_cluster_size-30__min_samples-20__cluster_selection_method-eom,hdbscan__min_cluster_size-50__min_samples-5__cluster_selection_method-leaf,0.12423787588233773
hdbscan__min_cluster_size-30__min_samples-20__cluster_selection_method-eom,hdbscan__min_cluster_size-50__min_samples-10__cluster_selection_method-eom,0.8293396663402821
hdbscan__min_cluster_size-30__min_samples-20__cluster_selection_method-eom,hdbscan__min_cluster_size-50__min_samples-10__cluster_selection_method-leaf,0.14824792999906
hdbscan__min_cluster_size-30__min_samples-20__cluster_selection_method-eom,hdbscan__min_cluster_size-50__min_samples-20__cluster_selection_method-eom,0.8509755498559768
hdbscan__min_cluster_size-30__min_samples-20__cluster_selection_method-eom,hdbscan__min_cluster_size-50__min_samples-20__cluster_selection_method-leaf,0.36608624370750903
hdbscan__min_cluster_size-30__min_samples-20__cluster_selection_method-eom,hdbscan__min_cluster_size-75__min_samples-5__cluster_selection_method-eom,0.7631303940156575
hdbscan__min_cluster_size-30__min_samples-20__cluster_selection_method-eom,hdbscan__min_cluster_size-75__min_samples-5__cluster_selection_method-leaf,0.2661300288141335
hdbscan__min_cluster_size-30__min_samples-20__cluster_selection_method-eom,hdbscan__min_cluster_size-75__min_samples-10__cluster_selection_method-eom,0.8016135020016023
hdbscan__min_cluster_size-30__min_samples-20__cluster_selection_method-eom,hdbscan__min_cluster_size-75__min_samples-10__cluster_selection_method-leaf,0.29169561330939725
hdbscan__min_cluster_size-30__min_samples-20__cluster_selection_method-eom,hdbscan__min_cluster_size-75__min_samples-20__cluster_selection_method-eom,0.8447806225928884
hdbscan__min_cluster_size-30__min_samples-20__cluster_selection_method-eom,hdbscan__min_cluster_size-75__min_samples-20__cluster_selection_method-leaf,0.4004512877223952
hdbscan__min_cluster_size-30__min_samples-20__cluster_selection_method-eom,optics__min_samples-10__xi-0p05__min_cluster_size_frac-0p01,0.1336922201938303
hdbscan__min_cluster_size-30__min_samples-20__cluster_selection_method-eom,optics__min_samples-20__xi-0p05__min_cluster_size_frac-0p01,0.33761683727842684
hdbscan__min_cluster_size-30__min_samples-20__cluster_selection_method-eom,optics__min_samples-30__xi-0p05__min_cluster_size_frac-0p01,0.3764903878392442
hdbscan__min_cluster_size-30__min_samples-20__cluster_selection_method-leaf,hdbscan__min_cluster_size-50__min_samples-5__cluster_selection_method-eom,0.191918917197867
hdbscan__min_cluster_size-30__min_samples-20__cluster_selection_method-leaf,hdbscan__min_cluster_size-50__min_samples-5__cluster_selection_method-leaf,0.42713367526094015
hdbscan__min_cluster_size-30__min_samples-20__cluster_selection_method-leaf,hdbscan__min_cluster_size-50__min_samples-10__cluster_selection_method-eom,0.19305851573731087
hdbscan__min_cluster_size-30__min_samples-20__cluster_selection_method-leaf,hdbscan__min_cluster_size-50__min_samples-10__cluster_selection_method-leaf,0.49849013332785336
hdbscan__min_cluster_size-30__min_samples-20__cluster_selection_method-leaf,hdbscan__min_cluster_size-50__min_samples-20__cluster_selection_method-eom,0.17661578781287365
hdbscan__min_cluster_size-30__min_samples-20__cluster_selection_method-leaf,hdbscan__min_cluster_size-50__min_samples-20__cluster_selection_method-leaf,0.6080750947931164
hdbscan__min_cluster_size-30__min_samples-20__cluster_selection_method-leaf,hdbscan__min_cluster_size-75__min_samples-5__cluster_selection_method-eom,0.1897934755746907
hdbscan__min_cluster_size-30__min_samples-20__cluster_selection_method-leaf,hdbscan__min_cluster_size-75__min_samples-5__cluster_selection_method-leaf,0.3260013792581551
hdbscan__min_cluster_size-30__min_samples-20__cluster_selection_method-leaf,hdbscan__min_cluster_size-75__min_samples-10__cluster_selection_method-eom,0.17279885085218208
hdbscan__min_cluster_size-30__min_samples-20__cluster_selection_method-leaf,hdbscan__min_cluster_size-75__min_samples-10__cluster_selection_method-leaf,0.3856532227818473
hdbscan__min_cluster_size-30__min_samples-20__cluster_selection_method-leaf,hdbscan__min_cluster_size-75__min_samples-20__cluster_selection_method-eom,0.1725542224069555
hdbscan__min_cluster_size-30__min_samples-20__cluster_selection_method-leaf,hdbscan__min_cluster_size-75__min_samples-20__cluster_selection_method-leaf,0.5101380284783384
hdbscan__min_cluster_size-30__min_samples-20__cluster_selection_method-leaf,optics__min_samples-10__xi-0p05__min_cluster_size_frac-0p01,0.41920903309942315
hdbscan__min_cluster_size-30__min_samples-20__cluster_selection_method-leaf,optics__min_samples-20__xi-0p05__min_cluster_size_frac-0p01,0.3177340501629871
hdbscan__min_cluster_size-30__min_samples-20__cluster_selection_method-leaf,optics__min_samples-30__xi-0p05__min_cluster_size_frac-0p01,0.3107466130673232
hdbscan__min_cluster_size-50__min_samples-5__cluster_selection_method-eom,hdbscan__min_cluster_size-50__min_samples-5__cluster_selection_method-leaf,0.14485780648824675
hdbscan__min_cluster_size-50__min_samples-5__cluster_selection_method-eom,hdbscan__min_cluster_size-50__min_samples-10__cluster_selection_method-eom,0.9232642833285802
hdbscan__min_cluster_size-50__min_samples-5__cluster_selection_method-eom,hdbscan__min_cluster_size-50__min_samples-10__cluster_selection_method-leaf,0.18151449452636745
hdbscan__min_cluster_size-50__min_samples-5__cluster_selection_method-eom,hdbscan__min_cluster_size-50__min_samples-20__cluster_selection_method-eom,0.889852105478987
hdbscan__min_cluster_size-50__min_samples-5__cluster_selection_method-eom,hdbscan__min_cluster_size-50__min_samples-20__cluster_selection_method-leaf,0.4195615074094682
hdbscan__min_cluster_size-50__min_samples-5__cluster_selection_method-eom,hdbscan__min_cluster_size-75__min_samples-5__cluster_selection_method-eom,0.9967415865433077
hdbscan__min_cluster_size-50__min_samples-5__cluster_selection_method-eom,hdbscan__min_cluster_size-75__min_samples-5__cluster_selection_method-leaf,0.3288949272268161
hdbscan__min_cluster_size-50__min_samples-5__cluster_selection_method-eom,hdbscan__min_cluster_size-75__min_samples-10__cluster_selection_method-eom,0.9421981561230952
hdbscan__min_cluster_size-50__min_samples-5__cluster_selection_method-eom,hdbscan__min_cluster_size-75__min_samples-10__cluster_selection_method-leaf,0.35523569667661475
hdbscan__min_cluster_size-50__min_samples-5__cluster_selection_method-eom,hdbscan__min_cluster_size-75__min_samples-20__cluster_selection_method-eom,0.8838596578577476
hdbscan__min_cluster_size-50__min_samples-5__cluster_selection_method-eom,hdbscan__min_cluster_size-75__min_samples-20__cluster_selection_method-leaf,0.46610890679835837
hdbscan__min_cluster_size-50__min_samples-5__cluster_selection_method-eom,optics__min_samples-10__xi-0p05__min_cluster_size_frac-0p01,0.17081665263242085
hdbscan__min_cluster_size-50__min_samples-5__cluster_selection_method-eom,optics__min_samples-20__xi-0p05__min_cluster_size_frac-0p01,0.4172976023244448
hdbscan__min_cluster_size-50__min_samples-5__cluster_selection_method-eom,optics__min_samples-30__xi-0p05__min_cluster_size_frac-0p01,0.45587115886642854
hdbscan__min_cluster_size-50__min_samples-5__cluster_selection_method-leaf,hdbscan__min_cluster_size-50__min_samples-10__cluster_selection_method-eom,0.14113987780403697
hdbscan__min_cluster_size-50__min_samples-5__cluster_selection_method-leaf,hdbscan__min_cluster_size-50__min_samples-10__cluster_selection_method-leaf,0.5363544007402852
hdbscan__min_cluster_size-50__min_samples-5__cluster_selection_method-leaf,hdbscan__min_cluster_size-50__min_samples-20__cluster_selection_method-eom,0.12807873986284649
hdbscan__min_cluster_size-50__min_samples-5__cluster_selection_method-leaf,hdbscan__min_cluster_size-50__min_samples-20__cluster_selection_method-leaf,0.4312646162046623
hdbscan__min_cluster_size-50__min_samples-5__cluster_selection_method-leaf,hdbscan__min_cluster_size-75__min_samples-5__cluster_selection_method-eom,0.14325831407111728
hdbscan__min_cluster_size-50__min_samples-5__cluster_selection_method-leaf,hdbscan__min_cluster_size-75__min_samples-5__cluster_selection_method-leaf,0.5745509697634886
hdbscan__min_cluster_size-50__min_samples-5__cluster_selection_method-leaf,hdbscan__min_cluster_size-75__min_samples-10__cluster_selection_method-eom,0.1337344949574201
hdbscan__min_cluster_size-50__min_samples-5__cluster_selection_method-leaf,hdbscan__min_cluster_size-75__min_samples-10__cluster_selection_method-leaf,0.43715888760601507
hdbscan__min_cluster_size-50__min_samples-5__cluster_selection_method-leaf,hdbscan__min_cluster_size-75__min_samples-20__cluster_selection_method-eom,0.12500430886075936
hdbscan__min_cluster_size-50__min_samples-5__cluster_selection_method-leaf,hdbscan__min_cluster_size-75__min_samples-20__cluster_selection_method-leaf,0.376269433184344
hdbscan__min_cluster_size-50__min_samples-5__cluster_selection_method-leaf,optics__min_samples-10__xi-0p05__min_cluster_size_frac-0p01,0.2569720190053524
hdbscan__min_cluster_size-50__min_samples-5__cluster_selection_method-leaf,optics__min_samples-20__xi-0p05__min_cluster_size_frac-0p01,0.20855108141610054
hdbscan__min_cluster_size-50__min_samples-5__cluster_selection_method-leaf,optics__min_samples-30__xi-0p05__min_cluster_size_frac-0p01,0.23989486344540822
hdbscan__min_cluster_size-50__min_samples-10__cluster_selection_method-eom,hdbscan__min_cluster_size-50__min_samples-10__cluster_selection_method-leaf,0.1892452549022897
hdbscan__min_cluster_size-50__min_samples-10__cluster_selection_method-eom,hdbscan__min_cluster_size-50__min_samples-20__cluster_selection_method-eom,0.9112920617423854
hdbscan__min_cluster_size-50__min_samples-10__cluster_selection_method-eom,hdbscan__min_cluster_size-50__min_samples-20__cluster_selection_method-leaf,0.41214937853215905
hdbscan__min_cluster_size-50__min_samples-10__cluster_selection_method-eom,hdbscan__min_cluster_size-75__min_samples-5__cluster_selection_method-eom,0.9200461415728296
hdbscan__min_cluster_size-50__min_samples-10__cluster_selection_method-eom,hdbscan__min_cluster_size-75__min_samples-5__cluster_selection_method-leaf,0.31700023012113665
hdbscan__min_cluster_size-50__min_samples-10__cluster_selection_method-eom,hdbscan__min_cluster_size-75__min_samples-10__cluster_selection_method-eom,0.967303993688517
hdbscan__min_cluster_size-50__min_samples-10__cluster_selection_method-eom,hdbscan__min_cluster_size-75__min_samples-10__cluster_selection_method-leaf,0.3558096581669815
hdbscan__min_cluster_size-50__min_samples-10__cluster_selection_method-eom,hdbscan__min_cluster_size-75__min_samples-20__cluster_selection_method-eom,0.9051236510809505
hdbscan__min_cluster_size-50__min_samples-10__cluster_selection_method-eom,hdbscan__min_cluster_size-75__min_samples-20__cluster_selection_method-leaf,0.4571297396673479
hdbscan__min_cluster_size-50__min_samples-10__cluster_selection_method-eom,optics__min_samples-10__xi-0p05__min_cluster_size_frac-0p01,0.17049227075480358
hdbscan__min_cluster_size-50__min_samples-10__cluster_selection_method-eom,optics__min_samples-20__xi-0p05__min_cluster_size_frac-0p01,0.4111533986811799
hdbscan__min_cluster_size-50__min_samples-10__cluster_selection_method-eom,optics__min_samples-30__xi-0p05__min_cluster_size_frac-0p01,0.4453180913798369
hdbscan__min_cluster_size-50__min_samples-10__cluster_selection_method-leaf,hdbscan__min_cluster_size-50__min_samples-20__cluster_selection_method-eom,0.1550341511248235
hdbscan__min_cluster_size-50__min_samples-10__cluster_selection_method-leaf,hdbscan__min_cluster_size-50__min_samples-20__cluster_selection_method-leaf,0.47031220096402515
hdbscan__min_cluster_size-50__min_samples-10__cluster_selection_method-leaf,hdbscan__min_cluster_size-75__min_samples-5__cluster_selection_method-eom,0.17972370231635604
hdbscan__min_cluster_size-50__min_samples-10__cluster_selection_method-leaf,hdbscan__min_cluster_size-75__min_samples-5__cluster_selection_method-leaf,0.3940250290009946
hdbscan__min_cluster_size-50__min_samples-10__cluster_selection_method-leaf,hdbscan__min_cluster_size-75__min_samples-10__cluster_selection_method-eom,0.16622759832694067
hdbscan__min_cluster_size-50__min_samples-10__cluster_selection_method-leaf,hdbscan__min_cluster_size-75__min_samples-10__cluster_selection_method-leaf,0.6217773232086546
hdbscan__min_cluster_size-50__min_samples-10__cluster_selection_method-leaf,hdbscan__min_cluster_size-75__min_samples-20__cluster_selection_method-eom,0.1516354235330912
hdbscan__min_cluster_size-50__min_samples-10__cluster_selection_method-leaf,hdbscan__min_cluster_size-75__min_samples-20__cluster_selection_method-leaf,0.3862635421360903
hdbscan__min_cluster_size-50__min_samples-10__cluster_selection_method-leaf,optics__min_samples-10__xi-0p05__min_cluster_size_frac-0p01,0.343275170920089
hdbscan__min_cluster_size-50__min_samples-10__cluster_selection_method-leaf,optics__min_samples-20__xi-0p05__min_cluster_size_frac-0p01,0.24062377765141504
hdbscan__min_cluster_size-50__min_samples-10__cluster_selection_method-leaf,optics__min_samples-30__xi-0p05__min_cluster_size_frac-0p01,0.3027949602058827
hdbscan__min_cluster_size-50__min_samples-20__cluster_selection_method-eom,hdbscan__min_cluster_size-50__min_samples-20__cluster_selection_method-leaf,0.3863511507735382
hdbscan__min_cluster_size-50__min_samples-20__cluster_selection_method-eom,hdbscan__min_cluster_size-75__min_samples-5__cluster_selection_method-eom,0.8866651225350213
hdbscan__min_cluster_size-50__min_samples-20__cluster_selection_method-eom,hdbscan__min_cluster_size-75__min_samples-5__cluster_selection_method-leaf,0.29414196778431584
hdbscan__min_cluster_size-50__min_samples-20__cluster_selection_method-eom,hdbscan__min_cluster_size-75__min_samples-10__cluster_selection_method-eom,0.931655403346906
hdbscan__min_cluster_size-50__min_samples-20__cluster_selection_method-eom,hdbscan__min_cluster_size-75__min_samples-10__cluster_selection_method-leaf,0.32724118697031024
hdbscan__min_cluster_size-50__min_samples-20__cluster_selection_method-eom,hdbscan__min_cluster_size-75__min_samples-20__cluster_selection_method-eom,0.9935364967920975
hdbscan__min_cluster_size-50__min_samples-20__cluster_selection_method-eom,hdbscan__min_cluster_size-75__min_samples-20__cluster_selection_method-leaf,0.42686387737468146
hdbscan__min_cluster_size-50__min_samples-20__cluster_selection_method-eom,optics__min_samples-10__xi-0p05__min_cluster_size_frac-0p01,0.1376868329200085
hdbscan__min_cluster_size-50__min_samples-20__cluster_selection_method-eom,optics__min_samples-20__xi-0p05__min_cluster_size_frac-0p01,0.36681704361220385
hdbscan__min_cluster_size-50__min_samples-20__cluster_selection_method-eom,optics__min_samples-30__xi-0p05__min_cluster_size_frac-0p01,0.4007442063180137
hdbscan__min_cluster_size-50__min_samples-20__cluster_selection_method-leaf,hdbscan__min_cluster_size-75__min_samples-5__cluster_selection_method-eom,0.4171576107113955
hdbscan__min_cluster_size-50__min_samples-20__cluster_selection_method-leaf,hdbscan__min_cluster_size-75__min_samples-5__cluster_selection_method-leaf,0.5895458685920993
hdbscan__min_cluster_size-50__min_samples-20__cluster_selection_method-leaf,hdbscan__min_cluster_size-75__min_samples-10__cluster_selection_method-eom,0.39893788961681464
hdbscan__min_cluster_size-50__min_samples-20__cluster_selection_method-leaf,hdbscan__min_cluster_size-75__min_samples-10__cluster_selection_method-leaf,0.7081174674720933
hdbscan__min_cluster_size-50__min_samples-20__cluster_selection_method-leaf,hdbscan__min_cluster_size-75__min_samples-20__cluster_selection_method-eom,0.38179178151760296
hdbscan__min_cluster_size-50__min_samples-20__cluster_selection_method-leaf,hdbscan__min_cluster_size-75__min_samples-20__cluster_selection_method-leaf,0.8745820658676922
hdbscan__min_cluster_size-50__min_samples-20__cluster_selection_method-leaf,optics__min_samples-10__xi-0p05__min_cluster_size_frac-0p01,0.32198316603404187
hdbscan__min_cluster_size-50__min_samples-20__cluster_selection_method-leaf,optics__min_samples-20__xi-0p05__min_cluster_size_frac-0p01,0.3933975133795442
hdbscan__min_cluster_size-50__min_samples-20__cluster_selection_method-leaf,optics__min_samples-30__xi-0p05__min_cluster_size_frac-0p01,0.4869805545049356
hdbscan__min_cluster_size-75__min_samples-5__cluster_selection_method-eom,hdbscan__min_cluster_size-75__min_samples-5__cluster_selection_method-leaf,0.33376485620702073
hdbscan__min_cluster_size-75__min_samples-5__cluster_selection_method-eom,hdbscan__min_cluster_size-75__min_samples-10__cluster_selection_method-eom,0.9455737309254055
hdbscan__min_cluster_size-75__min_samples-5__cluster_selection_method-eom,hdbscan__min_cluster_size-75__min_samples-10__cluster_selection_method-leaf,0.3603403240569084
hdbscan__min_cluster_size-75__min_samples-5__cluster_selection_method-eom,hdbscan__min_cluster_size-75__min_samples-20__cluster_selection_method-eom,0.8872909703557145
hdbscan__min_cluster_size-75__min_samples-5__cluster_selection_method-eom,hdbscan__min_cluster_size-75__min_samples-20__cluster_selection_method-leaf,0.4702215567346451
hdbscan__min_cluster_size-75__min_samples-5__cluster_selection_method-eom,optics__min_samples-10__xi-0p05__min_cluster_size_frac-0p01,0.1683931023004312
hdbscan__min_cluster_size-75__min_samples-5__cluster_selection_method-eom,optics__min_samples-20__xi-0p05__min_cluster_size_frac-0p01,0.41463389236908116
hdbscan__min_cluster_size-75__min_samples-5__cluster_selection_method-eom,optics__min_samples-30__xi-0p05__min_cluster_size_frac-0p01,0.45318942561267656
hdbscan__min_cluster_size-75__min_samples-5__cluster_selection_method-leaf,hdbscan__min_cluster_size-75__min_samples-10__cluster_selection_method-eom,0.31886537268022125
hdbscan__min_cluster_size-75__min_samples-5__cluster_selection_method-leaf,hdbscan__min_cluster_size-75__min_samples-10__cluster_selection_method-leaf,0.6573823150529748
hdbscan__min_cluster_size-75__min_samples-5__cluster_selection_method-leaf,hdbscan__min_cluster_size-75__min_samples-20__cluster_selection_method-eom,0.30318970470540146
hdbscan__min_cluster_size-75__min_samples-5__cluster_selection_method-leaf,hdbscan__min_cluster_size-75__min_samples-20__cluster_selection_method-leaf,0.6498056566633847
hdbscan__min_cluster_size-75__min_samples-5__cluster_selection_method-leaf,optics__min_samples-10__xi-0p05__min_cluster_size_frac-0p01,0.16210757054799435
hdbscan__min_cluster_size-75__min_samples-5__cluster_selection_method-leaf,optics__min_samples-20__xi-0p05__min_cluster_size_frac-0p01,0.25088987988757216
hdbscan__min_cluster_size-75__min_samples-5__cluster_selection_method-leaf,optics__min_samples-30__xi-0p05__min_cluster_size_frac-0p01,0.3370296908761129
hdbscan__min_cluster_size-75__min_samples-10__cluster_selection_method-eom,hdbscan__min_cluster_size-75__min_samples-10__cluster_selection_method-leaf,0.35067413533706404
hdbscan__min_cluster_size-75__min_samples-10__cluster_selection_method-eom,hdbscan__min_cluster_size-75__min_samples-20__cluster_selection_method-eom,0.935200039817899
hdbscan__min_cluster_size-75__min_samples-10__cluster_selection_method-eom,hdbscan__min_cluster_size-75__min_samples-20__cluster_selection_method-leaf,0.45261233133221956
hdbscan__min_cluster_size-75__min_samples-10__cluster_selection_method-eom,optics__min_samples-10__xi-0p05__min_cluster_size_frac-0p01,0.15012082726409548
hdbscan__min_cluster_size-75__min_samples-10__cluster_selection_method-eom,optics__min_samples-20__xi-0p05__min_cluster_size_frac-0p01,0.3886412428942828
hdbscan__min_cluster_size-75__min_samples-10__cluster_selection_method-eom,optics__min_samples-30__xi-0p05__min_cluster_size_frac-0p01,0.4256765509690755
hdbscan__min_cluster_size-75__min_samples-10__cluster_selection_method-leaf,hdbscan__min_cluster_size-75__min_samples-20__cluster_selection_method-eom,0.3369919750270187
hdbscan__min_cluster_size-75__min_samples-10__cluster_selection_method-leaf,hdbscan__min_cluster_size-75__min_samples-20__cluster_selection_method-leaf,0.6551523263715305
hdbscan__min_cluster_size-75__min_samples-10__cluster_selection_method-leaf,optics__min_samples-10__xi-0p05__min_cluster_size_frac-0p01,0.23774405110308286
hdbscan__min_cluster_size-75__min_samples-10__cluster_selection_method-leaf,optics__min_samples-20__xi-0p05__min_cluster_size_frac-0p01,0.3014711945225734
hdbscan__min_cluster_size-75__min_samples-10__cluster_selection_method-leaf,optics__min_samples-30__xi-0p05__min_cluster_size_frac-0p01,0.38691513225879
hdbscan__min_cluster_size-75__min_samples-20__cluster_selection_method-eom,hdbscan__min_cluster_size-75__min_samples-20__cluster_selection_method-leaf,0.43502220682414544
hdbscan__min_cluster_size-75__min_samples-20__cluster_selection_method-eom,optics__min_samples-10__xi-0p05__min_cluster_size_frac-0p01,0.13312933595669008
hdbscan__min_cluster_size-75__min_samples-20__cluster_selection_method-eom,optics__min_samples-20__xi-0p05__min_cluster_size_frac-0p01,0.3618321260391642
hdbscan__min_cluster_size-75__min_samples-20__cluster_selection_method-eom,optics__min_samples-30__xi-0p05__min_cluster_size_frac-0p01,0.3957305282469038
hdbscan__min_cluster_size-75__min_samples-20__cluster_selection_method-leaf,optics__min_samples-10__xi-0p05__min_cluster_size_frac-0p01,0.29871494038452745
hdbscan__min_cluster_size-75__min_samples-20__cluster_selection_method-leaf,optics__min_samples-20__xi-0p05__min_cluster_size_frac-0p01,0.39671239929109653
hdbscan__min_cluster_size-75__min_samples-20__cluster_selection_method-leaf,optics__min_samples-30__xi-0p05__min_cluster_size_frac-0p01,0.4939639739876352
optics__min_samples-10__xi-0p05__min_cluster_size_frac-0p01,optics__min_samples-20__xi-0p05__min_cluster_size_frac-0p01,0.443638276228188
optics__min_samples-10__xi-0p05__min_cluster_size_frac-0p01,optics__min_samples-30__xi-0p05__min_cluster_size_frac-0p01,0.3863159051577311
optics__min_samples-20__xi-0p05__min_cluster_size_frac-0p01,optics__min_samples-30__xi-0p05__min_cluster_size_frac-0p01,0.676283844170151
