d_llave,clee,nom_est,raz_soc,cve_scian,desc_scian,Descripcion estrato personal ocupado,Tipo de vialidad,Nombre de la vialidad,Tipo de entre vialidad 1,Nombre de entre vialidad 1,Tipo de entre vialidad 2,Nombre de entre vialidad 2,Tipo de entre vialidad 3,Nombre de entre vialidad 3,Numero exterior o kilometro,Letra exterior,Edificio,Edificio Piso,Numero interior,Letra interior,Tipo de asentamiento humano,Nombre de asentamiento humano,Tipo centro comercial,"Corredor industrial, centro comercial o mercado publico",Numero de local,Codigo Postal,Clave entidad,Entidad federativa,Clave municipio,Municipio,cve_loc,localidad,Area geoestadistica basica,Manzana,Numero de telefono,Correo electronico,Sitio en Internet,Tipo de establecimiento,Latitud,Longitud,Fecha de incorporacion al DENUE,coincide_filtro_scian,coincide_filtro_texto,textil,mezclilla,humedo_explicito,lavado_generico,produccion,maquila,proceso_seco_explicito,scian_textil,scian_acabado_humedo,scian_lavanderia,sector_textil,evidencia_hidrica
9769559,21074236221000021000000000U4,MANTENIMIENTO INDUSTRIAL,,236221,"Edificación de inmuebles comerciales y de servicios, excepto la supervisión",0 a 5 personas,CALLE,10 DE SEPTIEMBRE,CALLE,NINGUNO,PRIVADA,DIVISION DEL NORTE,OTRO(ESPECIFIQUE),NINGUNO,,SN,,,2,,COLONIA,SANTA CRUZ,,,,74169,21,PUEBLA,074,Huejotzingo,0029,Santa Ana Xalmimilulco                                                                                        ,0203,059,2221351477,RAULLOPEZR1555@HOTMAIL.COM,,Fijo,19.21972755,-98.38232332,2024-11,False,True,False,False,False,False,True,False,False,False,False,False,REVISAR,SIN_EVIDENCIA
12301257,21074236221000031000000000U3,SERVICIO DE MANTENIMIENTO INDUSTRIAL,,236221,"Edificación de inmuebles comerciales y de servicios, excepto la supervisión",0 a 5 personas,PRIVADA,NINGUNO,CALLE,NINGUNO,PRIVADA,DIVISION DEL NORTE,CALLE,10 DE SEPTIEMBRE,,SN,,,,,COLONIA,SANTA CRUZ,,,,74169,21,PUEBLA,074,Huejotzingo,0029,Santa Ana Xalmimilulco                                                                                        ,0203,059,2221351477,RAULLOPEZR1555@HOTMAIL.COM,,Fijo,19.21970426,-98.38229661,2026-04,False,True,False,False,False,False,True,False,False,False,False,False,REVISAR,SIN_EVIDENCIA
10122585,21074315223000971000000000U0,ALEJANDRO GARITA JUAREZ,DESHEBRADO DE PANTALON,315229,Confección en serie de otra ropa exterior de materiales textiles,0 a 5 personas,CALLE,LOS REYES,CALLE,LA PIEDAD,CALLE,CALLE DEL CARMEN,CALLE,JUAN PIZACO,33,,,,,,LOCALIDAD,SANTA ANA XALMIMILULCO,,,,74169,21,PUEBLA,074,Huejotzingo,0029,Santa Ana Xalmimilulco                                                                                        ,0025,049,,,,Fijo,19.2090004,-98.37746816,2024-11,True,True,True,True,False,False,True,False,True,True,False,False,INCLUIR,REVISAR
11382766,21074315229002732000000000U1,ARTEMIO GARCIA SERRANO,MARQUILLA DE PANTALON,315229,Confección en serie de otra ropa exterior de materiales textiles,6 a 10 personas,CALLEJON,CALLEJON DE LA INDUSTRIA,CALLE,DONATO GUERRA,CALLE,INDEPENDENCIA,CALLE,PROVIDENCIA,3,,,,,,COLONIA,CENTRO,,,,74169,21,PUEBLA,074,Huejotzingo,0029,Santa Ana Xalmimilulco                                                                                        ,0190,007,2482144489,,,Fijo,19.21129201,-98.38151913,2024-11,True,True,True,False,False,False,False,False,False,True,False,False,INCLUIR,SIN_EVIDENCIA
11155463,21074315223000831000000000U6,BODEGA,,315223,Confección en serie de uniformes,0 a 5 personas,CALLE,PRIMERO DE MAYO,PRIVADA,10 DE MAYO,CERRADA,3 DE MAYO,CALLE,16 DE SEPTIEMBRE,,SN,,,,,LOCALIDAD,SANTA ANA XALMIMILULCO,,,,74169,21,PUEBLA,074,Huejotzingo,0029,Santa Ana Xalmimilulco                                                                                        ,0190,031,,,,Fijo,19.21128896,-98.37576557,2024-11,True,False,False,False,False,False,False,False,False,True,False,False,INCLUIR,SIN_EVIDENCIA
11221708,21074315223001071000000000U8,BOLSA TRACERA,,315223,Confección en serie de uniformes,0 a 5 personas,CALLE,RIO XOCHIAC,PRIVADA,NINGUNO,CALLE,PRIMERO DE MAYO,CALLE,CARRIL A DE AGUA SANTA,30,,,,,,LOCALIDAD,SANTA ANA XALMIMILULCO,,,,74169,21,PUEBLA,074,Huejotzingo,0029,Santa Ana Xalmimilulco                                                                                        ,0190,025,,,,Fijo,19.2130382,-98.37426874,2024-11,True,False,False,False,False,False,False,False,False,True,False,False,INCLUIR,SIN_EVIDENCIA
9926222,21074314991000291000000000U6,BORDADO,,314991,"Confección, bordado y deshilado de productos textiles",0 a 5 personas,CALLE,MELCHOR OCAMPO,CALLE,PRIMAVERA,CALLE,REAL DE LA POSTA,CALLE,RIO XOCHIAC,12,,,,,,LOCALIDAD,SANTA ANA XALMIMILULCO,,,,74169,21,PUEBLA,074,Huejotzingo,0029,Santa Ana Xalmimilulco                                                                                        ,0203,007,2271155752,,,Fijo,19.2169657,-98.37573714,2024-11,True,True,True,False,False,False,True,False,True,True,False,False,INCLUIR,SIN_EVIDENCIA
9827043,21074314991000301000000000U3,BORDADO DE SERVILLETAS,,314991,"Confección, bordado y deshilado de productos textiles",0 a 5 personas,CALLE,CARRIL A DE AGUA SANTA,PRIVADA,GUADALUPE,CALLE,PRIMERO DE MAYO,CALLE,PRIMERO DE MAYO,,SN,,,,,LOCALIDAD,SANTA ANA XALMIMILULCO,,,,74169,21,PUEBLA,074,Huejotzingo,0029,Santa Ana Xalmimilulco                                                                                        ,0190,025,2224857048,,,Fijo,19.20957455,-98.37465899,2024-11,True,True,True,False,False,False,True,False,True,True,False,False,INCLUIR,SIN_EVIDENCIA
10178860,21074314991000321000000000U1,BORDADORA SIN NOMBRE,,314991,"Confección, bordado y deshilado de productos textiles",0 a 5 personas,CALLE,RAFAEL ESPINOSA FLORES,CALLE,PORFIRIO DIAZ,CALLE,AQUILES SERDAN SUR,PRIVADA,CHAPULTEPEC,,SN,,,,,LOCALIDAD,SANTA ANA XALMIMILULCO,,,,74169,21,PUEBLA,074,Huejotzingo,0029,Santa Ana Xalmimilulco                                                                                        ,0025,017,,,,Fijo,19.20481154,-98.38520812,2024-11,True,False,False,False,False,False,False,False,False,True,False,False,INCLUIR,SIN_EVIDENCIA
11137575,21074314991000311000000000U2,BORDADOS,,314991,"Confección, bordado y deshilado de productos textiles",0 a 5 personas,CALLE,16 DE SEPTIEMBRE,CALLE,IXTACUIXTLA NORTE,CALLE,ZARAGOZA,CALLE,IXTACUIXTLA NORTE,,SN,,,,,LOCALIDAD,SANTA ANA XALMIMILULCO,,,,74169,21,PUEBLA,074,Huejotzingo,0029,Santa Ana Xalmimilulco                                                                                        ,0190,020,2482252082,,,Fijo,19.21195405,-98.37814439,2024-11,True,True,True,False,False,False,True,False,True,True,False,False,INCLUIR,SIN_EVIDENCIA
8559589,21074315229001541001000000U7,BORDADOS SOLIS,,314991,"Confección, bordado y deshilado de productos textiles",11 a 30 personas,PROLONGACION,RAFAEL SERRANO,CALLE,EL VOLCAN,CALLE,AQUILES SERDAN SUR,CALLEJON,VOLCANCITO,,SN,,,,,COLONIA,SAN ANTONIO,,,,74169,21,PUEBLA,074,Huejotzingo,0029,Santa Ana Xalmimilulco                                                                                        ,0025,037,2271093430,,,Fijo,19.20792287,-98.3850324,2019-11,True,True,True,False,False,False,True,False,True,True,False,False,INCLUIR,SIN_EVIDENCIA
11073004,21074315229002751000000000U1,CORTE DE PANTALON,,315229,Confección en serie de otra ropa exterior de materiales textiles,0 a 5 personas,PRIVADA,MAGNOLIA,CALLE,INDUSTRIA,CALLE,16 DE SEPTIEMBRE,CALLE,ZARAGOZA,3,,,,,,COLONIA,CENTRO,,,,74169,21,PUEBLA,074,Huejotzingo,0029,Santa Ana Xalmimilulco                                                                                        ,0190,014,2271064993,,,Fijo,19.21128246,-98.38003737,2024-11,True,True,True,False,False,False,True,False,True,True,False,False,INCLUIR,SIN_EVIDENCIA
3326123,21074314991000161011000000U1,CORTE DE PANTALON SIN NOMBRE,,315229,Confección en serie de otra ropa exterior de materiales textiles,6 a 10 personas,CALLE,BENITO JUAREZ,CALLE,ALAMOS,PRIVADA,EX-HACIENDA DE ARRIBA,CALLE,FRONTERA,4,,,,,,LOCALIDAD,SANTA ANA XALMIMILULCO,,,,74169,21,PUEBLA,074,Huejotzingo,0029,Santa Ana Xalmimilulco                                                                                        ,0190,035,2271250290,,,Fijo,19.21366359,-98.3881916,2014-12,True,True,True,False,False,False,True,False,True,True,False,False,INCLUIR,SIN_EVIDENCIA
10939082,21074315223001191000000000U4,CREACIONES MARY,,315223,Confección en serie de uniformes,0 a 5 personas,CALLE,REFORMA,CALLE,VIOLETAS PONIENTE,CALLE,MORELOS,CALLE,MELCHOR OCAMPO,,SN,,,,,PUEBLO,SANTA ANA XALMIMINULCO,,,,74169,21,PUEBLA,074,Huejotzingo,0029,Santa Ana Xalmimilulco                                                                                        ,0190,009,2271056957,,,Fijo,19.21147172,-98.38285654,2024-11,True,False,False,False,False,False,False,False,False,True,False,False,INCLUIR,SIN_EVIDENCIA
3326133,21074315229001451000000000U9,DESEBRADO DE BLUSA SIN NOMBRE,,315229,Confección en serie de otra ropa exterior de materiales textiles,0 a 5 personas,PRIVADA,DOMINGO ARENAS,CALLE,EL REBOZO,CALLE,ADOLFO LOPEZ MATEOS,CALLE,VIOLETAS PONIENTE,52,,,,,,LOCALIDAD,SANTA ANA XALMIMILULCO,,,,74169,21,PUEBLA,074,Huejotzingo,0029,Santa Ana Xalmimilulco                                                                                        ,0190,021,2271093445,,,Fijo,19.2125903,-98.38502297,2014-12,True,True,True,True,False,False,True,False,True,True,False,False,INCLUIR,REVISAR
8089451,21074315229001901000000000U3,DESEBRADORA SIN NOMBRE,,315229,Confección en serie de otra ropa exterior de materiales textiles,0 a 5 personas,CALLE,SAN ISIDRO,CALLE,IXTACUIXTLA SUR,CALLE,PORFIRIO DIAZ,CALLE,ADOLFO LOPEZ MATEOS,25,,,,,,LOCALIDAD,SANTA ANA XALMIMILULCO,,,,74169,21,PUEBLA,074,Huejotzingo,0029,Santa Ana Xalmimilulco                                                                                        ,0167,006,,,,Fijo,19.20447416,-98.38030722,2019-11,True,False,False,False,False,False,False,False,False,True,False,False,INCLUIR,SIN_EVIDENCIA
11539121,21074315223000781000000000U3,DESHEBRA PANTALONES,,315229,Confección en serie de otra ropa exterior de materiales textiles,0 a 5 personas,PRIVADA,DIVISION DEL NORTE,CALLE,DIVISION DEL NORTE,CALLE,10 DE SEPTIEMBRE,PRIVADA,NINGUNO,,SN,,,,,COLONIA,SANTA CRUZ,,,,74169,21,PUEBLA,074,Huejotzingo,0029,Santa Ana Xalmimilulco                                                                                        ,0203,059,2271121709,,,Fijo,19.21983429,-98.38307406,2024-11,True,False,False,False,False,False,False,False,False,True,False,False,INCLUIR,SIN_EVIDENCIA
9645802,21074315223001251000000000U6,DESHEBRADO,DESHEBRADO DE PANTALON,315229,Confección en serie de otra ropa exterior de materiales textiles,0 a 5 personas,CALLE,NIÑO PERDIDO,PRIVADA,NINGUNO,CALLE,LINDA VISTA,CALLE,SANTA CRUZ,1,,,,,,COLONIA,SANTA CRUZ,,,,74169,21,PUEBLA,074,Huejotzingo,0029,Santa Ana Xalmimilulco                                                                                        ,0203,010,2481769980,,,Fijo,19.21790672,-98.37946319,2024-11,True,True,True,True,False,False,True,False,True,True,False,False,INCLUIR,REVISAR
7742908,21074311830001391110000000U6,DESHEBRADO,,315229,Confección en serie de otra ropa exterior de materiales textiles,0 a 5 personas,CALLE,REAL DE LA POSTA,PRIVADA,NINGUNO,PRIVADA,NINGUNO,CALLE,SAN ANGEL,,SN,,,,,LOCALIDAD,SANTA ANA XALMIMILULCO,,,,74169,21,PUEBLA,074,Huejotzingo,0029,Santa Ana Xalmimilulco                                                                                        ,0203,002,2271457140,,,Fijo,19.21997081,-98.37473248,2019-11,True,True,True,True,False,False,True,False,True,True,False,False,INCLUIR,REVISAR
11530961,21074315223000342000000000U4,DESHEBRADO,,315229,Confección en serie de otra ropa exterior de materiales textiles,6 a 10 personas,PRIVADA,NINGUNO,CALLE,MELCHOR OCAMPO,CALLE,SAN RAFAEL,CALLE,MELCHOR OCAMPO,35,,,,,,LOCALIDAD,CUARTA SECCION,,,,74169,21,PUEBLA,074,Huejotzingo,0029,Santa Ana Xalmimilulco                                                                                        ,0203,026,2481000897,,,Fijo,19.2133537,-98.37415935,2024-11,True,True,True,True,False,False,True,False,True,True,False,False,INCLUIR,REVISAR
8118934,21074315229002071000000000U4,DESHEBRADO,,315229,Confección en serie de otra ropa exterior de materiales textiles,0 a 5 personas,CALLE,NINGUNO,CALLE,DOMINGO ARENAS,CALLE,VIOLETAS PONIENTE,CALLE,REFORMA,1,,,,,,PUEBLO,SANTA ANA XALMIMINULCO,,,,74169,21,PUEBLA,074,Huejotzingo,0029,Santa Ana Xalmimilulco                                                                                        ,0190,009,2271124857,,,Fijo,19.21184171,-98.38357506,2019-11,True,True,True,True,False,False,True,False,True,True,False,False,INCLUIR,REVISAR
10965648,21074315223000881000000000U1,DESHEBRADO,,315229,Confección en serie de otra ropa exterior de materiales textiles,0 a 5 personas,CALLE,TEYUCA,PRIVADA,NINGUNO,PRIVADA,NINGUNO,CALLE,SAUCE,,SN,,,,,COLONIA,GUADALUPE,,,,74169,21,PUEBLA,074,Huejotzingo,0029,Santa Ana Xalmimilulco                                                                                        ,0203,033,,,,Fijo,19.21811505,-98.37231129,2024-11,True,True,True,True,False,False,True,False,True,True,False,False,INCLUIR,REVISAR
11304210,21074315223000561000000000U9,DESHEBRADO,,315229,Confección en serie de otra ropa exterior de materiales textiles,0 a 5 personas,PRIVADA,PRIVADA DE LA GLORIA,CALLE,LOS REYES,CALLE,GLORIA,CALLE,NINGUNO,1,,,,,,LOCALIDAD,SANTA ANA XALMIMILULCO,,,,74169,21,PUEBLA,074,Huejotzingo,0029,Santa Ana Xalmimilulco                                                                                        ,0025,052,,,,Fijo,19.20863774,-98.37699365,2024-11,True,True,True,True,False,False,True,False,True,True,False,False,INCLUIR,REVISAR
11031066,21074315223000271000000000U5,DESHEBRADO,,315229,Confección en serie de otra ropa exterior de materiales textiles,0 a 5 personas,CALLE,NINGUNO,CALLE,TEYUCA,CALLE,SAUCE,CALLE,JUAN DE LA BARRERA,,SN,,,,,LOCALIDAD,SANTA ANA XALMIMILULCO,,,,74169,21,PUEBLA,074,Huejotzingo,0029,Santa Ana Xalmimilulco                                                                                        ,0203,035,2212673866,,,Fijo,19.2132786,-98.36913525,2024-11,True,True,True,True,False,False,True,False,True,True,False,False,INCLUIR,REVISAR
9590208,21074315223001201000000000U1,DESHEBRADO DE PANTALON,,315229,Confección en serie de otra ropa exterior de materiales textiles,0 a 5 personas,CALLE,CONCEPCION,CALLE,SAN ANGEL,CALLE,LINDA VISTA,CALLE,LA MERCED,3,,,,,,COLONIA,SANTA CRUZ,,,,74169,21,PUEBLA,074,Huejotzingo,0029,Santa Ana Xalmimilulco                                                                                        ,0203,005,2271161775,,,Fijo,19.21873841,-98.3777512,2024-11,True,True,True,True,False,False,True,False,True,True,False,False,INCLUIR,REVISAR
8776861,21074461110008371010000000U6,DESHEBRADO DE PANTALON,,315229,Confección en serie de otra ropa exterior de materiales textiles,0 a 5 personas,CALLE,GLORIA,CALLE,NINGUNO,CALLE,IXTACUIXTLA NORTE,CALLE,REAL DE PUEBLA,89,,,,,,LOCALIDAD,SANTA ANA XALMIMILULCO,,,,74169,21,PUEBLA,074,Huejotzingo,0029,Santa Ana Xalmimilulco                                                                                        ,0025,032,,,,Fijo,19.20787139,-98.37602851,2019-11,True,True,True,True,False,False,True,False,True,True,False,False,INCLUIR,REVISAR
10830903,21074315229002621000000000U6,DESHEBRADO DE PANTALON,,315229,Confección en serie de otra ropa exterior de materiales textiles,0 a 5 personas,PRIVADA,DOMINGO ARENAS,CALLE,AQUILES SERDAN SUR,CALLE,NOGALES,CALLE,AQUILES SERDAN SUR,45,,,,,,LOCALIDAD,SANTA ANA XALMIMILULCO,,,,74169,21,PUEBLA,074,Huejotzingo,0029,Santa Ana Xalmimilulco                                                                                        ,0025,030,,,,Fijo,19.21134481,-98.3856217,2024-11,True,True,True,True,False,False,True,False,True,True,False,False,INCLUIR,REVISAR
10966285,21074315223001301000000000U9,DESHEBRADO DE PANTALON,,315229,Confección en serie de otra ropa exterior de materiales textiles,0 a 5 personas,CALLE,GLORIA,CALLE,NINGUNO,CALLE,IXTACUIXTLA NORTE,CALLE,REAL DE PUEBLA,21,,,,,,LOCALIDAD,SANTA ANA XALMIMILULCO,,,,74169,21,PUEBLA,074,Huejotzingo,0029,Santa Ana Xalmimilulco                                                                                        ,0025,032,,,,Fijo,19.20761424,-98.37519692,2024-11,True,True,True,True,False,False,True,False,True,True,False,False,INCLUIR,REVISAR
9566007,21074315223001311000000000U8,DESHEBRADO DE PANTALON,,315229,Confección en serie de otra ropa exterior de materiales textiles,0 a 5 personas,CALLE,GLORIA,CALLE,NINGUNO,CALLE,IXTACUIXTLA NORTE,CALLE,REAL DE PUEBLA,,SN,,,,,LOCALIDAD,SANTA ANA XALMIMILULCO,,,,74169,21,PUEBLA,074,Huejotzingo,0029,Santa Ana Xalmimilulco                                                                                        ,0025,032,,,,Fijo,19.20777613,-98.37572813,2024-11,True,True,True,True,False,False,True,False,True,True,False,False,INCLUIR,REVISAR
8271528,21074315229001641000000000U5,DESHEBRADO DE PANTALON SIN NOMBRE,,315229,Confección en serie de otra ropa exterior de materiales textiles,0 a 5 personas,CALLE,XICOHTENCATL,CALLE,REAL DE PUEBLA,CALLE,PALMA,CALLE,PORFIRIO DIAZ,18,,,,,,COLONIA,CENTRO,,,,74169,21,PUEBLA,074,Huejotzingo,0029,Santa Ana Xalmimilulco                                                                                        ,0025,011,,,,Fijo,19.20887583,-98.38169434,2019-11,True,True,True,True,False,False,True,False,True,True,False,False,INCLUIR,REVISAR
8088969,21074315229001661000000000U3,DESHEBRADO DE PANTALON SIN NOMBRE,,315229,Confección en serie de otra ropa exterior de materiales textiles,0 a 5 personas,CALLE,CORREGIDORA,CALLE,CARRIL A DE AGUA SANTA,CALLE,LOS REYES,PRIVADA,LIBERTAD,,SN,,,,,LOCALIDAD,SANTA ANA XALMIMILULCO,,,,74169,21,PUEBLA,074,Huejotzingo,0029,Santa Ana Xalmimilulco                                                                                        ,0025,065,,,,Fijo,19.20847206,-98.37541144,2019-11,True,True,True,True,False,False,True,False,True,True,False,False,INCLUIR,REVISAR
10483301,21074315229002461000000000U7,DESHEBRADO DE PANTALON SIN NOMBRE,,315229,Confección en serie de otra ropa exterior de materiales textiles,0 a 5 personas,PRIVADA,CIELITO LINDO,PRIVADA,NINGUNO,PRIVADA,GUADALUPE,PRIVADA,GUADALUPE,20,,,,,,COLONIA,SANTA ANA XALMIMILULCO,,,,74169,21,PUEBLA,074,Huejotzingo,0029,Santa Ana Xalmimilulco                                                                                        ,0025,033,,,,Fijo,19.20732028,-98.38949209,2024-11,True,True,True,True,False,False,True,False,True,True,False,False,INCLUIR,REVISAR
11197761,21074315223000481000000000U0,DESHEBRADO DE PANTALON SIN NOMBRE,,315229,Confección en serie de otra ropa exterior de materiales textiles,0 a 5 personas,CALLE,RAFAEL ESPINOSA FLORES,CALLE,AQUILES SERDAN SUR,CALLE,PORFIRIO DIAZ,CALLE,JUQUILA,151,,,,,,LOCALIDAD,SANTA ANA XALMIMILULCO,,,,74169,21,PUEBLA,074,Huejotzingo,0029,Santa Ana Xalmimilulco                                                                                        ,0167,004,2212925278,,,Fijo,19.2046455,-98.38502971,2024-11,True,True,True,True,False,False,True,False,True,True,False,False,INCLUIR,REVISAR
8089385,21074315229001861000000000U9,DESHEBRADO SIN NOMBRE,,315229,Confección en serie de otra ropa exterior de materiales textiles,0 a 5 personas,PRIVADA,PRIVADA DEL VOLCAN,CALLE,SAN ANTONIO,CALLEJON,VOLCANCITO,CALLE,AQUILES SERDAN SUR,7,,,,,,COLONIA,SAN ANTONIO,,,,74169,21,PUEBLA,074,Huejotzingo,0029,Santa Ana Xalmimilulco                                                                                        ,0025,046,,,,Fijo,19.20865442,-98.38539493,2019-11,True,True,True,True,False,False,True,False,True,True,False,False,INCLUIR,REVISAR
10947392,21074315229002491000000000U4,DESHEBRADORA,,315229,Confección en serie de otra ropa exterior de materiales textiles,0 a 5 personas,BOULEVARD,RIO XOCHIAC,PRIVADA,RIO XOCHIAC,CALLEJON,SAN MARTIN,CALLEJON,SAN MARTIN,7,,,,,,PUEBLO,SANTA ANA XALMIMINULCO,,,,74169,21,PUEBLA,074,Huejotzingo,0029,Santa Ana Xalmimilulco                                                                                        ,0190,011,,,,Fijo,19.21487181,-98.38317009,2024-11,True,False,False,False,False,False,False,False,False,True,False,False,INCLUIR,SIN_EVIDENCIA
3326283,21074461190000381010000000U5,DISEÑO DE ROPA A LA MEDIDA,,315225,Confección de prendas de vestir sobre medida,0 a 5 personas,CALLE,SAN ANTONIO,CALLE,AQUILES SERDAN SUR,CALLE,CAMINO REAL SAN MATEO,CALLE,MUCIO MARTINEZ,8,,,,,,COLONIA,SAN ANTONIO,,,,74169,21,PUEBLA,074,Huejotzingo,0029,Santa Ana Xalmimilulco                                                                                        ,0025,019,,,,Fijo,19.20923132,-98.38722989,2014-12,True,True,True,False,False,False,False,False,False,True,False,False,INCLUIR,SIN_EVIDENCIA
10275055,21074315223000151000000000U9,ELABORACION DE FALDA ESCOLAR,,315223,Confección en serie de uniformes,0 a 5 personas,BOULEVARD,RIO XOCHIAC,CALLE,REAL DE LA POSTA,CALLE,GRIJALVA,CALLE,SANTA CRUZ,,SN,,,,,LOCALIDAD,SANTA ANA XALMIMILULCO,,,,74169,21,PUEBLA,074,Huejotzingo,0029,Santa Ana Xalmimilulco                                                                                        ,0203,038,2271165155,,,Fijo,19.21427257,-98.37722516,2024-11,True,True,False,False,False,False,True,False,False,True,False,False,INCLUIR,SIN_EVIDENCIA
11643132,21074311812000691000000000U8,ELABORACION DE PAN,,311812,Panificación tradicional,0 a 5 personas,PRIVADA,NINGUNO,CALLE,RIO XOCHIAC,PRIVADA,NINGUNO,CALLE,REAL DE LA POSTA,,SN,,,,,LOCALIDAD,SANTA ANA XALMIMILULCO,,,,74169,21,PUEBLA,074,Huejotzingo,0029,Santa Ana Xalmimilulco                                                                                        ,0203,007,,,,Fijo,19.21482302,-98.37576016,2024-11,False,True,False,False,False,False,True,False,False,False,False,False,REVISAR,SIN_EVIDENCIA
8776952,21074315229002131001000000U6,ELABORACION DE PANTALON,,315229,Confección en serie de otra ropa exterior de materiales textiles,6 a 10 personas,CALLE,REAL DE LA POSTA,CALLE,SANTA CRUZ,BOULEVARD,RIO XOCHIAC,CALLE,GRIJALVA,,SN,,,,,LOCALIDAD,SANTA ANA XALMIMILULCO,,,,74169,21,PUEBLA,074,Huejotzingo,0029,Santa Ana Xalmimilulco                                                                                        ,0203,038,,,,Fijo,19.21459216,-98.37712277,2019-11,True,True,True,False,False,False,True,False,False,True,False,False,INCLUIR,SIN_EVIDENCIA
11119679,21074315223000201000000000U2,ELABORACION DE PANTALON,,315229,Confección en serie de otra ropa exterior de materiales textiles,0 a 5 personas,CALLE,PRIMERO DE MAYO,PRIVADA,PRIVADA DE IXTACUIXTLA,CALLE,JUAN PIZACO,CALLE,IXTACUIXTLA NORTE,,SN,,,,,LOCALIDAD,SANTA ANA XALMIMILULCO,,,,74169,21,PUEBLA,074,Huejotzingo,0029,Santa Ana Xalmimilulco                                                                                        ,0190,038,2271125315,,,Fijo,19.21075,-98.37597872,2024-11,True,True,True,False,False,False,True,False,False,True,False,False,INCLUIR,SIN_EVIDENCIA
10382850,21074314991000261000000000U9,GILCERJEANS,,314991,"Confección, bordado y deshilado de productos textiles",0 a 5 personas,CALLE,MAGNOLIA,PRIVADA,MAGNOLIA,CALLE,INDUSTRIA,CALLE,ZARAGOZA,,SN,,,,,COLONIA,CENTRO,,,,74169,21,PUEBLA,074,Huejotzingo,0029,Santa Ana Xalmimilulco                                                                                        ,0190,014,2271004885,GILCERJAES@GMAIL.COM,,Fijo,19.21177368,-98.38001572,2024-11,True,False,False,False,False,False,False,False,False,True,False,False,INCLUIR,SIN_EVIDENCIA
3538483,21074315229001255003000000U4,HERA APPAREL,HERA APPAREL,315229,Confección en serie de otra ropa exterior de materiales textiles,51 a 100 personas,OTRO(ESPECIFIQUE),PORFIRIO DÍAZ,CALLE,NUEVO MÉXICO,OTRO(ESPECIFIQUE),ARROYO,OTRO(ESPECIFIQUE),ARROYO,,SN,,,,,COLONIA,SANTA ANA XALMIMILULCO,,,,74169,21,PUEBLA,074,Huejotzingo,0029,Santa Ana Xalmimilulco                                                                                        ,0167,016,,MARTIN.JUAREZ@HERA.COM.MX,,Fijo,19.19542489,-98.38726817,2010-07,True,False,False,False,False,False,False,False,False,True,False,False,INCLUIR,SIN_EVIDENCIA
10262715,21074313310000111000000000U0,IMPRESOS EN SERVILLETAS PARA RECUERDO,,313310,Acabado de productos textiles,0 a 5 personas,CALLE,MAGNOLIA,CALLE,INDUSTRIA,CALLE,PROVIDENCIA,CALLE,DONATO GUERRA,4,,,,,,COLONIA,CENTRO,,,,74169,21,PUEBLA,074,Huejotzingo,0029,Santa Ana Xalmimilulco                                                                                        ,0190,002,2484922581,,,Fijo,19.21216914,-98.38222036,2024-11,True,False,False,False,False,False,False,False,False,True,True,False,INCLUIR,SI
9706371,21074315229002251000000000U2,JAVIER SANDOVAL CORDERO,,315229,Confección en serie de otra ropa exterior de materiales textiles,0 a 5 personas,CALLE,MAGNOLIA,CALLE,INDUSTRIA,CALLE,PROVIDENCIA,CALLE,DONATO GUERRA,7,,,,,,COLONIA,CENTRO,,,,74169,21,PUEBLA,074,Huejotzingo,0029,Santa Ana Xalmimilulco                                                                                        ,0190,002,2271161968,,,Fijo,19.21211572,-98.38189756,2024-11,True,False,False,False,False,False,False,False,False,True,False,False,INCLUIR,SIN_EVIDENCIA
3428321,21074812210000051011000000U6,LAVANDERIA Y TERMINADOS G C,,313310,Acabado de productos textiles,6 a 10 personas,CALLE,MAGNOLIA,CALLE,16 DE SEPTIEMBRE,CALLE,INDUSTRIA,PRIVADA,16 DE SEPTIEMBRE,5,,,,0,A,COLONIA,CENTRO,,,,74169,21,PUEBLA,074,Huejotzingo,0029,Santa Ana Xalmimilulco                                                                                        ,0190,013,2481631503,TERMINADOS.GC@HOTMAIL.COM,,Fijo,19.21176794,-98.37981608,2010-07,True,True,False,False,False,True,False,False,False,True,True,False,INCLUIR,SI
10724349,21074315229002943000000000U4,LIDER CORDOBA,,315229,Confección en serie de otra ropa exterior de materiales textiles,11 a 30 personas,CALLE,ALDAMA,CALLE,CRUZ DE PIEDRA,CALLE,REFORMA,CALLE,VICTORIA,4,,,,,,PUEBLO,SANTA ANA XALMIMINULCO,,,,74169,21,PUEBLA,074,Huejotzingo,0029,Santa Ana Xalmimilulco                                                                                        ,0025,022,2272766826,,,Fijo,19.21018665,-98.3815298,2024-11,True,False,False,False,False,False,False,False,False,True,False,False,INCLUIR,SIN_EVIDENCIA
9747796,21074313220000011000000000U3,MANUFACTURA DE ETIQUETA EN PIEL,,313220,Fabricación de telas angostas de tejido de trama y pasamanería,0 a 5 personas,CALLE,NINGUNO,CALLE,TEYUCA,CALLE,SAUCE,CALLE,LAS MANZANAS,312,,,,,,COLONIA,GUADALUPE,,,,74169,21,PUEBLA,074,Huejotzingo,0029,Santa Ana Xalmimilulco                                                                                        ,0203,013,,,,Fijo,19.21958272,-98.37372357,2024-11,True,True,False,False,False,False,True,False,False,True,False,False,INCLUIR,SIN_EVIDENCIA
9655873,21074315223001062000000000U7,MAQUILA,,315229,Confección en serie de otra ropa exterior de materiales textiles,6 a 10 personas,CALLE,PRIMAVERA,CALLE,MELCHOR OCAMPO,CALLE,RIO XOCHIAC,PRIVADA,NINGUNO,3,,,,,,LOCALIDAD,SANTA ANA XALMIMILULCO,,,,74169,21,PUEBLA,074,Huejotzingo,0029,Santa Ana Xalmimilulco                                                                                        ,0203,007,2226661255,,,Fijo,19.21438499,-98.37565683,2024-11,True,True,False,False,False,False,False,True,False,True,False,False,INCLUIR,SIN_EVIDENCIA
11676707,21074315229002371000000000U8,MAQUILA,,315229,Confección en serie de otra ropa exterior de materiales textiles,0 a 5 personas,CALLE,PROVIDENCIA,CALLEJON,PROVIDENCIA,BOULEVARD,RIO XOCHIAC,PRIVADA,PRIVADA DEL REFUGIO,31,,,,,,PUEBLO,SANTA ANA XALMIMINULCO,,,,74169,21,PUEBLA,074,Huejotzingo,0029,Santa Ana Xalmimilulco                                                                                        ,0190,005,,,,Fijo,19.21329958,-98.38218431,2024-11,True,True,False,False,False,False,False,True,False,True,False,False,INCLUIR,SIN_EVIDENCIA
11528292,21074315229002771000000000U9,MAQUILA,,315229,Confección en serie de otra ropa exterior de materiales textiles,0 a 5 personas,CALLE,CALLE DEL REFUGIO,PRIVADA,NINGUNO,BOULEVARD,RIO XOCHIAC,PRIVADA,NINGUNO,27,,,,,,PUEBLO,SANTA ANA XALMIMINULCO,,,,74169,21,PUEBLA,074,Huejotzingo,0029,Santa Ana Xalmimilulco                                                                                        ,0203,018,,,,Fijo,19.21564625,-98.38248143,2024-11,True,True,False,False,False,False,False,True,False,True,False,False,INCLUIR,SIN_EVIDENCIA
11515213,21074315229002431000000000U0,MAQUILA,,315229,Confección en serie de otra ropa exterior de materiales textiles,0 a 5 personas,CALLE,PROVIDENCIA,CALLEJON,PROVIDENCIA,BOULEVARD,RIO XOCHIAC,PRIVADA,PRIVADA DEL REFUGIO,43,,,,,,PUEBLO,SANTA ANA XALMIMINULCO,,,,74169,21,PUEBLA,074,Huejotzingo,0029,Santa Ana Xalmimilulco                                                                                        ,0190,005,2229104142,,,Fijo,19.21438074,-98.38184779,2024-11,True,True,False,False,False,False,False,True,False,True,False,False,INCLUIR,SIN_EVIDENCIA
11461415,21074315223000462000000000U0,MAQUILA,,315223,Confección en serie de uniformes,6 a 10 personas,CALLE,CIPRES,CALLE,SAUCE,CALLE,MELCHOR OCAMPO,CALLE,10 DE MAYO,,SN,,,,,COLONIA,GUADALUPE,,,,74169,21,PUEBLA,074,Huejotzingo,0029,Santa Ana Xalmimilulco                                                                                        ,0203,040,2271345303,,,Fijo,19.21672944,-98.37449609,2024-11,True,True,False,False,False,False,False,True,False,True,False,False,INCLUIR,SIN_EVIDENCIA
11666606,21074315229002781000000000U8,MAQUILA,,315229,Confección en serie de otra ropa exterior de materiales textiles,0 a 5 personas,CALLE,CALLE DEL REFUGIO,PRIVADA,NINGUNO,BOULEVARD,RIO XOCHIAC,PRIVADA,NINGUNO,43,,,,,,PUEBLO,SANTA ANA XALMIMINULCO,,,,74169,21,PUEBLA,074,Huejotzingo,0029,Santa Ana Xalmimilulco                                                                                        ,0203,018,,,,Fijo,19.21546558,-98.38252194,2024-11,True,True,False,False,False,False,False,True,False,True,False,False,INCLUIR,SIN_EVIDENCIA
8089321,21074313310000081010000000U5,MAQUILA,,315229,Confección en serie de otra ropa exterior de materiales textiles,0 a 5 personas,CALLE,SANTA CRUZ,CALLE,REAL DE LA POSTA,CALLE,SAN ANGEL,CALLE,JESUS MARIA,18,,,,,,LOCALIDAD,SANTA ANA XALMIMILULCO,,,,74169,21,PUEBLA,074,Huejotzingo,0029,Santa Ana Xalmimilulco                                                                                        ,0203,009,,,,Fijo,19.21608849,-98.37809192,2019-11,True,True,False,False,False,False,False,True,False,True,False,False,INCLUIR,SIN_EVIDENCIA
10821911,21074315223000231000000000U9,MAQUILA,,315223,Confección en serie de uniformes,0 a 5 personas,CALLE,SAUCE,CALLE,10 DE MAYO,CALLE,CIPRES,CALLE,MELCHOR OCAMPO,10,,,,,,COLONIA,GUADALUPE,,,,74169,21,PUEBLA,074,Huejotzingo,0029,Santa Ana Xalmimilulco                                                                                        ,0203,040,,,,Fijo,19.21749591,-98.37394641,2024-11,True,True,False,False,False,False,False,True,False,True,False,False,INCLUIR,SIN_EVIDENCIA
10295902,21074315229002891000000000U5,MAQUILA,,315229,Confección en serie de otra ropa exterior de materiales textiles,0 a 5 personas,CALLE,10 DE SEPTIEMBRE,CALLE,NINGUNO,CALLE,NINGUNO,CALLE,NINGUNO,21,,,,,,COLONIA,SANTA CRUZ,,,,74169,21,PUEBLA,074,Huejotzingo,0029,Santa Ana Xalmimilulco                                                                                        ,0203,067,2213611782,,,Fijo,19.22112393,-98.38276178,2024-11,True,True,False,False,False,False,False,True,False,True,False,False,INCLUIR,SIN_EVIDENCIA
10264760,21074315223000821000000000U7,MAQUILA,,315223,Confección en serie de uniformes,0 a 5 personas,PRIVADA,NINGUNO,PRIVADA,NINGUNO,CALLE,REAL DE LA POSTA,CALLE,SAN ANGEL,,SN,,,,,LOCALIDAD,SANTA ANA XALMIMILULCO,,,,74169,21,PUEBLA,074,Huejotzingo,0029,Santa Ana Xalmimilulco                                                                                        ,0203,061,2271165488,,,Fijo,19.22151569,-98.37533035,2024-11,True,True,False,False,False,False,False,True,False,True,False,False,INCLUIR,SIN_EVIDENCIA
9890180,21074315229001431000000000U1,MAQUILA,,315229,Confección en serie de otra ropa exterior de materiales textiles,0 a 5 personas,BOULEVARD,RIO XOCHIAC,PRIVADA,NINGUNO,CALLE,SAN MARTIN,CALLE,AQUILES SERDAN NORTE,20,,,,,,PUEBLO,SANTA ANA XALMIMINULCO,,,,74169,21,PUEBLA,074,Huejotzingo,0029,Santa Ana Xalmimilulco                                                                                        ,0190,023,2276903549,,,Fijo,19.21564564,-98.38667684,2024-11,True,True,False,False,False,False,False,True,False,True,False,False,INCLUIR,SIN_EVIDENCIA
10151046,21074315223000641000000000U9,MAQUILA,,315229,Confección en serie de otra ropa exterior de materiales textiles,0 a 5 personas,CALLE,IXTACUIXTLA NORTE,CALLE,ZARAGOZA,CALLE,16 DE SEPTIEMBRE,CALLE,16 DE SEPTIEMBRE,,SN,,,,,LOCALIDAD,SANTA ANA XALMIMILULCO,,,,74169,21,PUEBLA,074,Huejotzingo,0029,Santa Ana Xalmimilulco                                                                                        ,0190,020,2223585985,,,Fijo,19.21225529,-98.37718608,2024-11,True,True,False,False,False,False,False,True,False,True,False,False,INCLUIR,SIN_EVIDENCIA
10016740,21074315229002861000000000U8,MAQUILA,,315229,Confección en serie de otra ropa exterior de materiales textiles,0 a 5 personas,CALLE,CALLE DEL REFUGIO,CALLE,JOSEFA ORTIZ DE DOMINGUEZ,BOULEVARD,RIO XOCHIAC,CALLE,LINDA VISTA,32,,,,,,PUEBLO,SANTA ANA XALMIMINULCO,,,,74169,21,PUEBLA,074,Huejotzingo,0029,Santa Ana Xalmimilulco                                                                                        ,0203,017,,,,Fijo,19.21570731,-98.38240939,2024-11,True,True,False,False,False,False,False,True,False,True,False,False,INCLUIR,SIN_EVIDENCIA
11355400,21074315223000121000000000U2,MAQUILA,,315223,Confección en serie de uniformes,0 a 5 personas,CALLE,GUADALUPE,CALLE,MELCHOR OCAMPO,CALLE,RIO XOCHIAC,CALLE,PRIMAVERA,11,,,,,,LOCALIDAD,SANTA ANA XALMIMILULCO,,,,74169,21,PUEBLA,074,Huejotzingo,0029,Santa Ana Xalmimilulco                                                                                        ,0203,020,,,,Fijo,19.215084,-98.37421681,2024-11,True,True,False,False,False,False,False,True,False,True,False,False,INCLUIR,SIN_EVIDENCIA
11129024,21074315223000131000000000U1,MAQUILA,,315229,Confección en serie de otra ropa exterior de materiales textiles,0 a 5 personas,CALLE,GUADALUPE,CALLE,MELCHOR OCAMPO,CALLE,RIO XOCHIAC,CALLE,SAN JOSE,8,,,,,,LOCALIDAD,SANTA ANA XALMIMILULCO,,,,74169,21,PUEBLA,074,Huejotzingo,0029,Santa Ana Xalmimilulco                                                                                        ,0203,037,,,,Fijo,19.21470406,-98.3746928,2024-11,True,True,False,False,False,False,False,True,False,True,False,False,INCLUIR,SIN_EVIDENCIA
10865960,21074315223000081000000000U8,MAQUILA,,315229,Confección en serie de otra ropa exterior de materiales textiles,0 a 5 personas,CALLE,RIO XOCHIAC,PRIVADA,NINGUNO,CALLE,REAL DE LA POSTA,CALLE,MELCHOR OCAMPO,1,A,,,,,LOCALIDAD,SANTA ANA XALMIMILULCO,,,,74169,21,PUEBLA,074,Huejotzingo,0029,Santa Ana Xalmimilulco                                                                                        ,0203,007,2271166605,,,Fijo,19.21425702,-98.37688202,2024-11,True,True,False,False,False,False,False,True,False,True,False,False,INCLUIR,SIN_EVIDENCIA
11230023,21074315223000161000000000U8,MAQUILA,,315223,Confección en serie de uniformes,0 a 5 personas,CALLE,IXTACUIXTLA NORTE,CALLE,ZARAGOZA,CALLE,CRUZ DE PIEDRA,CALLE,FONSECA,32,,,,,,LOCALIDAD,SANTA ANA XALMIMILULCO,,,,74169,21,PUEBLA,074,Huejotzingo,0029,Santa Ana Xalmimilulco                                                                                        ,0025,028,,,,Fijo,19.21046647,-98.37773064,2024-11,True,True,False,False,False,False,False,True,False,True,False,False,INCLUIR,SIN_EVIDENCIA
11255997,21074315223000811000000000U8,MAQUILA,,315229,Confección en serie de otra ropa exterior de materiales textiles,0 a 5 personas,CALLE,SAN BARTOLO,CALLE,LINDA VISTA,CALLE,DIVISION DEL NORTE,CALLE,JOSEFA ORTIZ DE DOMINGUEZ,3,,,,,,COLONIA,SANTA CRUZ,,,,74196,21,PUEBLA,074,Huejotzingo,0029,Santa Ana Xalmimilulco                                                                                        ,0203,011,2271077744,,,Fijo,19.21789703,-98.3816471,2024-11,True,True,False,False,False,False,False,True,False,True,False,False,INCLUIR,SIN_EVIDENCIA
11273664,21074315223000141000000000U0,MAQUILA,,315229,Confección en serie de otra ropa exterior de materiales textiles,0 a 5 personas,PRIVADA,NINGUNO,PRIVADA,20 DE NOVIEMBRE,CALLE,RIO XOCHIAC,CALLE,MELCHOR OCAMPO,,SN,,,,,LOCALIDAD,SANTA ANA XALMIMILULCO,,,,74169,21,PUEBLA,074,Huejotzingo,0029,Santa Ana Xalmimilulco                                                                                        ,0203,007,2271449199,,,Fijo,19.21484988,-98.37688507,2024-11,True,True,False,False,False,False,False,True,False,True,False,False,INCLUIR,SIN_EVIDENCIA
11185488,21074315223000311000000000U9,MAQUILA,,315229,Confección en serie de otra ropa exterior de materiales textiles,0 a 5 personas,PRIVADA,PREDEGAL DE SAN ANGEL,CALLE,SAN ANGEL,PRIVADA,NIÑO PERDIDO,CALLE,NIÑO PERDIDO,1,,,,,,COLONIA,SANTA CRUZ,,,,74169,21,PUEBLA,074,Huejotzingo,0029,Santa Ana Xalmimilulco                                                                                        ,0203,050,2271009292,,,Fijo,19.21739936,-98.37890196,2024-11,True,True,False,False,False,False,False,True,False,True,False,False,INCLUIR,SIN_EVIDENCIA
10381674,21074315223000801000000000U9,MAQUILA,,315223,Confección en serie de uniformes,0 a 5 personas,CALLE,CONCEPCION,CALLE,SAN ANGEL,CALLE,LINDA VISTA,CALLE,NINGUNO,18,,,,,,COLONIA,SANTA CRUZ,,,,74169,21,PUEBLA,074,Huejotzingo,0029,Santa Ana Xalmimilulco                                                                                        ,0203,012,,,,Fijo,19.21935823,-98.37887255,2024-11,True,True,False,False,False,False,False,True,False,True,False,False,INCLUIR,SIN_EVIDENCIA
10676987,21074315223000681000000000U5,MAQUILA,,315223,Confección en serie de uniformes,0 a 5 personas,CALLE,IXTACUIXTLA NORTE,CALLE,16 DE SEPTIEMBRE,PRIVADA,PRIVADA DE IXTACUIXTLA,CALLE,RIO XOCHIAC,34,,,,,,LOCALIDAD,SANTA ANA XALMIMILULCO,,,,74169,21,PUEBLA,074,Huejotzingo,0029,Santa Ana Xalmimilulco                                                                                        ,0190,031,,,,Fijo,19.2124324,-98.37701005,2024-11,True,True,False,False,False,False,False,True,False,True,False,False,INCLUIR,SIN_EVIDENCIA
10676082,21074315223000541000000000U1,MAQUILA,PANTALON DE VESTIR,315229,Confección en serie de otra ropa exterior de materiales textiles,0 a 5 personas,CALLE,MELCHOR OCAMPO,CALLE,SAN RAFAEL,PRIVADA,NINGUNO,CALLE,RIO XOCHIAC,8,,,,,,LOCALIDAD,CUARTA SECCION,,,,74169,21,PUEBLA,074,Huejotzingo,0029,Santa Ana Xalmimilulco                                                                                        ,0203,026,2271066177,,,Fijo,19.214147,-98.37310141,2024-11,True,True,True,False,False,False,False,True,False,True,False,False,INCLUIR,SIN_EVIDENCIA
10494863,21074315229002341000000000U1,MAQUILA,,315229,Confección en serie de otra ropa exterior de materiales textiles,0 a 5 personas,CALLE,SANTA CRUZ,CALLE,LINDA VISTA,CALLE,SAN MIGUEL,CALLE,LINDA VISTA,5,,,,,,COLONIA,SANTA CRUZ,,,,74169,21,PUEBLA,074,Huejotzingo,0029,Santa Ana Xalmimilulco                                                                                        ,0203,016,,,,Fijo,19.21628419,-98.38036617,2024-11,True,True,False,False,False,False,False,True,False,True,False,False,INCLUIR,SIN_EVIDENCIA
10543399,21074315223000251000000000U7,MAQUILA,,315229,Confección en serie de otra ropa exterior de materiales textiles,0 a 5 personas,CALLE,CIPRES,CALLE,SAUCE,CALLE,MELCHOR OCAMPO,CALLE,10 DE MAYO,3,,,,,,COLONIA,GUADALUPE,,,,74169,21,PUEBLA,074,Huejotzingo,0029,Santa Ana Xalmimilulco                                                                                        ,0203,040,2272053621,,,Fijo,19.21698738,-98.37415832,2024-11,True,True,False,False,False,False,False,True,False,True,False,False,INCLUIR,SIN_EVIDENCIA
10286307,21074315223000402000000000U6,MAQUILA A TERCEROS,,315229,Confección en serie de otra ropa exterior de materiales textiles,6 a 10 personas,CALLE,FRANCISCO VILLA,CALLE,SAN ANGEL,CALLE,LINDA VISTA,CALLE,LA MERCED,8,A,,,,,COLONIA,SANTA CRUZ,,,,74169,21,PUEBLA,074,Huejotzingo,0029,Santa Ana Xalmimilulco                                                                                        ,0203,001,2271091593,,,Fijo,19.21836145,-98.37901042,2024-11,True,True,False,False,False,False,False,True,False,True,False,False,INCLUIR,SIN_EVIDENCIA
11259950,21074315123000061000000000U2,MAQUILA DE FALDA SIN NOMBRE,,315123,Fabricación de ropa exterior de tejido de punto,0 a 5 personas,CALLE,VENUSTIANO CARRANZA,PRIVADA,NINGUNO,CALLE,PORFIRIO DIAZ,CALLE,SAN MANUEL,12,,,,,,COLONIA,CENTRO,,,,74169,21,PUEBLA,074,Huejotzingo,0029,Santa Ana Xalmimilulco                                                                                        ,0025,016,2224370757,,,Fijo,19.20721255,-98.38229339,2024-11,True,True,False,False,False,False,False,True,False,True,False,False,INCLUIR,SIN_EVIDENCIA
3427952,21074812210000031010000000U8,MAQUILA DE LAVANDERIA DE PANTALON,,313310,Acabado de productos textiles,0 a 5 personas,CALLE,ZARAGOZA,CALLE,16 DE SEPTIEMBRE,CALLE,INDUSTRIA,CALLE,MAGNOLIA,23,,,,,,COLONIA,CENTRO,,,,74169,21,PUEBLA,074,Huejotzingo,0029,Santa Ana Xalmimilulco                                                                                        ,0190,014,2211693368,,,Fijo,19.2108461,-98.37936835,2010-07,True,True,True,False,False,True,False,True,False,True,True,False,INCLUIR,SI
11564756,21074315223000591000000000U6,MAQUILA DE PANTALON,,315229,Confección en serie de otra ropa exterior de materiales textiles,0 a 5 personas,PRIVADA,LOS SAUCES,CALLE,SAUCE,CALLE,MELCHOR OCAMPO,CALLE,MORITAS,,SN,,,,,CONDOMINIO,SAN MIGUEL,,,,74169,21,PUEBLA,074,Huejotzingo,0029,Santa Ana Xalmimilulco                                                                                        ,0203,027,,,,Fijo,19.21597671,-98.37283998,2024-11,True,True,True,False,False,False,False,True,False,True,False,False,INCLUIR,SIN_EVIDENCIA
11443003,21074315229002741000000000U2,MAQUILA DE PANTALON,,315229,Confección en serie de otra ropa exterior de materiales textiles,0 a 5 personas,CALLE,CALLE DEL PRADO,CALLE,SAN MARTIN,CALLE,AQUILES SERDAN NORTE,CALLE,VIOLETAS PONIENTE,7,,,,,,COLONIA,SANTA ANA XALMIMINULCO,,,,74169,21,PUEBLA,074,Huejotzingo,0029,Santa Ana Xalmimilulco                                                                                        ,0190,010,2271196503,,,Fijo,19.21334719,-98.38468808,2024-11,True,True,True,False,False,False,False,True,False,True,False,False,INCLUIR,SIN_EVIDENCIA
9603576,21074315223001121000000000U1,MAQUILA DE PANTALON,,315229,Confección en serie de otra ropa exterior de materiales textiles,0 a 5 personas,CALLE,SAN ANGEL,PRIVADA,NINGUNO,CALLE,SANTA ANITA,CALLE,REAL DE LA POSTA,12,,,,,,COLONIA,SANTA CRUZ,,,,74169,21,PUEBLA,074,Huejotzingo,0029,Santa Ana Xalmimilulco                                                                                        ,0203,070,2271223333,,,Fijo,19.2183944,-98.3776692,2024-11,True,True,True,False,False,False,False,True,False,True,False,False,INCLUIR,SIN_EVIDENCIA
3427964,21074315229001282002000000U8,MAQUILA DE PANTALON,,315229,Confección en serie de otra ropa exterior de materiales textiles,0 a 5 personas,CALLE,MAGNOLIA,PRIVADA,MAGNOLIA,CALLE,INDUSTRIA,CALLE,ZARAGOZA,,SN,,,,,COLONIA,CENTRO,,,,74169,21,PUEBLA,074,Huejotzingo,0029,Santa Ana Xalmimilulco                                                                                        ,0190,014,2212933994,,,Fijo,19.21187634,-98.38030054,2014-12,True,True,True,False,False,False,False,True,False,True,False,False,INCLUIR,SIN_EVIDENCIA
8559472,21074315229001513101000000U6,MAQUILA DE PANTALON,,315229,Confección en serie de otra ropa exterior de materiales textiles,0 a 5 personas,CALLE,NARCISO MENDOZA,OTRO(ESPECIFIQUE),CULTIVO,CALLE,IXTACUIXTLA SUR,CALLE,REAL DE PUEBLA,,SN,,,,,LOCALIDAD,SANTA ANA XALMIMILULCO,,,,74169,21,PUEBLA,074,Huejotzingo,0029,Santa Ana Xalmimilulco                                                                                        ,0025,025,,,,Fijo,19.20588071,-98.375061,2019-11,True,True,True,False,False,False,False,True,False,True,False,False,INCLUIR,SIN_EVIDENCIA
9878240,21074315223001182000000000U3,MAQUILA DE PANTALON,,315229,Confección en serie de otra ropa exterior de materiales textiles,6 a 10 personas,CALLE,LINDA VISTA,CALLE,NIÑO PERDIDO,CALLE,SANTA CRUZ,CALLE,SAN ANGEL,8,A,,,,,COLONIA,SANTA CRUZ,,,,74169,21,PUEBLA,074,Huejotzingo,0029,Santa Ana Xalmimilulco                                                                                        ,0203,010,,,,Fijo,19.2177543,-98.38017958,2024-11,True,True,True,False,False,False,False,True,False,True,False,False,INCLUIR,SIN_EVIDENCIA
9935490,21074315223001231000000000U8,MAQUILA DE PANTALON,,315229,Confección en serie de otra ropa exterior de materiales textiles,0 a 5 personas,CALLE,SAN ISIDRO,CALLE,IXTACUIXTLA SUR,CALLE,PORFIRIO DIAZ,CALLE,ADOLFO LOPEZ MATEOS,17,,,,,,LOCALIDAD,SANTA ANA XALMIMILULCO,,,,74169,21,PUEBLA,074,Huejotzingo,0029,Santa Ana Xalmimilulco                                                                                        ,0167,006,,,,Fijo,19.20501169,-98.38260983,2024-11,True,True,True,False,False,False,False,True,False,True,False,False,INCLUIR,SIN_EVIDENCIA
10209551,21074315223000411000000000U7,MAQUILA DE PANTALON,,315229,Confección en serie de otra ropa exterior de materiales textiles,0 a 5 personas,CALLE,CARRIL A DE AGUA SANTA,PRIVADA,GUADALUPE,CALLE,PRIMERO DE MAYO,CALLE,RIO XOCHIAC,8,,,,,,LOCALIDAD,SANTA ANA XALMIMILULCO,,,,74169,21,PUEBLA,074,Huejotzingo,0029,Santa Ana Xalmimilulco                                                                                        ,0190,025,,,,Fijo,19.2098656,-98.37568023,2024-11,True,True,True,False,False,False,False,True,False,True,False,False,INCLUIR,SIN_EVIDENCIA
10229937,21074315223000931000000000U4,MAQUILA DE PANTALON,,315229,Confección en serie de otra ropa exterior de materiales textiles,0 a 5 personas,CALLE,16 DE SEPTIEMBRE,CALLE,IXTACUIXTLA NORTE,CALLE,ZARAGOZA,CALLE,IXTACUIXTLA NORTE,4,,,,,,LOCALIDAD,SANTA ANA XALMIMILULCO,,,,74169,21,PUEBLA,074,Huejotzingo,0029,Santa Ana Xalmimilulco                                                                                        ,0190,020,,,,Fijo,19.21292126,-98.37772445,2024-11,True,True,True,False,False,False,False,True,False,True,False,False,INCLUIR,SIN_EVIDENCIA
9953332,21074315223000571000000000U8,MAQUILA DE PANTALON,,315229,Confección en serie de otra ropa exterior de materiales textiles,0 a 5 personas,CALLE,CONCEPCION,CALLE,SAN ANGEL,CALLE,LINDA VISTA,CALLE,LA MERCED,1,,,,,,COLONIA,SANTA CRUZ,,,,74169,21,PUEBLA,074,Huejotzingo,0029,Santa Ana Xalmimilulco                                                                                        ,0203,005,2481966630,,,Fijo,19.21867649,-98.37763139,2024-11,True,True,True,False,False,False,False,True,False,True,False,False,INCLUIR,SIN_EVIDENCIA
9989682,21074315223001081000000000U7,MAQUILA DE PANTALON,,315229,Confección en serie de otra ropa exterior de materiales textiles,0 a 5 personas,CALLE,16 DE SEPTIEMBRE,CALLE,IXTACUIXTLA NORTE,CALLE,ZARAGOZA,CALLE,IXTACUIXTLA NORTE,23,,,,,,LOCALIDAD,SANTA ANA XALMIMILULCO,,,,74169,21,PUEBLA,074,Huejotzingo,0029,Santa Ana Xalmimilulco                                                                                        ,0190,020,,,,Fijo,19.21244735,-98.37793122,2024-11,True,True,True,False,False,False,False,True,False,True,False,False,INCLUIR,SIN_EVIDENCIA
10109707,21074315223001171000000000U6,MAQUILA DE PANTALON,,315229,Confección en serie de otra ropa exterior de materiales textiles,0 a 5 personas,CALLE,FLORES MAGON,CALLE,PORFIRIO DIAZ,CALLE,EL VOLCAN,CALLE,RAFAEL SERRANO,,SN,,,,,COLONIA,CENTRO,,,,74169,21,PUEBLA,074,Huejotzingo,0029,Santa Ana Xalmimilulco                                                                                        ,0025,003,,,,Fijo,19.20812295,-98.38443606,2024-11,True,True,True,False,False,False,False,True,False,True,False,False,INCLUIR,SIN_EVIDENCIA
10832777,21074315223000791000000000U2,MAQUILA DE PANTALON,,315229,Confección en serie de otra ropa exterior de materiales textiles,0 a 5 personas,CALLE,LA PIEDAD,CALLE,JUAN PIZACO,CALLE,LOS REYES,CALLE,CALLE DEL CARMEN,,SN,,,,,LOCALIDAD,SANTA ANA XALMIMILULCO,,,,74169,21,PUEBLA,074,Huejotzingo,0029,Santa Ana Xalmimilulco                                                                                        ,0025,049,,,,Fijo,19.20934169,-98.37693164,2024-11,True,True,True,False,False,False,False,True,False,True,False,False,INCLUIR,SIN_EVIDENCIA
10800240,21074315223001111000000000U2,MAQUILA DE PANTALON,,315229,Confección en serie de otra ropa exterior de materiales textiles,0 a 5 personas,CALLE,CORREGIDORA,CALLE,CARRIL A DE AGUA SANTA,CALLE,LOS REYES,CALLE,CESAR CAMPOS CORTES (CALLEJON DE LOS REYES),20,,,,,,LOCALIDAD,SANTA ANA XALMIMILULCO,,,,74169,21,PUEBLA,074,Huejotzingo,0029,Santa Ana Xalmimilulco                                                                                        ,0025,051,,,,Fijo,19.20847896,-98.37535984,2024-11,True,True,True,False,False,False,False,True,False,True,False,False,INCLUIR,SIN_EVIDENCIA
10780476,21074315229002521000000000U8,MAQUILA DE PANTALON,,315229,Confección en serie de otra ropa exterior de materiales textiles,0 a 5 personas,PRIVADA,INDUSTRIA,PRIVADA,NINGUNO,PRIVADA,INDUSTRIA (16 DE SEPTIEMBRE),PRIVADA,16 DE SEPTIEMBRE,,SN,,,,,COLONIA,CENTRO,,,,74169,21,PUEBLA,074,Huejotzingo,0029,Santa Ana Xalmimilulco                                                                                        ,0190,013,,,,Fijo,19.21314031,-98.37962658,2024-11,True,True,True,False,False,False,False,True,False,True,False,False,INCLUIR,SIN_EVIDENCIA
10782403,21074315223000722000000000U7,MAQUILA DE PANTALON,,315229,Confección en serie de otra ropa exterior de materiales textiles,6 a 10 personas,CALLE,GLORIA,PRIVADA,PRIVADA DE LA GLORIA,CALLE,IXTACUIXTLA NORTE,CALLE,LOS REYES,7,,,,,,LOCALIDAD,SANTA ANA XALMIMILULCO,,,,74169,21,PUEBLA,074,Huejotzingo,0029,Santa Ana Xalmimilulco                                                                                        ,0025,047,2271066554,,,Fijo,19.2083996,-98.37731155,2024-11,True,True,True,False,False,False,False,True,False,True,False,False,INCLUIR,SIN_EVIDENCIA
9720001,21074315223000872000000000U0,MAQUILA DE PANTALON,,315229,Confección en serie de otra ropa exterior de materiales textiles,6 a 10 personas,PRIVADA,SEGUNDA IXTACUIXTLA,CALLE,GLORIA,PRIVADA,IXTACUIXTLA,CALLE,LOS REYES,2,,,,,,LOCALIDAD,SANTA ANA XALMIMILULCO,,,,74169,21,PUEBLA,074,Huejotzingo,0029,Santa Ana Xalmimilulco                                                                                        ,0025,047,,,,Fijo,19.20896748,-98.37789695,2024-11,True,True,True,False,False,False,False,True,False,True,False,False,INCLUIR,SIN_EVIDENCIA
9677908,21074315223000261000000000U6,MAQUILA DE PANTALON,,315229,Confección en serie de otra ropa exterior de materiales textiles,0 a 5 personas,CALLE,SANTA MARIA,CALLE,AQUILES SERDAN SUR,CALLE,SAN MIGUEL,CALLE,NINGUNO,3,,,,,,LOCALIDAD,SANTA ANA XALMIMILULCO,,,,74169,21,PUEBLA,074,Huejotzingo,0029,Santa Ana Xalmimilulco                                                                                        ,0237,001,2271478017,,,Fijo,19.20573727,-98.38719605,2024-11,True,True,True,False,False,False,False,True,False,True,False,False,INCLUIR,SIN_EVIDENCIA
10322242,21074315223000731000000000U8,MAQUILA DE PANTALON,,315229,Confección en serie de otra ropa exterior de materiales textiles,0 a 5 personas,CALLE,REAL DE PUEBLA,OTRO(ESPECIFIQUE),CULTIVO,CALLE,IXTACUIXTLA SUR,CALLE,NARCISO MENDOZA,,SN,,,,,LOCALIDAD,SANTA ANA XALMIMILULCO,,,,74169,21,PUEBLA,074,Huejotzingo,0029,Santa Ana Xalmimilulco                                                                                        ,0025,025,,,,Fijo,19.20712503,-98.37553356,2024-11,True,True,True,False,False,False,False,True,False,True,False,False,INCLUIR,SIN_EVIDENCIA
10707389,21074315223000942000000000U1,MAQUILA DE PANTALON,,315229,Confección en serie de otra ropa exterior de materiales textiles,6 a 10 personas,CALLE,REAL DE PUEBLA,CALLE,NINGUNO,CALLE,IXTACUIXTLA NORTE,CALLE,GLORIA,99,,,,,,LOCALIDAD,SANTA ANA XALMIMILULCO,,,,74169,21,PUEBLA,074,Huejotzingo,0029,Santa Ana Xalmimilulco                                                                                        ,0025,032,,,,Fijo,19.20750829,-98.37643883,2024-11,True,True,True,False,False,False,False,True,False,True,False,False,INCLUIR,SIN_EVIDENCIA
10855574,21074315229002811000000000U3,MAQUILA DE PANTALON,,315229,Confección en serie de otra ropa exterior de materiales textiles,0 a 5 personas,CALLE,DONATO GUERRA,CALLE,INDUSTRIA,CALLE,PROVIDENCIA,CALLE,PROVIDENCIA,2,B,,,,,COLONIA,CENTRO,,,,74169,21,PUEBLA,074,Huejotzingo,0029,Santa Ana Xalmimilulco                                                                                        ,0190,007,,,,Fijo,19.21159953,-98.38104442,2024-11,True,True,True,False,False,False,False,True,False,True,False,False,INCLUIR,SIN_EVIDENCIA
10883025,21074315223000471000000000U1,MAQUILA DE PANTALON,,315229,Confección en serie de otra ropa exterior de materiales textiles,0 a 5 personas,PRIVADA,LOS SAUCES,CALLE,SAUCE,CALLE,MELCHOR OCAMPO,CALLE,MORITAS,6,,,,,,CONDOMINIO,SAN MIGUEL,,,,74169,21,PUEBLA,074,Huejotzingo,0029,Santa Ana Xalmimilulco                                                                                        ,0203,027,2271116691,,,Fijo,19.21557978,-98.37337339,2024-11,True,True,True,False,False,False,False,True,False,True,False,False,INCLUIR,SIN_EVIDENCIA
10626296,21074315223000662000000000U5,MAQUILA DE PANTALON,,315229,Confección en serie de otra ropa exterior de materiales textiles,6 a 10 personas,CALLE,CONCEPCION,CALLE,SAN ANGEL,CALLE,LINDA VISTA,CALLE,NINGUNO,16,,,,,,COLONIA,SANTA CRUZ,,,,74169,21,PUEBLA,074,Huejotzingo,0029,Santa Ana Xalmimilulco                                                                                        ,0203,012,2271476932,,,Fijo,19.21921864,-98.37859808,2024-11,True,True,True,False,False,False,False,True,False,True,False,False,INCLUIR,SIN_EVIDENCIA
11294592,21074315223000651000000000U8,MAQUILA DE PANTALON,,315229,Confección en serie de otra ropa exterior de materiales textiles,0 a 5 personas,CALLE,ADOLFO LOPEZ MATEOS,CALLE,IXTACUIXTLA SUR,CALLE,PORFIRIO DIAZ,CALLE,SAN ISIDRO,11,,,,,,LOCALIDAD,SANTA ANA XALMIMILULCO,,,,74169,21,PUEBLA,074,Huejotzingo,0029,Santa Ana Xalmimilulco                                                                                        ,0167,006,,,,Fijo,19.20312613,-98.38134194,2024-11,True,True,True,False,False,False,False,True,False,True,False,False,INCLUIR,SIN_EVIDENCIA
11311162,21074315223000321000000000U8,MAQUILA DE PANTALON,,315229,Confección en serie de otra ropa exterior de materiales textiles,0 a 5 personas,CALLE,IXTACUIXTLA NORTE,PRIVADA,PRIVADA DE IXTACUIXTLA,PRIVADA,IXTACUIXTLA,CALLE,PRIMERO DE MAYO,38,,,,,,LOCALIDAD,SANTA ANA XALMIMILULCO,,,,74169,21,PUEBLA,074,Huejotzingo,0029,Santa Ana Xalmimilulco                                                                                        ,0190,038,,,,Fijo,19.21103255,-98.37750069,2024-11,True,True,True,False,False,False,False,True,False,True,False,False,INCLUIR,SIN_EVIDENCIA
11229433,21074315223000451000000000U3,MAQUILA DE PANTALON,,315229,Confección en serie de otra ropa exterior de materiales textiles,0 a 5 personas,CALLE,CONCEPCION,CALLE,SAN ANGEL,CALLE,LINDA VISTA,CALLE,LA MERCED,7,,,,,,COLONIA,SANTA CRUZ,,,,74169,21,PUEBLA,074,Huejotzingo,0029,Santa Ana Xalmimilulco                                                                                        ,0203,005,,,,Fijo,19.21926908,-98.37878722,2024-11,True,True,True,False,False,False,False,True,False,True,False,False,INCLUIR,SIN_EVIDENCIA
3326144,21074315229001331001000000U3,MAQUILA DE PANTALON,,315229,Confección en serie de otra ropa exterior de materiales textiles,6 a 10 personas,CALLE,PERITAS,CALLE,VIOLETAS PONIENTE,PRIVADA,NINGUNO,CALLE,EL REBOZO,12,,,,,,LOCALIDAD,SANTA ANA XALMIMILULCO,,,,74169,21,PUEBLA,074,Huejotzingo,0029,Santa Ana Xalmimilulco                                                                                        ,0190,017,,,,Fijo,19.21211183,-98.38435472,2014-12,True,True,True,False,False,False,False,True,False,True,False,False,INCLUIR,SIN_EVIDENCIA
10590391,21074315223000101000000000U4,MAQUILA DE PANTALON,,315229,Confección en serie de otra ropa exterior de materiales textiles,0 a 5 personas,CALLE,CONCEPCION,CALLE,SAN ANGEL,CALLE,LINDA VISTA,CALLE,LA MERCED,,SN,,,,,COLONIA,SANTA CRUZ,,,,74169,21,PUEBLA,074,Huejotzingo,0029,Santa Ana Xalmimilulco                                                                                        ,0203,005,6862574686,,,Fijo,19.2190618,-98.3783816,2024-11,True,True,True,False,False,False,False,True,False,True,False,False,INCLUIR,SIN_EVIDENCIA
10609784,21074315223000051000000000U1,MAQUILA DE PANTALON,,315229,Confección en serie de otra ropa exterior de materiales textiles,0 a 5 personas,PRIVADA,20 DE NOVIEMBRE,CALLE,MELCHOR OCAMPO,PRIVADA,NINGUNO,CALLE,RIO XOCHIAC,15,,,,,,LOCALIDAD,SANTA ANA XALMIMILULCO,,,,74169,21,PUEBLA,074,Huejotzingo,0029,Santa Ana Xalmimilulco                                                                                        ,0203,007,2271101864,NITRO14@HOTMAIL.COM,,Fijo,19.21557731,-98.37554215,2024-11,True,True,True,False,False,False,False,True,False,True,False,False,INCLUIR,SIN_EVIDENCIA
10568758,21074314991000011000000000U8,MAQUILA DE PANTALON,,315229,Confección en serie de otra ropa exterior de materiales textiles,0 a 5 personas,PRIVADA,20 DE NOVIEMBRE,CALLE,MELCHOR OCAMPO,PRIVADA,NINGUNO,CALLE,MELCHOR OCAMPO,8,A,,,,,LOCALIDAD,SANTA ANA XALMIMILULCO,,,,74169,21,PUEBLA,074,Huejotzingo,0029,Santa Ana Xalmimilulco                                                                                        ,0203,007,,,,Fijo,19.21641338,-98.37622166,2024-11,True,True,True,False,False,False,False,True,False,True,False,False,INCLUIR,SIN_EVIDENCIA
3428151,21074315229001371002000000U9,MAQUILA DE PANTALON DE MESCLILLA,,315229,Confección en serie de otra ropa exterior de materiales textiles,0 a 5 personas,CALLE,CALLE DEL PRADO,CALLE,SAN MARTIN,CALLE,AQUILES SERDAN NORTE,CALLE,VIOLETAS PONIENTE,47,,,,,,COLONIA,SANTA ANA XALMIMINULCO,,,,74169,21,PUEBLA,074,Huejotzingo,0029,Santa Ana Xalmimilulco                                                                                        ,0190,010,2271530278,,,Fijo,19.2131021,-98.38392209,2010-07,True,True,True,True,False,False,False,True,False,True,False,False,INCLUIR,REVISAR
3428204,21074315229000241000000000U5,MAQUILA DE PANTALON DE MESCLILLA,,315229,Confección en serie de otra ropa exterior de materiales textiles,0 a 5 personas,CALLE,CALLE DEL REFUGIO,PRIVADA,NINGUNO,CALLEJON,CALLEJON DEL REFUGIO,CALLE,PROVIDENCIA,22,,,,,,PUEBLO,SANTA ANA XALMIMINULCO,,,,74169,21,PUEBLA,074,Huejotzingo,0029,Santa Ana Xalmimilulco                                                                                        ,0190,005,,,,Fijo,19.21390585,-98.38287639,2010-07,True,True,True,True,False,False,False,True,False,True,False,False,INCLUIR,REVISAR
3326083,21074315229001261000000000U2,MAQUILA DE PANTALON DE MESCLILLA,,315229,Confección en serie de otra ropa exterior de materiales textiles,0 a 5 personas,CALLE,RIO XOCHIAC,PRIVADA,NINGUNO,CALLE,REAL DE LA POSTA,CALLE,MELCHOR OCAMPO,1,,,,,,LOCALIDAD,SANTA ANA XALMIMILULCO,,,,74169,21,PUEBLA,074,Huejotzingo,0029,Santa Ana Xalmimilulco                                                                                        ,0203,007,,,,Fijo,19.2142724,-98.37712002,2014-12,True,True,True,True,False,False,False,True,False,True,False,False,INCLUIR,REVISAR
10099363,21074315223001011000000000U4,MAQUILA DE PANTALON DE MEZCLILLA SIN NOMBRE,,315229,Confección en serie de otra ropa exterior de materiales textiles,0 a 5 personas,CALLE,SAN ISIDRO,CALLE,IXTACUIXTLA SUR,CALLE,PORFIRIO DIAZ,CALLE,ADOLFO LOPEZ MATEOS,28,,,,,,LOCALIDAD,SANTA ANA XALMIMILULCO,,,,74169,21,PUEBLA,074,Huejotzingo,0029,Santa Ana Xalmimilulco                                                                                        ,0167,006,2271136906,,,Fijo,19.20441257,-98.38004211,2024-11,True,True,True,True,False,False,False,True,False,True,False,False,INCLUIR,REVISAR
3326339,21074315229001291001000000U9,MAQUILA DE PANTALON DE MEZCLILLA SIN NOMBRE,,315229,Confección en serie de otra ropa exterior de materiales textiles,6 a 10 personas,PRIVADA,NINGUNO,CALLE,NARCISO MENDOZA,OTRO(ESPECIFIQUE),CULTIVO,PRIVADA,NINGUNO,17,,,,,,LOCALIDAD,SANTA ANA XALMIMILULCO,,,,74169,21,PUEBLA,074,Huejotzingo,0029,Santa Ana Xalmimilulco                                                                                        ,0025,068,,,,Fijo,19.20577329,-98.37807708,2014-12,True,True,True,True,False,False,False,True,False,True,False,False,INCLUIR,REVISAR
3326137,21074315229001301002000000U6,MAQUILA DE PANTALON FOSIL JEANS,,315229,Confección en serie de otra ropa exterior de materiales textiles,6 a 10 personas,CALLE,REFORMA,CALLE,VIOLETAS PONIENTE,CALLE,MORELOS,CALLE,MELCHOR OCAMPO,15,,,,,,PUEBLO,SANTA ANA XALMIMINULCO,,,,74169,21,PUEBLA,074,Huejotzingo,0029,Santa Ana Xalmimilulco                                                                                        ,0190,009,2227054744,JOSEROBERTO.JUAREZC@GMAIL.COM,,Fijo,19.21180747,-98.38308957,2014-12,True,True,True,True,False,False,False,True,False,True,False,False,INCLUIR,REVISAR
7742857,21074315229001561000000000U5,MAQUILA DE PANTALON SIN NOMBRE,,315229,Confección en serie de otra ropa exterior de materiales textiles,0 a 5 personas,CALLE,AQUILES SERDAN NORTE,PRIVADA,TEPEPA,CALLE,ALAMOS,CALLE,CUHACTEMOCZINT,7,,,,,,PUEBLO,SANTA ANA XALMIMINULCO,,,,74169,21,PUEBLA,074,Huejotzingo,0029,Santa Ana Xalmimilulco                                                                                        ,0190,023,,,,Fijo,19.2140568,-98.38573989,2019-11,True,True,True,False,False,False,False,True,False,True,False,False,INCLUIR,SIN_EVIDENCIA
11541569,21074315223001211000000000U0,MAQUILA DE PANTALON SIN NOMBRE,,315229,Confección en serie de otra ropa exterior de materiales textiles,0 a 5 personas,CALLE,RAFAEL SERRANO,CALLE,PORFIRIO DIAZ,CALLE,EL VOLCAN,CALLE,FLORES MAGON,17,,,,,,COLONIA,CENTRO,,,,74169,21,PUEBLA,074,Huejotzingo,0029,Santa Ana Xalmimilulco                                                                                        ,0025,003,,,,Fijo,19.20739716,-98.38433142,2024-11,True,True,True,False,False,False,False,True,False,True,False,False,INCLUIR,SIN_EVIDENCIA
8090633,21074315229002021000000000U9,MAQUILA DE PANTALON SIN NOMBRE,,315229,Confección en serie de otra ropa exterior de materiales textiles,0 a 5 personas,CALLE,CAMINO REAL SAN MATEO,CALLE,MUCIO MARTINEZ,CALLE,SAN ANTONIO,CALLE,AQUILES SERDAN SUR,10,,,,,,COLONIA,SAN ANTONIO,,,,74169,21,PUEBLA,074,Huejotzingo,0029,Santa Ana Xalmimilulco                                                                                        ,0025,019,,,,Fijo,19.20991627,-98.38729587,2019-11,True,True,True,False,False,False,False,True,False,True,False,False,INCLUIR,SIN_EVIDENCIA
10332270,21074315223000491000000000U9,MAQUILA DE PANTALON SIN NOMBRE,,315229,Confección en serie de otra ropa exterior de materiales textiles,0 a 5 personas,CALLE,NINGUNO,CALLE,PORFIRIO DIAZ,CALLE,NINGUNO,CALLE,NINGUNO,1,,,,,,LOCALIDAD,SANTA ANA XALMIMILULCO,,,,74169,21,PUEBLA,074,Huejotzingo,0029,Santa Ana Xalmimilulco                                                                                        ,0025,058,,,,Fijo,19.2056451,-98.38293756,2024-11,True,True,True,False,False,False,False,True,False,True,False,False,INCLUIR,SIN_EVIDENCIA
3427211,21074315225000041002000000U7,MAQUILA DE PANTALON SIN NOMBRE,,315229,Confección en serie de otra ropa exterior de materiales textiles,0 a 5 personas,CALLE,PALMA,PRIVADA,NINGUNO,PRIVADA,NINGUNO,CALLE,VENUSTIANO CARRANZA,8,,,,,,COLONIA,CENTRO,,,,74169,21,PUEBLA,074,Huejotzingo,0029,Santa Ana Xalmimilulco                                                                                        ,0025,002,2271030359,,,Fijo,19.20783852,-98.38225532,2010-07,True,True,True,False,False,False,False,True,False,True,False,False,INCLUIR,SIN_EVIDENCIA
11119423,21074315223000241000000000U8,MAQUILA DE PANTALON SIN NOMBRE,,315229,Confección en serie de otra ropa exterior de materiales textiles,0 a 5 personas,CALLE,SAN MIGUEL,PRIVADA,AQUILES SERDAN,CALLE,SAN JOSE,CALLE,AQUILES SERDAN SUR,4,,,,,,LOCALIDAD,SANTA ANA XALMIMILULCO,,,,74169,21,PUEBLA,074,Huejotzingo,0029,Santa Ana Xalmimilulco                                                                                        ,0237,003,2225858764,,,Fijo,19.20732084,-98.38821535,2024-11,True,True,True,False,False,False,False,True,False,True,False,False,INCLUIR,SIN_EVIDENCIA
11252324,21074315123000041000000000U4,MAQUILA DE PANTALON SIN NOMBRE,,315123,Fabricación de ropa exterior de tejido de punto,0 a 5 personas,CALLEJON,5 DE MAYO,PRIVADA,EL VOLCAN,CALLE,AQUILES SERDAN SUR,CALLE,NINGUNO,2,,,,,,LOCALIDAD,SANTA ANA XALMIMILULCO,,,,74169,21,PUEBLA,074,Huejotzingo,0029,Santa Ana Xalmimilulco                                                                                        ,0025,064,,,,Fijo,19.20680384,-98.38587376,2024-11,True,True,True,False,False,False,False,True,False,True,False,False,INCLUIR,SIN_EVIDENCIA
10601053,21074315223001101000000000U3,MAQUILA DE PANTALON SIN NOMBRE,,315229,Confección en serie de otra ropa exterior de materiales textiles,0 a 5 personas,CALLE,REAL SAN MATEO,PRIVADA,NINGUNO,CALLE,SAN ANTONIO,PRIVADA,CIELITO LINDO,117,,,,,,COLONIA,SANTA ANA XALMIMILULCO,,,,74169,21,PUEBLA,074,Huejotzingo,0029,Santa Ana Xalmimilulco                                                                                        ,0025,033,,,,Fijo,19.20921951,-98.38851917,2024-11,True,True,True,False,False,False,False,True,False,True,False,False,INCLUIR,SIN_EVIDENCIA
10498672,21074315223000111000000000U3,MAQUILA DE PANTALON SIN NOMBRE,,315229,Confección en serie de otra ropa exterior de materiales textiles,0 a 5 personas,CALLE,EL VOLCAN,CALLE,FLORES MAGON,CALLE,RAFAEL SERRANO,CALLE,PORFIRIO DIAZ,,SN,,,,,COLONIA,CENTRO,,,,74169,21,PUEBLA,074,Huejotzingo,0029,Santa Ana Xalmimilulco                                                                                        ,0025,003,2271340287,,,Fijo,19.20764246,-98.38465467,2024-11,True,True,True,False,False,False,False,True,False,True,False,False,INCLUIR,SIN_EVIDENCIA
10388706,21074315223000991000000000U8,MAQUILA DE PANTALON SIN NOMBRE,,315229,Confección en serie de otra ropa exterior de materiales textiles,0 a 5 personas,CALLE,SAN ISIDRO,CALLE,IXTACUIXTLA SUR,CALLE,PORFIRIO DIAZ,CALLE,ADOLFO LOPEZ MATEOS,15,,,,,,LOCALIDAD,SANTA ANA XALMIMILULCO,,,,74169,21,PUEBLA,074,Huejotzingo,0029,Santa Ana Xalmimilulco                                                                                        ,0167,006,,,,Fijo,19.2050312,-98.38268607,2024-11,True,True,True,False,False,False,False,True,False,True,False,False,INCLUIR,SIN_EVIDENCIA
9811213,21074315229002691000000000U9,MAQUILA DE PANTALONES,,315229,Confección en serie de otra ropa exterior de materiales textiles,0 a 5 personas,CALLE,INDUSTRIA,CALLEJON,CALLEJON DE LA INDUSTRIA,CALLE,INDEPENDENCIA,CALLE,PROVIDENCIA,17,,,,,,COLONIA,CENTRO,,,,74169,21,PUEBLA,074,Huejotzingo,0029,Santa Ana Xalmimilulco                                                                                        ,0190,007,,,,Fijo,19.21121359,-98.38094548,2024-11,True,True,False,False,False,False,False,True,False,True,False,False,INCLUIR,SIN_EVIDENCIA
8559575,21074315229001522001000000U7,MAQUILA DE PANTALONES SIN NOMBRE,,315229,Confección en serie de otra ropa exterior de materiales textiles,0 a 5 personas,CALLE,LOS REYES,CALLE,NINGUNO,PRIVADA,PRIVADA DE LA GLORIA,PRIVADA,GLORIA,10,,,,,,LOCALIDAD,SANTA ANA XALMIMILULCO,,,,74169,21,PUEBLA,074,Huejotzingo,0029,Santa Ana Xalmimilulco                                                                                        ,0025,052,,,,Fijo,19.20874706,-98.37678859,2019-11,True,True,False,False,False,False,False,True,False,True,False,False,INCLUIR,SIN_EVIDENCIA
3427190,21074315229001243002000000U0,MAQUILA DE PANTALONES SIN NOMBRE,,315229,Confección en serie de otra ropa exterior de materiales textiles,6 a 10 personas,PRIVADA,PRIVADA DE LA PALMA,CALLE,IXTACUIXTLA SUR,PRIVADA,NINGUNO,CALLE,TRIUNFO,77,,,,,,COLONIA,CENTRO,,,,74169,21,PUEBLA,074,Huejotzingo,0029,Santa Ana Xalmimilulco                                                                                        ,0025,015,,,,Fijo,19.20763327,-98.37937063,2010-07,True,True,False,False,False,False,False,True,False,True,False,False,INCLUIR,SIN_EVIDENCIA
8777526,21074315229002171000000000U2,MAQUILA DESHEBRADO,,315229,Confección en serie de otra ropa exterior de materiales textiles,0 a 5 personas,CALLE,NINGUNO,CALLE,DOMINGO ARENAS,CALLE,VIOLETAS PONIENTE,CALLE,REFORMA,,SN,,,,,PUEBLO,SANTA ANA XALMIMINULCO,,,,74169,21,PUEBLA,074,Huejotzingo,0029,Santa Ana Xalmimilulco                                                                                        ,0190,009,,,,Fijo,19.211873,-98.38360262,2019-11,True,True,True,True,False,False,True,True,True,True,False,False,INCLUIR,REVISAR
11133786,21074315229002281000000000U9,MAQUILA DESHEBRADO DE PANTALON SIN NOMBRE,,315229,Confección en serie de otra ropa exterior de materiales textiles,0 a 5 personas,CALLE,VENUSTIANO CARRANZA,PRIVADA,NINGUNO,CALLE,NINGUNO,CALLE,SAN MANUEL,9,,,,,,COLONIA,CENTRO,,,,74169,21,PUEBLA,074,Huejotzingo,0029,Santa Ana Xalmimilulco                                                                                        ,0025,016,,,,Fijo,19.20687249,-98.38149947,2024-11,True,True,True,True,False,False,True,True,True,True,False,False,INCLUIR,REVISAR
11564564,21074315229002581000000000U2,MAQUILA ELIOM,,315229,Confección en serie de otra ropa exterior de materiales textiles,0 a 5 personas,PRIVADA,NINGUNO,PRIVADA,16 DE SEPTIEMBRE,PRIVADA,16 DE SEPTIEMBRE,PRIVADA,INDUSTRIA,,SN,,,,,COLONIA,CENTRO,,,,74169,21,PUEBLA,074,Huejotzingo,0029,Santa Ana Xalmimilulco                                                                                        ,0190,013,,,,Fijo,19.21287767,-98.37843486,2024-11,True,True,False,False,False,False,False,True,False,True,False,False,INCLUIR,SIN_EVIDENCIA
3427188,21074315229001062000000000U4,MAQUILA J-RING-O,,315229,Confección en serie de otra ropa exterior de materiales textiles,0 a 5 personas,CALLE,TRIUNFO,CALLE,REAL DE PUEBLA,CALLE,PALMA,PRIVADA,PRIVADA DE LA PALMA,3,,,,,,COLONIA,CENTRO,,,,74169,21,PUEBLA,074,Huejotzingo,0029,Santa Ana Xalmimilulco                                                                                        ,0025,015,,,,Fijo,19.20766774,-98.38004855,2010-07,True,True,False,False,False,False,False,True,False,True,False,False,INCLUIR,SIN_EVIDENCIA
10380905,21074315223000761000000000U5,MAQUILA OVER Y RECTA,,315229,Confección en serie de otra ropa exterior de materiales textiles,0 a 5 personas,CALLE,REAL DE PUEBLA,OTRO(ESPECIFIQUE),CULTIVO,CALLE,IXTACUIXTLA SUR,CALLE,NARCISO MENDOZA,108,,,,,,LOCALIDAD,SANTA ANA XALMIMILULCO,,,,74169,21,PUEBLA,074,Huejotzingo,0029,Santa Ana Xalmimilulco                                                                                        ,0025,025,,,,Fijo,19.20629519,-98.37292543,2024-11,True,True,False,False,False,False,False,True,False,True,False,False,INCLUIR,SIN_EVIDENCIA
11580764,21074315223000741000000000U7,MAQUILA PANTALON,,315229,Confección en serie de otra ropa exterior de materiales textiles,0 a 5 personas,CALLE,REAL DE PUEBLA,OTRO(ESPECIFIQUE),CULTIVO,CALLE,IXTACUIXTLA SUR,CALLE,NARCISO MENDOZA,,SN,,,,,LOCALIDAD,SANTA ANA XALMIMILULCO,,,,74169,21,PUEBLA,074,Huejotzingo,0029,Santa Ana Xalmimilulco                                                                                        ,0025,025,,,,Fijo,19.20710043,-98.37545951,2024-11,True,True,True,False,False,False,False,True,False,True,False,False,INCLUIR,SIN_EVIDENCIA
9832799,21074315223000361000000000U4,MAQUILA PANTALON,,315229,Confección en serie de otra ropa exterior de materiales textiles,0 a 5 personas,CALLE,CONCEPCION,CALLE,SAN ANGEL,CALLE,LINDA VISTA,CALLE,LA MERCED,3,,,,,,COLONIA,SANTA CRUZ,,,,74169,21,PUEBLA,074,Huejotzingo,0029,Santa Ana Xalmimilulco                                                                                        ,0203,005,9161501855,,,Fijo,19.21877328,-98.37781866,2024-11,True,True,True,False,False,False,False,True,False,True,False,False,INCLUIR,SIN_EVIDENCIA
10228391,21074315223000631000000000U0,MAQUILA PANTALON,,315229,Confección en serie de otra ropa exterior de materiales textiles,0 a 5 personas,CALLE,CARRIL A DE AGUA SANTA,PRIVADA,GUADALUPE,CALLE,PRIMERO DE MAYO,CALLE,PRIMERO DE MAYO,,SN,,,,,LOCALIDAD,SANTA ANA XALMIMILULCO,,,,74169,21,PUEBLA,074,Huejotzingo,0029,Santa Ana Xalmimilulco                                                                                        ,0190,025,2271071472,,,Fijo,19.20945381,-98.37424312,2024-11,True,True,True,False,False,False,False,True,False,True,False,False,INCLUIR,SIN_EVIDENCIA
10182979,21074315223001261000000000U5,MAQUILA PANTALON,,315229,Confección en serie de otra ropa exterior de materiales textiles,0 a 5 personas,PRIVADA,GUADALUPE,PRIVADA,AGUA SANTA,CALLE,PRIMERO DE MAYO,CALLE,PRIMERO DE MAYO,10,,,,,,LOCALIDAD,SANTA ANA XALMIMILULCO,,,,74169,21,PUEBLA,074,Huejotzingo,0029,Santa Ana Xalmimilulco                                                                                        ,0190,025,,,,Fijo,19.21083477,-98.37308715,2024-11,True,True,True,False,False,False,False,True,False,True,False,False,INCLUIR,SIN_EVIDENCIA
9938752,21074315229002681000000000U0,MAQUILA PANTALON,,315229,Confección en serie de otra ropa exterior de materiales textiles,0 a 5 personas,CALLE,MAGNOLIA,CALLE,INDUSTRIA,CALLE,PROVIDENCIA,CALLE,DONATO GUERRA,7,,,,,,COLONIA,CENTRO,,,,74169,21,PUEBLA,074,Huejotzingo,0029,Santa Ana Xalmimilulco                                                                                        ,0190,002,2481594709,,,Fijo,19.21211572,-98.38189756,2024-11,True,True,True,False,False,False,False,True,False,True,False,False,INCLUIR,SIN_EVIDENCIA
11169870,21074315223000301000000000U0,MAQUILA PANTALON,,315229,Confección en serie de otra ropa exterior de materiales textiles,0 a 5 personas,PRIVADA,PREDEGAL DE SAN ANGEL,CALLE,SAN ANGEL,PRIVADA,NIÑO PERDIDO,CALLE,NIÑO PERDIDO,4,,,,,,COLONIA,SANTA CRUZ,,,,74169,21,PUEBLA,074,Huejotzingo,0029,Santa Ana Xalmimilulco                                                                                        ,0203,050,,,,Fijo,19.21726381,-98.37863979,2024-11,True,True,True,False,False,False,False,True,False,True,False,False,INCLUIR,SIN_EVIDENCIA
11615691,21074315229000932000000000U9,MAQUILA PAP RAPTOR,PABLO JUAREZBJUAREZ,315229,Confección en serie de otra ropa exterior de materiales textiles,0 a 5 personas,CALLE,CALLE DEL REFUGIO,CALLE,JOSEFA ORTIZ DE DOMINGUEZ,BOULEVARD,RIO XOCHIAC,CALLE,LINDA VISTA,33,,,,,,PUEBLO,SANTA ANA XALMIMINULCO,,,,74169,21,PUEBLA,074,Huejotzingo,0029,Santa Ana Xalmimilulco                                                                                        ,0203,017,2271120252,,,Fijo,19.21593315,-98.38235876,2024-11,True,True,False,False,False,False,False,True,False,True,False,False,INCLUIR,SIN_EVIDENCIA
11450697,21074315123000051000000000U3,MAQUILA SIN NOMBRE,,315123,Fabricación de ropa exterior de tejido de punto,0 a 5 personas,CALLE,MUCIO MARTINEZ,CALLE,EL VOLCAN,CALLE,AQUILES SERDAN SUR,CALLE,SAN ANTONIO,19,,,,,,COLONIA,SAN ANTONIO,,,,74169,21,PUEBLA,074,Huejotzingo,0029,Santa Ana Xalmimilulco                                                                                        ,0025,007,2481015186,,,Fijo,19.20941491,-98.3848471,2024-11,True,True,False,False,False,False,False,True,False,True,False,False,INCLUIR,SIN_EVIDENCIA
11492967,21074315229002701000000000U6,MAQUILA SIN NOMBRE,,315229,Confección en serie de otra ropa exterior de materiales textiles,0 a 5 personas,CALLE,REAL DE PUEBLA,OTRO(ESPECIFIQUE),CULTIVO,CALLE,IXTACUIXTLA SUR,CALLE,NARCISO MENDOZA,106,,,,,,LOCALIDAD,SANTA ANA XALMIMILULCO,,,,74169,21,PUEBLA,074,Huejotzingo,0029,Santa Ana Xalmimilulco                                                                                        ,0025,025,,,,Fijo,19.20626139,-98.3728198,2024-11,True,True,False,False,False,False,False,True,False,True,False,False,INCLUIR,SIN_EVIDENCIA
6450047,21074315229000221000000000U7,MAQUILA SIN NOMBRE,,315229,Confección en serie de otra ropa exterior de materiales textiles,0 a 5 personas,PROLONGACION,RAFAEL SERRANO,CALLE,AQUILES SERDAN SUR,CALLE,SAN MIGUEL,PRIVADA,AQUILES SERDAN,24,,,,,,LOCALIDAD,SANTA ANA XALMIMILULCO,,,,74169,21,PUEBLA,074,Huejotzingo,0029,Santa Ana Xalmimilulco                                                                                        ,0025,018,,,,Fijo,19.20830831,-98.38765488,2010-07,True,True,False,False,False,False,False,True,False,True,False,False,INCLUIR,SIN_EVIDENCIA
9737328,21074315229002871000000000U7,MAQUILA SIN NOMBRE,MAQUILA,315229,Confección en serie de otra ropa exterior de materiales textiles,0 a 5 personas,BOULEVARD,RIO XOCHIAC,CALLE,CANAL,CALLE,NINGUNO,BOULEVARD,RIO XOCHIAC,102,,,,,,PUEBLO,SANTA ANA XALMIMINULCO,,,,74169,21,PUEBLA,074,Huejotzingo,0029,Santa Ana Xalmimilulco                                                                                        ,0203,029,,,,Fijo,19.21597,-98.38736446,2024-11,True,True,False,False,False,False,False,True,False,True,False,False,INCLUIR,SIN_EVIDENCIA
9758856,21074315229002651000000000U3,MAQUILA SIN NOMBRE,GUADALUPE CASTRO,315229,Confección en serie de otra ropa exterior de materiales textiles,0 a 5 personas,PRIVADA,NINGUNO,CALLE,TLACOMULCO,CALLEJON,CALLEJON DE LA PROVIDENCIA,CALLE,INDUSTRIA,,SN,,,,,COLONIA,CENTRO,,,,74169,21,PUEBLA,074,Huejotzingo,0029,Santa Ana Xalmimilulco                                                                                        ,0190,006,,,,Fijo,19.21335976,-98.38182725,2024-11,True,True,False,False,False,False,False,True,False,True,False,False,INCLUIR,SIN_EVIDENCIA
9552490,21074315223000551000000000U0,MAQUILA SIN NOMBRE,,315229,Confección en serie de otra ropa exterior de materiales textiles,0 a 5 personas,CALLE,GLORIA,CALLE,NINGUNO,PRIVADA,GLORIA,CALLE,LOS REYES,17,,,,,,LOCALIDAD,SANTA ANA XALMIMILULCO,,,,74169,21,PUEBLA,074,Huejotzingo,0029,Santa Ana Xalmimilulco                                                                                        ,0025,052,,,,Fijo,19.20806336,-98.37642321,2024-11,True,True,False,False,False,False,False,True,False,True,False,False,INCLUIR,SIN_EVIDENCIA
11537868,21074315229002641000000000U4,MAQUILA SIN NOMBRE,,315229,Confección en serie de otra ropa exterior de materiales textiles,0 a 5 personas,CALLEJON,CALLEJON DE LA PROVIDENCIA,CALLEJON,EL PORVENIR,PRIVADA,NINGUNO,CALLE,INDUSTRIA,40,,,,,,COLONIA,CENTRO,,,,74169,21,PUEBLA,074,Huejotzingo,0029,Santa Ana Xalmimilulco                                                                                        ,0190,006,2271471273,,,Fijo,19.21255152,-98.38222086,2024-11,True,True,False,False,False,False,False,True,False,True,False,False,INCLUIR,SIN_EVIDENCIA
8718752,21074313310000061010000000U7,MAQUILA SIN NOMBRE,,315229,Confección en serie de otra ropa exterior de materiales textiles,0 a 5 personas,PRIVADA,GUADALUPE,PRIVADA,AGUA SANTA,CALLE,PRIMERO DE MAYO,CALLE,PRIMERO DE MAYO,11,,,,,,LOCALIDAD,SANTA ANA XALMIMILULCO,,,,74169,21,PUEBLA,074,Huejotzingo,0029,Santa Ana Xalmimilulco                                                                                        ,0190,025,,,,Fijo,19.2109414,-98.37304316,2019-11,True,True,False,False,False,False,False,True,False,True,False,False,INCLUIR,SIN_EVIDENCIA
8090624,21074315229001991000000000U4,MAQUILA SIN NOMBRE,,315229,Confección en serie de otra ropa exterior de materiales textiles,0 a 5 personas,CALLE,AQUILES SERDAN SUR,CALLE,DOMINGO ARENAS,CALLE,MUCIO MARTINEZ,PRIVADA,NINGUNO,3,,,,,,LOCALIDAD,SANTA ANA XALMIMILULCO,,,,74169,21,PUEBLA,074,Huejotzingo,0029,Santa Ana Xalmimilulco                                                                                        ,0025,030,,,,Fijo,19.21072001,-98.38599798,2019-11,True,True,False,False,False,False,False,True,False,True,False,False,INCLUIR,SIN_EVIDENCIA
8089214,21074315229001761010000000U1,MAQUILA SIN NOMBRE,,315223,Confección en serie de uniformes,0 a 5 personas,CALLE,REAL DE PUEBLA,OTRO(ESPECIFIQUE),CULTIVO,CALLE,IXTACUIXTLA SUR,CALLE,NARCISO MENDOZA,106,,,,,,LOCALIDAD,SANTA ANA XALMIMILULCO,,,,74169,21,PUEBLA,074,Huejotzingo,0029,Santa Ana Xalmimilulco                                                                                        ,0025,025,,,,Fijo,19.20636198,-98.3731408,2019-11,True,True,False,False,False,False,False,True,False,True,False,False,INCLUIR,SIN_EVIDENCIA
8089267,21074315229001831000000000U2,MAQUILA SIN NOMBRE,,315229,Confección en serie de otra ropa exterior de materiales textiles,0 a 5 personas,CALLE,IXTACUIXTLA SUR,PRIVADA,IXTACUIXTLA,CALLE,REAL DE PUEBLA,OTRO(ESPECIFIQUE),CULTIVO,32,,,,,,LOCALIDAD,SANTA ANA XALMIMILULCO,,,,74169,21,PUEBLA,074,Huejotzingo,0029,Santa Ana Xalmimilulco                                                                                        ,0025,025,,,,Fijo,19.2078368,-98.37876508,2019-11,True,True,False,False,False,False,False,True,False,True,False,False,INCLUIR,SIN_EVIDENCIA
3428048,21074315229000581000000000U4,MAQUILA SIN NOMBRE,,315229,Confección en serie de otra ropa exterior de materiales textiles,0 a 5 personas,CALLE,SAN ANTONIO,CALLE,EL VOLCAN,CALLE,AQUILES SERDAN SUR,CALLEJON,VOLCANCITO,40,,,,,,COLONIA,SAN ANTONIO,,,,74169,21,PUEBLA,074,Huejotzingo,0029,Santa Ana Xalmimilulco                                                                                        ,0025,046,2271120507,,,Fijo,19.20901077,-98.3860345,2010-07,True,True,False,False,False,False,False,True,False,True,False,False,INCLUIR,SIN_EVIDENCIA
10170954,21074315229002471000000000U6,MAQUILA SIN NOMBRE,,315229,Confección en serie de otra ropa exterior de materiales textiles,0 a 5 personas,CALLE,INDEPENDENCIA,CALLE,INDUSTRIA,CALLE,REFORMA,CALLE,PROVIDENCIA,,SN,,,,,COLONIA,CENTRO,,,,74169,21,PUEBLA,074,Huejotzingo,0029,Santa Ana Xalmimilulco                                                                                        ,0190,007,2271043588,,,Fijo,19.21079064,-98.38140886,2024-11,True,True,False,False,False,False,False,True,False,True,False,False,INCLUIR,SIN_EVIDENCIA
10217042,21074315223001001000000000U5,MAQUILA SIN NOMBRE,,315229,Confección en serie de otra ropa exterior de materiales textiles,0 a 5 personas,CALLE,SAN ISIDRO,CALLE,IXTACUIXTLA SUR,CALLE,PORFIRIO DIAZ,CALLE,ADOLFO LOPEZ MATEOS,30,,,,,,LOCALIDAD,SANTA ANA XALMIMILULCO,,,,74169,21,PUEBLA,074,Huejotzingo,0029,Santa Ana Xalmimilulco                                                                                        ,0167,006,,,,Fijo,19.20433688,-98.3797113,2024-11,True,True,False,False,False,False,False,True,False,True,False,False,INCLUIR,SIN_EVIDENCIA
10318667,21074315223000701000000000U1,MAQUILA SIN NOMBRE,,315229,Confección en serie de otra ropa exterior de materiales textiles,0 a 5 personas,CALLE,NINGUNO,CALLE,SAN MANUEL,CALLE,SAN ISIDRO,CALLE,NINGUNO,,SN,,,,,LOCALIDAD,SANTA ANA XALMIMILULCO,,,,74169,21,PUEBLA,074,Huejotzingo,0029,Santa Ana Xalmimilulco                                                                                        ,0025,062,,,,Fijo,19.20539801,-98.38169548,2024-11,True,True,False,False,False,False,False,True,False,True,False,False,INCLUIR,SIN_EVIDENCIA
10642697,21074315223000921000000000U5,MAQUILA SIN NOMBRE,,315229,Confección en serie de otra ropa exterior de materiales textiles,0 a 5 personas,CALLE,SAN MIGUEL,CALLE,SAN ANTONIO,PRIVADA,NINGUNO,PRIVADA,NINGUNO,,SN,,,,,COLONIA,SANTA ANA XALMIMILULCO,,,,74169,21,PUEBLA,074,Huejotzingo,0029,Santa Ana Xalmimilulco                                                                                        ,0025,033,,,,Fijo,19.20903451,-98.38755634,2024-11,True,True,False,False,False,False,False,True,False,True,False,False,INCLUIR,SIN_EVIDENCIA
10655916,21074315229002561000000000U4,MAQUILA SIN NOMBRE,,315229,Confección en serie de otra ropa exterior de materiales textiles,0 a 5 personas,CALLE,ALAMOS,OTRO(ESPECIFIQUE),CANAL,CALLE,NINGUNO,CALLE,CANAL,,SN,,,,,PUEBLO,SANTA ANA XALMIMINULCO,,,,74169,21,PUEBLA,074,Huejotzingo,0029,Santa Ana Xalmimilulco                                                                                        ,0190,030,2271537127,,,Fijo,19.2145552,-98.38918447,2024-11,True,True,False,False,False,False,False,True,False,True,False,False,INCLUIR,SIN_EVIDENCIA
10749897,21074315223000611000000000U2,MAQUILA SIN NOMBRE,,315223,Confección en serie de uniformes,0 a 5 personas,CALLE,VENUSTIANO CARRANZA,CALLE,IXTACUIXTLA SUR,CALLE,PORFIRIO DIAZ,CALLE,PALMA,4,,,,,,COLONIA,CENTRO,,,,74169,21,PUEBLA,074,Huejotzingo,0029,Santa Ana Xalmimilulco                                                                                        ,0025,002,2271033362,,,Fijo,19.206236,-98.37964854,2024-11,True,True,False,False,False,False,False,True,False,True,False,False,INCLUIR,SIN_EVIDENCIA
10855925,21074315223000181000000000U6,MAQUILA SIN NOMBRE,,315223,Confección en serie de uniformes,0 a 5 personas,CALLE,REAL DE PUEBLA,OTRO(ESPECIFIQUE),CULTIVO,CALLE,IXTACUIXTLA SUR,CALLE,NARCISO MENDOZA,70,,,,,,LOCALIDAD,SANTA ANA XALMIMILULCO,,,,74169,21,PUEBLA,074,Huejotzingo,0029,Santa Ana Xalmimilulco                                                                                        ,0025,025,,,,Fijo,19.20737938,-98.3762992,2024-11,True,True,False,False,False,False,False,True,False,True,False,False,INCLUIR,SIN_EVIDENCIA
10786863,21074315223000772000000000U2,MAQUILA SIN NOMBRE,,315229,Confección en serie de otra ropa exterior de materiales textiles,6 a 10 personas,CALLE,REAL DE PUEBLA,OTRO(ESPECIFIQUE),CULTIVO,CALLE,IXTACUIXTLA SUR,CALLE,NARCISO MENDOZA,110,,,,,,LOCALIDAD,SANTA ANA XALMIMILULCO,,,,74169,21,PUEBLA,074,Huejotzingo,0029,Santa Ana Xalmimilulco                                                                                        ,0025,025,,,,Fijo,19.20602371,-98.37207344,2024-11,True,True,False,False,False,False,False,True,False,True,False,False,INCLUIR,SIN_EVIDENCIA
11359086,21074315223000331000000000U7,MAQUILA SIN NOMBRE,,315223,Confección en serie de uniformes,0 a 5 personas,PRIVADA,LOS PINOS,CALLE,NARCISO MENDOZA,OTRO(ESPECIFIQUE),NINGUNO,PRIVADA,NINGUNO,,SN,,,,,LOCALIDAD,SANTA ANA XALMIMILULCO,,,,74169,21,PUEBLA,074,Huejotzingo,0029,Santa Ana Xalmimilulco                                                                                        ,0025,066,,,,Fijo,19.20665368,-98.37851665,2024-11,True,True,False,False,False,False,False,True,False,True,False,False,INCLUIR,SIN_EVIDENCIA
11289661,21074315223000981000000000U9,MAQUILA SIN NOMBRE,,315229,Confección en serie de otra ropa exterior de materiales textiles,0 a 5 personas,CALLEJON,VOLCANCITO,CALLE,EL VOLCAN,CALLE,AQUILES SERDAN SUR,PROLONGACION,RAFAEL SERRANO,,SN,,,,,COLONIA,SAN ANTONIO,,,,74169,21,PUEBLA,074,Huejotzingo,0029,Santa Ana Xalmimilulco                                                                                        ,0025,037,,,,Fijo,19.20853757,-98.38573146,2024-11,True,True,False,False,False,False,False,True,False,True,False,False,INCLUIR,SIN_EVIDENCIA
11290346,21074315229002791000000000U7,MAQUILA SIN NOMBRE,,315229,Confección en serie de otra ropa exterior de materiales textiles,0 a 5 personas,CALLE,SAN BARTOLO,CALLE,LINDA VISTA,CALLE,DIVISION DEL NORTE,CALLE,JOSEFA ORTIZ DE DOMINGUEZ,24,,,,,,COLONIA,SANTA CRUZ,,,,74196,21,PUEBLA,074,Huejotzingo,0029,Santa Ana Xalmimilulco                                                                                        ,0203,011,,,,Fijo,19.21773323,-98.38130892,2024-11,True,True,False,False,False,False,False,True,False,True,False,False,INCLUIR,SIN_EVIDENCIA
11218866,21074315229002481000000000U5,MAQUILA SIN NOMBRE,,315229,Confección en serie de otra ropa exterior de materiales textiles,0 a 5 personas,CALLE,MAGNOLIA,CALLE,INDUSTRIA,CALLE,PROVIDENCIA,CALLE,DONATO GUERRA,8,,,,,,COLONIA,CENTRO,,,,74169,21,PUEBLA,074,Huejotzingo,0029,Santa Ana Xalmimilulco                                                                                        ,0190,002,,,,Fijo,19.21209557,-98.38170851,2024-11,True,True,False,False,False,False,False,True,False,True,False,False,INCLUIR,SIN_EVIDENCIA
10381013,21074315229002931000000000U9,MAQUILA SIN NOMBRE,,315229,Confección en serie de otra ropa exterior de materiales textiles,0 a 5 personas,PRIVADA,NINGUNO,PRIVADA,16 DE SEPTIEMBRE,PRIVADA,16 DE SEPTIEMBRE,PRIVADA,INDUSTRIA,7,,,,,,COLONIA,CENTRO,,,,74169,21,PUEBLA,074,Huejotzingo,0029,Santa Ana Xalmimilulco                                                                                        ,0190,013,2272712353,,,Fijo,19.21299136,-98.37853561,2024-11,True,True,False,False,False,False,False,True,False,True,False,False,INCLUIR,SIN_EVIDENCIA
9577301,21074315223000061000000000U0,MAQUILA SIN NOMBRE,,315229,Confección en serie de otra ropa exterior de materiales textiles,0 a 5 personas,PRIVADA,NINGUNO,PRIVADA,NINGUNO,CALLE,RIO XOCHIAC,CALLE,REAL DE LA POSTA,,SN,,,,,LOCALIDAD,SANTA ANA XALMIMILULCO,,,,74169,21,PUEBLA,074,Huejotzingo,0029,Santa Ana Xalmimilulco                                                                                        ,0203,007,,,,Fijo,19.21471689,-98.3759053,2024-11,True,True,False,False,False,False,False,True,False,True,False,False,INCLUIR,SIN_EVIDENCIA
10398573,21074315229002952000000000U5,MAQUILA SIN NOMBRE,MAQUILA,315229,Confección en serie de otra ropa exterior de materiales textiles,6 a 10 personas,CALLE,CALLE DEL REFUGIO,CALLEJON,CALLEJON DEL REFUGIO,CALLE,REFORMA,CALLE,PROVIDENCIA,,SN,,,,,COLONIA,PRIMER SECCION,,,,74169,21,PUEBLA,074,Huejotzingo,0029,Santa Ana Xalmimilulco                                                                                        ,0190,001,,,,Fijo,19.21243201,-98.38333904,2024-11,True,True,False,False,False,False,False,True,False,True,False,False,INCLUIR,SIN_EVIDENCIA
9894257,21074315229002661000000000U2,MAQUILA SON NOMBRE,,315229,Confección en serie de otra ropa exterior de materiales textiles,0 a 5 personas,CALLE,PROVIDENCIA,CALLE,TLACOMULCO,PRIVADA,NINGUNO,CALLE,INDUSTRIA,48,,,,,,COLONIA,CENTRO,,,,74169,21,PUEBLA,074,Huejotzingo,0029,Santa Ana Xalmimilulco                                                                                        ,0190,006,2271193255,,,Fijo,19.21348696,-98.38205586,2024-11,True,True,False,False,False,False,False,True,False,True,False,False,INCLUIR,SIN_EVIDENCIA
11310014,21074315229002331000000000U2,MAQUILA SON NOMBRE,,315229,Confección en serie de otra ropa exterior de materiales textiles,0 a 5 personas,CALLE,TLAPACOYA,CALLE,PORFIRIO DIAZ,CALLE,AQUILES SERDAN SUR,CALLE,JUQUILA,,SN,,,,,PUEBLO,SANTA ANA XALMIMINULCO,,,,74169,21,PUEBLA,074,Huejotzingo,0029,Santa Ana Xalmimilulco                                                                                        ,0167,015,2271523680,,,Fijo,19.20403158,-98.38706936,2024-11,True,True,False,False,False,False,False,True,False,True,False,False,INCLUIR,SIN_EVIDENCIA
10267780,21074315223001091000000000U6,MAQUILA UNIFORMES,,315223,Confección en serie de uniformes,0 a 5 personas,PRIVADA,20 DE NOVIEMBRE,CALLE,MELCHOR OCAMPO,PRIVADA,NINGUNO,CALLE,MELCHOR OCAMPO,20,,,,,,LOCALIDAD,SANTA ANA XALMIMILULCO,,,,74169,21,PUEBLA,074,Huejotzingo,0029,Santa Ana Xalmimilulco                                                                                        ,0203,007,,,,Fijo,19.21574674,-98.37560939,2024-11,True,True,False,False,False,False,False,True,False,True,False,False,INCLUIR,SIN_EVIDENCIA
9496523,21074315223001132000000000U8,MAQUILADORA,,315229,Confección en serie de otra ropa exterior de materiales textiles,6 a 10 personas,CALLE,DIVISION DEL NORTE,CALLE,FELIPE ANGELES,PRIVADA,DIVISION DEL NORTE,CALLE,LINDA VISTA,,SN,,,7,,COLONIA,SANTA CRUZ,,,,74169,21,PUEBLA,074,Huejotzingo,0029,Santa Ana Xalmimilulco                                                                                        ,0203,004,2227118184,,,Fijo,19.21947071,-98.38136076,2024-11,True,True,False,False,False,False,True,True,False,True,False,False,INCLUIR,SIN_EVIDENCIA
9890969,21074315229002451000000000U8,MAQUILADORA,,315229,Confección en serie de otra ropa exterior de materiales textiles,0 a 5 personas,CALLE,JOSEFA ORTIZ DE DOMINGUEZ,PRIVADA,JOSEFA ORTIZ DE DOMINGUEZ,CALLE,CALLE DEL REFUGIO,BOULEVARD,RIO XOCHIAC,,SN,,,,,PUEBLO,SANTA ANA XALMIMINULCO,,,,74169,21,PUEBLA,074,Huejotzingo,0029,Santa Ana Xalmimilulco                                                                                        ,0203,017,,,,Fijo,19.21669814,-98.38203417,2024-11,True,True,False,False,False,False,True,True,False,True,False,False,INCLUIR,SIN_EVIDENCIA
11303687,21074315223001141000000000U9,MAQUILADORA,MAQUILADORA,315229,Confección en serie de otra ropa exterior de materiales textiles,0 a 5 personas,CALLE,SAN BARTOLO,CALLE,DIVISION DEL NORTE,CALLE,10 DE SEPTIEMBRE,CALLE,JAZMINES,,SN,,,,,COLONIA,SANTA CRUZ,,,,74169,21,PUEBLA,074,Huejotzingo,0029,Santa Ana Xalmimilulco                                                                                        ,0203,022,,,,Fijo,19.21829718,-98.38236538,2024-11,True,True,False,False,False,False,True,True,False,True,False,False,INCLUIR,SIN_EVIDENCIA
10394844,21074315229002831000000000U1,MAQUILADORA,MAQUILADORA,315229,Confección en serie de otra ropa exterior de materiales textiles,0 a 5 personas,CALLE,NINGUNO,CALLE,10 DE SEPTIEMBRE,CALLE,NINGUNO,CALLE,10 DE SEPTIEMBRE,7,,,,,,COLONIA,SANTA CRUZ,,,,74169,21,PUEBLA,074,Huejotzingo,0029,Santa Ana Xalmimilulco                                                                                        ,0203,067,2481692991,,,Fijo,19.2199839,-98.3837314,2024-11,True,True,False,False,False,False,True,True,False,True,False,False,INCLUIR,SIN_EVIDENCIA
10579458,21074315229002422000000000U9,MAQUILADORA BRESKA,,315229,Confección en serie de otra ropa exterior de materiales textiles,6 a 10 personas,BOULEVARD,RIO XOCHIAC,CALLE,CALLE DEL REFUGIO,PRIVADA,NINGUNO,CALLE,JOSEFA ORTIZ DE DOMINGUEZ,,SN,,,,,PUEBLO,SANTA ANA XALMIMINULCO,,,,74169,21,PUEBLA,074,Huejotzingo,0029,Santa Ana Xalmimilulco                                                                                        ,0203,018,2271161872,,,Fijo,19.21499562,-98.38342412,2024-11,True,True,False,False,False,False,True,True,False,True,False,False,INCLUIR,SIN_EVIDENCIA
8088968,21074315229001651000000000U4,MAQUILADORA DE PANTALON SIN NOMBRE,,315229,Confección en serie de otra ropa exterior de materiales textiles,0 a 5 personas,CALLE,CORREGIDORA,CALLE,CARRIL A DE AGUA SANTA,CALLE,LOS REYES,PRIVADA,LIBERTAD,1,,,,,,LOCALIDAD,SANTA ANA XALMIMILULCO,,,,74169,21,PUEBLA,074,Huejotzingo,0029,Santa Ana Xalmimilulco                                                                                        ,0025,065,2271169599,,,Fijo,19.20904837,-98.37523652,2019-11,True,True,True,False,False,False,True,True,False,True,False,False,INCLUIR,SIN_EVIDENCIA
8088970,21074315229001671000000000U2,MAQUILADORA DE PANTALONES DE MEZCLILLA,,315229,Confección en serie de otra ropa exterior de materiales textiles,0 a 5 personas,CALLE,IXTACUIXTLA NORTE,CALLE,GLORIA,PRIVADA,SEGUNDA IXTACUIXTLA,PRIVADA,PRIVADA DE LA GLORIA,8,,,,,,LOCALIDAD,SANTA ANA XALMIMILULCO,,,,74169,21,PUEBLA,074,Huejotzingo,0029,Santa Ana Xalmimilulco                                                                                        ,0025,047,,,,Fijo,19.20894047,-98.37831876,2019-11,True,True,True,True,False,False,True,True,False,True,False,False,INCLUIR,REVISAR
9629047,21074315229002721000000000U4,MAQUILADORA RAQUEL,MAQUILADORA RAQUEL,315229,Confección en serie de otra ropa exterior de materiales textiles,0 a 5 personas,PRIVADA,PRIVADA DE LA PALMA,CALLE,PROGRESO,CALLE,XICOHTENCATL,CALLE,XICOHTENCATL,5,,,,,,COLONIA,CENTRO,,,,74169,21,PUEBLA,074,Huejotzingo,0029,Santa Ana Xalmimilulco                                                                                        ,0025,012,2213925226,,,Fijo,19.20824719,-98.38150436,2024-11,True,True,False,False,False,False,True,True,False,True,False,False,INCLUIR,SIN_EVIDENCIA
9627768,21074315229002511000000000U9,MAQUILADORA SIN NOMBRE,,315229,Confección en serie de otra ropa exterior de materiales textiles,0 a 5 personas,CALLE,SAN MARTIN,PRIVADA,TEPEPA,CALLE,AQUILES SERDAN NORTE,CALLE,AQUILES SERDAN NORTE,22,,,,,,PUEBLO,SANTA ANA XALMIMINULCO,,,,74169,21,PUEBLA,074,Huejotzingo,0029,Santa Ana Xalmimilulco                                                                                        ,0190,023,2211481665,,,Fijo,19.21521278,-98.38576025,2024-11,True,True,False,False,False,False,True,True,False,True,False,False,INCLUIR,SIN_EVIDENCIA
9834409,21074315229002603000000000U4,MAQUILADORA SIN NOMBRE,,315229,Confección en serie de otra ropa exterior de materiales textiles,11 a 30 personas,PRIVADA,PRIVADA DE LA PALMA,CALLE,PROGRESO,CALLE,XICOHTENCATL,CALLE,XICOHTENCATL,,SN,,,,,COLONIA,CENTRO,,,,74169,21,PUEBLA,074,Huejotzingo,0029,Santa Ana Xalmimilulco                                                                                        ,0025,012,2271211545,,,Fijo,19.20843617,-98.38143386,2024-11,True,True,False,False,False,False,True,True,False,True,False,False,INCLUIR,SIN_EVIDENCIA
8089455,21074315229001911000000000U2,MAQUILADORA SIN NOMBRE,,315229,Confección en serie de otra ropa exterior de materiales textiles,0 a 5 personas,CALLE,ADOLFO LOPEZ MATEOS,CALLE,IXTACUIXTLA SUR,CALLE,PORFIRIO DIAZ,CALLE,SAN ISIDRO,3,,,,,,LOCALIDAD,SANTA ANA XALMIMILULCO,,,,74169,21,PUEBLA,074,Huejotzingo,0029,Santa Ana Xalmimilulco                                                                                        ,0167,006,,,,Fijo,19.20381827,-98.38323307,2019-11,True,True,False,False,False,False,True,True,False,True,False,False,INCLUIR,SIN_EVIDENCIA
8089448,21074316991000021000000000U5,MAQUILADORA SIN NOMBRE,,316991,"Fabricación de bolsos de mano, maletas y similares",0 a 5 personas,CALLE,SAN ISIDRO,CALLE,NINGUNO,CALLE,NINGUNO,CALLE,SAN MANUEL,18,,,,,,LOCALIDAD,SANTA ANA XALMIMILULCO,,,,74169,21,PUEBLA,074,Huejotzingo,0029,Santa Ana Xalmimilulco                                                                                        ,0025,062,,,,Fijo,19.20491709,-98.38197517,2019-11,False,True,False,False,False,False,True,True,False,False,False,False,REVISAR,SIN_EVIDENCIA
8777006,21074315229002152001000000U2,MAQUILADORA SIN NOMBRE,,315229,Confección en serie de otra ropa exterior de materiales textiles,0 a 5 personas,CALLE,ADOLFO LOPEZ MATEOS,CALLE,IXTACUIXTLA SUR,CALLE,PORFIRIO DIAZ,CALLE,SAN ISIDRO,11,,,,,,LOCALIDAD,SANTA ANA XALMIMILULCO,,,,74169,21,PUEBLA,074,Huejotzingo,0029,Santa Ana Xalmimilulco                                                                                        ,0167,006,2222575135,,,Fijo,19.2031097,-98.38129706,2019-11,True,True,False,False,False,False,True,True,False,True,False,False,INCLUIR,SIN_EVIDENCIA
3428228,21074315229000811002000000U5,MAQUILAR PANTALON DE MEZCLILLA,,315229,Confección en serie de otra ropa exterior de materiales textiles,0 a 5 personas,CALLE,GLORIA,PRIVADA,PRIVADA DE LA GLORIA,CALLE,IXTACUIXTLA NORTE,CALLE,JUAN PIZACO,4,A,,,,,LOCALIDAD,SANTA ANA XALMIMILULCO,,,,74169,21,PUEBLA,074,Huejotzingo,0029,Santa Ana Xalmimilulco                                                                                        ,0025,047,,,,Fijo,19.20875293,-98.37822862,2010-07,True,True,True,True,False,False,False,False,False,True,False,False,INCLUIR,SIN_EVIDENCIA
9650425,21074315229002291000000000U8,MAQUILLA,,315229,Confección en serie de otra ropa exterior de materiales textiles,0 a 5 personas,CALLE,AQUILES SERDAN NORTE,PRIVADA,TEPEPA,CALLE,ALAMOS,CALLE,CUHACTEMOCZINT,7,,,,,,PUEBLO,SANTA ANA XALMIMINULCO,,,,74169,21,PUEBLA,074,Huejotzingo,0029,Santa Ana Xalmimilulco                                                                                        ,0190,023,,,,Fijo,19.2140568,-98.38573989,2024-11,True,False,False,False,False,False,False,False,False,True,False,False,INCLUIR,SIN_EVIDENCIA
9877804,21074315229002611000000000U7,MAQUILLA,,315229,Confección en serie de otra ropa exterior de materiales textiles,0 a 5 personas,CALLE,PROVIDENCIA,CALLEJON,PROVIDENCIA,BOULEVARD,RIO XOCHIAC,PRIVADA,PRIVADA DEL REFUGIO,48,,,,,,PUEBLO,SANTA ANA XALMIMINULCO,,,,74169,21,PUEBLA,074,Huejotzingo,0029,Santa Ana Xalmimilulco                                                                                        ,0190,005,,,,Fijo,19.21343595,-98.38213862,2024-11,True,False,False,False,False,False,False,False,False,True,False,False,INCLUIR,SIN_EVIDENCIA
10029125,21074315229002351000000000U0,MAQUILLA,,315229,Confección en serie de otra ropa exterior de materiales textiles,0 a 5 personas,CALLEJON,CALLEJON DEL REFUGIO,CALLE,CALLE DEL REFUGIO,CALLE,PROVIDENCIA,BOULEVARD,RIO XOCHIAC,6,,,,,,PUEBLO,SANTA ANA XALMIMINULCO,,,,74169,21,PUEBLA,074,Huejotzingo,0029,Santa Ana Xalmimilulco                                                                                        ,0190,005,,,,Fijo,19.2128435,-98.38306201,2024-11,True,False,False,False,False,False,False,False,False,True,False,False,INCLUIR,SIN_EVIDENCIA
10500192,21074315229002261000000000U1,MAQUILLA,,315229,Confección en serie de otra ropa exterior de materiales textiles,0 a 5 personas,CALLEJON,EL NOPALITO,CALLE,CALLE DEL REFUGIO,CALLE,SAN MARTIN,CALLEJON,SAN CAMILITO,20,,,,,,PUEBLO,SANTA ANA XALMIMINULCO,,,,74169,21,PUEBLA,074,Huejotzingo,0029,Santa Ana Xalmimilulco                                                                                        ,0190,011,2271126715,,,Fijo,19.21399223,-98.38297451,2024-11,True,False,False,False,False,False,False,False,False,True,False,False,INCLUIR,SIN_EVIDENCIA
11352441,21074315229002761000000000U0,MAQUILLA DE PANTALON,,315229,Confección en serie de otra ropa exterior de materiales textiles,0 a 5 personas,CALLE,MAGNOLIA,CALLE,INDUSTRIA,CALLE,PROVIDENCIA,CALLE,DONATO GUERRA,6,,,,,,COLONIA,CENTRO,,,,74169,21,PUEBLA,074,Huejotzingo,0029,Santa Ana Xalmimilulco                                                                                        ,0190,002,2212420930,,,Fijo,19.21213001,-98.38198394,2024-11,True,True,True,False,False,False,False,False,False,True,False,False,INCLUIR,SIN_EVIDENCIA
11467703,21074315229002382000000000U5,MAQUILLA JUAREZ,,315229,Confección en serie de otra ropa exterior de materiales textiles,6 a 10 personas,PRIVADA,SAN MARTIN A,PRIVADA,NINGUNO,CALLE,SAN MARTIN,CALLE,AQUILES SERDAN NORTE,1,,,,,,PUEBLO,SANTA ANA XALMIMINULCO,,,,74169,21,PUEBLA,074,Huejotzingo,0029,Santa Ana Xalmimilulco                                                                                        ,0190,018,,,,Fijo,19.21384453,-98.38440646,2024-11,True,False,False,False,False,False,False,False,False,True,False,False,INCLUIR,SIN_EVIDENCIA
9804661,21074315229002591000000000U1,MAQUILLA SIN NOMBRE,,315229,Confección en serie de otra ropa exterior de materiales textiles,0 a 5 personas,PRIVADA,PRIVADA DEL REFUGIO,BOULEVARD,RIO XOCHIAC,PRIVADA,NINGUNO,CALLE,PROVIDENCIA,,SN,,,,,PUEBLO,SANTA ANA XALMIMINULCO,,,,74169,21,PUEBLA,074,Huejotzingo,0029,Santa Ana Xalmimilulco                                                                                        ,0190,005,,,,Fijo,19.21433021,-98.38261209,2024-11,True,False,False,False,False,False,False,False,False,True,False,False,INCLUIR,SIN_EVIDENCIA
10687795,21074315229002672000000000U9,MAQUILLA SIN NOMBRE,SALOMON PINEDA,315229,Confección en serie de otra ropa exterior de materiales textiles,6 a 10 personas,PRIVADA,NINGUNO,CALLE,CUHACTEMOCZINT,CALLE,EMILIANO ZAPATA,BOULEVARD,RIO XOCHIAC,,SN,,,,,PUEBLO,SANTA ANA XALMIMINUCO,,,,74169,21,PUEBLA,074,Huejotzingo,0029,Santa Ana Xalmimilulco                                                                                        ,0190,027,2271088095,,,Fijo,19.21436984,-98.38784587,2024-11,True,False,False,False,False,False,False,False,False,True,False,False,INCLUIR,SIN_EVIDENCIA
10541104,21074315229002441000000000U9,MAQUILLA SIN NOMBRE,,315229,Confección en serie de otra ropa exterior de materiales textiles,0 a 5 personas,BOULEVARD,RIO XOCHIAC,CALLEJON,SAN MARTIN,CALLE,SAN MARTIN,CALLEJON,SAN MARTIN,12,,,,,,PUEBLO,SANTA ANA XALMININULCO,,,,74169,21,PUEBLA,074,Huejotzingo,0029,Santa Ana Xalmimilulco                                                                                        ,0190,019,2226666160,,,Fijo,19.21509667,-98.38405092,2024-11,True,False,False,False,False,False,False,False,False,True,False,False,INCLUIR,SIN_EVIDENCIA
10516759,21074315229002271000000000U0,MAQUILLA V SIN NOMBRE,,315229,Confección en serie de otra ropa exterior de materiales textiles,0 a 5 personas,BOULEVARD,RIO XOCHIAC,CALLEJON,SAN MARTIN,CALLE,SAN MARTIN,CALLEJON,SAN MARTIN,100,,,,,,PUEBLO,SANTA ANA XALMININULCO,,,,74169,21,PUEBLA,074,Huejotzingo,0029,Santa Ana Xalmimilulco                                                                                        ,0190,019,2481749907,,,Fijo,19.21551587,-98.38534479,2024-11,True,False,False,False,False,False,False,False,False,True,False,False,INCLUIR,SIN_EVIDENCIA
11521781,21074315229002362000000000U7,MAQUILLADORA,,315229,Confección en serie de otra ropa exterior de materiales textiles,6 a 10 personas,CALLE,LINDA VISTA,CALLE,SANTA CRUZ,BOULEVARD,RIO XOCHIAC,CALLE,SAN MIGUEL,8,,,,,,COLONIA,SANTA CRUZ,,,,74169,21,PUEBLA,074,Huejotzingo,0029,Santa Ana Xalmimilulco                                                                                        ,0203,016,,,,Fijo,19.21535967,-98.38111473,2024-11,True,False,False,False,False,False,False,False,False,True,False,False,INCLUIR,SIN_EVIDENCIA
10328922,21074315229002573000000000U9,MAQUILLADORA LOS HERMANOS,,315229,Confección en serie de otra ropa exterior de materiales textiles,11 a 30 personas,PRIVADA,16 DE SEPTIEMBRE,PRIVADA,INDUSTRIA (16 DE SEPTIEMBRE),PRIVADA,NINGUNO,PRIVADA,INDUSTRIA,,SN,,,,,COLONIA,CENTRO,,,,74169,21,PUEBLA,074,Huejotzingo,0029,Santa Ana Xalmimilulco                                                                                        ,0190,013,2271202459,,,Fijo,19.21304187,-98.37809667,2024-11,True,False,False,False,False,False,False,False,False,True,False,False,INCLUIR,SIN_EVIDENCIA
10815242,21074315229002311000000000U4,MAQUILLADORA SIN NOMBRE,,315229,Confección en serie de otra ropa exterior de materiales textiles,0 a 5 personas,CALLE,CALLE DEL REFUGIO,CALLEJON,CALLEJON DEL REFUGIO,CALLE,REFORMA,CALLE,PROVIDENCIA,4,,,,,,COLONIA,PRIMER SECCION,,,,74169,21,PUEBLA,074,Huejotzingo,0029,Santa Ana Xalmimilulco                                                                                        ,0190,001,2271123435,,,Fijo,19.21263001,-98.38327724,2024-11,True,False,False,False,False,False,False,False,False,True,False,False,INCLUIR,SIN_EVIDENCIA
10122074,21074315229000271000000000U2,MAQUILLADORA SIN NOMBRE,,315229,Confección en serie de otra ropa exterior de materiales textiles,0 a 5 personas,CALLEJON,EL NOPALITO,CALLE,CALLE DEL REFUGIO,CALLE,SAN MARTIN,CALLEJON,SAN CAMILITO,13,,,,,,PUEBLO,SANTA ANA XALMIMINULCO,,,,74169,21,PUEBLA,074,Huejotzingo,0029,Santa Ana Xalmimilulco                                                                                        ,0190,011,,,,Fijo,19.21349943,-98.38328084,2024-11,True,False,False,False,False,False,False,False,False,True,False,False,INCLUIR,SIN_EVIDENCIA
10416578,21074315229002972000000000U3,MAQUILLADORA SIN NOMBRE,MAQUILADORA,315229,Confección en serie de otra ropa exterior de materiales textiles,6 a 10 personas,CALLE,JOSEFA ORTIZ DE DOMINGUEZ,CALLE,LINDA VISTA,CALLE,DIVISION DEL NORTE,CALLE,SAN BARTOLO,,SN,,,,,COLONIA,SANTA CRUZ,,,,74196,21,PUEBLA,074,Huejotzingo,0029,Santa Ana Xalmimilulco                                                                                        ,0203,011,,,,Fijo,19.21669662,-98.38173764,2024-11,True,True,False,False,False,False,True,True,False,True,False,False,INCLUIR,SIN_EVIDENCIA
11084020,21074315229002962000000000U4,MAQUILLADORA SIN NOMBRE,MAQUILA,315229,Confección en serie de otra ropa exterior de materiales textiles,6 a 10 personas,CALLE,CALLE DEL REFUGIO,CALLE,JOSEFA ORTIZ DE DOMINGUEZ,BOULEVARD,RIO XOCHIAC,CALLE,LINDA VISTA,,SN,,,,,PUEBLO,SANTA ANA XALMIMINULCO,,,,74169,21,PUEBLA,074,Huejotzingo,0029,Santa Ana Xalmimilulco                                                                                        ,0203,017,,,,Fijo,19.21521207,-98.38252041,2024-11,True,True,False,False,False,False,False,True,False,True,False,False,INCLUIR,SIN_EVIDENCIA
11313187,21074315229002392000000000U4,MAQUILLADORA SOMBRE,,315229,Confección en serie de otra ropa exterior de materiales textiles,6 a 10 personas,CALLE,ALAMOS,CALLE,AQUILES SERDAN NORTE,CALLE,CUHACTEMOCZINT,BOULEVARD,RIO XOCHIAC,32,,,,,,PUEBLO,SANTA ANA XALMIMINULCO,,,,74169,21,PUEBLA,074,Huejotzingo,0029,Santa Ana Xalmimilulco                                                                                        ,0190,023,2213880554,,,Fijo,19.21339607,-98.38622131,2024-11,True,False,False,False,False,False,False,False,False,True,False,False,INCLUIR,SIN_EVIDENCIA
9800677,21074315229002321000000000U3,MARQUILLA SIN NOMBRE,,315229,Confección en serie de otra ropa exterior de materiales textiles,0 a 5 personas,CALLE,CUHACTEMOCZINT,BOULEVARD,RIO XOCHIAC,CALLE,ALAMOS,CALLE,AQUILES SERDAN NORTE,,SN,,,,,PUEBLO,SANTA ANA XALMIMINULCO,,,,74169,21,PUEBLA,074,Huejotzingo,0029,Santa Ana Xalmimilulco                                                                                        ,0190,023,,,,Fijo,19.21545438,-98.38702133,2024-11,True,False,False,False,False,False,False,False,False,True,False,False,INCLUIR,SIN_EVIDENCIA
10105987,21074314120000061000000000U9,MONICA SANDOVAL JUAREZ,TRAJE DE CORTINAS,314120,"Confección de cortinas, blancos y similares",0 a 5 personas,CALLE,MAGNOLIA,CALLE,INDUSTRIA,CALLE,PROVIDENCIA,CALLE,DONATO GUERRA,11,,,,,,COLONIA,CENTRO,,,,74169,21,PUEBLA,074,Huejotzingo,0029,Santa Ana Xalmimilulco                                                                                        ,0190,002,2271032640,,,Fijo,19.21205382,-98.3812411,2024-11,True,False,False,False,False,False,False,False,False,True,False,False,INCLUIR,SIN_EVIDENCIA
10401755,21074315229002801000000000U4,PASIFIC BRASH,,315229,Confección en serie de otra ropa exterior de materiales textiles,0 a 5 personas,CALLE,CRUZ DE PIEDRA,CALLE,FONSECA,CALLE,VICTORIA,CALLE,REAL DE PUEBLA,3,,,,,,PUEBLO,SANTA ANA XALMININULCO,,,,74169,21,PUEBLA,074,Huejotzingo,0029,Santa Ana Xalmimilulco                                                                                        ,0025,023,2271070748,,,Fijo,19.21007941,-98.38101726,2024-11,True,False,False,False,False,False,False,False,False,True,False,False,INCLUIR,SIN_EVIDENCIA
3427871,21074812210000202021000000U5,PEGADO DE PRESILLA SIN NOMBRE,,315123,Fabricación de ropa exterior de tejido de punto,6 a 10 personas,CALLE,ADOLFO LOPEZ MATEOS,CALLE,VIOLETAS PONIENTE,CALLE,DOMINGO ARENAS,CALLE,EL REBOZO,5,,,,,,LOCALIDAD,SANTA ANA XALMIMILULCO,,,,74169,21,PUEBLA,074,Huejotzingo,0029,Santa Ana Xalmimilulco                                                                                        ,0190,021,,,,Fijo,19.21221675,-98.38532579,2010-07,True,False,False,False,False,False,False,False,False,True,False,False,INCLUIR,SIN_EVIDENCIA
8089023,21074315229001681000000000U1,PLANCAHADO DE MAQUILA SIN NOMBRE,,315229,Confección en serie de otra ropa exterior de materiales textiles,0 a 5 personas,PRIVADA,SEGUNDA IXTACUIXTLA,CALLE,GLORIA,PRIVADA,IXTACUIXTLA,CALLE,CALLE DEL CARMEN,1,,,,,,LOCALIDAD,SANTA ANA XALMIMILULCO,,,,74169,21,PUEBLA,074,Huejotzingo,0029,Santa Ana Xalmimilulco                                                                                        ,0025,047,,,,Fijo,19.2088982,-98.37768985,2019-11,True,True,False,False,False,False,False,True,False,True,False,False,INCLUIR,SIN_EVIDENCIA
3428329,21074812210000243010000000U9,POLIPROCESO,LIC DANIEL DAVILA ROMERO,313310,Acabado de productos textiles,11 a 30 personas,CALLE,PRIMERO DE MAYO,PRIVADA,PRIVADA DE IXTACUIXTLA,CALLE,JUAN PIZACO,CALLE,IXTACUIXTLA NORTE,1,,,,,,LOCALIDAD,SANTA ANA XALMIMILULCO,,,,74169,21,PUEBLA,074,Huejotzingo,0029,Santa Ana Xalmimilulco                                                                                        ,0190,038,2272769418,POLIPROCESO@HOTMAIL.COM,,Fijo,19.21009567,-98.37624609,2010-07,True,True,False,False,True,False,False,False,False,True,True,False,INCLUIR,SI
8559579,21074315229001531000000000U8,PRECILLADORA DE PANTALON SIN NOMBRE,,315229,Confección en serie de otra ropa exterior de materiales textiles,0 a 5 personas,PRIVADA,MUCIO MARTINEZ,CALLE,PORFIRIO DIAZ,CALLEJON,LOS PAJARITOS,CALLE,MUCIO MARTINEZ,4,,,,,,LOCALIDAD,SANTA ANA XALMIMILULCO,,,,74169,21,PUEBLA,074,Huejotzingo,0029,Santa Ana Xalmimilulco                                                                                        ,0025,010,2271526385,,,Semifijo,19.2084989,-98.38292272,2019-11,True,True,True,False,False,False,False,False,False,True,False,False,INCLUIR,SIN_EVIDENCIA
9858680,21074315223000951000000000U2,PREPARADO DE PANTALON,,315229,Confección en serie de otra ropa exterior de materiales textiles,0 a 5 personas,CALLE,SANTA CRUZ,PRIVADA,SANTA CRUZ,CALLE,GRIJALVA,BOULEVARD,RIO XOCHIAC,111,,,,,,LOCALIDAD,SANTA ANA XALMIMILULCO,,,,74169,21,PUEBLA,074,Huejotzingo,0029,Santa Ana Xalmimilulco                                                                                        ,0203,015,2271057376,,,Fijo,19.21589639,-98.37739171,2024-11,True,True,True,False,False,False,False,False,False,True,False,False,INCLUIR,SIN_EVIDENCIA
10860435,21074315223000281000000000U4,PREPARADO DE PANTALON,,315229,Confección en serie de otra ropa exterior de materiales textiles,0 a 5 personas,CALLE,PRIMERO DE MAYO,PRIVADA,PRIVADA DE IXTACUIXTLA,CALLE,JUAN PIZACO,CALLE,IXTACUIXTLA NORTE,3,,,,,,LOCALIDAD,SANTA ANA XALMIMILULCO,,,,74169,21,PUEBLA,074,Huejotzingo,0029,Santa Ana Xalmimilulco                                                                                        ,0190,038,2482135897,,,Fijo,19.21066196,-98.37601468,2024-11,True,True,True,False,False,False,False,False,False,True,False,False,INCLUIR,SIN_EVIDENCIA
10623693,21074315223000671000000000U6,PRESILLA,,315229,Confección en serie de otra ropa exterior de materiales textiles,0 a 5 personas,CALLE,CIPRES,CALLE,SAUCE,CALLE,MELCHOR OCAMPO,CALLE,10 DE MAYO,,SN,,,,,COLONIA,GUADALUPE,,,,74169,21,PUEBLA,074,Huejotzingo,0029,Santa Ana Xalmimilulco                                                                                        ,0203,040,2271070983,,,Fijo,19.21687474,-98.37430582,2024-11,True,False,False,False,False,False,False,False,False,True,False,False,INCLUIR,SIN_EVIDENCIA
3427200,21074315229000551000000000U7,PRETINA Y PRESILLA DE PANTALON DE MEZCLILLA SIN NOMBRE,,315229,Confección en serie de otra ropa exterior de materiales textiles,0 a 5 personas,PRIVADA,NINGUNO,CALLE,NARCISO MENDOZA,OTRO(ESPECIFIQUE),CULTIVO,PRIVADA,NINGUNO,6,,,,,,LOCALIDAD,SANTA ANA XALMIMILULCO,,,,74169,21,PUEBLA,074,Huejotzingo,0029,Santa Ana Xalmimilulco                                                                                        ,0025,068,,,,Fijo,19.20630768,-98.37806532,2010-07,True,True,True,True,False,False,False,False,False,True,False,False,INCLUIR,SIN_EVIDENCIA
11198278,21074315223001051000000000U0,PRETINADOR,,315223,Confección en serie de uniformes,0 a 5 personas,CALLE,CALLE DEL CARMEN,CALLE,JUAN PIZACO,PRIVADA,NINGUNO,PRIVADA,IXTACUIXTLA,22,,,,,,LOCALIDAD,SANTA ANA XALMIMILULCO,,,,74169,21,PUEBLA,074,Huejotzingo,0029,Santa Ana Xalmimilulco                                                                                        ,0025,047,,,,Fijo,19.20994035,-98.37729157,2024-11,True,False,False,False,False,False,False,False,False,True,False,False,INCLUIR,SIN_EVIDENCIA
11293300,21074315223000861000000000U3,TALER DE COSTURA,,315223,Confección en serie de uniformes,0 a 5 personas,CALLE,TRIUNFO,CALLE,MUCIO MARTINEZ,CALLE,DOMINGO ARENAS,CALLE,NOGALES,8,,,,,,LOCALIDAD,SANTA ANA XALMIMILULCO,,,,74169,21,PUEBLA,074,Huejotzingo,0029,Santa Ana Xalmimilulco                                                                                        ,0025,008,,,,Fijo,19.21023062,-98.38448934,2024-11,True,True,True,False,False,False,False,False,True,True,False,False,INCLUIR,SIN_EVIDENCIA
8089083,21074314991000181000000000U9,TALLER DE BORDADO,,314991,"Confección, bordado y deshilado de productos textiles",0 a 5 personas,CALLE,ZARAGOZA,CALLE,IXTACUIXTLA NORTE,CALLE,FONSECA,CALLE,CRUZ DE PIEDRA,50,,,,,,LOCALIDAD,SANTA ANA XALMIMILULCO,,,,74169,21,PUEBLA,074,Huejotzingo,0029,Santa Ana Xalmimilulco                                                                                        ,0025,028,,,,Fijo,19.21109815,-98.37830178,2019-11,True,True,True,False,False,False,True,False,True,True,False,False,INCLUIR,SIN_EVIDENCIA
3326365,21074314991000141020000000U3,TALLER DE BORDADO,,314991,"Confección, bordado y deshilado de productos textiles",0 a 5 personas,CALLE,ADOLFO LOPEZ MATEOS,CALLE,IXTACUIXTLA SUR,CALLE,PORFIRIO DIAZ,CALLE,TLACOTALPAN,3,,,,,,LOCALIDAD,SANTA ANA,,,,74169,21,PUEBLA,074,Huejotzingo,0029,Santa Ana Xalmimilulco                                                                                        ,0167,001,,,,Fijo,19.20312208,-98.38162361,2014-12,True,True,True,False,False,False,True,False,True,True,False,False,INCLUIR,SIN_EVIDENCIA
11483581,21074315223000851000000000U4,TALLER DE COSTURA,,315223,Confección en serie de uniformes,0 a 5 personas,PRIVADA,DOMINGO ARENAS,CALLE,AQUILES SERDAN SUR,CALLE,NOGALES,CALLE,AQUILES SERDAN SUR,45,,,,,,LOCALIDAD,SANTA ANA XALMIMILULCO,,,,74169,21,PUEBLA,074,Huejotzingo,0029,Santa Ana Xalmimilulco                                                                                        ,0025,030,2271153288,,,Fijo,19.21129981,-98.38562612,2024-11,True,True,True,False,False,False,False,False,True,True,False,False,INCLUIR,SIN_EVIDENCIA
3428120,21074315229000491001000000U6,TALLER DE COSTURA,,315229,Confección en serie de otra ropa exterior de materiales textiles,0 a 5 personas,CALLE,SANTA CRUZ,CALLE,ISABEL LA CATOLICA,CALLE,SAN MIGUEL,BOULEVARD,RIO XOCHIAC,3,,,,,,LOCALIDAD,SANTA ANA XALMIMILULCO,,,,74169,21,PUEBLA,074,Huejotzingo,0029,Santa Ana Xalmimilulco                                                                                        ,0203,039,,,,Fijo,19.21605447,-98.3782744,2010-07,True,True,True,False,False,False,False,False,True,True,False,False,INCLUIR,SIN_EVIDENCIA
11339946,21074315223000841000000000U5,TALLER DE COSTURA,,315223,Confección en serie de uniformes,0 a 5 personas,CALLE,MELCHOR OCAMPO,CALLE,VIOLETAS PONIENTE,CALLE,DOMINGO ARENAS,PRIVADA,VIOLETAS,1,,,,,,LOCALIDAD,SANTA ANA XALMIMILULCP,,,,74169,21,PUEBLA,074,Huejotzingo,0029,Santa Ana Xalmimilulco                                                                                        ,0190,016,2271221004,,,Fijo,19.21142865,-98.38383694,2024-11,True,True,True,False,False,False,False,False,True,True,False,False,INCLUIR,SIN_EVIDENCIA
3428080,21074315229000661000000000U4,TALLER DE COSTURA DE PANTALON DE MESCLILLA,,315229,Confección en serie de otra ropa exterior de materiales textiles,0 a 5 personas,CALLE,PRIMAVERA,CALLE,MELCHOR OCAMPO,CALLE,RIO XOCHIAC,CALLE,RIO XOCHIAC,5,,,,,,LOCALIDAD,SANTA ANA XALMIMILULCO,,,,74169,21,PUEBLA,074,Huejotzingo,0029,Santa Ana Xalmimilulco                                                                                        ,0203,007,2271530036,,,Fijo,19.21465783,-98.37527847,2010-07,True,True,True,True,False,False,False,False,True,True,False,False,INCLUIR,SIN_EVIDENCIA
3326075,21074315229001442001000000U8,TALLER DE COSTURA DE PANTALON SIN NOMBRE,,315229,Confección en serie de otra ropa exterior de materiales textiles,0 a 5 personas,CALLE,PRIMAVERA,CALLE,MELCHOR OCAMPO,CALLE,RIO XOCHIAC,CALLE,REAL DE LA POSTA,22,,,,,,LOCALIDAD,SANTA ANA XALMIMILULCO,,,,74169,21,PUEBLA,074,Huejotzingo,0029,Santa Ana Xalmimilulco                                                                                        ,0203,007,2271094840,,,Fijo,19.2146852,-98.37524051,2014-12,True,True,True,False,False,False,False,False,True,True,False,False,INCLUIR,SIN_EVIDENCIA
8089324,21074315229001842001000000U9,TALLER DE COSTURA SIN NOMBRE,,315229,Confección en serie de otra ropa exterior de materiales textiles,0 a 5 personas,CALLE,FLORES MAGON,CALLE,PORFIRIO DIAZ,CALLE,EL VOLCAN,CALLE,MUCIO MARTINEZ,10,,,,,,COLONIA,CENTRO,,,,74169,21,PUEBLA,074,Huejotzingo,0029,Santa Ana Xalmimilulco                                                                                        ,0025,001,,,,Fijo,19.20799174,-98.38358155,2019-11,True,True,True,False,False,False,False,False,True,True,False,False,INCLUIR,SIN_EVIDENCIA
8089209,21074315229001742001000000U1,TALLER DE COSTURA SIN NOMBRE,,315229,Confección en serie de otra ropa exterior de materiales textiles,0 a 5 personas,PRIVADA,PRIVADA DE LA PALMA,PRIVADA,PRIVADA DE LA PALMA,CALLE,TRIUNFO,CALLE,TRIUNFO,4,,,,,,COLONIA,CENTRO,,,,74169,21,PUEBLA,074,Huejotzingo,0029,Santa Ana Xalmimilulco                                                                                        ,0025,015,2271169960,,,Fijo,19.20757445,-98.37959034,2019-11,True,True,True,False,False,False,False,False,True,True,False,False,INCLUIR,SIN_EVIDENCIA
8089442,21074315229001883001000000U3,TALLER DE COSTURA SIN NOMBRE,,315229,Confección en serie de otra ropa exterior de materiales textiles,0 a 5 personas,PRIVADA,NINGUNO,CALLE,SAN ANTONIO,PRIVADA,CIELITO LINDO,CALLE,SAN ANTONIO,11,,,,,,COLONIA,SANTA ANA XALMIMILULCO,,,,74169,21,PUEBLA,074,Huejotzingo,0029,Santa Ana Xalmimilulco                                                                                        ,0025,033,,,,Fijo,19.20829801,-98.38807479,2019-11,True,True,True,False,False,False,False,False,True,True,False,False,INCLUIR,SIN_EVIDENCIA
8090510,21074315229001961000000000U7,TALLER DE COSTURA SIN NOMBRE,,315229,Confección en serie de otra ropa exterior de materiales textiles,0 a 5 personas,PRIVADA,DOMINGO ARENAS,CALLE,EL REBOZO,CALLE,ADOLFO LOPEZ MATEOS,CALLE,VIOLETAS PONIENTE,52,,,,,,LOCALIDAD,SANTA ANA XALMIMILULCO,,,,74169,21,PUEBLA,074,Huejotzingo,0029,Santa Ana Xalmimilulco                                                                                        ,0190,021,,,,Fijo,19.21265439,-98.38500324,2019-11,True,True,True,False,False,False,False,False,True,True,False,False,INCLUIR,SIN_EVIDENCIA
8692051,21074315229002201000000000U7,TALLER DE COSTURA SIN NOMBRE,,315229,Confección en serie de otra ropa exterior de materiales textiles,0 a 5 personas,PRIVADA,GUADALUPE,PRIVADA,AGUA SANTA,CALLE,PRIMERO DE MAYO,CALLE,PRIMERO DE MAYO,,SN,,,,,LOCALIDAD,SANTA ANA XALMIMILULCO,,,,74169,21,PUEBLA,074,Huejotzingo,0029,Santa Ana Xalmimilulco                                                                                        ,0190,025,,,,Fijo,19.21010922,-98.37338647,2019-11,True,True,True,False,False,False,False,False,True,True,False,False,INCLUIR,SIN_EVIDENCIA
11166293,21074315223000511000000000U4,TALLER DE COSTURA SIN NOMBRE,,315229,Confección en serie de otra ropa exterior de materiales textiles,0 a 5 personas,PROLONGACION,RAFAEL SERRANO,CALLE,AQUILES SERDAN SUR,CALLE,SAN MIGUEL,PRIVADA,AQUILES SERDAN,,SN,,,,,LOCALIDAD,SANTA ANA XALMIMILULCO,,,,74169,21,PUEBLA,074,Huejotzingo,0029,Santa Ana Xalmimilulco                                                                                        ,0025,018,,,,Fijo,19.20823349,-98.38727581,2024-11,True,True,True,False,False,False,False,False,True,True,False,False,INCLUIR,SIN_EVIDENCIA
10980534,21074315223000291000000000U3,TALLER DE COSTURA SIN NOMBRE,,315223,Confección en serie de uniformes,0 a 5 personas,CALLE,BENITO JUAREZ,CALLE,ALAMOS,PRIVADA,EX HACIENDA DE ARRIBA,CALLE,FRONTERA,8,,,,,,LOCALIDAD,SANTA ANA XALMIMILULCO,,,,74169,21,PUEBLA,074,Huejotzingo,0029,Santa Ana Xalmimilulco                                                                                        ,0190,035,,,,Fijo,19.21133266,-98.38811707,2024-11,True,True,True,False,False,False,False,False,True,True,False,False,INCLUIR,SIN_EVIDENCIA
10567965,21074315223001291000000000U2,TALLER DE COSTURA SIN NOMBRE,,315223,Confección en serie de uniformes,0 a 5 personas,CALLE,MELCHOR OCAMPO,CALLE,VIOLETAS PONIENTE,CALLE,DOMINGO ARENAS,PRIVADA,VIOLETAS,7,,,,,,LOCALIDAD,SANTA ANA XALMIMILULCP,,,,74169,21,PUEBLA,074,Huejotzingo,0029,Santa Ana Xalmimilulco                                                                                        ,0190,016,,,,Fijo,19.21150092,-98.38382593,2024-11,True,True,True,False,False,False,False,False,True,True,False,False,INCLUIR,SIN_EVIDENCIA
10532361,21074315223000171000000000U7,TALLER DE COSTURA SIN NOMBRE,,315223,Confección en serie de uniformes,0 a 5 personas,PRIVADA,DOMINGO ARENAS,CALLE,TRIUNFO,CALLE,NOGALES,PRIVADA,NINGUNO,73,,,,,,LOCALIDAD,SANTA ANA XALMIMILULCO,,,,74169,21,PUEBLA,074,Huejotzingo,0029,Santa Ana Xalmimilulco                                                                                        ,0025,008,,,,Fijo,19.21073845,-98.38487655,2024-11,True,True,True,False,False,False,False,False,True,True,False,False,INCLUIR,SIN_EVIDENCIA
10363670,21074315223001221000000000U9,TALLER DE COSTURA SIN NOMBRE,,315223,Confección en serie de uniformes,0 a 5 personas,CALLE,AQUILES SERDAN NORTE,CALLE,VIOLETAS PONIENTE,CALLE,AQUILES SERDAN SUR,CALLE,ADOLFO LOPEZ MATEOS,2,,,,,,LOCALIDAD,SANTA ANA XALMIMILULCO,,,,74169,21,PUEBLA,074,Huejotzingo,0029,Santa Ana Xalmimilulco                                                                                        ,0190,022,,,,Fijo,19.21221125,-98.38585056,2024-11,True,True,True,False,False,False,False,False,True,True,False,False,INCLUIR,SIN_EVIDENCIA
9637988,21074315223000192000000000U3,TALLER DE DESHEBRADO DE PANTALON,,315229,Confección en serie de otra ropa exterior de materiales textiles,6 a 10 personas,CALLE,SANTA MARIA,CALLE,AQUILES SERDAN SUR,CALLE,SAN MIGUEL,CALLE,SAN VICENTE,1,,,,,,LOCALIDAD,SANTA ANA XALMIMILULCO,,,,74169,21,PUEBLA,074,Huejotzingo,0029,Santa Ana Xalmimilulco                                                                                        ,0237,005,,,,Fijo,19.20583312,-98.3875958,2024-11,True,True,True,True,False,False,True,False,True,True,False,False,INCLUIR,REVISAR
11573367,21074315223000071000000000U9,TALLER DE DESHEBRADO DE PANTALON SIN NOMBRE,,315229,Confección en serie de otra ropa exterior de materiales textiles,0 a 5 personas,PROLONGACION,RAFAEL SERRANO,CALLE,AQUILES SERDAN SUR,CALLE,SAN MIGUEL,CALLE,SAN ANTONIO,3,,,,,,COLONIA,SAN ANTONIO,,,,74169,21,PUEBLA,074,Huejotzingo,0029,Santa Ana Xalmimilulco                                                                                        ,0025,029,2481987725,,,Fijo,19.20820945,-98.38672241,2024-11,True,True,True,True,False,False,True,False,True,True,False,False,INCLUIR,REVISAR
9605960,21074315229002531000000000U7,TALLER DE DESHEBRADO SIN NOMBRE,,315229,Confección en serie de otra ropa exterior de materiales textiles,0 a 5 personas,CALLE,FLORES MAGON,CALLE,PORFIRIO DIAZ,CALLE,EL VOLCAN,CALLE,MUCIO MARTINEZ,13,,,,,,COLONIA,CENTRO,,,,74169,21,PUEBLA,074,Huejotzingo,0029,Santa Ana Xalmimilulco                                                                                        ,0025,001,2221477763,,,Fijo,19.20806014,-98.3839219,2024-11,True,True,True,True,False,False,True,False,True,True,False,False,INCLUIR,REVISAR
11085300,21074315223000521000000000U3,TALLER DE HECHURA DE OJAL SIN NOMBRE,,315223,Confección en serie de uniformes,0 a 5 personas,PROLONGACION,RAFAEL SERRANO,CALLE,AQUILES SERDAN SUR,CALLE,SAN MIGUEL,PRIVADA,AQUILES SERDAN,,SN,,,,,LOCALIDAD,SANTA ANA XALMIMILULCO,,,,74169,21,PUEBLA,074,Huejotzingo,0029,Santa Ana Xalmimilulco                                                                                        ,0025,018,,,,Fijo,19.20813037,-98.38657235,2024-11,True,False,False,False,False,False,False,False,False,True,False,False,INCLUIR,SIN_EVIDENCIA
9607623,21074315223000382000000000U0,TALLER DE MAQUILA,,315229,Confección en serie de otra ropa exterior de materiales textiles,6 a 10 personas,CALLE,IXTACUIXTLA NORTE,CALLE,ZARAGOZA,CALLE,16 DE SEPTIEMBRE,CALLE,ZARAGOZA,45,,,,,,LOCALIDAD,SANTA ANA XALMIMILULCO,,,,74169,21,PUEBLA,074,Huejotzingo,0029,Santa Ana Xalmimilulco                                                                                        ,0190,020,2271086102,,,Fijo,19.21360385,-98.37688884,2024-11,True,True,False,False,False,False,False,True,False,True,False,False,INCLUIR,SIN_EVIDENCIA
9819742,21074315223001041000000000U1,TALLER DE MAQUILA,,315229,Confección en serie de otra ropa exterior de materiales textiles,0 a 5 personas,CALLE,CIPRES,CALLE,SAUCE,CALLE,MELCHOR OCAMPO,CALLE,10 DE MAYO,,SN,,,,,COLONIA,GUADALUPE,,,,74169,21,PUEBLA,074,Huejotzingo,0029,Santa Ana Xalmimilulco                                                                                        ,0203,040,,,,Fijo,19.21633921,-98.37500711,2024-11,True,True,False,False,False,False,False,True,False,True,False,False,INCLUIR,SIN_EVIDENCIA
8776906,21074315229002121000000000U7,TALLER DE MAQUILA,,315229,Confección en serie de otra ropa exterior de materiales textiles,0 a 5 personas,CALLE,ISABEL LA CATOLICA,CALLE,SANTA CRUZ,BOULEVARD,RIO XOCHIAC,CALLE,GRIJALVA,3,,,,,,LOCALIDAD,SANTA ANA XALMIMILULCO,,,,74169,21,PUEBLA,074,Huejotzingo,0029,Santa Ana Xalmimilulco                                                                                        ,0203,015,,,,Fijo,19.21449605,-98.37838622,2019-11,True,True,False,False,False,False,False,True,False,True,False,False,INCLUIR,SIN_EVIDENCIA
8090460,21074315229001953001000000U4,TALLER DE MAQUILA,,315229,Confección en serie de otra ropa exterior de materiales textiles,6 a 10 personas,CALLE,SAN MARTIN,CALLE,CALLE DEL PRADO,CALLE,VIOLETAS PONIENTE,CALLE,AQUILES SERDAN NORTE,49,,,,,,COLONIA,SANTA ANA XALMIMINULCO,,,,74169,21,PUEBLA,074,Huejotzingo,0029,Santa Ana Xalmimilulco                                                                                        ,0190,010,2211660612,,,Fijo,19.21294341,-98.38377927,2019-11,True,True,False,False,False,False,False,True,False,True,False,False,INCLUIR,SIN_EVIDENCIA
8090635,21074315229002042001000000U5,TALLER DE MAQUILA,,315229,Confección en serie de otra ropa exterior de materiales textiles,0 a 5 personas,CALLE,DOMINGO ARENAS,PRIVADA,DOMINGO ARENAS,CALLE,NOGALES,CALLE,MUCIO MARTINEZ,43,,,,,,LOCALIDAD,SANTA ANA XALMIMILULCO,,,,74169,21,PUEBLA,074,Huejotzingo,0029,Santa Ana Xalmimilulco                                                                                        ,0025,030,2211036322,,,Fijo,19.21136704,-98.38553018,2019-11,True,True,False,False,False,False,False,True,False,True,False,False,INCLUIR,SIN_EVIDENCIA
8090636,21074315229002053001000000U2,TALLER DE MAQUILA,,315229,Confección en serie de otra ropa exterior de materiales textiles,6 a 10 personas,CALLE,MUCIO MARTINEZ,CALLE,AQUILES SERDAN SUR,CALLE,CAMINO REAL SAN MATEO,CALLE,CAMINO REAL SAN MATEO,28,,,,,,LOCALIDAD,SANTA ANA XALMIMILULCO,,,,74169,21,PUEBLA,074,Huejotzingo,0029,Santa Ana Xalmimilulco                                                                                        ,0025,020,2271063260,,,Fijo,19.21013186,-98.3867939,2019-11,True,True,False,False,False,False,False,True,False,True,False,False,INCLUIR,SIN_EVIDENCIA
8089254,21074315229001791000000000U8,TALLER DE MAQUILA,,315229,Confección en serie de otra ropa exterior de materiales textiles,0 a 5 personas,CALLE,LINDA VISTA,CALLE,NIÑO PERDIDO,CALLE,SANTA CRUZ,CALLE,SAN ANGEL,8,B,,,,,COLONIA,SANTA CRUZ,,,,74169,21,PUEBLA,074,Huejotzingo,0029,Santa Ana Xalmimilulco                                                                                        ,0203,010,,,,Fijo,19.2178009,-98.38015382,2019-11,True,True,False,False,False,False,False,True,False,True,False,False,INCLUIR,SIN_EVIDENCIA
8089256,21074315229001801000000000U5,TALLER DE MAQUILA,,315229,Confección en serie de otra ropa exterior de materiales textiles,0 a 5 personas,PRIVADA,SANTA CRUZ,CALLE,ISABEL LA CATOLICA,CALLE,GRIJALVA,BOULEVARD,RIO XOCHIAC,,SN,,,,,LOCALIDAD,SANTA ANA XALMIMILULCO,,,,74169,21,PUEBLA,074,Huejotzingo,0029,Santa Ana Xalmimilulco                                                                                        ,0203,015,2482688468,,,Fijo,19.21567642,-98.37771843,2019-11,True,True,False,False,False,False,False,True,False,True,False,False,INCLUIR,SIN_EVIDENCIA
8118994,21074315229002083001000000U9,TALLER DE MAQUILA,,315229,Confección en serie de otra ropa exterior de materiales textiles,6 a 10 personas,PRIVADA,MAGNOLIA,CALLE,INDUSTRIA,CALLE,16 DE SEPTIEMBRE,CALLE,ZARAGOZA,6,,,,,,COLONIA,CENTRO,,,,74169,21,PUEBLA,074,Huejotzingo,0029,Santa Ana Xalmimilulco                                                                                        ,0190,014,,,,Fijo,19.21141678,-98.37998508,2019-11,True,True,False,False,False,False,False,True,False,True,False,False,INCLUIR,SIN_EVIDENCIA
9888228,21074315223000372000000000U1,TALLER DE MAQUILA,,315229,Confección en serie de otra ropa exterior de materiales textiles,6 a 10 personas,CALLE,NIÑO PERDIDO,CALLE,SAN ANGEL,CALLE,LINDA VISTA,CALLE,FRANCISCO VILLA,7,,,,,,COLONIA,SANTA CRUZ,,,,74169,21,PUEBLA,074,Huejotzingo,0029,Santa Ana Xalmimilulco                                                                                        ,0203,003,2271096248,,,Fijo,19.21813499,-98.37988644,2024-11,True,True,False,False,False,False,False,True,False,True,False,False,INCLUIR,SIN_EVIDENCIA
9970863,21074315223000501000000000U5,TALLER DE MAQUILA,,315223,Confección en serie de uniformes,0 a 5 personas,PRIVADA,NINGUNO,PRIVADA,NINGUNO,CALLE,REAL DE LA POSTA,PRIVADA,NINGUNO,3,,,,,,LOCALIDAD,SANTA ANA XALMIMILULCO,,,,74169,21,PUEBLA,074,Huejotzingo,0029,Santa Ana Xalmimilulco                                                                                        ,0203,061,2271254869,,,Fijo,19.22159256,-98.37556766,2024-11,True,True,False,False,False,False,False,True,False,True,False,False,INCLUIR,SIN_EVIDENCIA
10110594,21074315229002501000000000U0,TALLER DE MAQUILA,TALLER DE MAQUILA,315229,Confección en serie de otra ropa exterior de materiales textiles,0 a 5 personas,PRIVADA,SAN JUAN BAUTISTA,PRIVADA,TEYUCA,CALLE,VILLA DE GUADALUPE,CALLE,NINGUNO,,SN,,,,,COLONIA,TEYUCA,,,,74169,21,PUEBLA,074,Huejotzingo,0029,Santa Ana Xalmimilulco                                                                                        ,0203,032,,,,Fijo,19.21678607,-98.37098939,2024-11,True,True,False,False,False,False,False,True,False,True,False,False,INCLUIR,SIN_EVIDENCIA
10730020,21074315223000531000000000U2,TALLER DE MAQUILA,,315223,Confección en serie de uniformes,0 a 5 personas,CALLE,CONCEPCION,CALLE,NINGUNO,CALLE,TEYUCA,CALLE,REAL DE LA POSTA,31,,,,,,COLONIA,GUADALUPE,,,,74169,21,PUEBLA,074,Huejotzingo,0029,Santa Ana Xalmimilulco                                                                                        ,0203,044,2482401496,,,Fijo,19.21895019,-98.37070933,2024-11,True,True,False,False,False,False,False,True,False,True,False,False,INCLUIR,SIN_EVIDENCIA
10740318,21074315223001272000000000U2,TALLER DE MAQUILA,,315229,Confección en serie de otra ropa exterior de materiales textiles,6 a 10 personas,CALLE,LOS REYES,CALLE,NINGUNO,PRIVADA,PRIVADA DE LA GLORIA,PRIVADA,GLORIA,,SN,,,,,LOCALIDAD,SANTA ANA XALMIMILULCO,,,,74169,21,PUEBLA,074,Huejotzingo,0029,Santa Ana Xalmimilulco                                                                                        ,0025,052,,,,Fijo,19.2087179,-98.3766939,2024-11,True,True,False,False,False,False,False,True,False,True,False,False,INCLUIR,SIN_EVIDENCIA
3427858,21074314991000122002000000U3,TALLER DE MAQUILA,,315229,Confección en serie de otra ropa exterior de materiales textiles,0 a 5 personas,CALLE,BENITO JUAREZ,CALLE,SALTO DEL AGUA,PRIVADA,EX-HACIENDA DE ARRIBA,CALLE,BENITO JUAREZ,13,,,,,,LOCALIDAD,SANTA ANA XALMIMILULCO,,,,74169,21,PUEBLA,074,Huejotzingo,0029,Santa Ana Xalmimilulco                                                                                        ,0190,026,2271084196,,,Fijo,19.21038837,-98.38802293,2010-07,True,True,False,False,False,False,False,True,False,True,False,False,INCLUIR,SIN_EVIDENCIA
3427899,21074315229000831002000000U3,TALLER DE MAQUILA,,315229,Confección en serie de otra ropa exterior de materiales textiles,0 a 5 personas,CALLE,MELCHOR OCAMPO,CALLE,DOMINGO ARENAS,CALLE,NINGUNO,CALLE,REFORMA,4,,,,,,PUEBLO,SANTA ANA XALMIMINULCO,,,,74169,21,PUEBLA,074,Huejotzingo,0029,Santa Ana Xalmimilulco                                                                                        ,0190,009,2214010689,,,Fijo,19.21085093,-98.38389696,2010-07,True,True,False,False,False,False,False,True,False,True,False,False,INCLUIR,SIN_EVIDENCIA
11239535,21074315223000441000000000U4,TALLER DE MAQUILA,,315229,Confección en serie de otra ropa exterior de materiales textiles,0 a 5 personas,CALLE,NINGUNO,CALLE,DIVISION DEL NORTE,CALLE,10 DE SEPTIEMBRE,PRIVADA,NINGUNO,,SN,,,,,LOCALIDAD,SANTA ANA XALMIMILULCO,,,,74169,21,PUEBLA,074,Huejotzingo,0029,Santa Ana Xalmimilulco                                                                                        ,0203,060,2211582450,,,Fijo,19.22018696,-98.38162529,2024-11,True,True,False,False,False,False,False,True,False,True,False,False,INCLUIR,SIN_EVIDENCIA
8090628,21074315229002012001000000U8,TALLER DE MAQUILA DE CAMISA,,315229,Confección en serie de otra ropa exterior de materiales textiles,0 a 5 personas,CALLE,AQUILES SERDAN SUR,CALLE,MUCIO MARTINEZ,CALLE,CAMINO REAL SAN MATEO,CALLE,CAMINO REAL SAN MATEO,3,,,,,,LOCALIDAD,SANTA ANA XALMIMILULCO,,,,74169,21,PUEBLA,074,Huejotzingo,0029,Santa Ana Xalmimilulco                                                                                        ,0025,020,,,,Fijo,19.21134527,-98.38600645,2019-11,True,True,False,False,False,False,False,True,False,True,False,False,INCLUIR,SIN_EVIDENCIA
8090455,21074315229001931000000000U0,TALLER DE MAQUILA DE MEZCLILLA,,315229,Confección en serie de otra ropa exterior de materiales textiles,0 a 5 personas,PRIVADA,SANDOVAL,PRIVADA,SAN MARTIN,CALLEJON,SAN MARTIN,BOULEVARD,RIO XOCHIAC,52,,,,,,PUEBLO,SANTA ANA XALMININULCO,,,,74169,21,PUEBLA,074,Huejotzingo,0029,Santa Ana Xalmimilulco                                                                                        ,0190,019,,,,Fijo,19.21440504,-98.38432234,2019-11,True,True,True,True,False,False,False,True,False,True,False,False,INCLUIR,REVISAR
8949535,21074315229001601000000000U9,TALLER DE MAQUILA DE MEZCLILLA SIN NOMBRE,,315229,Confección en serie de otra ropa exterior de materiales textiles,0 a 5 personas,BOULEVARD,RIO XOCHIAC,CALLEJON,SAN MARTIN,CALLE,SAN MARTIN,CALLEJON,SAN MARTIN,101,,,,,,PUEBLO,SANTA ANA XALMININULCO,,,,74169,21,PUEBLA,074,Huejotzingo,0029,Santa Ana Xalmimilulco                                                                                        ,0190,019,2248200085,,,Fijo,19.21556529,-98.38554393,2019-11,True,True,True,True,False,False,False,True,False,True,False,False,INCLUIR,REVISAR
7742903,21074315229001572001000000U2,TALLER DE MAQUILA DE PANTALON,,315229,Confección en serie de otra ropa exterior de materiales textiles,0 a 5 personas,PRIVADA,ALAMOS,CALLE,BENITO JUAREZ,PRIVADA,ALAMOS,CALLE,AQUILES SERDAN NORTE,52,,,,,,LOCALIDAD,SANTA ANA XALMIMILULCO,,,,74169,21,PUEBLA,074,Huejotzingo,0029,Santa Ana Xalmimilulco                                                                                        ,0190,036,,,,Fijo,19.21368081,-98.38745398,2019-11,True,True,True,False,False,False,False,True,False,True,False,False,INCLUIR,SIN_EVIDENCIA
3428340,21074315229000191000000000U2,TALLER DE MAQUILA DE PANTALON,,315229,Confección en serie de otra ropa exterior de materiales textiles,0 a 5 personas,CERRADA,3 DE MAYO,PRIVADA,10 DE MAYO,CALLE,RIO XOCHIAC,CALLE,16 DE SEPTIEMBRE,,SN,,,,,LOCALIDAD,SANTA ANA XALMIMILULCO,,,,74169,21,PUEBLA,074,Huejotzingo,0029,Santa Ana Xalmimilulco                                                                                        ,0190,031,2271200845,,,Fijo,19.21158174,-98.37623497,2010-07,True,True,True,False,False,False,False,True,False,True,False,False,INCLUIR,SIN_EVIDENCIA
3428342,21074315229001122000000000U6,TALLER DE MAQUILA DE PANTALON,,315229,Confección en serie de otra ropa exterior de materiales textiles,0 a 5 personas,CALLE,IXTACUIXTLA NORTE,CALLE,16 DE SEPTIEMBRE,PRIVADA,PRIVADA DE IXTACUIXTLA,CALLE,RIO XOCHIAC,30,,,,,,LOCALIDAD,SANTA ANA XALMIMILULCO,,,,74169,21,PUEBLA,074,Huejotzingo,0029,Santa Ana Xalmimilulco                                                                                        ,0190,031,,,,Fijo,19.21212898,-98.37712855,2010-07,True,True,True,False,False,False,False,True,False,True,False,False,INCLUIR,SIN_EVIDENCIA
3428312,21074315229000781000000000U0,TALLER DE MAQUILA DE PANTALON,,315229,Confección en serie de otra ropa exterior de materiales textiles,0 a 5 personas,CALLE,16 DE SEPTIEMBRE,PRIVADA,NINGUNO,PRIVADA,16 DE SEPTIEMBRE,PRIVADA,INDUSTRIA,5,,,,,,COLONIA,CENTRO,,,,74169,21,PUEBLA,074,Huejotzingo,0029,Santa Ana Xalmimilulco                                                                                        ,0190,013,2272712352,,,Fijo,19.21260075,-98.37795268,2010-07,True,True,True,False,False,False,False,True,False,True,False,False,INCLUIR,SIN_EVIDENCIA
3428278,21074315229000281000000000U1,TALLER DE MAQUILA DE PANTALON,,315229,Confección en serie de otra ropa exterior de materiales textiles,0 a 5 personas,CALLE,IXTACUIXTLA NORTE,CALLE,ZARAGOZA,CALLE,16 DE SEPTIEMBRE,CALLE,16 DE SEPTIEMBRE,27,,,,0,A,LOCALIDAD,SANTA ANA XALMIMILULCO,,,,74169,21,PUEBLA,074,Huejotzingo,0029,Santa Ana Xalmimilulco                                                                                        ,0190,020,,,,Fijo,19.21179084,-98.37736777,2010-07,True,True,True,False,False,False,False,True,False,True,False,False,INCLUIR,SIN_EVIDENCIA
3428202,21074315229001102001000000U8,TALLER DE MAQUILA DE PANTALON,,315229,Confección en serie de otra ropa exterior de materiales textiles,0 a 5 personas,CALLE,CALLE DEL REFUGIO,PRIVADA,NINGUNO,CALLEJON,CALLEJON DEL REFUGIO,CALLE,PROVIDENCIA,22,,,,,,PUEBLO,SANTA ANA XALMIMINULCO,,,,74169,21,PUEBLA,074,Huejotzingo,0029,Santa Ana Xalmimilulco                                                                                        ,0190,005,,,,Fijo,19.21390585,-98.38287639,2010-07,True,True,True,False,False,False,False,True,False,True,False,False,INCLUIR,SIN_EVIDENCIA
3427268,21074315229000111002000000U0,TALLER DE MAQUILA DE PANTALON,,315229,Confección en serie de otra ropa exterior de materiales textiles,0 a 5 personas,CALLE,SAN ISIDRO,CALLE,IXTACUIXTLA SUR,CALLE,NINGUNO,CALLE,SAN MANUEL,20,,,,,,LOCALIDAD,SANTA ANA XALMIMILULCO,,,,74169,21,PUEBLA,074,Huejotzingo,0029,Santa Ana Xalmimilulco                                                                                        ,0025,057,,,,Fijo,19.20462826,-98.38071348,2010-07,True,True,True,False,False,False,False,True,False,True,False,False,INCLUIR,SIN_EVIDENCIA
10299932,21074315229002631000000000U5,TALLER DE MAQUILA DE PANTALON ,,315229,Confección en serie de otra ropa exterior de materiales textiles,0 a 5 personas,CALLE,MAGNOLIA,CALLE,INDUSTRIA,CALLE,PROVIDENCIA,CALLE,DONATO GUERRA,,SN,,,,,COLONIA,CENTRO,,,,74169,21,PUEBLA,074,Huejotzingo,0029,Santa Ana Xalmimilulco                                                                                        ,0190,002,2271063453,,,Fijo,19.2120671,-98.38131778,2024-11,True,True,True,False,False,False,False,True,False,True,False,False,INCLUIR,SIN_EVIDENCIA
10666717,21074315229002923000000000U6,TALLER DE MAQUILA DE PANTALON,,315229,Confección en serie de otra ropa exterior de materiales textiles,11 a 30 personas,PRIVADA,INDUSTRIA,PRIVADA,NINGUNO,PRIVADA,INDUSTRIA (16 DE SEPTIEMBRE),PRIVADA,16 DE SEPTIEMBRE,,SN,,,,,COLONIA,CENTRO,,,,74169,21,PUEBLA,074,Huejotzingo,0029,Santa Ana Xalmimilulco                                                                                        ,0190,013,2481072739,,,Fijo,19.21312135,-98.37957927,2024-11,True,True,True,False,False,False,False,True,False,True,False,False,INCLUIR,SIN_EVIDENCIA
9725562,21074315229002411000000000U2,TALLER DE MAQUILA DE PANTALON DE MEZCLILLA,,315229,Confección en serie de otra ropa exterior de materiales textiles,0 a 5 personas,CALLE,PALMA,PRIVADA,PRIVADA DE LA PALMA,CALLE,PROGRESO,CALLE,REAL DE PUEBLA,25,,,,,,COLONIA,CENTRO,,,,74169,21,PUEBLA,074,Huejotzingo,0029,Santa Ana Xalmimilulco                                                                                        ,0025,014,,,,Fijo,19.20750066,-98.38108514,2024-11,True,True,True,True,False,False,False,True,False,True,False,False,INCLUIR,REVISAR
3326348,21074315229001403002000000U0,TALLER DE MAQUILA DE PANTALON DE MEZCLILLA,,315229,Confección en serie de otra ropa exterior de materiales textiles,11 a 30 personas,CALLE,NINGUNO,CALLE,VENUSTIANO CARRANZA,CALLE,SAN MANUEL,CALLE,IXTACUIXTLA SUR,15,,,,,,LOCALIDAD,SANTA ANA XALMIMILULCO,,,,74169,21,PUEBLA,074,Huejotzingo,0029,Santa Ana Xalmimilulco                                                                                        ,0025,056,2481462395,,,Fijo,19.20615378,-98.38106673,2014-12,True,True,True,True,False,False,False,True,False,True,False,False,INCLUIR,REVISAR
10768303,21074315223000212000000000U9,TALLER DE MAQUILA DE PANTALON SIN NOMBRE,,315229,Confección en serie de otra ropa exterior de materiales textiles,6 a 10 personas,CALLE,RAFAEL ESPINOSA FLORES,CALLE,PORFIRIO DIAZ,CALLE,AQUILES SERDAN SUR,PRIVADA,CHAPULTEPEC,,SN,,,,,LOCALIDAD,SANTA ANA XALMIMILULCO,,,,74169,21,PUEBLA,074,Huejotzingo,0029,Santa Ana Xalmimilulco                                                                                        ,0025,017,,,,Fijo,19.20455733,-98.38451946,2024-11,True,True,True,False,False,False,False,True,False,True,False,False,INCLUIR,SIN_EVIDENCIA
10935752,21074315223001242000000000U5,TALLER DE MAQUILA DE PANTALON SIN NOMBRE,,315229,Confección en serie de otra ropa exterior de materiales textiles,6 a 10 personas,PRIVADA,CHAPULTEPEC,CALLE,RAFAEL SERRANO,CALLE,RAFAEL ESPINOSA FLORES,CALLE,NINGUNO,,SN,,,,,LOCALIDAD,SANTA ANA XALMIMILULCO,,,,74169,21,PUEBLA,074,Huejotzingo,0029,Santa Ana Xalmimilulco                                                                                        ,0025,017,,,,Fijo,19.20528157,-98.38446172,2024-11,True,True,True,False,False,False,False,True,False,True,False,False,INCLUIR,SIN_EVIDENCIA
9880349,21074315223001021000000000U3,TALLER DE MAQUILA DE PANTALON SIN NOMBRE,,315229,Confección en serie de otra ropa exterior de materiales textiles,0 a 5 personas,CALLE,SAN MIGUEL,CALLE,SAN ANTONIO,PRIVADA,NINGUNO,CALLE,REAL SAN MATEO,,SN,,,,,COLONIA,SANTA ANA XALMIMILULCO,,,,74169,21,PUEBLA,074,Huejotzingo,0029,Santa Ana Xalmimilulco                                                                                        ,0025,033,,,,Fijo,19.20895496,-98.38759037,2024-11,True,True,True,False,False,False,False,True,False,True,False,False,INCLUIR,SIN_EVIDENCIA
10149604,21074315223000601000000000U3,TALLER DE MAQUILA DE PANTALON SIN NOMBRE,,315223,Confección en serie de uniformes,0 a 5 personas,CALLE,SAN ANTONIO,CALLE,AQUILES SERDAN SUR,CALLE,CAMINO REAL SAN MATEO,CALLE,MUCIO MARTINEZ,4,,,,,,COLONIA,SAN ANTONIO,,,,74169,21,PUEBLA,074,Huejotzingo,0029,Santa Ana Xalmimilulco                                                                                        ,0025,019,2271164678,,,Fijo,19.20917425,-98.38686956,2024-11,True,True,True,False,False,False,False,True,False,True,False,False,INCLUIR,SIN_EVIDENCIA
10385075,21074315229002911000000000U1,TALLER DE MAQUILA DE PANTALON SIN NOMBRE,,315229,Confección en serie de otra ropa exterior de materiales textiles,0 a 5 personas,CALLE,PALMA,CALLE,IXTACUIXTLA SUR,PRIVADA,PRIVADA DE LA PALMA,CALLE,REAL DE PUEBLA,25,,,,,,COLONIA,CENTRO,,,,74169,21,PUEBLA,074,Huejotzingo,0029,Santa Ana Xalmimilulco                                                                                        ,0025,015,,,,Fijo,19.20700915,-98.37938112,2024-11,True,True,True,False,False,False,False,True,False,True,False,False,INCLUIR,SIN_EVIDENCIA
8089131,21074315229001712001000000U4,TALLER DE MAQUILA DON JORGE,,315229,Confección en serie de otra ropa exterior de materiales textiles,0 a 5 personas,CALLE,DIVISION DEL NORTE,CALLE,10 DE SEPTIEMBRE,PRIVADA,NINGUNO,CALLE,10 DE SEPTIEMBRE,3,,,,,,LOCALIDAD,SANTA ANA XALMIMILULCO,,,,74169,21,PUEBLA,074,Huejotzingo,0029,Santa Ana Xalmimilulco                                                                                        ,0203,060,,,,Fijo,19.22068904,-98.38081166,2019-11,True,True,False,False,False,False,False,True,False,True,False,False,INCLUIR,SIN_EVIDENCIA
11162051,21074315223000421000000000U6,TALLER DE MAQUILA FAMILIAR,,315229,Confección en serie de otra ropa exterior de materiales textiles,0 a 5 personas,CALLE,CONCEPCION,CALLE,NINGUNO,CALLE,TEYUCA,CALLE,REAL DE LA POSTA,,SN,,,,,COLONIA,GUADALUPE,,,,74169,21,PUEBLA,074,Huejotzingo,0029,Santa Ana Xalmimilulco                                                                                        ,0203,044,2271220124,,,Fijo,19.21870819,-98.37162305,2024-11,True,True,False,False,False,False,False,True,False,True,False,False,INCLUIR,SIN_EVIDENCIA
11109263,21074315223000392000000000U9,TALLER DE MAQUILA FAMILIAR,,315229,Confección en serie de otra ropa exterior de materiales textiles,6 a 10 personas,PROLONGACION,RAFAEL SERRANO,CALLE,EL VOLCAN,CALLE,AQUILES SERDAN SUR,CALLEJON,VOLCANCITO,,SN,,,,,COLONIA,SAN ANTONIO,,,,74169,21,PUEBLA,074,Huejotzingo,0029,Santa Ana Xalmimilulco                                                                                        ,0025,037,,,,Fijo,19.20792905,-98.38507096,2024-11,True,True,False,False,False,False,False,True,False,True,False,False,INCLUIR,SIN_EVIDENCIA
3427887,21074315229001142001000000U4,TALLER DE MAQUILA HOJALEADORA,,315229,Confección en serie de otra ropa exterior de materiales textiles,6 a 10 personas,CALLE,DOMINGO ARENAS,PRIVADA,DOMINGO ARENAS,CALLE,PERITAS,CALLE,VIOLETAS PONIENTE,38,,,,,,LOCALIDAD,SANTA ANA XALMIMILULCP,,,,74169,21,PUEBLA,074,Huejotzingo,0029,Santa Ana Xalmimilulco                                                                                        ,0190,016,,,,Fijo,19.21084323,-98.38439888,2010-07,True,True,False,False,False,False,False,True,False,True,False,False,INCLUIR,SIN_EVIDENCIA
7742904,21074315229001581000000000U3,TALLER DE MAQUILA SIN NOMBRE,,315229,Confección en serie de otra ropa exterior de materiales textiles,0 a 5 personas,CALLE,CAMINO REAL SAN MATEO,CALLE,SALTO DEL AGUA,PRIVADA,EX-HACIENDA DE ARRIBA,CALLE,BENITO JUAREZ,,SN,,,,,LOCALIDAD,SANTA ANA XALMIMILULCO,,,,74169,21,PUEBLA,074,Huejotzingo,0029,Santa Ana Xalmimilulco                                                                                        ,0190,026,,,,Fijo,19.21009941,-98.38730363,2019-11,True,True,False,False,False,False,False,True,False,True,False,False,INCLUIR,SIN_EVIDENCIA
9655787,21074315223000621000000000U1,TALLER DE MAQUILA SIN NOMBRE,,315229,Confección en serie de otra ropa exterior de materiales textiles,0 a 5 personas,CALLE,SAN MIGUEL,PRIVADA,GUADALUPE,PRIVADA,SANTA ROSA,PRIVADA,NINGUNO,38,,,,,,COLONIA,SANTA ANA XALMIMILULCO,,,,74169,21,PUEBLA,074,Huejotzingo,0029,Santa Ana Xalmimilulco                                                                                        ,0025,033,2271128831,,,Fijo,19.20637496,-98.38868908,2024-11,True,True,False,False,False,False,False,True,False,True,False,False,INCLUIR,SIN_EVIDENCIA
11699604,21074314120000031000000000U2,TALLER DE MAQUILA SIN NOMBRE,,314120,"Confección de cortinas, blancos y similares",0 a 5 personas,PRIVADA,CIELITO LINDO,PRIVADA,NINGUNO,PRIVADA,GUADALUPE,PRIVADA,GUADALUPE,20,,,,,,COLONIA,SANTA ANA XALMIMILULCO,,,,74169,21,PUEBLA,074,Huejotzingo,0029,Santa Ana Xalmimilulco                                                                                        ,0025,033,,,,Fijo,19.20698882,-98.38858939,2024-11,True,True,False,False,False,False,False,True,False,True,False,False,INCLUIR,SIN_EVIDENCIA
8089132,21074315229001721000000000U5,TALLER DE MAQUILA SIN NOMBRE,,315229,Confección en serie de otra ropa exterior de materiales textiles,0 a 5 personas,CALLE,10 DE SEPTIEMBRE,CALLE,NINGUNO,CALLE,NINGUNO,CALLE,NINGUNO,,SN,,,,,COLONIA,SANTA CRUZ,,,,74169,21,PUEBLA,074,Huejotzingo,0029,Santa Ana Xalmimilulco                                                                                        ,0203,066,,,,Fijo,19.21889869,-98.38388626,2019-11,True,True,False,False,False,False,False,True,False,True,False,False,INCLUIR,SIN_EVIDENCIA
3428168,21074315229000051002000000U8,TALLER DE MAQUILA SIN NOMBRE,,315229,Confección en serie de otra ropa exterior de materiales textiles,0 a 5 personas,PRIVADA,NINGUNO,CALLE,SAN MARTIN,CALLE,SAN MARTIN,CALLE,SAN MARTIN,7,,,,,,PUEBLO,SANTA ANA XALMIMINULCO,,,,74169,21,PUEBLA,074,Huejotzingo,0029,Santa Ana Xalmimilulco                                                                                        ,0190,018,,,,Fijo,19.21384111,-98.38482768,2010-07,True,True,False,False,False,False,False,True,False,True,False,False,INCLUIR,SIN_EVIDENCIA
8090456,21074315223000032000000000U1,TALLER DE MAQUILA SIN NOMBRE,,315223,Confección en serie de uniformes,6 a 10 personas,PRIVADA,SANDOVAL,PRIVADA,SAN MARTIN,CALLEJON,SAN MARTIN,BOULEVARD,RIO XOCHIAC,54,,,,,,PUEBLO,SANTA ANA XALMININULCO,,,,74169,21,PUEBLA,074,Huejotzingo,0029,Santa Ana Xalmimilulco                                                                                        ,0190,019,2271066596,,,Fijo,19.21434798,-98.38434036,2019-11,True,True,False,False,False,False,False,True,False,True,False,False,INCLUIR,SIN_EVIDENCIA
8090625,21074315229002001000000000U1,TALLER DE MAQUILA SIN NOMBRE,,315229,Confección en serie de otra ropa exterior de materiales textiles,0 a 5 personas,CALLE,AQUILES SERDAN SUR,CALLE,MUCIO MARTINEZ,CALLE,SAN ANTONIO,CALLE,CAMINO REAL SAN MATEO,410,,,,,,COLONIA,SAN ANTONIO,,,,74169,21,PUEBLA,074,Huejotzingo,0029,Santa Ana Xalmimilulco                                                                                        ,0025,019,2271169359,,,Fijo,19.20946472,-98.38619675,2019-11,True,True,False,False,False,False,False,True,False,True,False,False,INCLUIR,SIN_EVIDENCIA
3427182,21074333291000022001000000U7,TALLER DE MAQUILA SIN NOMBRE,,315229,Confección en serie de otra ropa exterior de materiales textiles,11 a 30 personas,CALLE,PALMA,PRIVADA,PRIVADA DE LA PALMA,CALLE,PROGRESO,CALLE,REAL DE PUEBLA,23,,,,0,,COLONIA,CENTRO,,,,74169,21,PUEBLA,074,Huejotzingo,0029,Santa Ana Xalmimilulco                                                                                        ,0025,014,2481282869,,,Fijo,19.20756904,-98.38135073,2010-07,True,True,False,False,False,False,False,True,False,True,False,False,INCLUIR,SIN_EVIDENCIA
10708110,21074315223000691000000000U4,TALLER DE MAQUILA SIN NOMBRE,,315229,Confección en serie de otra ropa exterior de materiales textiles,0 a 5 personas,CALLE,RAFAEL SERRANO,CALLE,PORFIRIO DIAZ,CALLE,EL VOLCAN,CALLE,FLORES MAGON,12,,,,,,COLONIA,CENTRO,,,,74169,21,PUEBLA,074,Huejotzingo,0029,Santa Ana Xalmimilulco                                                                                        ,0025,003,,,,Fijo,19.20742347,-98.38452215,2024-11,True,True,False,False,False,False,False,True,False,True,False,False,INCLUIR,SIN_EVIDENCIA
3326347,21074315229001391002000000U7,TALLER DE MAQUILA SIN NOMBRE,,315229,Confección en serie de otra ropa exterior de materiales textiles,0 a 5 personas,CALLE,VENUSTIANO CARRANZA,CALLE,IXTACUIXTLA SUR,CALLE,NINGUNO,CALLE,SAN MANUEL,20,,,,,,LOCALIDAD,SANTA ANA XALMIMILULCO,,,,74169,21,PUEBLA,074,Huejotzingo,0029,Santa Ana Xalmimilulco                                                                                        ,0025,056,2481322999,,,Fijo,19.20660052,-98.38074741,2014-12,True,True,False,False,False,False,False,True,False,True,False,False,INCLUIR,SIN_EVIDENCIA
7742787,21074461160000781011000000U9,TALLER DE MAQUILA Y PANTALONES DE MEZCLILLA,,315229,Confección en serie de otra ropa exterior de materiales textiles,6 a 10 personas,BOULEVARD,RIO XOCHIAC,CALLE,SAN MIGUEL,PRIVADA,NINGUNO,CALLE,SANTA CRUZ,,SN,,,,,COLONIA,SANTA CRUZ,,,,74169,21,PUEBLA,074,Huejotzingo,0029,Santa Ana Xalmimilulco                                                                                        ,0203,016,,,,Fijo,19.21474593,-98.38036918,2019-11,True,True,True,True,False,False,False,True,False,True,False,False,INCLUIR,REVISAR
11173772,21074315229002821000000000U2,TALLER DE PANTALLA DE MEZCLILLA,,315229,Confección en serie de otra ropa exterior de materiales textiles,0 a 5 personas,CALLE,DONATO GUERRA,CALLE,INDUSTRIA,CALLE,PROVIDENCIA,CALLE,MAGNOLIA,,SN,,,,,COLONIA,CENTRO,,,,74169,21,PUEBLA,074,Huejotzingo,0029,Santa Ana Xalmimilulco                                                                                        ,0190,002,2272230899,,,Fijo,19.21173695,-98.38154658,2024-11,True,True,True,True,False,False,False,False,False,True,False,False,INCLUIR,SIN_EVIDENCIA
10772582,21074315229002712000000000U3,TALLER DE PANTALON,,315229,Confección en serie de otra ropa exterior de materiales textiles,6 a 10 personas,CALLE,ALDAMA,CALLE,REFORMA,CALLE,MORELOS,CALLE,ALDAMA,2,,,,,,COLONIA,CENTRO,,,,74169,21,PUEBLA,074,Huejotzingo,0029,Santa Ana Xalmimilulco                                                                                        ,0190,008,2271134789,,,Fijo,19.21027785,-98.38220444,2024-11,True,True,True,False,False,False,False,False,False,True,False,False,INCLUIR,SIN_EVIDENCIA
11112789,21074315229002882000000000U4,TALLER DE PANTALON,,315229,Confección en serie de otra ropa exterior de materiales textiles,6 a 10 personas,CALLE,16 DE SEPTIEMBRE,PRIVADA,16 DE SEPTIEMBRE,CALLE,MAGNOLIA,PRIVADA,INDUSTRIA,,SN,,,,,COLONIA,CENTRO,,,,74169,21,PUEBLA,074,Huejotzingo,0029,Santa Ana Xalmimilulco                                                                                        ,0190,013,2229091976,,,Fijo,19.21181306,-98.37830135,2024-11,True,True,True,False,False,False,False,False,False,True,False,False,INCLUIR,SIN_EVIDENCIA
10975166,21074315223000352000000000U3,TALLER DE PANTALON,,315229,Confección en serie de otra ropa exterior de materiales textiles,6 a 10 personas,CALLE,GLORIA,PRIVADA,PRIVADA DE LA GLORIA,CALLE,IXTACUIXTLA NORTE,CALLE,LOS REYES,,SN,,,,,LOCALIDAD,SANTA ANA XALMIMILULCO,,,,74169,21,PUEBLA,074,Huejotzingo,0029,Santa Ana Xalmimilulco                                                                                        ,0025,047,,,,Fijo,19.20843827,-98.37741546,2024-11,True,True,True,False,False,False,False,False,False,True,False,False,INCLUIR,SIN_EVIDENCIA
3428137,21074315229000121002000000U9,TALLER DE PANTALON DE CABALLERO,,315229,Confección en serie de otra ropa exterior de materiales textiles,0 a 5 personas,PRIVADA,NINGUNO,CALLE,CUHACTEMOCZINT,CALLE,EMILIANO ZAPATA,BOULEVARD,RIO XOCHIAC,44,,,,,,PUEBLO,SANTA ANA XALMIMINUCO,,,,74169,21,PUEBLA,074,Huejotzingo,0029,Santa Ana Xalmimilulco                                                                                        ,0190,027,,,,Fijo,19.21453924,-98.3877805,2010-07,True,True,True,False,False,False,False,False,False,True,False,False,INCLUIR,SIN_EVIDENCIA
10530864,21074315229002901000000000U2,TALLER DE ROPA POR PARA NIÑO,,315229,Confección en serie de otra ropa exterior de materiales textiles,0 a 5 personas,CALLE,DONATO GUERRA,CALLE,INDUSTRIA,CALLE,PROVIDENCIA,CALLE,REFORMA,7,,,,,,COLONIA,CENTRO,,,,74169,21,PUEBLA,074,Huejotzingo,0029,Santa Ana Xalmimilulco                                                                                        ,0190,007,,,,Fijo,19.21172815,-98.38156842,2024-11,True,True,True,False,False,False,False,False,False,True,False,False,INCLUIR,SIN_EVIDENCIA
10764782,21074315223000091000000000U7,TALLER DE TERMINADO,,315223,Confección en serie de uniformes,0 a 5 personas,PRIVADA,DOMINGO ARENAS,CALLE,TRIUNFO,CALLE,NOGALES,CALLE,MUCIO MARTINEZ,69,,,,,,LOCALIDAD,SANTA ANA XALMIMILULCO,,,,74169,21,PUEBLA,074,Huejotzingo,0029,Santa Ana Xalmimilulco                                                                                        ,0025,008,2271379051,,,Fijo,19.21100183,-98.38489934,2024-11,True,False,False,False,False,False,False,False,False,True,False,False,INCLUIR,SIN_EVIDENCIA
11179294,21074315223000911000000000U6,TALLER DE TERMINADO,,315223,Confección en serie de uniformes,0 a 5 personas,CALLE,SANTA MARIA,CALLE,SANTA MARIA,CALLE,FRONTERA,CALLE,SAN MATEO,8,,,,,,LOCALIDAD,SANTA ANA XALMIMILULCO,,,,74169,21,PUEBLA,074,Huejotzingo,0029,Santa Ana Xalmimilulco                                                                                        ,0190,029,2481252626,,,Fijo,19.21053326,-98.3916904,2024-11,True,False,False,False,False,False,False,False,False,True,False,False,INCLUIR,SIN_EVIDENCIA
10732616,21074315223001322000000000U5,TALLER DE TERMINADO DE PANTALON SIN NOMBRE,,315229,Confección en serie de otra ropa exterior de materiales textiles,6 a 10 personas,CALLE,PORFIRIO DIAZ,CALLE,RAFAEL SERRANO,PRIVADA,CHAPULTEPEC,PRIVADA,EL VOLCAN,,SN,,,,,LOCALIDAD,SANTA ANA XALMIMILULCO,,,,74169,21,PUEBLA,074,Huejotzingo,0029,Santa Ana Xalmimilulco                                                                                        ,0025,017,2211162565,,,Fijo,19.2060846,-98.38355316,2024-11,True,True,True,False,False,False,False,False,False,True,False,False,INCLUIR,SIN_EVIDENCIA
8090459,21074315229001941000000000U9,TALLER DE TERMINADO SIN NOMBRE,,315229,Confección en serie de otra ropa exterior de materiales textiles,0 a 5 personas,PRIVADA,SAN MARTIN A,CALLE,SAN MARTIN,PRIVADA,NINGUNO,CALLE,AQUILES SERDAN NORTE,9,,,,,,PUEBLO,SANTA ANA XALMIMINULCO,,,,74169,21,PUEBLA,074,Huejotzingo,0029,Santa Ana Xalmimilulco                                                                                        ,0190,018,2271102313,,,Fijo,19.21396552,-98.38485357,2019-11,True,False,False,False,False,False,False,False,False,True,False,False,INCLUIR,SIN_EVIDENCIA
11633655,21074315223000432000000000U3,TALLER FAMILIAR,,315223,Confección en serie de uniformes,6 a 10 personas,CALLE,SAUCE,CALLE,SAN ISIDRO,CALLE,NINGUNO,CALLE,TEYUCA,,SN,,,,,COLONIA,GUADALUPE,,,,74169,21,PUEBLA,074,Huejotzingo,0029,Santa Ana Xalmimilulco                                                                                        ,0203,034,,,,Fijo,19.21546775,-98.37199454,2024-11,True,False,False,False,False,False,False,False,False,True,False,False,INCLUIR,SIN_EVIDENCIA
9910704,21074315223000891000000000U0,TALLER FAMILIAR,,315229,Confección en serie de otra ropa exterior de materiales textiles,0 a 5 personas,CALLE,NINGUNO,CALLE,TEYUCA,CALLE,SAUCE,CALLE,REAL DE LA POSTA,,SN,,,,,LOCALIDAD,SANTA ANA XALMIMILULCO,,,,74169,21,PUEBLA,074,Huejotzingo,0029,Santa Ana Xalmimilulco                                                                                        ,0203,049,2271128105,,,Fijo,19.21937224,-98.3741164,2024-11,True,False,False,False,False,False,False,False,False,True,False,False,INCLUIR,SIN_EVIDENCIA
9948104,21074315223000581000000000U7,TALLER FAMILIAR,,315229,Confección en serie de otra ropa exterior de materiales textiles,0 a 5 personas,CALLE,SAUCE,CALLE,SAN ISIDRO,CALLE,NINGUNO,CALLE,TEYUCA,22,,,,,,COLONIA,GUADALUPE,,,,74169,21,PUEBLA,074,Huejotzingo,0029,Santa Ana Xalmimilulco                                                                                        ,0203,071,,,,Fijo,19.21619758,-98.37268318,2024-11,True,False,False,False,False,False,False,False,False,True,False,False,INCLUIR,SIN_EVIDENCIA
9825379,21074315223001031000000000U2,TALLER FAMILIAR DE MAQUILA,,315229,Confección en serie de otra ropa exterior de materiales textiles,0 a 5 personas,CALLE,CONCEPCION,CALLE,NINGUNO,CALLE,TEYUCA,CALLE,REAL DE LA POSTA,,SN,,,,,COLONIA,GUADALUPE,,,,74169,21,PUEBLA,074,Huejotzingo,0029,Santa Ana Xalmimilulco                                                                                        ,0203,044,2313259042,,,Fijo,19.21881915,-98.37150149,2024-11,True,True,False,False,False,False,False,True,False,True,False,False,INCLUIR,SIN_EVIDENCIA
10773335,21074315223000221000000000U0,TALLER MAQUILA,,315229,Confección en serie de otra ropa exterior de materiales textiles,0 a 5 personas,CALLE,NIÑO PERDIDO,CALLE,SAN ANGEL,CALLE,LINDA VISTA,CALLE,FRANCISCO VILLA,7,,,,,,COLONIA,SANTA CRUZ,,,,74169,21,PUEBLA,074,Huejotzingo,0029,Santa Ana Xalmimilulco                                                                                        ,0203,003,5548347914,,,Fijo,19.21805433,-98.37969544,2024-11,True,True,False,False,False,False,False,True,False,True,False,False,INCLUIR,SIN_EVIDENCIA
3427972,21074463310000331010000000U2,TALLER MAQUILA DE ZAPATO,,316213,Fabricación de calzado de plástico,0 a 5 personas,CALLE,NOGALES,CALLE,DOMINGO ARENAS,CALLE,MUCIO MARTINEZ,CALLE,AQUILES SERDAN SUR,9,,,,,,LOCALIDAD,SANTA ANA XALMIMILULCO,,,,74169,21,PUEBLA,074,Huejotzingo,0029,Santa Ana Xalmimilulco                                                                                        ,0025,030,,,,Fijo,19.21060553,-98.385388,2014-12,False,True,False,False,False,False,False,True,False,False,False,False,REVISAR,SIN_EVIDENCIA
11023311,21074315123000021000000000U6,TALLER SIN NOMBRE,,315123,Fabricación de ropa exterior de tejido de punto,0 a 5 personas,PRIVADA,LA BRISA,CALLE,FRONTERA,CALLE,NOGALES,OTRO(ESPECIFIQUE),NINGUNO,,SN,,,,,LOCALIDAD,SANTA ANA XALMIMILULCO,,,,74169,21,PUEBLA,074,Huejotzingo,0029,Santa Ana Xalmimilulco                                                                                        ,0190,029,,,,Fijo,19.21038034,-98.3902572,2024-11,True,False,False,False,False,False,False,False,False,True,False,False,INCLUIR,SIN_EVIDENCIA
9730300,21074315223001162000000000U5,TERMINADO,,315229,Confección en serie de otra ropa exterior de materiales textiles,6 a 10 personas,BOULEVARD,RIO XOCHIAC,CALLE,16 DE SEPTIEMBRE,CALLE,INDUSTRIA,PRIVADA,INDUSTRIA (16 DE SEPTIEMBRE),58,,,,,,LOCALIDAD,SANTA ANA XALMIMILULCO,,,,74169,21,PUEBLA,074,Huejotzingo,0029,Santa Ana Xalmimilulco                                                                                        ,0190,041,,,,Fijo,19.2143018,-98.3786737,2024-11,True,False,False,False,False,False,False,False,False,True,False,False,INCLUIR,SIN_EVIDENCIA
8089248,21074315229001771000000000U0,TERMINADO,,315229,Confección en serie de otra ropa exterior de materiales textiles,0 a 5 personas,CALLE,GRIJALVA,CALLE,SANTA CRUZ,BOULEVARD,RIO XOCHIAC,CALLE,REAL DE LA POSTA,,SN,,,,,LOCALIDAD,SANTA ANA XALMIMILULCO,,,,74169,21,PUEBLA,074,Huejotzingo,0029,Santa Ana Xalmimilulco                                                                                        ,0203,038,,,,Fijo,19.214406,-98.37765433,2019-11,True,False,False,False,False,False,False,False,False,True,False,False,INCLUIR,SIN_EVIDENCIA
11119257,21074315123000031000000000U5,TERMINADO DE COSTURA SIN NOMBRE,,315123,Fabricación de ropa exterior de tejido de punto,0 a 5 personas,CALLE,ADOLFO LOPEZ MATEOS,CALLE,VIOLETAS PONIENTE,CALLE,DOMINGO ARENAS,CALLE,AQUILES SERDAN NORTE,1,,,,,,LOCALIDAD,SANTA ANA XALMIMILULCO,,,,74169,21,PUEBLA,074,Huejotzingo,0029,Santa Ana Xalmimilulco                                                                                        ,0190,022,,,,Fijo,19.21296732,-98.3852596,2024-11,True,True,True,False,False,False,False,False,True,True,False,False,INCLUIR,SIN_EVIDENCIA
8777005,21074315229002141000000000U5,TERMINADO DE MAQUILA SIN NOMBRE,,315229,Confección en serie de otra ropa exterior de materiales textiles,0 a 5 personas,CALLE,SAN ISIDRO,CALLE,IXTACUIXTLA SUR,CALLE,NINGUNO,CALLE,SAN MANUEL,,SN,,,,,LOCALIDAD,SANTA ANA XALMIMILULCO,,,,74169,21,PUEBLA,074,Huejotzingo,0029,Santa Ana Xalmimilulco                                                                                        ,0025,057,,,,Fijo,19.20467983,-98.38094082,2019-11,True,True,False,False,False,False,False,True,False,True,False,False,INCLUIR,SIN_EVIDENCIA
3428078,21074315229000992000000000U3,TERMINADO DE PANTALON,,315229,Confección en serie de otra ropa exterior de materiales textiles,0 a 5 personas,CALLE,PRIMAVERA,CALLE,MELCHOR OCAMPO,CALLE,RIO XOCHIAC,PRIVADA,NINGUNO,15,,,,,,LOCALIDAD,SANTA ANA XALMIMILULCO,,,,74169,21,PUEBLA,074,Huejotzingo,0029,Santa Ana Xalmimilulco                                                                                        ,0203,007,,,,Fijo,19.21499311,-98.37481352,2010-07,True,True,True,False,False,False,False,False,False,True,False,False,INCLUIR,SIN_EVIDENCIA
10591920,21074315223000903000000000U3,TERMINADO DE PANTALON,,315229,Confección en serie de otra ropa exterior de materiales textiles,11 a 30 personas,PRIVADA,10 DE MAYO,PRIVADA,PRIMERO DE MAYO,CALLE,PRIMERO DE MAYO,CALLE,16 DE SEPTIEMBRE,,SN,,,,,LOCALIDAD,SANTA ANA XALMIMILULCO,,,,74169,21,PUEBLA,074,Huejotzingo,0029,Santa Ana Xalmimilulco                                                                                        ,0190,031,,,,Fijo,19.21127,-98.3764247,2024-11,True,True,True,False,False,False,False,False,False,True,False,False,INCLUIR,SIN_EVIDENCIA
8089208,21074315229001731000000000U4,TERMINADO DE PANTALON SIN NOMBRE,,315229,Confección en serie de otra ropa exterior de materiales textiles,0 a 5 personas,PRIVADA,PRIVADA DE LA PALMA,PRIVADA,PRIVADA DE LA PALMA,CALLE,TRIUNFO,CALLE,REAL DE PUEBLA,6,,,,,,COLONIA,CENTRO,,,,74169,21,PUEBLA,074,Huejotzingo,0029,Santa Ana Xalmimilulco                                                                                        ,0025,015,2225694380,,,Fijo,19.2077122,-98.37952605,2019-11,True,True,True,False,False,False,False,False,False,True,False,False,INCLUIR,SIN_EVIDENCIA
8089265,21074313310000072001000000U4,TERMINADO DE PANTALON SIN NOMBRE,,315229,Confección en serie de otra ropa exterior de materiales textiles,0 a 5 personas,CALLE,NARCISO MENDOZA,OTRO(ESPECIFIQUE),CULTIVO,CALLE,IXTACUIXTLA SUR,CALLE,REAL DE PUEBLA,,SN,,,,,LOCALIDAD,SANTA ANA XALMIMILULCO,,,,74169,21,PUEBLA,074,Huejotzingo,0029,Santa Ana Xalmimilulco                                                                                        ,0025,025,,,,Fijo,19.20581503,-98.37489035,2019-11,True,True,True,False,False,False,False,False,False,True,False,False,INCLUIR,SIN_EVIDENCIA
10295653,21074315223000711000000000U0,TERMINADO DE PANTALON SIN NOMBRE,,315229,Confección en serie de otra ropa exterior de materiales textiles,0 a 5 personas,CALLE,SAN ISIDRO,CALLE,NINGUNO,CALLE,NINGUNO,CALLE,SAN MANUEL,16,,,,,,LOCALIDAD,SANTA ANA XALMIMILULCO,,,,74169,21,PUEBLA,074,Huejotzingo,0029,Santa Ana Xalmimilulco                                                                                        ,0025,062,,,,Fijo,19.20493258,-98.38204038,2024-11,True,True,True,False,False,False,False,False,False,True,False,False,INCLUIR,SIN_EVIDENCIA
10211267,21074315223001151000000000U8,TERMINADO DE PANTALON SIN NOMBRE,BEATRIZ ABREGO,315229,Confección en serie de otra ropa exterior de materiales textiles,0 a 5 personas,CALLE,VENUSTIANO CARRANZA,PRIVADA,NINGUNO,CALLE,NINGUNO,CALLE,SAN MANUEL,,SN,,,,,COLONIA,CENTRO,,,,74169,21,PUEBLA,074,Huejotzingo,0029,Santa Ana Xalmimilulco                                                                                        ,0025,016,,,,Fijo,19.20685045,-98.38141503,2024-11,True,True,True,False,False,False,False,False,False,True,False,False,INCLUIR,SIN_EVIDENCIA
8119047,21074315229002092000000000U0,TERMINADO DE PANTALONES,,315229,Confección en serie de otra ropa exterior de materiales textiles,6 a 10 personas,CALLE,MUCIO MARTINEZ,PRIVADA,NINGUNO,PRIVADA,NINGUNO,CALLE,DOMINGO ARENAS,13,,,,,,LOCALIDAD,SANTA ANA XALMIMILULCO,,,,74169,21,PUEBLA,074,Huejotzingo,0029,Santa Ana Xalmimilulco                                                                                        ,0025,008,,,,Fijo,19.20953621,-98.38497668,2019-11,True,False,False,False,False,False,False,False,False,True,False,False,INCLUIR,SIN_EVIDENCIA
8777012,21074315229002161000000000U3,TERMINADO DE PANTALONES,,315229,Confección en serie de otra ropa exterior de materiales textiles,0 a 5 personas,PROLONGACION,PORFIRIO DIAZ,CALLE,PORFIRIO DIAZ,CALLE,IXTACUIXTLA SUR,PRIVADA,NINGUNO,15,,,,,,PUEBLO,SANTA ANA XALMIMINULCO,,,,74169,21,PUEBLA,074,Huejotzingo,0029,Santa Ana Xalmimilulco                                                                                        ,0167,017,,,,Fijo,19.19991659,-98.3797894,2019-11,True,False,False,False,False,False,False,False,False,True,False,False,INCLUIR,SIN_EVIDENCIA
10752985,21074315223000963000000000U7,TERMINADO O PREPARADO,,315229,Confección en serie de otra ropa exterior de materiales textiles,11 a 30 personas,CALLE,IXTACUIXTLA NORTE,CALLE,16 DE SEPTIEMBRE,PRIVADA,PRIVADA DE IXTACUIXTLA,CALLE,RIO XOCHIAC,,SN,,,,,LOCALIDAD,SANTA ANA XALMIMILULCO,,,,74169,21,PUEBLA,074,Huejotzingo,0029,Santa Ana Xalmimilulco                                                                                        ,0190,031,2272719563,,,Fijo,19.2128111,-98.37686215,2024-11,True,False,False,False,False,False,False,False,False,True,False,False,INCLUIR,SIN_EVIDENCIA
11332144,21074315223000751000000000U6,TRABAJO DE OVER,,315229,Confección en serie de otra ropa exterior de materiales textiles,0 a 5 personas,CALLE,REAL DE PUEBLA,OTRO(ESPECIFIQUE),CULTIVO,CALLE,IXTACUIXTLA SUR,CALLE,NARCISO MENDOZA,,SN,,,,,LOCALIDAD,SANTA ANA XALMIMILULCO,,,,74169,21,PUEBLA,074,Huejotzingo,0029,Santa Ana Xalmimilulco                                                                                        ,0025,025,,,,Fijo,19.20708153,-98.37540259,2024-11,True,False,False,False,False,False,False,False,False,True,False,False,INCLUIR,SIN_EVIDENCIA
11666621,21074315229002242000000000U1,TRAILER DE PANTALON,,315229,Confección en serie de otra ropa exterior de materiales textiles,6 a 10 personas,CALLE,CALLE DEL PRADO,CALLE,SAN MARTIN,CALLE,AQUILES SERDAN NORTE,CALLE,VIOLETAS PONIENTE,,SN,,,,,COLONIA,SANTA ANA XALMIMINULCO,,,,74169,21,PUEBLA,074,Huejotzingo,0029,Santa Ana Xalmimilulco                                                                                        ,0190,010,2481302502,,,Fijo,19.21315057,-98.38407357,2024-11,True,True,True,False,False,False,False,False,False,True,False,False,INCLUIR,SIN_EVIDENCIA
9811409,21074315223001281000000000U3,VICTORIA LIRA LIRA,DESHEBRADO,315229,Confección en serie de otra ropa exterior de materiales textiles,0 a 5 personas,CALLE,LOS REYES,CALLE,CALLE DEL CARMEN,PRIVADA,PRIVADA DE LA GLORIA,CALLE,GLORIA,18,D,,,,,LOCALIDAD,SANTA ANA XALMIMILULCO,,,,74169,21,PUEBLA,074,Huejotzingo,0029,Santa Ana Xalmimilulco                                                                                        ,0025,047,,,,Fijo,19.20891569,-98.37730833,2024-11,True,True,True,True,False,False,True,False,True,True,False,False,INCLUIR,REVISAR
10080659,21074325610000031000000000U9,INDUSTRIA QUIMICA PQT,,325610,"Fabricación de jabones, limpiadores y dentífricos",0 a 5 personas,CALLE,ZARAGOZA,CALLE,IXTACUIXTLA NORTE,CALLE,FONSECA,CALLE,CRUZ DE PIEDRA,26,,,,,,LOCALIDAD,SANTA ANA XALMIMILULCO,,,,74169,21,PUEBLA,074,Huejotzingo,0029,Santa Ana Xalmimilulco                                                                                        ,0025,028,2227153667,,,Fijo,19.21103926,-98.37851299,2024-11,False,True,False,False,False,False,True,False,False,False,False,False,REVISAR,SIN_EVIDENCIA
9549284,21074434319000022000000000U4,RECICLADORA INDUSTRIAL NISSI,,434319,Comercio al por mayor de otros materiales de desecho,6 a 10 personas,CALLE,GLORIA,OTRO(ESPECIFIQUE),CULTIVO,CALLE,NINGUNO,CALLE,LOS REYES,,SN,,,,,LOCALIDAD,SANTA ANA XALMIMILULCO,,,,74169,21,PUEBLA,074,Huejotzingo,0029,Santa Ana Xalmimilulco                                                                                        ,0025,054,2229296919,,,Fijo,19.20665353,-98.37175056,2024-11,False,True,False,False,False,False,True,False,False,False,False,False,REVISAR,SIN_EVIDENCIA
3428097,21074463111000041010000000U9,TELAS EL TIGRE,,432111,"Comercio al por mayor de fibras, hilos y telas",0 a 5 personas,CALLE,REAL DE LA POSTA,CALLE,SANTA ANITA,CALLE,JESUS MARIA,CALLE,SAN ANGEL,86,,,,,,LOCALIDAD,SANTA ANA XALMIMILULCO,,,,74169,21,PUEBLA,074,Huejotzingo,0029,Santa Ana Xalmimilulco                                                                                        ,0203,036,2211142240,,,Fijo,19.21665296,-98.37648348,2010-07,False,True,True,False,False,False,False,False,False,False,False,False,REVISAR,SIN_EVIDENCIA
8111334,21074434222000041000000000U0,VAQUIMTEX PRODUCTOS PARA LAVANDERIA,LEMUEL VARGAS,434222,Comercio al por mayor de productos químicos para la industria farmacéutica y para otro uso industrial,0 a 5 personas,CALLE,REAL DE LA POSTA,CALLE,SAUCE,CALLE,MELCHOR OCAMPO,CALLE,VICENTE GUERRERO,,SN,,,,,LOCALIDAD,SANTA ANA XALMIMILULCO,,,,74169,21,PUEBLA,074,Huejotzingo,0029,Santa Ana Xalmimilulco                                                                                        ,0203,041,2481746819,,,Fijo,19.21836989,-98.3755234,2019-11,False,True,False,False,False,True,False,False,False,False,False,False,REVISAR,SIN_EVIDENCIA
9718863,21074463113000601000000000U6,BORDADOS ETICOSA,,463113,Comercio al por menor de artículos de mercería y bonetería,0 a 5 personas,BOULEVARD,RIO XOCHIAC,CALLE,SAN MIGUEL,PRIVADA,NINGUNO,CALLE,SANTA CRUZ,,SN,,,,,COLONIA,SANTA CRUZ,,,,74169,21,PUEBLA,074,Huejotzingo,0029,Santa Ana Xalmimilulco                                                                                        ,0203,016,2213592219,,,Fijo,19.21464833,-98.37997004,2024-11,False,True,True,False,False,False,True,False,True,False,False,False,INCLUIR,SIN_EVIDENCIA
8560149,21074461170000121000000000U7,PALETERIA NEVERIA Y AGUAS FRESCAS LA INDUSTRIA,,461170,Comercio al por menor de paletas de hielo y helados,0 a 5 personas,CALLE,INDUSTRIA,PRIVADA,INDUSTRIA (16 DE SEPTIEMBRE),PRIVADA,INDUSTRIA,PRIVADA,16 DE SEPTIEMBRE,,SN,,,,,COLONIA,CENTRO,,,,74169,21,PUEBLA,074,Huejotzingo,0029,Santa Ana Xalmimilulco                                                                                        ,0190,013,,,,Fijo,19.21373809,-98.37966783,2019-11,False,True,False,False,False,False,True,False,False,False,False,False,REVISAR,SIN_EVIDENCIA
3428217,21074461122000321000000000U4,POLLERIA INDUSTRIA,,461122,Comercio al por menor de carne de aves,0 a 5 personas,CALLE,INDUSTRIA,PRIVADA,NINGUNO,CALLE,TLACOMULCO,CALLE,PROVIDENCIA,86,,,,,,COLONIA,CENTRO,,,,74169,21,PUEBLA,074,Huejotzingo,0029,Santa Ana Xalmimilulco                                                                                        ,0190,006,2271042144,,,Fijo,19.21337444,-98.37991131,2010-07,False,True,False,False,False,False,True,False,False,False,False,False,REVISAR,SIN_EVIDENCIA
3427142,21074469110000011010000000U2,VENTA DE ROPA,,463213,Comercio al por menor de lencería,0 a 5 personas,CALLE,REAL DE PUEBLA,CALLE,XICOHTENCATL,CALLE,PORFIRIO DIAZ,CALLE,PALMA,10,,,,,,COLONIA,CENTRO,,,,74169,21,PUEBLA,074,Huejotzingo,0029,Santa Ana Xalmimilulco                                                                                        ,0025,011,,,,Fijo,19.20935777,-98.3815333,2010-07,False,True,True,False,False,False,False,False,False,False,False,False,REVISAR,SIN_EVIDENCIA
10238079,21074465215000111000000000U7,VENTA DE ROPA DEPORTIVA,,465215,Comercio al por menor de artículos y aparatos deportivos,0 a 5 personas,CALLE,INDUSTRIA,PRIVADA,NINGUNO,PRIVADA,INDUSTRIA,PRIVADA,16 DE SEPTIEMBRE,36,3,,,,,COLONIA,CENTRO,,,,74169,21,PUEBLA,074,Huejotzingo,0029,Santa Ana Xalmimilulco                                                                                        ,0190,013,,,,Fijo,19.21288773,-98.38008255,2024-11,False,True,True,False,False,False,False,False,False,False,False,False,REVISAR,SIN_EVIDENCIA
8119051,21074722513000592001000000U5,ELABORACION DE BARBACOA,,722513,Restaurantes con servicio de preparación de antojitos,0 a 5 personas,CALLEJON,LOS PAJARITOS,CALLE,DOMINGO ARENAS,CALLE,MUCIO MARTINEZ,PRIVADA,MUCIO MARTINEZ,8,,,,,,LOCALIDAD,SANTA ANA XALMIMILULCO,,,,74169,21,PUEBLA,074,Huejotzingo,0029,Santa Ana Xalmimilulco                                                                                        ,0025,009,,,,Fijo,19.20994182,-98.38339222,2019-11,False,True,False,False,False,False,True,False,False,False,False,False,REVISAR,SIN_EVIDENCIA
9548759,21074722515001141000000000U5,ELABORACION DE GELATINAS,,722515,"Cafeterías, fuentes de sodas, neverías, refresquerías y similares",0 a 5 personas,CALLE,DIVISION DEL NORTE,CALLE,10 DE SEPTIEMBRE,CALLE,NUEVA,PRIVADA,NINGUNO,43,,,,,,LOCALIDAD,SANTA ANA XALMIMILULCO,,,,74169,21,PUEBLA,074,Huejotzingo,0029,Santa Ana Xalmimilulco                                                                                        ,0203,031,2212436337,,,Fijo,19.22176033,-98.38015046,2024-11,False,True,False,False,False,False,True,False,False,False,False,False,REVISAR,SIN_EVIDENCIA
12290215,21074722513001471000000000U1,ELABORACION DE QUEZADILLAS Y GORDITAS SIN NOMBRE,,722513,Restaurantes con servicio de preparación de antojitos,0 a 5 personas,CALLE,IXTACUIXTLA NORTE,CALLE,16 DE SEPTIEMBRE,PRIVADA,PRIVADA DE IXTACUIXTLA,CALLE,RIO XOCHIAC,63,,,,,,LOCALIDAD,SANTA ANA XALMIMILULCO,,,,74169,21,PUEBLA,074,Huejotzingo,0029,Santa Ana Xalmimilulco                                                                                        ,0190,031,2271120480,,,Semifijo,19.21170735,-98.37729322,2026-04,False,True,False,False,False,False,True,False,False,False,False,False,REVISAR,SIN_EVIDENCIA
9910064,21074722514001451000000000U1,ELABORACION Y VENTA DE QUESADILLAS SIN NOMBRE,,722514,Restaurantes con servicio de preparación de tacos y tortas,0 a 5 personas,CALLE,PORFIRIO DIAZ,CALLE,SAN MANUEL,CALLE,SAN ISIDRO,CALLE,NINGUNO,,SN,,,,,LOCALIDAD,SANTA ANA XALMIMILULCO,,,,74169,21,PUEBLA,074,Huejotzingo,0029,Santa Ana Xalmimilulco                                                                                        ,0025,058,2272309728,,,Fijo,19.20532859,-98.38374507,2024-11,False,True,False,False,False,False,True,False,False,False,False,False,REVISAR,SIN_EVIDENCIA
3428086,21074722519000511000000000U2,TAMALERA ELABORACION DE TAMALES,,722519,Servicios de preparación de otros alimentos para consumo inmediato,0 a 5 personas,PRIVADA,NINGUNO,CALLE,NINGUNO,PRIVADA,DIVISION DEL NORTE,PRIVADA,NINGUNO,,SN,,,,,COLONIA,SANTA CRUZ,,,,74169,21,PUEBLA,074,Huejotzingo,0029,Santa Ana Xalmimilulco                                                                                        ,0203,059,2481999244,,,Fijo,19.219668,-98.38222038,2010-07,False,True,False,False,False,False,True,False,False,False,False,False,REVISAR,SIN_EVIDENCIA
10604685,21074811499000241000000000U3,ARREGLOS DE COSTURA,MODISTA,811499,Reparación y mantenimiento de otros artículos para el hogar y personales,0 a 5 personas,PRIVADA,NINGUNO,PRIVADA,NINGUNO,OTRO(ESPECIFIQUE),NINGUNO,PRIVADA,NINGUNO,,SN,,,,,LOCALIDAD,SANTA ANA XALMIMILULCO,,,,74169,21,PUEBLA,074,Huejotzingo,0029,Santa Ana Xalmimilulco                                                                                        ,0025,067,,,,Fijo,19.20649868,-98.37734222,2024-11,False,True,True,False,False,False,False,False,True,False,False,False,REVISAR,SIN_EVIDENCIA
11183668,21074812210000251000000000U2,BODEGA DE DESPERDICIO,,812210,Lavanderías y tintorerías,0 a 5 personas,CALLE,IXTACUIXTLA NORTE,PRIVADA,PRIVADA DE IXTACUIXTLA,PRIVADA,IXTACUIXTLA,CALLE,PRIMERO DE MAYO,,SN,,,,,LOCALIDAD,SANTA ANA XALMIMILULCO,,,,74169,21,PUEBLA,074,Huejotzingo,0029,Santa Ana Xalmimilulco                                                                                        ,0190,038,,,,Fijo,19.2111932,-98.37746045,2024-11,True,False,False,False,False,False,False,False,False,False,False,True,REVISAR,REVISAR
11081907,21074812210000921000000000U0,BODEGA SIN NOMBRE,,812210,Lavanderías y tintorerías,0 a 5 personas,CALLE,PRIMERO DE MAYO,CALLE,RIO XOCHIAC,PRIVADA,NINGUNO,PRIVADA,NINGUNO,,SN,,,,,LOCALIDAD,SANTA ANA XALMIMILULCO,,,,74169,21,PUEBLA,074,Huejotzingo,0029,Santa Ana Xalmimilulco                                                                                        ,0190,025,,,,Fijo,19.21328834,-98.37489147,2024-11,True,False,False,False,False,False,False,False,False,False,False,True,REVISAR,REVISAR
3428174,21074812210000172002000000U0,LAVANDERIA ALEX,,812210,Lavanderías y tintorerías,0 a 5 personas,CALLE,SAN MARTIN,BOULEVARD,RIO XOCHIAC,CALLEJON,SAN MARTIN,BOULEVARD,RIO XOCHIAC,52,,,,,,PUEBLO,SANTA ANA XALMININULCO,,,,74169,21,PUEBLA,074,Huejotzingo,0029,Santa Ana Xalmimilulco                                                                                        ,0190,019,2272712440,,,Fijo,19.21501731,-98.38544865,2010-07,True,True,False,False,False,True,False,False,False,False,False,True,REVISAR,REVISAR
3428283,21074812210000121001000000U7,LAVANDERIA LAVAMEXXAL,,812210,Lavanderías y tintorerías,6 a 10 personas,CALLE,ZARAGOZA,CALLE,IXTACUIXTLA NORTE,CALLE,16 DE SEPTIEMBRE,CALLE,IXTACUIXTLA NORTE,33,,,,,,LOCALIDAD,SANTA ANA XALMIMILULCO,,,,74169,21,PUEBLA,074,Huejotzingo,0029,Santa Ana Xalmimilulco                                                                                        ,0190,020,2221863089,,,Fijo,19.2112318,-98.3780799,2010-07,True,True,False,False,False,True,False,False,False,False,False,True,REVISAR,REVISAR
3326066,21074812210000262001000000U9,LAVANDERIA LAVAPLUS,,812210,Lavanderías y tintorerías,11 a 30 personas,CALLE,DIVISION DEL NORTE,PRIVADA,NINGUNO,CALLE,JAZMINES,CALLE,DIVISION DEL NORTE,,SN,,,,,PUEBLO,SANTA ANA XALMIMINULCO,,,,74169,21,PUEBLA,074,Huejotzingo,0029,Santa Ana Xalmimilulco                                                                                        ,0203,058,2225090728,,WWW.LAVAPLUS-LAVANDERIAINDUSTRIAL.COM,Fijo,19.21861458,-98.3819366,2014-12,True,True,False,False,False,True,False,False,False,False,False,True,REVISAR,REVISAR
11149643,21074812210000672000000000U9,LAVANDERIA LOS SOLARES,JOSE LUIS,812210,Lavanderías y tintorerías,6 a 10 personas,OTRO(ESPECIFIQUE),NINGUNO,OTRO(ESPECIFIQUE),NINGUNO,OTRO(ESPECIFIQUE),NINGUNO,OTRO(ESPECIFIQUE),NINGUNO,,SN,,,,,LOCALIDAD,SANTA ANA XALMIMILULCO,,,,74169,21,PUEBLA,074,Huejotzingo,0029,Santa Ana Xalmimilulco                                                                                        ,0025,800,,,,Fijo,19.20557939,-98.36887278,2024-11,True,True,False,False,False,True,False,False,False,False,False,True,REVISAR,REVISAR
10876257,21074812210000751000000000U1,LAVANDERIA MA & MA,,812210,Lavanderías y tintorerías,0 a 5 personas,CALLE,EL REBOZO,CALLE,VIOLETAS PONIENTE,CALLE,DOMINGO ARENAS,CALLE,PERITAS,4,,,,,,LOCALIDAD,SANTA ANA XALMIMILULCO,,,,74169,21,PUEBLA,074,Huejotzingo,0029,Santa Ana Xalmimilulco                                                                                        ,0190,017,2271099351,,,Fijo,19.21136579,-98.38497712,2024-11,True,True,False,False,False,True,False,False,False,False,False,True,REVISAR,REVISAR
3427213,21074812210000342001000000U9,LAVANDERIA MAGALY,,812210,Lavanderías y tintorerías,0 a 5 personas,CALLE,IXTACUIXTLA SUR,CALLE,PALMA,CALLE,VENUSTIANO CARRANZA,CALLE,PORFIRIO DIAZ,,SN,,,,,COLONIA,CENTRO,,,,74169,21,PUEBLA,074,Huejotzingo,0029,Santa Ana Xalmimilulco                                                                                        ,0025,002,,,,Fijo,19.20645951,-98.37919106,2010-07,True,True,False,False,False,True,False,False,False,False,False,True,REVISAR,REVISAR
8776900,21074812210000521000000000U8,LAVANDERIA MARY,,812210,Lavanderías y tintorerías,0 a 5 personas,CALLE,REAL DE PUEBLA,OTRO(ESPECIFIQUE),CULTIVO,CALLE,IXTACUIXTLA SUR,CALLE,NARCISO MENDOZA,10,,,,,,LOCALIDAD,SANTA ANA XALMIMILULCO,,,,74169,21,PUEBLA,074,Huejotzingo,0029,Santa Ana Xalmimilulco                                                                                        ,0025,025,,,,Fijo,19.20780984,-98.37742389,2019-11,True,True,False,False,False,True,False,False,False,False,False,True,REVISAR,REVISAR
10086701,21074812210000601000000000U8,LAVANDERIA MEXICO,,812210,Lavanderías y tintorerías,0 a 5 personas,CALLE,AQUILES SERDAN NORTE,CALLE,SAN MARTIN,CALLE,CALLE DEL PRADO,CALLE,SAN MARTIN,8,,,,,,PUEBLO,SANTA ANA XALMIMINULCO,,,,74169,21,PUEBLA,074,Huejotzingo,0029,Santa Ana Xalmimilulco                                                                                        ,0190,018,2229026114,,,Fijo,19.21429934,-98.38564064,2024-11,True,True,False,False,False,True,False,False,False,False,False,True,REVISAR,REVISAR
3428103,21074812210000192001000000U8,LAVANDERIA NOVALAV,,812210,Lavanderías y tintorerías,11 a 30 personas,CALLE,LINDA VISTA,CALLE,SAN BARTOLO,CALLE,JOSEFA ORTIZ DE DOMINGUEZ,CALLE,DIVISION DEL NORTE,3,,,,,,COLONIA,SANTA CRUZ,,,,74196,21,PUEBLA,074,Huejotzingo,0029,Santa Ana Xalmimilulco                                                                                        ,0203,011,2211141002,,,Fijo,19.21681889,-98.38075285,2010-07,True,True,False,False,False,True,False,False,False,False,False,True,REVISAR,REVISAR
8089261,21074812210000431000000000U0,LAVANDERIA REY,,812210,Lavanderías y tintorerías,0 a 5 personas,PRIVADA,10 DE MAYO,CALLE,PRIMERO DE MAYO,PRIVADA,PRIMERO DE MAYO,PRIVADA,PRIVADA DE IXTACUIXTLA,,SN,,,,,LOCALIDAD,SANTA ANA XALMIMILULCO,,,,74169,21,PUEBLA,074,Huejotzingo,0029,Santa Ana Xalmimilulco                                                                                        ,0190,039,,,,Fijo,19.21125165,-98.37655998,2019-11,True,True,False,False,False,True,False,False,False,False,False,True,REVISAR,REVISAR
8089452,21074812210000451001000000U8,LAVANDERIA RUGLAS,,812210,Lavanderías y tintorerías,6 a 10 personas,CALLE,ADOLFO LOPEZ MATEOS,CALLE,IXTACUIXTLA SUR,CALLE,PORFIRIO DIAZ,CALLE,SAN ISIDRO,18,,,,,,LOCALIDAD,SANTA ANA XALMIMILULCO,,,,74169,21,PUEBLA,074,Huejotzingo,0029,Santa Ana Xalmimilulco                                                                                        ,0167,006,2481771786,,,Fijo,19.20291914,-98.3807764,2019-11,True,True,False,False,False,True,False,False,False,False,False,True,REVISAR,REVISAR
3428125,21074812210000182000000000U9,LAVANDERIA SANTA CECILIA,,812210,Lavanderías y tintorerías,0 a 5 personas,CALLE,JOSEFA ORTIZ DE DOMINGUEZ,PRIVADA,NINGUNO,CALLE,SAN ANTONIO,BOULEVARD,RIO XOCHIAC,5,,,,,,PUEBLO,SANTA ANA XALMIMINULCO,,,,74169,21,PUEBLA,074,Huejotzingo,0029,Santa Ana Xalmimilulco                                                                                        ,0203,018,2225619194,,,Fijo,19.21684215,-98.38284012,2010-07,True,True,False,False,False,True,False,False,False,False,False,True,REVISAR,REVISAR
3428134,21074812210000223001000000U1,LAVANDERIA SANTA MONICA,,812210,Lavanderías y tintorerías,31 a 50 personas,CALLE,ALAMOS,CALLE,NINGUNO,CALLE,EMILIANO ZAPATA,BOULEVARD,RIO XOCHIAC,46,,,,,,PUEBLO,SANTA ANA XALMIMINULCO,,,,74169,21,PUEBLA,074,Huejotzingo,0029,Santa Ana Xalmimilulco                                                                                        ,0190,037,,LAVADOSANTAMONICA@YAHOO.COM.MX,,Fijo,19.21429432,-98.38863919,2010-07,True,True,False,False,False,True,False,False,False,False,False,True,REVISAR,REVISAR
8089562,21074812210000471000000000U6,LAVANDERIA SANTY,,812210,Lavanderías y tintorerías,0 a 5 personas,CALLE,PORFIRIO DIAZ,PRIVADA,JUAREZ,PRIVADA,NINGUNO,CALLE,IXTACUIXTLA SUR,36,,,,,,PUEBLO,SANTA ANA XALMIMINULCO,,,,74169,21,PUEBLA,074,Huejotzingo,0029,Santa Ana Xalmimilulco                                                                                        ,0167,017,,,,Fijo,19.20207742,-98.38492676,2019-11,True,True,False,False,False,True,False,False,False,False,False,True,REVISAR,REVISAR
3427993,21074812210000213002000000U2,LAVANDERIA SIN NOMBRE,,812210,Lavanderías y tintorerías,0 a 5 personas,CALLE,SAN ANTONIO,CALLE,AQUILES SERDAN SUR,CALLE,CAMINO REAL SAN MATEO,CALLE,MUCIO MARTINEZ,,SN,,,,,COLONIA,SAN ANTONIO,,,,74169,21,PUEBLA,074,Huejotzingo,0029,Santa Ana Xalmimilulco                                                                                        ,0025,019,,,,Fijo,19.20916815,-98.386831,2010-07,True,True,False,False,False,True,False,False,False,False,False,True,REVISAR,REVISAR
10801837,21074812210000772000000000U7,LAVANDERIA SIN NOMBRE,,812210,Lavanderías y tintorerías,6 a 10 personas,CALLE,REAL DE PUEBLA,OTRO(ESPECIFIQUE),CULTIVO,CALLE,IXTACUIXTLA SUR,CALLE,NARCISO MENDOZA,81,,,,,,LOCALIDAD,SANTA ANA XALMIMILULCO,,,,74169,21,PUEBLA,074,Huejotzingo,0029,Santa Ana Xalmimilulco                                                                                        ,0025,025,,,,Fijo,19.20672151,-98.37428614,2024-11,True,True,False,False,False,True,False,False,False,False,False,True,REVISAR,REVISAR
10344313,21074812210000951000000000U7,PLANCHA DE PANTALON,,812210,Lavanderías y tintorerías,0 a 5 personas,CALLE,GLORIA,CALLE,NINGUNO,PRIVADA,GLORIA,CALLE,LOS REYES,27,,,,,,LOCALIDAD,SANTA ANA XALMIMILULCO,,,,74169,21,PUEBLA,074,Huejotzingo,0029,Santa Ana Xalmimilulco                                                                                        ,0025,052,,,,Fijo,19.20788768,-98.37592313,2024-11,True,True,True,False,False,False,False,False,False,False,False,True,REVISAR,REVISAR
3326130,21074812210000351000000000U0,PLANCHADO DE PANTALON,,812210,Lavanderías y tintorerías,0 a 5 personas,CALLE,ADOLFO LOPEZ MATEOS,CALLE,VIOLETAS PONIENTE,CALLE,DOMINGO ARENAS,CALLE,AQUILES SERDAN NORTE,3,,,,,,LOCALIDAD,SANTA ANA XALMIMILULCO,,,,74169,21,PUEBLA,074,Huejotzingo,0029,Santa Ana Xalmimilulco                                                                                        ,0190,022,,,,Fijo,19.2118204,-98.38540714,2014-12,True,True,True,False,False,False,False,False,True,False,False,True,REVISAR,REVISAR
11297294,21074812210000932000000000U7,PLANCHADO DE PANTALON SIN NOMBRE,,812210,Lavanderías y tintorerías,6 a 10 personas,CALLE,RAFAEL SERRANO,CALLE,PORFIRIO DIAZ,CALLE,EL VOLCAN,CALLE,FLORES MAGON,12,,,,,,COLONIA,CENTRO,,,,74169,21,PUEBLA,074,Huejotzingo,0029,Santa Ana Xalmimilulco                                                                                        ,0025,003,2214027713,,,Fijo,19.20740894,-98.38441686,2024-11,True,True,True,False,False,False,False,False,True,False,False,True,REVISAR,REVISAR
9920113,21074812210000971000000000U5,PLANCHADO SIN NOMBRE,SERGIO HERNANDEZAMARO,812210,Lavanderías y tintorerías,0 a 5 personas,PRIVADA,LA BRISA,CALLE,SAN MATEO,PRIVADA,NINGUNO,OTRO(ESPECIFIQUE),NINGUNO,2,,,,,,LOCALIDAD,SANTA ANA XALMIMILULCO,,,,74169,21,PUEBLA,074,Huejotzingo,0029,Santa Ana Xalmimilulco                                                                                        ,0190,029,,,,Fijo,19.21044099,-98.39010957,2024-11,True,True,False,False,False,False,False,False,True,False,False,True,REVISAR,REVISAR
11099113,21074812210000911000000000U1,PLANCHAS JOCA,,812210,Lavanderías y tintorerías,0 a 5 personas,PRIVADA,CIELITO LINDO,PRIVADA,NINGUNO,PRIVADA,GUADALUPE,PRIVADA,NINGUNO,13,,,,,,COLONIA,SANTA ANA XALMIMILULCO,,,,74169,21,PUEBLA,074,Huejotzingo,0029,Santa Ana Xalmimilulco                                                                                        ,0025,033,,,,Fijo,19.20723769,-98.38926716,2024-11,True,False,False,False,False,False,False,False,False,False,False,True,REVISAR,REVISAR
6861846,21074812210000364001000000U3,STONE LAV,STONE LAV,812210,Lavanderías y tintorerías,51 a 100 personas,CALLE,SAUCE,CALLE,CIPRÉS,CALLE,AHUEHUETES,CALLE,NINGUNO,5,,,,,,PUEBLO,SANTA ANA XAMIMILULCO,,,,74169,21,PUEBLA,074,Huejotzingo,0029,Santa Ana Xalmimilulco                                                                                        ,0203,033,,SEC.CONTABILIDAD@HOTMAIL.COM,,Fijo,19.21707716,-98.37347932,2019-04,True,True,False,True,True,False,False,False,False,False,False,True,INCLUIR,SI
10451408,21074812210000861000000000U8,STONE LAV,STON LAV ,812210,Lavanderías y tintorerías,0 a 5 personas,CALLE,SAUCE,CALLE,CIPRES,CALLE,AHUEHUETES,CALLE,MELCHOR OCAMPO,6,,,,,,COLONIA,GUADALUPE,,,,74169,21,PUEBLA,074,Huejotzingo,0029,Santa Ana Xalmimilulco                                                                                        ,0203,053,,ADMINISTRACION1@STONELAV.COM,,Fijo,19.21703648,-98.37353551,2024-11,True,True,False,True,True,False,False,False,False,False,False,True,INCLUIR,SI
9051736,21074811499000172001000000U0,TALLER DE MAQUILA,,811499,Reparación y mantenimiento de otros artículos para el hogar y personales,0 a 5 personas,CALLE,CALLE DEL REFUGIO,PRIVADA,NINGUNO,BOULEVARD,RIO XOCHIAC,PRIVADA,NINGUNO,29,,,,,,PUEBLO,SANTA ANA XALMIMINULCO,,,,74169,21,PUEBLA,074,Huejotzingo,0029,Santa Ana Xalmimilulco                                                                                        ,0203,018,,,,Fijo,19.21530394,-98.38255817,2019-11,False,True,False,False,False,False,False,True,False,False,False,False,REVISAR,SIN_EVIDENCIA
8692049,21074811499000183001000000U7,TALLER DE MAQUILA,,811499,Reparación y mantenimiento de otros artículos para el hogar y personales,0 a 5 personas,CALLE,CALLE DEL REFUGIO,CALLE,JOSEFA ORTIZ DE DOMINGUEZ,PRIVADA,NINGUNO,CALLE,SAN ANTONIO,,SN,,,,,PUEBLO,SANTA ANA XALMIMINULCO,,,,74169,21,PUEBLA,074,Huejotzingo,0029,Santa Ana Xalmimilulco                                                                                        ,0203,018,,,,Fijo,19.21599728,-98.38240275,2019-11,False,True,False,False,False,False,False,True,False,False,False,False,REVISAR,SIN_EVIDENCIA
3427244,21074812210000131000000000U6,TINTORERIA LIZ,,812210,Lavanderías y tintorerías,0 a 5 personas,CALLE,VENUSTIANO CARRANZA,PRIVADA,NINGUNO,CALLE,NINGUNO,CALLE,SAN MANUEL,12,,,,,,COLONIA,CENTRO,,,,74169,21,PUEBLA,074,Huejotzingo,0029,Santa Ana Xalmimilulco                                                                                        ,0025,016,,,,Fijo,19.20685794,-98.38143472,2010-07,True,True,False,False,True,False,False,False,False,False,False,True,REVISAR,REVISAR
3427228,21074812210000141000000000U5,TINTORERIA LIZ,,812210,Lavanderías y tintorerías,0 a 5 personas,CALLE,PORFIRIO DIAZ,CALLE,PALMA,CALLE,VENUSTIANO CARRANZA,CALLE,IXTACUIXTLA SUR,30,,,,,,COLONIA,CENTRO,,,,74169,21,PUEBLA,074,Huejotzingo,0029,Santa Ana Xalmimilulco                                                                                        ,0025,002,,,,Fijo,19.20766002,-98.38274798,2010-07,True,True,False,False,True,False,False,False,False,False,False,True,REVISAR,REVISAR
