d_llave,clee,nom_est,raz_soc,cve_scian,desc_scian,Descripcion estrato personal ocupado,Tipo de vialidad,Nombre de la vialidad,Tipo de entre vialidad 1,Nombre de entre vialidad 1,Tipo de entre vialidad 2,Nombre de entre vialidad 2,Tipo de entre vialidad 3,Nombre de entre vialidad 3,Numero exterior o kilometro,Letra exterior,Edificio,Edificio Piso,Numero interior,Letra interior,Tipo de asentamiento humano,Nombre de asentamiento humano,Tipo centro comercial,"Corredor industrial, centro comercial o mercado publico",Numero de local,Codigo Postal,Clave entidad,Entidad federativa,Clave municipio,Municipio,cve_loc,localidad,Area geoestadistica basica,Manzana,Numero de telefono,Correo electronico,Sitio en Internet,Tipo de establecimiento,Latitud,Longitud,Fecha de incorporacion al DENUE,coincide_filtro_scian,coincide_filtro_texto,textil,mezclilla,humedo_explicito,lavado_generico,produccion,maquila,proceso_seco_explicito,scian_textil,scian_acabado_humedo,scian_lavanderia,sector_textil,evidencia_hidrica,evidencia_hidrica_original,fuente_universo_hidrico,fuente_evidencia_hidrica,id_denue_origen_mh
11691450,21114313310000301000000000U1,ACABADO DE PRODUCTOS TEXTILES SIN NOMBRE,PLAYERAS VAZCO,313310,Acabado de productos textiles,0 a 5 personas,CALLE,AVENIDA 36 PONIENTE,CIRCUITO,UNIDAD HABITACIONAL PROFESOR JORGE MURAD,CALLE,35 NORTE,BOULEVARD,NORTE,,SN,,,3302,,COLONIA,JORGE MURAD,,,,72044,21,PUEBLA,114,Puebla,0001,Heroica Puebla de Zaragoza,0126,001,2228136512,ADMVEN.CAZCO@GMAIL.COM,,Fijo,19.07198574,-98.21020224,2024-11,True,True,False,False,True,False,False,False,False,True,True,False,INCLUIR,SI,SI,FILTRO_DENUE,REGLAS_DENUE,
11444838,21114313310000253000000000U4,ACABADOS ANUAR,,313310,Acabado de productos textiles,11 a 30 personas,CALLE,ANTIGUO CAMINO A LA RESURRECCION,PRIVADA,PARAISO,CALLE,RESURRECCION SUR,PRIVADA,RESURRECCION PONIENTE,10428,32,,,,,PARQUE INDUSTRIAL,LA RESURRECCION,,,,72228,21,PUEBLA,114,Puebla,0001,Heroica Puebla de Zaragoza,1641,033,,ANUARAAC@GMAIL.COM,,Fijo,19.08300258,-98.16052031,2024-11,True,False,False,False,False,False,False,False,False,True,True,False,INCLUIR,SI,SI,FILTRO_DENUE,REGLAS_DENUE,
3344947,21114313210000483011000000U9,ACABADOS ANUAR,,313310,Acabado de productos textiles,0 a 5 personas,CALLE,ANTIGUO CAMINO A LA RESURRECCION,PRIVADA,PARAISO,CALLE,RESURRECCION SUR,PRIVADA,RESURRECCION PONIENTE,10428,,,,,,PARQUE INDUSTRIAL,LA RESURRECCION,,,,72228,21,PUEBLA,114,Puebla,0001,Heroica Puebla de Zaragoza,1641,033,,,,Fijo,19.08293087,-98.16060671,2014-12,True,False,False,False,False,False,False,False,False,True,True,False,INCLUIR,SI,SI,FILTRO_DENUE,REGLAS_DENUE,
6378673,21114313310000165000000000U0,ACABADOS RIO TEJO,ACABADOS RIO TEJO,313310,Acabado de productos textiles,51 a 100 personas,AVENIDA,PUEBLA-TLAXCALA,PRIVADA,NINGUNO,PRIVADA,NINGUNO,OTRO(ESPECIFIQUE),RIO ATOYAC,5003,A,,,,,COLONIA,SAN JERONIMO CALERAS,,,,72100,21,PUEBLA,114,Puebla,0001,Heroica Puebla de Zaragoza,3101,002,2223432480,ACA.RIOTEJO@OUTLOOK.COM,,Fijo,19.10981831,-98.22903214,2010-07,True,False,False,False,False,False,False,False,False,True,True,False,INCLUIR,SI,SI,FILTRO_DENUE,REGLAS_DENUE,
6378340,21140313310000015001000000U2,ACABADOS TEXTILES BORIN,ACABADOS TEXTILES BORIN,313310,Acabado de productos textiles,51 a 100 personas,AVENIDA,5 PONIENTE,CALLE,11 SUR,CALLE,13 SUR,AVENIDA,3 PONIENTE,1113,,,,,,COLONIA,CENTRO,,,,72760,21,PUEBLA,140,San Pedro Cholula,0001,Cholula de Rivadavia,0056,033,,DIRECCION.ADMINISTRATIVO@ACTEXBORIN.COM,,Fijo,19.06508856,-98.31618504,2010-07,True,False,False,False,False,False,False,False,False,True,True,False,INCLUIR,SI,SI,FILTRO_DENUE,REGLAS_DENUE,
6378672,21114313320000035000000000U4,ACAFINTEX,ACABADOS FINOS TEXTILES,313310,Acabado de productos textiles,51 a 100 personas,AVENIDA,PRIMERA DE CUAUHTÉMOC,PRIVADA,NINGUNO,PRIVADA,SEGUNDA PRIVADA CUAUHTÉMOC,PRIVADA,DOMINGO ARENAS,148,,,,,,COLONIA,AGRICOLA IGNACIO ZARAGOZA,,,,72100,21,PUEBLA,114,Puebla,0001,Heroica Puebla de Zaragoza,3116,021,,CONTABILIDAD@ACAFINTEX.COM,WWW.ACAFINTEX.COM,Fijo,19.12513292,-98.22614097,2010-07,True,False,False,False,False,False,False,False,False,True,True,False,INCLUIR,SI,SI,FILTRO_DENUE,REGLAS_DENUE,
3264971,21114313310000102010000000U3,AFELPADOS FINOS,AFELPADOS FINOS,313310,Acabado de productos textiles,6 a 10 personas,CALLE,AVENIDA 2 PONIENTE,CALLE,15 NORTE,CALLE,17 NORTE,AVENIDA,REFORMA,1505,,,,,,COLONIA,CENTRO,,,,72000,21,PUEBLA,114,Puebla,0001,Heroica Puebla de Zaragoza,0499,040,,AFINSACV@GMAIL.COM,,Fijo,19.05089974,-98.20921673,2010-07,True,False,False,False,False,False,False,False,False,True,True,False,INCLUIR,SI,SI,FILTRO_DENUE,REGLAS_DENUE,
10122585,21074315223000971000000000U0,ALEJANDRO GARITA JUAREZ,DESHEBRADO DE PANTALON,315229,Confección en serie de otra ropa exterior de materiales textiles,0 a 5 personas,CALLE,LOS REYES,CALLE,LA PIEDAD,CALLE,CALLE DEL CARMEN,CALLE,JUAN PIZACO,33,,,,,,LOCALIDAD,SANTA ANA XALMIMILULCO,,,,74169,21,PUEBLA,074,Huejotzingo,0029,Santa Ana Xalmimilulco,0025,049,,,,Fijo,19.2090004,-98.37746816,2024-11,True,True,True,True,False,False,True,False,True,True,False,False,INCLUIR,REVISAR,REVISAR,FILTRO_DENUE,REGLAS_DENUE,
6377115,21114313310000176000000000U7,ALILTEX,ALILTEX,313310,Acabado de productos textiles,101 a 250 personas,CALLE,ANTIGUO CAMINO A MANZANILLA,AVENIDA,18 DE NOVIEMBRE (FEDERAL PUEBLA-TEHUACÁN),CALLE,NINGUNO,OTRO(ESPECIFIQUE),BARRANCO,59,,,,,,COLONIA,JOAQUIN COLOMBRES,PARQUE INDUSTRIAL,RESURRECCION,SN,72300,21,PUEBLA,114,Puebla,0001,Heroica Puebla de Zaragoza,0338,033,,TEREPC@ALILTEX.COM,,Fijo,19.05664146,-98.15516569,2010-07,True,False,False,False,False,False,False,False,False,True,True,False,INCLUIR,SI,SI,FILTRO_DENUE,REGLAS_DENUE,
6271633,21114313310000186000000000U6,ALTO ACABADO,ALTO ACABADO,313310,Acabado de productos textiles,101 a 250 personas,CALLE,30 NORTE,AVENIDA,12 ORIENTE,CALLE,NINGUNO,CALLE,32 NORTE BIS,1008,,,,,,COLONIA,HUMBOLDT,,,,72370,21,PUEBLA,114,Puebla,0001,Heroica Puebla de Zaragoza,0624,014,,ADMINISTRACION@ALTOACABADO.COM,,Fijo,19.04151798,-98.17460254,2010-07,True,True,False,False,True,False,False,False,False,True,True,False,INCLUIR,SI,SI,FILTRO_DENUE,REGLAS_DENUE,
12288354,21114313310000323000000000U5,B&D MANUFACTURING,B&D MANUFACTURING,313310,Acabado de productos textiles,11 a 30 personas,CALLE,VENUSTIANO CARRANZA,CERRADA,PRIMERA 18 DE MARZO,CALLE,CAMINO REAL A SAN PABLO,CALLE,18 DE MARZO,8,,,,,,BARRIO,SN BARTOLO SN P MONT07,,,,90970,21,PUEBLA,114,Puebla,0001,Heroica Puebla de Zaragoza,5451,032,,ISRAEL@BD-MANUFACTIRING.COM,,Fijo,19.11372094,-98.18274562,2026-04,True,False,False,False,False,False,False,False,False,True,True,False,INCLUIR,SI,SI,FILTRO_DENUE,REGLAS_DENUE,
3353207,21114313310000195011037724M7,COMPAÑIA TEXTIL SANTA BARBARA,COMPAÑIA TEXTIL SANTA BARBARA,313310,Acabado de productos textiles,6 a 10 personas,CALLE,MANUEL ÁVILA CAMACHO,CALLE,34 NORTE,CALLE,38 NORTE,OTRO(ESPECIFIQUE),BARRANCA,,SN,,,,SN,COLONIA,SANTA BÁRBARA,,,,72380,21,PUEBLA,114,Puebla,0001,Heroica Puebla de Zaragoza,3845,012,,CONTACTO@TEXTILSANTABARBARA.COM.MX,,Fijo,19.03348301,-98.17671475,2010-07,True,True,True,False,False,False,False,False,False,True,True,False,INCLUIR,SI,SI,FILTRO_DENUE,REGLAS_DENUE,
8493130,21041313310000014001037724S5,COMPAÑIA TEXTIL SANTA BARBARA,COMPAÑIA TEXTIL SANTA BARBARA,313310,Acabado de productos textiles,51 a 100 personas,CALLE,SAN BERNARDO,AVENIDA,VICENTE GUERRERO,AVENIDA,CAMINO A SAN LORENZO,CALLE,RÍO GRIJALVA,414,,,,,,ZONA INDUSTRIAL,SANCTORUM,,,,72730,21,PUEBLA,041,Cuautlancingo,0008,Sanctorum,0202,017,2227089863,CONTACTO@TEXTILSANTABARBARA.COM.MX,,Fijo,19.1077676,-98.25401795,2019-11,True,True,True,False,False,False,False,False,False,True,True,False,INCLUIR,SI,SI,FILTRO_DENUE,REGLAS_DENUE,
10534862,21134315229001751000000000U4,COSTURA Y DESHEBRADO SIN NOMBRE,,315229,Confección en serie de otra ropa exterior de materiales textiles,0 a 5 personas,PRIVADA,NINGUNO,PRIVADA,NINGUNO,PRIVADA,NINGUNO,CALLE,SAN MARTIN,439,A,,,,,LOCALIDAD,SAN MATIAS TLALANCALECA,,,,74110,21,PUEBLA,134,San Matías Tlalancaleca,0001,San Matías Tlalancaleca,0044,019,2481381281,,,Fijo,19.32300611,-98.49318903,2024-11,True,True,True,True,False,False,True,False,True,True,False,False,INCLUIR,REVISAR,REVISAR,FILTRO_DENUE,REGLAS_DENUE,
3326133,21074315229001451000000000U9,DESEBRADO DE BLUSA SIN NOMBRE,,315229,Confección en serie de otra ropa exterior de materiales textiles,0 a 5 personas,PRIVADA,DOMINGO ARENAS,CALLE,EL REBOZO,CALLE,ADOLFO LOPEZ MATEOS,CALLE,VIOLETAS PONIENTE,52,,,,,,LOCALIDAD,SANTA ANA XALMIMILULCO,,,,74169,21,PUEBLA,074,Huejotzingo,0029,Santa Ana Xalmimilulco,0190,021,2271093445,,,Fijo,19.2125903,-98.38502297,2014-12,True,True,True,True,False,False,True,False,True,True,False,False,INCLUIR,REVISAR,REVISAR,FILTRO_DENUE,REGLAS_DENUE,
9645802,21074315223001251000000000U6,DESHEBRADO,DESHEBRADO DE PANTALON,315229,Confección en serie de otra ropa exterior de materiales textiles,0 a 5 personas,CALLE,NIÑO PERDIDO,PRIVADA,NINGUNO,CALLE,LINDA VISTA,CALLE,SANTA CRUZ,1,,,,,,COLONIA,SANTA CRUZ,,,,74169,21,PUEBLA,074,Huejotzingo,0029,Santa Ana Xalmimilulco,0203,010,2481769980,,,Fijo,19.21790672,-98.37946319,2024-11,True,True,True,True,False,False,True,False,True,True,False,False,INCLUIR,REVISAR,REVISAR,FILTRO_DENUE,REGLAS_DENUE,
11530961,21074315223000342000000000U4,DESHEBRADO,,315229,Confección en serie de otra ropa exterior de materiales textiles,6 a 10 personas,PRIVADA,NINGUNO,CALLE,MELCHOR OCAMPO,CALLE,SAN RAFAEL,CALLE,MELCHOR OCAMPO,35,,,,,,LOCALIDAD,CUARTA SECCION,,,,74169,21,PUEBLA,074,Huejotzingo,0029,Santa Ana Xalmimilulco,0203,026,2481000897,,,Fijo,19.2133537,-98.37415935,2024-11,True,True,True,True,False,False,True,False,True,True,False,False,INCLUIR,REVISAR,REVISAR,FILTRO_DENUE,REGLAS_DENUE,
8118934,21074315229002071000000000U4,DESHEBRADO,,315229,Confección en serie de otra ropa exterior de materiales textiles,0 a 5 personas,CALLE,NINGUNO,CALLE,DOMINGO ARENAS,CALLE,VIOLETAS PONIENTE,CALLE,REFORMA,1,,,,,,PUEBLO,SANTA ANA XALMIMINULCO,,,,74169,21,PUEBLA,074,Huejotzingo,0029,Santa Ana Xalmimilulco,0190,009,2271124857,,,Fijo,19.21184171,-98.38357506,2019-11,True,True,True,True,False,False,True,False,True,True,False,False,INCLUIR,REVISAR,REVISAR,FILTRO_DENUE,REGLAS_DENUE,
11304210,21074315223000561000000000U9,DESHEBRADO,,315229,Confección en serie de otra ropa exterior de materiales textiles,0 a 5 personas,PRIVADA,PRIVADA DE LA GLORIA,CALLE,LOS REYES,CALLE,GLORIA,CALLE,NINGUNO,1,,,,,,LOCALIDAD,SANTA ANA XALMIMILULCO,,,,74169,21,PUEBLA,074,Huejotzingo,0029,Santa Ana Xalmimilulco,0025,052,,,,Fijo,19.20863774,-98.37699365,2024-11,True,True,True,True,False,False,True,False,True,True,False,False,INCLUIR,REVISAR,REVISAR,FILTRO_DENUE,REGLAS_DENUE,
11031066,21074315223000271000000000U5,DESHEBRADO,,315229,Confección en serie de otra ropa exterior de materiales textiles,0 a 5 personas,CALLE,NINGUNO,CALLE,TEYUCA,CALLE,SAUCE,CALLE,JUAN DE LA BARRERA,,SN,,,,,LOCALIDAD,SANTA ANA XALMIMILULCO,,,,74169,21,PUEBLA,074,Huejotzingo,0029,Santa Ana Xalmimilulco,0203,035,2212673866,,,Fijo,19.2132786,-98.36913525,2024-11,True,True,True,True,False,False,True,False,True,True,False,False,INCLUIR,REVISAR,REVISAR,FILTRO_DENUE,REGLAS_DENUE,
10965648,21074315223000881000000000U1,DESHEBRADO,,315229,Confección en serie de otra ropa exterior de materiales textiles,0 a 5 personas,CALLE,TEYUCA,PRIVADA,NINGUNO,PRIVADA,NINGUNO,CALLE,SAUCE,,SN,,,,,COLONIA,GUADALUPE,,,,74169,21,PUEBLA,074,Huejotzingo,0029,Santa Ana Xalmimilulco,0203,033,,,,Fijo,19.21811505,-98.37231129,2024-11,True,True,True,True,False,False,True,False,True,True,False,False,INCLUIR,REVISAR,REVISAR,FILTRO_DENUE,REGLAS_DENUE,
7742908,21074311830001391110000000U6,DESHEBRADO,,315229,Confección en serie de otra ropa exterior de materiales textiles,0 a 5 personas,CALLE,REAL DE LA POSTA,PRIVADA,NINGUNO,PRIVADA,NINGUNO,CALLE,SAN ANGEL,,SN,,,,,LOCALIDAD,SANTA ANA XALMIMILULCO,,,,74169,21,PUEBLA,074,Huejotzingo,0029,Santa Ana Xalmimilulco,0203,002,2271457140,,,Fijo,19.21997081,-98.37473248,2019-11,True,True,True,True,False,False,True,False,True,True,False,False,INCLUIR,REVISAR,REVISAR,FILTRO_DENUE,REGLAS_DENUE,
10966285,21074315223001301000000000U9,DESHEBRADO DE PANTALON,,315229,Confección en serie de otra ropa exterior de materiales textiles,0 a 5 personas,CALLE,GLORIA,CALLE,NINGUNO,CALLE,IXTACUIXTLA NORTE,CALLE,REAL DE PUEBLA,21,,,,,,LOCALIDAD,SANTA ANA XALMIMILULCO,,,,74169,21,PUEBLA,074,Huejotzingo,0029,Santa Ana Xalmimilulco,0025,032,,,,Fijo,19.20761424,-98.37519692,2024-11,True,True,True,True,False,False,True,False,True,True,False,False,INCLUIR,REVISAR,REVISAR,FILTRO_DENUE,REGLAS_DENUE,
10830903,21074315229002621000000000U6,DESHEBRADO DE PANTALON,,315229,Confección en serie de otra ropa exterior de materiales textiles,0 a 5 personas,PRIVADA,DOMINGO ARENAS,CALLE,AQUILES SERDAN SUR,CALLE,NOGALES,CALLE,AQUILES SERDAN SUR,45,,,,,,LOCALIDAD,SANTA ANA XALMIMILULCO,,,,74169,21,PUEBLA,074,Huejotzingo,0029,Santa Ana Xalmimilulco,0025,030,,,,Fijo,19.21134481,-98.3856217,2024-11,True,True,True,True,False,False,True,False,True,True,False,False,INCLUIR,REVISAR,REVISAR,FILTRO_DENUE,REGLAS_DENUE,
9590208,21074315223001201000000000U1,DESHEBRADO DE PANTALON,,315229,Confección en serie de otra ropa exterior de materiales textiles,0 a 5 personas,CALLE,CONCEPCION,CALLE,SAN ANGEL,CALLE,LINDA VISTA,CALLE,LA MERCED,3,,,,,,COLONIA,SANTA CRUZ,,,,74169,21,PUEBLA,074,Huejotzingo,0029,Santa Ana Xalmimilulco,0203,005,2271161775,,,Fijo,19.21873841,-98.3777512,2024-11,True,True,True,True,False,False,True,False,True,True,False,False,INCLUIR,REVISAR,REVISAR,FILTRO_DENUE,REGLAS_DENUE,
9566007,21074315223001311000000000U8,DESHEBRADO DE PANTALON,,315229,Confección en serie de otra ropa exterior de materiales textiles,0 a 5 personas,CALLE,GLORIA,CALLE,NINGUNO,CALLE,IXTACUIXTLA NORTE,CALLE,REAL DE PUEBLA,,SN,,,,,LOCALIDAD,SANTA ANA XALMIMILULCO,,,,74169,21,PUEBLA,074,Huejotzingo,0029,Santa Ana Xalmimilulco,0025,032,,,,Fijo,19.20777613,-98.37572813,2024-11,True,True,True,True,False,False,True,False,True,True,False,False,INCLUIR,REVISAR,REVISAR,FILTRO_DENUE,REGLAS_DENUE,
8776861,21074461110008371010000000U6,DESHEBRADO DE PANTALON,,315229,Confección en serie de otra ropa exterior de materiales textiles,0 a 5 personas,CALLE,GLORIA,CALLE,NINGUNO,CALLE,IXTACUIXTLA NORTE,CALLE,REAL DE PUEBLA,89,,,,,,LOCALIDAD,SANTA ANA XALMIMILULCO,,,,74169,21,PUEBLA,074,Huejotzingo,0029,Santa Ana Xalmimilulco,0025,032,,,,Fijo,19.20787139,-98.37602851,2019-11,True,True,True,True,False,False,True,False,True,True,False,False,INCLUIR,REVISAR,REVISAR,FILTRO_DENUE,REGLAS_DENUE,
8089749,21074315229001921000000000U1,DESHEBRADO DE PANTALON SIN NOMBRE,,315229,Confección en serie de otra ropa exterior de materiales textiles,0 a 5 personas,AVENIDA,GUADALUPE VICTORIA,CALLE,FRAY JUAN DE ALAMEDA,PROLONGACION,GUADALUPE VICTORIA,AVENIDA,PORFIRIO DIAZ,1508,,,,,,LOCALIDAD,HUEJOTZINGO,,,,74169,21,PUEBLA,074,Huejotzingo,0001,Huejotzingo,010A,040,,,,Fijo,19.17098447,-98.40741127,2019-11,True,True,True,True,False,False,True,False,True,True,False,False,INCLUIR,REVISAR,REVISAR,FILTRO_DENUE,REGLAS_DENUE,
8271528,21074315229001641000000000U5,DESHEBRADO DE PANTALON SIN NOMBRE,,315229,Confección en serie de otra ropa exterior de materiales textiles,0 a 5 personas,CALLE,XICOHTENCATL,CALLE,REAL DE PUEBLA,CALLE,PALMA,CALLE,PORFIRIO DIAZ,18,,,,,,COLONIA,CENTRO,,,,74169,21,PUEBLA,074,Huejotzingo,0029,Santa Ana Xalmimilulco,0025,011,,,,Fijo,19.20887583,-98.38169434,2019-11,True,True,True,True,False,False,True,False,True,True,False,False,INCLUIR,REVISAR,REVISAR,FILTRO_DENUE,REGLAS_DENUE,
8088969,21074315229001661000000000U3,DESHEBRADO DE PANTALON SIN NOMBRE,,315229,Confección en serie de otra ropa exterior de materiales textiles,0 a 5 personas,CALLE,CORREGIDORA,CALLE,CARRIL A DE AGUA SANTA,CALLE,LOS REYES,PRIVADA,LIBERTAD,,SN,,,,,LOCALIDAD,SANTA ANA XALMIMILULCO,,,,74169,21,PUEBLA,074,Huejotzingo,0029,Santa Ana Xalmimilulco,0025,065,,,,Fijo,19.20847206,-98.37541144,2019-11,True,True,True,True,False,False,True,False,True,True,False,False,INCLUIR,REVISAR,REVISAR,FILTRO_DENUE,REGLAS_DENUE,
10483301,21074315229002461000000000U7,DESHEBRADO DE PANTALON SIN NOMBRE,,315229,Confección en serie de otra ropa exterior de materiales textiles,0 a 5 personas,PRIVADA,CIELITO LINDO,PRIVADA,NINGUNO,PRIVADA,GUADALUPE,PRIVADA,GUADALUPE,20,,,,,,COLONIA,SANTA ANA XALMIMILULCO,,,,74169,21,PUEBLA,074,Huejotzingo,0029,Santa Ana Xalmimilulco,0025,033,,,,Fijo,19.20732028,-98.38949209,2024-11,True,True,True,True,False,False,True,False,True,True,False,False,INCLUIR,REVISAR,REVISAR,FILTRO_DENUE,REGLAS_DENUE,
11197761,21074315223000481000000000U0,DESHEBRADO DE PANTALON SIN NOMBRE,,315229,Confección en serie de otra ropa exterior de materiales textiles,0 a 5 personas,CALLE,RAFAEL ESPINOSA FLORES,CALLE,AQUILES SERDAN SUR,CALLE,PORFIRIO DIAZ,CALLE,JUQUILA,151,,,,,,LOCALIDAD,SANTA ANA XALMIMILULCO,,,,74169,21,PUEBLA,074,Huejotzingo,0029,Santa Ana Xalmimilulco,0167,004,2212925278,,,Fijo,19.2046455,-98.38502971,2024-11,True,True,True,True,False,False,True,False,True,True,False,False,INCLUIR,REVISAR,REVISAR,FILTRO_DENUE,REGLAS_DENUE,
8089385,21074315229001861000000000U9,DESHEBRADO SIN NOMBRE,,315229,Confección en serie de otra ropa exterior de materiales textiles,0 a 5 personas,PRIVADA,PRIVADA DEL VOLCAN,CALLE,SAN ANTONIO,CALLEJON,VOLCANCITO,CALLE,AQUILES SERDAN SUR,7,,,,,,COLONIA,SAN ANTONIO,,,,74169,21,PUEBLA,074,Huejotzingo,0029,Santa Ana Xalmimilulco,0025,046,,,,Fijo,19.20865442,-98.38539493,2019-11,True,True,True,True,False,False,True,False,True,True,False,False,INCLUIR,REVISAR,REVISAR,FILTRO_DENUE,REGLAS_DENUE,
11096231,21114313310000282000000000U3,DOBLADOS Y TORCIDOS LA CONFIANZA,,313310,Acabado de productos textiles,6 a 10 personas,CALLE,CAMINO REAL A SAN ANTONIO,CALLE,SANTA CLARA,PROLONGACION,24 SUR,CALLE,MIGUEL HIDALGO Y COSTILLA,1112,,,,,,BARRIO,SANTA CLARA LA VENTA,,,,72595,21,PUEBLA,114,Puebla,0001,Heroica Puebla de Zaragoza,2673,036,2229062642,FACTURACION@LACONFIANZA.MX.COM,,Fijo,18.96502091,-98.2001371,2024-11,True,False,False,False,False,False,False,False,False,True,True,False,INCLUIR,SI,SI,FILTRO_DENUE,REGLAS_DENUE,
7582869,21134315229001511000000000U2,ELABORACION DE PANTALON DE MEZCLILLA PARA NIÑOS CACHITOS,,315229,Confección en serie de otra ropa exterior de materiales textiles,0 a 5 personas,CALLE,NINGUNO,CALLE,SAN PEDRO,CALLE,NINGUNO,CALLE,SAN MARTIN,,SN,,,,,LOCALIDAD,SAN MATIAS TLALANCALECA,,,,74110,21,PUEBLA,134,San Matías Tlalancaleca,0001,San Matías Tlalancaleca,0044,051,2482011816,,,Fijo,19.3202326,-98.4955243,2019-11,True,True,True,True,False,False,True,False,False,True,False,False,INCLUIR,REVISAR,REVISAR,FILTRO_DENUE,REGLAS_DENUE,
9799908,21134315229001711000000000U8,ELABORACION DE PANTALON DE NIÑO LALITOS JEANS,,315229,Confección en serie de otra ropa exterior de materiales textiles,0 a 5 personas,CERRADA,SEGUNDA CERRADA VICENTE GUERRERO,CALLE,CALLE DE LA CAMPANA,CERRADA,PRIMERA VICENTE GUERRERO,CALLE,20 DE NOVIEMBRE,522,A,,,,,LOCALIDAD,SAN MATIAS TLALANCALECA,,,,74110,21,PUEBLA,134,San Matías Tlalancaleca,0001,San Matías Tlalancaleca,003A,004,2481683231,BARRERAHINOJOSAGERARDO@GMAIL.COM,,Fijo,19.32580154,-98.50120502,2024-11,True,True,True,True,False,False,True,False,False,True,False,False,INCLUIR,REVISAR,REVISAR,FILTRO_DENUE,REGLAS_DENUE,
10259769,21134315229002171000000000U4,ELABORACION DE PANTALON FK JEANS,,315229,Confección en serie de otra ropa exterior de materiales textiles,0 a 5 personas,CARRETERA,FEDERAL MEXICO PUEBLA,CALLE,SAN MARTIN,PRIVADA,NINGUNO,PRIVADA,NINGUNO,5,,,,,,LOCALIDAD,SAN MATIAS TLALANCALECA,,,,74110,21,PUEBLA,134,San Matías Tlalancaleca,0001,San Matías Tlalancaleca,0044,011,2482008161,,,Fijo,19.31599129,-98.49274898,2024-11,True,True,True,True,False,False,True,False,False,True,False,False,INCLUIR,REVISAR,REVISAR,FILTRO_DENUE,REGLAS_DENUE,
3409720,21134561432000101001000000U4,ELABORACION DE PANTALON TIBURONCITO JEANS,,315229,Confección en serie de otra ropa exterior de materiales textiles,6 a 10 personas,CALLE,CONCEPCION,CALLE,CALLE DE LA CAMPANA,CALLE,GUADALUPE,CALLE,COLON,317,,,,,,LOCALIDAD,SAN MATIAS TLALANCALECA,,,,74110,21,PUEBLA,134,San Matías Tlalancaleca,0001,San Matías Tlalancaleca,003A,003,2228836668,,WWW.TIBURONCITOMODA.COM,Fijo,19.32709371,-98.49952849,2010-07,True,True,True,True,False,False,True,False,False,True,False,False,INCLUIR,REVISAR,REVISAR,FILTRO_DENUE,REGLAS_DENUE,
11145508,21134315229002001000000000U3,ELABORACION DE ROPA DE MEZCLILLA,,315229,Confección en serie de otra ropa exterior de materiales textiles,0 a 5 personas,CALLE,NIÑO JESUS,PRIVADA,NINGUNO,CALLE,CALLE DE LA LUZ,CERRADA,GUADALUPE,409,,,,,,LOCALIDAD,SAN MATIAS TLALANCALECA,,,,74110,21,PUEBLA,134,San Matías Tlalancaleca,0001,San Matías Tlalancaleca,003A,007,2481315005,,,Fijo,19.32789547,-98.4981133,2024-11,True,True,True,True,False,False,True,False,False,True,False,False,INCLUIR,REVISAR,REVISAR,FILTRO_DENUE,REGLAS_DENUE,
3409680,21134315229000101001000000U3,ELABORACION DE ROPA DE MEZCLILLA,,315229,Confección en serie de otra ropa exterior de materiales textiles,0 a 5 personas,CALLE,SAN MATIAS,CALLE,CALLE DE LA LUZ,CALLE,PLAZA HIDALGO,CALLE,NIÑO JESUS,31,,,,,,LOCALIDAD,SAN MATIAS TLALANCALECA,,,,74110,21,PUEBLA,134,San Matías Tlalancaleca,0001,San Matías Tlalancaleca,003A,017,2481163765,,,Fijo,19.32617653,-98.49745115,2010-07,True,True,True,True,False,False,True,False,False,True,False,False,INCLUIR,REVISAR,REVISAR,FILTRO_DENUE,REGLAS_DENUE,
7536115,21134315229001081000000000U6,ELABORACION DE ROPA DE MEZCLILLA SIN NOMBRE,,315229,Confección en serie de otra ropa exterior de materiales textiles,0 a 5 personas,CALLE,NIÑO JESUS,CALLE,GUADALUPE,CALLE,CALLE DE LA LUZ,CALLE,SAN MATIAS,219,,,,,,LOCALIDAD,SAN MATIAS TLALANCALECA,,,,74110,21,PUEBLA,134,San Matías Tlalancaleca,0001,San Matías Tlalancaleca,003A,016,2482071093,,,Fijo,19.3284514,-98.4978479,2019-11,True,True,True,True,False,False,True,False,False,True,False,False,INCLUIR,REVISAR,REVISAR,FILTRO_DENUE,REGLAS_DENUE,
10596385,21114313310000293000000000U0,ESTAMPADO DE PLAYERAS,,313310,Acabado de productos textiles,11 a 30 personas,CALLE,BENITO JUAREZ,AVENIDA,20 DE NOVIEMBRE,CALLE,INDEPENDENCIA,CIRCUITO,JUAN PABLO II,407,,,,,,COLONIA,SAN BALTAZAR CAMPECHE,,,,72550,21,PUEBLA,114,Puebla,0001,Heroica Puebla de Zaragoza,0751,006,2226582495,,,Fijo,19.02145619,-98.2074266,2024-11,True,True,True,False,False,False,True,False,False,True,True,False,INCLUIR,SI,SI,FILTRO_DENUE,REGLAS_DENUE,
10616692,21134315229002051000000000U8,FABRICACION DE PANTALON DE MEZCLILLA DE NIÑO LLAVERITO,,315229,Confección en serie de otra ropa exterior de materiales textiles,0 a 5 personas,CALLE,SAN MATIAS,PRIVADA,SEGUNDA PRIVADA SAN MATIAS,PRIVADA,TERCERA PRIVADA SAN MATIAS,PRIVADA,PRIMERA DE LA LUZ,108,,,,,,LOCALIDAD,SAN MATIAS TLALANCALECA,,,,74110,21,PUEBLA,134,San Matías Tlalancaleca,0001,San Matías Tlalancaleca,003A,028,,,,Fijo,19.32814953,-98.49735882,2024-11,True,True,True,True,False,False,True,False,False,True,False,False,INCLUIR,REVISAR,REVISAR,FILTRO_DENUE,REGLAS_DENUE,
11780366,21114313310000312000000000U8,HABILITACIONES TEXTILES,SALVADOR TELLEZ,313310,Acabado de productos textiles,6 a 10 personas,CALLE,NEVADO DE TOLUCA,CALLE,Gustavo Díaz Ordaz,CALLE,Benito Juárez,AVENIDA,Popocatépetl,19,,,,,,COLONIA,MALINTZI,,,,72210,21,PUEBLA,114,Puebla,0001,Heroica Puebla de Zaragoza,3351,029,,TEXTILES.CONTA@GMAIL.COM,,Fijo,19.07695561,-98.17084196,2025-04,True,False,False,False,False,False,False,False,False,True,True,False,INCLUIR,SI,SI,FILTRO_DENUE,REGLAS_DENUE,
6376672,21114313310000155001000000U1,HERGO,HERGO,313310,Acabado de productos textiles,11 a 30 personas,AVENIDA,DIAGONAL DEFENSORES DE LA REPUBLICA,PRIVADA,NINGUNO,CALLE,NINGUNO,PRIVADA,NINGUNO,999,,,,,,COLONIA,VICENTE BUDID,,,,72240,21,PUEBLA,114,Puebla,0001,Heroica Puebla de Zaragoza,3563,025,,MARTIN_ARROYO@LAPOBLANA.COM.MX,,Fijo,19.0639982,-98.17464029,2010-07,True,False,False,False,False,False,False,False,False,True,True,False,INCLUIR,SI,SI,FILTRO_DENUE,REGLAS_DENUE,
10262715,21074313310000111000000000U0,IMPRESOS EN SERVILLETAS PARA RECUERDO,,313310,Acabado de productos textiles,0 a 5 personas,CALLE,MAGNOLIA,CALLE,INDUSTRIA,CALLE,PROVIDENCIA,CALLE,DONATO GUERRA,4,,,,,,COLONIA,CENTRO,,,,74169,21,PUEBLA,074,Huejotzingo,0029,Santa Ana Xalmimilulco,0190,002,2484922581,,,Fijo,19.21216914,-98.38222036,2024-11,True,False,False,False,False,False,False,False,False,True,True,False,INCLUIR,SI,SI,FILTRO_DENUE,REGLAS_DENUE,
10071394,21114313310000241000000000U9,JRO GRUPO TEXTIL,JRO GRUPO TEXTIL,313310,Acabado de productos textiles,0 a 5 personas,AVENIDA,JUAREZ,CALLE,21 SUR,CALLE,23 SUR,AVENIDA,5 PONIENTE,2108,,,14,,,COLONIA,SAN MATIAS,EDIFICIO COMERCIAL Y DE SERVICIOS,INMOBILIARIA SAGRA SA DE CV,302,72090,21,PUEBLA,114,Puebla,0001,Heroica Puebla de Zaragoza,0380,013,,,,Fijo,19.05007194,-98.21492835,2024-11,True,True,True,False,False,False,False,False,False,True,True,False,INCLUIR,SI,SI,FILTRO_DENUE,REGLAS_DENUE,
6272576,21074313310000034103000000U4,LAVADOS NACIONALES,LAVADOS NACIONALES,313310,Acabado de productos textiles,51 a 100 personas,OTRO(ESPECIFIQUE),SANTA ANA XALMIMILULCO KM 2+500,AVENIDA,AVENIDA DE LOS ZAPADORES,AVENIDA,AVENIDA DE LA PÓLVORA,PEATONAL,NINGUNO,2500,,,,,,COLONIA,LA LAGUNILLA,,,,74160,21,PUEBLA,074,Huejotzingo,0093,Los Encinos,0097,800,,MARTIN.JUAREZ@HERA.COM.MX,,Fijo,19.17826146,-98.40035305,2010-07,True,False,False,False,False,False,False,False,False,True,True,False,INCLUIR,SI,SI,FILTRO_DENUE,REGLAS_DENUE,
6696221,21143812210000041011000000U0,LAVANDERIA DE REYES,,313310,Acabado de productos textiles,6 a 10 personas,CARRETERA,FEDERAL MEXICO PUEBLA,CALLE,LINDERO,PRIVADA,NINGUNO,BOULEVARD,BENITO JUAREZ,141,,,,,,LOCALIDAD,SAN LUCAS EL GRANDE,,,,74135,21,PUEBLA,143,San Salvador el Verde,0011,San Lucas el Grande,0128,034,2481155700,,,Fijo,19.30982577,-98.48481491,2016-01,True,True,False,False,False,True,False,False,False,True,True,False,INCLUIR,SI,SI,FILTRO_DENUE,REGLAS_DENUE,
3410567,21134812210000092001000000U2,LAVANDERIA SAYES,,313310,Acabado de productos textiles,6 a 10 personas,CALLE,SAN MARTIN,PRIVADA,TERCERA PRIVADA SAN PEDRO,CALLE,SAN PEDRO,CALLE,SAN PEDRO,320,,,,,,COLONIA,CENTRO,,,,74110,21,PUEBLA,134,San Matías Tlalancaleca,0001,San Matías Tlalancaleca,0044,010,,SAYES_2014@OUTLOOK.ES,,Fijo,19.32170951,-98.49571856,2010-07,True,True,False,False,False,True,False,False,False,True,True,False,INCLUIR,SI,SI,FILTRO_DENUE,REGLAS_DENUE,
3410625,21134432111000011010000000U2,LAVANDERIA SIN NOMBRE,,313310,Acabado de productos textiles,0 a 5 personas,CALLE,SANTA ANITA,CALLE,SANTA ANITA,CALLE,NINGUNO,CARRETERA,FEDERAL MEXICO-PUEBLA,,SN,,,,,LOCALIDAD,SAN MATIAS TLALANCALECA,,,,74110,21,PUEBLA,134,San Matías Tlalancaleca,0001,San Matías Tlalancaleca,0044,045,,,,Fijo,19.31809152,-98.50039959,2010-07,True,True,False,False,False,True,False,False,False,True,True,False,INCLUIR,SI,SI,FILTRO_DENUE,REGLAS_DENUE,
3273813,21132315229000691010000000U7,LAVANDERIA SIN NOMBRE,,313310,Acabado de productos textiles,0 a 5 personas,CALLE,INSURGENTES,PRIVADA,NINGUNO,CALLE,MORELOS,PRIVADA,BENITO JUAREZ,13,,,,,,PUEBLO,SAN BALTAZAR TEMAXCALAC,,,,74126,21,PUEBLA,132,San Martín Texmelucan,0015,Santa María Moyotzingo,0482,021,2481291669,,,Fijo,19.26574751,-98.409746,2014-12,True,True,False,False,False,True,False,False,False,True,True,False,INCLUIR,SI,SI,FILTRO_DENUE,REGLAS_DENUE,
3428321,21074812210000051011000000U6,LAVANDERIA Y TERMINADOS G C,,313310,Acabado de productos textiles,6 a 10 personas,CALLE,MAGNOLIA,CALLE,16 DE SEPTIEMBRE,CALLE,INDUSTRIA,PRIVADA,16 DE SEPTIEMBRE,5,,,,0,A,COLONIA,CENTRO,,,,74169,21,PUEBLA,074,Huejotzingo,0029,Santa Ana Xalmimilulco,0190,013,2481631503,TERMINADOS.GC@HOTMAIL.COM,,Fijo,19.21176794,-98.37981608,2010-07,True,True,False,False,False,True,False,False,False,True,True,False,INCLUIR,SI,SI,FILTRO_DENUE,REGLAS_DENUE,
6377126,21114313210000315010000000U3,MANUFACTURERA TEXTIL LA LYONESA,MANUFACTURERA TEXTIL LA LYONESA,313310,Acabado de productos textiles,51 a 100 personas,AVENIDA,12 ORIENTE,CALLE,24 NORTE,CALLE,22 NORTE,AVENIDA,10 ORIENTE,2227,,,,,,COLONIA,LOS REMEDIOS,,,,72377,21,PUEBLA,114,Puebla,0001,Heroica Puebla de Zaragoza,0431,011,,CPJORGE07@HOTMAIL.COM,,Fijo,19.04221342,-98.18142222,2010-07,True,True,True,False,False,False,False,False,False,True,True,False,INCLUIR,SI,SI,FILTRO_DENUE,REGLAS_DENUE,
3409596,21134315229000221000000000U9,MAQUILA DE FALDA DE MEZCLILLA,,315229,Confección en serie de otra ropa exterior de materiales textiles,0 a 5 personas,PRIVADA,NINGUNO,CALLE,HERMANOS SERDAN,CALLE,NINGUNO,CALLE,5 DE MAYO,617,,,,,,LOCALIDAD,SAN MATIAS TLALANCALECA,,,,74110,21,PUEBLA,134,San Matías Tlalancaleca,0001,San Matías Tlalancaleca,003A,021,2484810596,,,Fijo,19.33068901,-98.5007544,2010-07,True,True,True,True,False,False,False,True,False,True,False,False,INCLUIR,REVISAR,REVISAR,FILTRO_DENUE,REGLAS_DENUE,
3427952,21074812210000031010000000U8,MAQUILA DE LAVANDERIA DE PANTALON,,313310,Acabado de productos textiles,0 a 5 personas,CALLE,ZARAGOZA,CALLE,16 DE SEPTIEMBRE,CALLE,INDUSTRIA,CALLE,MAGNOLIA,23,,,,,,COLONIA,CENTRO,,,,74169,21,PUEBLA,074,Huejotzingo,0029,Santa Ana Xalmimilulco,0190,014,2211693368,,,Fijo,19.2108461,-98.37936835,2010-07,True,True,True,False,False,True,False,True,False,True,True,False,INCLUIR,SI,SI,FILTRO_DENUE,REGLAS_DENUE,
3319146,21134315229000701000000000U0,MAQUILA DE MEZCLILLA,,315229,Confección en serie de otra ropa exterior de materiales textiles,0 a 5 personas,CALLE,COLON,CALLE,GUADALUPE,CALLE,CALLE DE LA CAMPANA,CALLE,REFORMA,10,,,,,,LOCALIDAD,SAN MATIAS TLALANCALECA,,,,74110,21,PUEBLA,134,San Matías Tlalancaleca,0001,San Matías Tlalancaleca,003A,010,2481248116,,,Fijo,19.32547751,-98.49985643,2014-12,True,True,True,True,False,False,False,True,False,True,False,False,INCLUIR,REVISAR,REVISAR,FILTRO_DENUE,REGLAS_DENUE,
3319078,21134315229000822001000000U4,MAQUILA DE MEZCLILLA SIN NOMBRE,,315229,Confección en serie de otra ropa exterior de materiales textiles,0 a 5 personas,CALLE,SAN MATIAS,PRIVADA,TERCERA PRIVADA SAN MATIAS,PRIVADA,CUARTA SAN MATIAS,PRIVADA,PRIMERA DE LA LUZ,426,,,,,,LOCALIDAD,SAN MATIAS TLALANCALECA,,,,74110,21,PUEBLA,134,San Matías Tlalancaleca,0001,San Matías Tlalancaleca,003A,028,2481368411,,,Fijo,19.32860283,-98.49734621,2014-12,True,True,True,True,False,False,False,True,False,True,False,False,INCLUIR,REVISAR,REVISAR,FILTRO_DENUE,REGLAS_DENUE,
3428151,21074315229001371002000000U9,MAQUILA DE PANTALON DE MESCLILLA,,315229,Confección en serie de otra ropa exterior de materiales textiles,0 a 5 personas,CALLE,CALLE DEL PRADO,CALLE,SAN MARTIN,CALLE,AQUILES SERDAN NORTE,CALLE,VIOLETAS PONIENTE,47,,,,,,COLONIA,SANTA ANA XALMIMINULCO,,,,74169,21,PUEBLA,074,Huejotzingo,0029,Santa Ana Xalmimilulco,0190,010,2271530278,,,Fijo,19.2131021,-98.38392209,2010-07,True,True,True,True,False,False,False,True,False,True,False,False,INCLUIR,REVISAR,REVISAR,FILTRO_DENUE,REGLAS_DENUE,
3428204,21074315229000241000000000U5,MAQUILA DE PANTALON DE MESCLILLA,,315229,Confección en serie de otra ropa exterior de materiales textiles,0 a 5 personas,CALLE,CALLE DEL REFUGIO,PRIVADA,NINGUNO,CALLEJON,CALLEJON DEL REFUGIO,CALLE,PROVIDENCIA,22,,,,,,PUEBLO,SANTA ANA XALMIMINULCO,,,,74169,21,PUEBLA,074,Huejotzingo,0029,Santa Ana Xalmimilulco,0190,005,,,,Fijo,19.21390585,-98.38287639,2010-07,True,True,True,True,False,False,False,True,False,True,False,False,INCLUIR,REVISAR,REVISAR,FILTRO_DENUE,REGLAS_DENUE,
3326083,21074315229001261000000000U2,MAQUILA DE PANTALON DE MESCLILLA,,315229,Confección en serie de otra ropa exterior de materiales textiles,0 a 5 personas,CALLE,RIO XOCHIAC,PRIVADA,NINGUNO,CALLE,REAL DE LA POSTA,CALLE,MELCHOR OCAMPO,1,,,,,,LOCALIDAD,SANTA ANA XALMIMILULCO,,,,74169,21,PUEBLA,074,Huejotzingo,0029,Santa Ana Xalmimilulco,0203,007,,,,Fijo,19.2142724,-98.37712002,2014-12,True,True,True,True,False,False,False,True,False,True,False,False,INCLUIR,REVISAR,REVISAR,FILTRO_DENUE,REGLAS_DENUE,
11558955,21048315229000212000000000U0,MAQUILA DE PANTALON DE MEZCLILLA,,315229,Confección en serie de otra ropa exterior de materiales textiles,6 a 10 personas,CALLE,ZARAGOZA,PRIVADA,ZARAGOZA,AVENIDA,I OVANDO,AVENIDA,NACIONAL,17,,,,,,LOCALIDAD,SAN LORENZO CHIAUTZINGO,,,,74150,21,PUEBLA,048,Chiautzingo,0001,San Lorenzo Chiautzingo,0114,003,,,,Fijo,19.20503438,-98.46568968,2024-11,True,True,True,True,False,False,False,True,False,True,False,False,INCLUIR,REVISAR,REVISAR,FILTRO_DENUE,REGLAS_DENUE,
3326339,21074315229001291001000000U9,MAQUILA DE PANTALON DE MEZCLILLA SIN NOMBRE,,315229,Confección en serie de otra ropa exterior de materiales textiles,6 a 10 personas,PRIVADA,NINGUNO,CALLE,NARCISO MENDOZA,OTRO(ESPECIFIQUE),CULTIVO,PRIVADA,NINGUNO,17,,,,,,LOCALIDAD,SANTA ANA XALMIMILULCO,,,,74169,21,PUEBLA,074,Huejotzingo,0029,Santa Ana Xalmimilulco,0025,068,,,,Fijo,19.20577329,-98.37807708,2014-12,True,True,True,True,False,False,False,True,False,True,False,False,INCLUIR,REVISAR,REVISAR,FILTRO_DENUE,REGLAS_DENUE,
10099363,21074315223001011000000000U4,MAQUILA DE PANTALON DE MEZCLILLA SIN NOMBRE,,315229,Confección en serie de otra ropa exterior de materiales textiles,0 a 5 personas,CALLE,SAN ISIDRO,CALLE,IXTACUIXTLA SUR,CALLE,PORFIRIO DIAZ,CALLE,ADOLFO LOPEZ MATEOS,28,,,,,,LOCALIDAD,SANTA ANA XALMIMILULCO,,,,74169,21,PUEBLA,074,Huejotzingo,0029,Santa Ana Xalmimilulco,0167,006,2271136906,,,Fijo,19.20441257,-98.38004211,2024-11,True,True,True,True,False,False,False,True,False,True,False,False,INCLUIR,REVISAR,REVISAR,FILTRO_DENUE,REGLAS_DENUE,
3326137,21074315229001301002000000U6,MAQUILA DE PANTALON FOSIL JEANS,,315229,Confección en serie de otra ropa exterior de materiales textiles,6 a 10 personas,CALLE,REFORMA,CALLE,VIOLETAS PONIENTE,CALLE,MORELOS,CALLE,MELCHOR OCAMPO,15,,,,,,PUEBLO,SANTA ANA XALMIMINULCO,,,,74169,21,PUEBLA,074,Huejotzingo,0029,Santa Ana Xalmimilulco,0190,009,2227054744,JOSEROBERTO.JUAREZC@GMAIL.COM,,Fijo,19.21180747,-98.38308957,2014-12,True,True,True,True,False,False,False,True,False,True,False,False,INCLUIR,REVISAR,REVISAR,FILTRO_DENUE,REGLAS_DENUE,
8777526,21074315229002171000000000U2,MAQUILA DESHEBRADO,,315229,Confección en serie de otra ropa exterior de materiales textiles,0 a 5 personas,CALLE,NINGUNO,CALLE,DOMINGO ARENAS,CALLE,VIOLETAS PONIENTE,CALLE,REFORMA,,SN,,,,,PUEBLO,SANTA ANA XALMIMINULCO,,,,74169,21,PUEBLA,074,Huejotzingo,0029,Santa Ana Xalmimilulco,0190,009,,,,Fijo,19.211873,-98.38360262,2019-11,True,True,True,True,False,False,True,True,True,True,False,False,INCLUIR,REVISAR,REVISAR,FILTRO_DENUE,REGLAS_DENUE,
11133786,21074315229002281000000000U9,MAQUILA DESHEBRADO DE PANTALON SIN NOMBRE,,315229,Confección en serie de otra ropa exterior de materiales textiles,0 a 5 personas,CALLE,VENUSTIANO CARRANZA,PRIVADA,NINGUNO,CALLE,NINGUNO,CALLE,SAN MANUEL,9,,,,,,COLONIA,CENTRO,,,,74169,21,PUEBLA,074,Huejotzingo,0029,Santa Ana Xalmimilulco,0025,016,,,,Fijo,19.20687249,-98.38149947,2024-11,True,True,True,True,False,False,True,True,True,True,False,False,INCLUIR,REVISAR,REVISAR,FILTRO_DENUE,REGLAS_DENUE,
3409668,21134315229000241000000000U7,MAQUILA PANTALON DE MEZCLILLA PARA NIÑA SIN NOMBRE,,315229,Confección en serie de otra ropa exterior de materiales textiles,0 a 5 personas,PRIVADA,PRIMERA SANTA CECILIA,PRIVADA,SANTA CECILIA,CALLE,SAN MIGUEL,PRIVADA,SAN MIGUEL,403,,,,,,LOCALIDAD,SAN MATIAS TLALANCALECA,,,,74110,21,PUEBLA,134,San Matías Tlalancaleca,0001,San Matías Tlalancaleca,003A,029,2484810760,,,Fijo,19.32502555,-98.49666125,2010-07,True,True,True,True,False,False,False,True,False,True,False,False,INCLUIR,REVISAR,REVISAR,FILTRO_DENUE,REGLAS_DENUE,
3409657,21134315229000111001000000U2,MAQUILA ROPA DE MEZCLILLA COSTURA SIN NOMBRE,,315229,Confección en serie de otra ropa exterior de materiales textiles,6 a 10 personas,CERRADA,SANTA CECILIA,PRIVADA,NINGUNO,CERRADA,SANTA CECILIA,CERRADA,SANTA CECILIA,10,G,,,,,LOCALIDAD,SAN MATIAS TLALANCALECA,,,,74110,21,PUEBLA,134,San Matías Tlalancaleca,0001,San Matías Tlalancaleca,003A,035,2481552558,,,Fijo,19.32558803,-98.49259074,2010-07,True,True,True,True,False,False,False,True,True,True,False,False,INCLUIR,REVISAR,REVISAR,FILTRO_DENUE,REGLAS_DENUE,
3426256,21048315229000093001000000U4,MAQUILADORA DE PANTALON DE MEZCLILLA ORTIZ,,315229,Confección en serie de otra ropa exterior de materiales textiles,6 a 10 personas,CALLE,VISTA HERMOSA,AVENIDA,MIGUEL HIDALGO PONIENTE,ANDADOR,VEREDA,ANDADOR,VEREDA,10,,,,,,LOCALIDAD,SAN ANTONIO TLATENCO,,,,74150,21,PUEBLA,048,Chiautzingo,0006,San Antonio Tlatenco,0025,055,2481802635,,,Fijo,19.17124556,-98.49670288,2010-07,True,True,True,True,False,False,True,True,False,True,False,False,INCLUIR,REVISAR,REVISAR,FILTRO_DENUE,REGLAS_DENUE,
8088970,21074315229001671000000000U2,MAQUILADORA DE PANTALONES DE MEZCLILLA,,315229,Confección en serie de otra ropa exterior de materiales textiles,0 a 5 personas,CALLE,IXTACUIXTLA NORTE,CALLE,GLORIA,PRIVADA,SEGUNDA IXTACUIXTLA,PRIVADA,PRIVADA DE LA GLORIA,8,,,,,,LOCALIDAD,SANTA ANA XALMIMILULCO,,,,74169,21,PUEBLA,074,Huejotzingo,0029,Santa Ana Xalmimilulco,0025,047,,,,Fijo,19.20894047,-98.37831876,2019-11,True,True,True,True,False,False,True,True,False,True,False,False,INCLUIR,REVISAR,REVISAR,FILTRO_DENUE,REGLAS_DENUE,
9347738,21074315229002223001000000U1,MAQUILADORA ESTYR BLUE MICHELLE JEANS,,315229,Confección en serie de otra ropa exterior de materiales textiles,0 a 5 personas,CALLE,CAMELIA,PRIVADA,MAGISTERIAL,CALLE,LOS PERALES,CALLE,CARLOS ISMAEL BETANCOURT,,SN,,,,,LOCALIDAD,MAGISTERIAL,,,,74160,21,PUEBLA,074,Huejotzingo,0001,Huejotzingo,0133,009,2271017175,,,Fijo,19.15536543,-98.40027993,2021-05,True,True,True,True,False,False,True,True,False,True,False,False,INCLUIR,REVISAR,REVISAR,FILTRO_DENUE,REGLAS_DENUE,
7535957,21143315192000014010000000U9,PLAYERAS KALUS,PLAYERAS KALUS,313310,Acabado de productos textiles,31 a 50 personas,CALLE,CAMINO REAL IZTACCIHUATL,CALLE,CAMINO REAL IZTACCIHUATL,PRIVADA,NINGUNO,PRIVADA,NINGUNO,,SN,,,,,LOCALIDAD,ANALCO DE PONCIANO ARRIAGA,,,,74137,21,PUEBLA,143,San Salvador el Verde,0008,Analco de Ponciano Arriaga (Santa Cruz Analco),0170,015,2226776926,,,Fijo,19.26188669,-98.50488785,2019-11,True,False,False,False,False,False,False,False,False,True,True,False,INCLUIR,SI,SI,FILTRO_DENUE,REGLAS_DENUE,
3428329,21074812210000243010000000U9,POLIPROCESO,LIC DANIEL DAVILA ROMERO,313310,Acabado de productos textiles,11 a 30 personas,CALLE,PRIMERO DE MAYO,PRIVADA,PRIVADA DE IXTACUIXTLA,CALLE,JUAN PIZACO,CALLE,IXTACUIXTLA NORTE,1,,,,,,LOCALIDAD,SANTA ANA XALMIMILULCO,,,,74169,21,PUEBLA,074,Huejotzingo,0029,Santa Ana Xalmimilulco,0190,038,2272769418,POLIPROCESO@HOTMAIL.COM,,Fijo,19.21009567,-98.37624609,2010-07,True,True,False,False,True,False,False,False,False,True,True,False,INCLUIR,SI,SI,FILTRO_DENUE,REGLAS_DENUE,
6450161,21140312113000043001000000U6,PROCESOS TEXTILES ALBRICIA,PROCESOS TEXTILES ALBRICIA SA DE CV,313310,Acabado de productos textiles,11 a 30 personas,CALLE,RIO LERMA SUR,AVENIDA,JUAREZ ORIENTE,AVENIDA,LAGO DE TEXCOCO ORIENTE,CALLE,RIO BRAVO SUR,106,,,,,,COLONIA,MANANTIALES,,,,72757,21,PUEBLA,140,San Pedro Cholula,0014,Santiago Momoxpan,0465,013,2222851576,ALBRICIAS.PUEBLA@GMAIL.COM,,Fijo,19.07886127,-98.27025836,2010-07,True,False,False,False,False,False,False,False,False,True,True,False,INCLUIR,SI,SI,FILTRO_DENUE,REGLAS_DENUE,
7517401,21180315110000561010000000U3,TALLER DE ACABADO DE CALCETIN SIN NOMBRE,,315121,Fabricación de calcetines y medias de tejido de punto,0 a 5 personas,CALLE,MORELOS,CALLE,CALLE DE BENITO JUAREZ,CALLE,NICOLAS BRAVO,PRIVADA,NINGUNO,4,,,,,,LOCALIDAD,SAN MIGUEL TIANGUISTENCO,,,,74100,21,PUEBLA,180,Tlahuapan,0013,San Miguel Tianguistenco,0140,013,2482253911,,,Fijo,19.29162433,-98.52813552,2019-11,True,True,False,False,True,False,False,False,False,True,False,False,INCLUIR,SI,SI,FILTRO_DENUE,REGLAS_DENUE,
9637988,21074315223000192000000000U3,TALLER DE DESHEBRADO DE PANTALON,,315229,Confección en serie de otra ropa exterior de materiales textiles,6 a 10 personas,CALLE,SANTA MARIA,CALLE,AQUILES SERDAN SUR,CALLE,SAN MIGUEL,CALLE,SAN VICENTE,1,,,,,,LOCALIDAD,SANTA ANA XALMIMILULCO,,,,74169,21,PUEBLA,074,Huejotzingo,0029,Santa Ana Xalmimilulco,0237,005,,,,Fijo,19.20583312,-98.3875958,2024-11,True,True,True,True,False,False,True,False,True,True,False,False,INCLUIR,REVISAR,REVISAR,FILTRO_DENUE,REGLAS_DENUE,
11573367,21074315223000071000000000U9,TALLER DE DESHEBRADO DE PANTALON SIN NOMBRE,,315229,Confección en serie de otra ropa exterior de materiales textiles,0 a 5 personas,PROLONGACION,RAFAEL SERRANO,CALLE,AQUILES SERDAN SUR,CALLE,SAN MIGUEL,CALLE,SAN ANTONIO,3,,,,,,COLONIA,SAN ANTONIO,,,,74169,21,PUEBLA,074,Huejotzingo,0029,Santa Ana Xalmimilulco,0025,029,2481987725,,,Fijo,19.20820945,-98.38672241,2024-11,True,True,True,True,False,False,True,False,True,True,False,False,INCLUIR,REVISAR,REVISAR,FILTRO_DENUE,REGLAS_DENUE,
9605960,21074315229002531000000000U7,TALLER DE DESHEBRADO SIN NOMBRE,,315229,Confección en serie de otra ropa exterior de materiales textiles,0 a 5 personas,CALLE,FLORES MAGON,CALLE,PORFIRIO DIAZ,CALLE,EL VOLCAN,CALLE,MUCIO MARTINEZ,13,,,,,,COLONIA,CENTRO,,,,74169,21,PUEBLA,074,Huejotzingo,0029,Santa Ana Xalmimilulco,0025,001,2221477763,,,Fijo,19.20806014,-98.3839219,2024-11,True,True,True,True,False,False,True,False,True,True,False,False,INCLUIR,REVISAR,REVISAR,FILTRO_DENUE,REGLAS_DENUE,
8090455,21074315229001931000000000U0,TALLER DE MAQUILA DE MEZCLILLA,,315229,Confección en serie de otra ropa exterior de materiales textiles,0 a 5 personas,PRIVADA,SANDOVAL,PRIVADA,SAN MARTIN,CALLEJON,SAN MARTIN,BOULEVARD,RIO XOCHIAC,52,,,,,,PUEBLO,SANTA ANA XALMININULCO,,,,74169,21,PUEBLA,074,Huejotzingo,0029,Santa Ana Xalmimilulco,0190,019,,,,Fijo,19.21440504,-98.38432234,2019-11,True,True,True,True,False,False,False,True,False,True,False,False,INCLUIR,REVISAR,REVISAR,FILTRO_DENUE,REGLAS_DENUE,
8949535,21074315229001601000000000U9,TALLER DE MAQUILA DE MEZCLILLA SIN NOMBRE,,315229,Confección en serie de otra ropa exterior de materiales textiles,0 a 5 personas,BOULEVARD,RIO XOCHIAC,CALLEJON,SAN MARTIN,CALLE,SAN MARTIN,CALLEJON,SAN MARTIN,101,,,,,,PUEBLO,SANTA ANA XALMININULCO,,,,74169,21,PUEBLA,074,Huejotzingo,0029,Santa Ana Xalmimilulco,0190,019,2248200085,,,Fijo,19.21556529,-98.38554393,2019-11,True,True,True,True,False,False,False,True,False,True,False,False,INCLUIR,REVISAR,REVISAR,FILTRO_DENUE,REGLAS_DENUE,
9725562,21074315229002411000000000U2,TALLER DE MAQUILA DE PANTALON DE MEZCLILLA,,315229,Confección en serie de otra ropa exterior de materiales textiles,0 a 5 personas,CALLE,PALMA,PRIVADA,PRIVADA DE LA PALMA,CALLE,PROGRESO,CALLE,REAL DE PUEBLA,25,,,,,,COLONIA,CENTRO,,,,74169,21,PUEBLA,074,Huejotzingo,0029,Santa Ana Xalmimilulco,0025,014,,,,Fijo,19.20750066,-98.38108514,2024-11,True,True,True,True,False,False,False,True,False,True,False,False,INCLUIR,REVISAR,REVISAR,FILTRO_DENUE,REGLAS_DENUE,
3326348,21074315229001403002000000U0,TALLER DE MAQUILA DE PANTALON DE MEZCLILLA,,315229,Confección en serie de otra ropa exterior de materiales textiles,11 a 30 personas,CALLE,NINGUNO,CALLE,VENUSTIANO CARRANZA,CALLE,SAN MANUEL,CALLE,IXTACUIXTLA SUR,15,,,,,,LOCALIDAD,SANTA ANA XALMIMILULCO,,,,74169,21,PUEBLA,074,Huejotzingo,0029,Santa Ana Xalmimilulco,0025,056,2481462395,,,Fijo,19.20615378,-98.38106673,2014-12,True,True,True,True,False,False,False,True,False,True,False,False,INCLUIR,REVISAR,REVISAR,FILTRO_DENUE,REGLAS_DENUE,
9915492,21134315229002551000000000U7,TALLER DE MAQUILA DE PANTALON DE MEZCLILLA NIÑO Y NIÑA SIN NOMBRE,,315229,Confección en serie de otra ropa exterior de materiales textiles,0 a 5 personas,CALLE,SANTA ANITA,CALLE,SAN JOSE,CALLE,SAN PEDRO,CALLE,AVIACION,304,,,,,,COLONIA,CENTRO,,,,74110,21,PUEBLA,134,San Matías Tlalancaleca,0001,San Matías Tlalancaleca,0044,013,,,,Fijo,19.32289766,-98.49872793,2024-11,True,True,True,True,False,False,False,True,False,True,False,False,INCLUIR,REVISAR,REVISAR,FILTRO_DENUE,REGLAS_DENUE,
7742787,21074461160000781011000000U9,TALLER DE MAQUILA Y PANTALONES DE MEZCLILLA,,315229,Confección en serie de otra ropa exterior de materiales textiles,6 a 10 personas,BOULEVARD,RIO XOCHIAC,CALLE,SAN MIGUEL,PRIVADA,NINGUNO,CALLE,SANTA CRUZ,,SN,,,,,COLONIA,SANTA CRUZ,,,,74169,21,PUEBLA,074,Huejotzingo,0029,Santa Ana Xalmimilulco,0203,016,,,,Fijo,19.21474593,-98.38036918,2019-11,True,True,True,True,False,False,False,True,False,True,False,False,INCLUIR,REVISAR,REVISAR,FILTRO_DENUE,REGLAS_DENUE,
3407919,21180313310000011000000000U7,TEÑIDO DE CALCETIN SIN NOMBRE,,313310,Acabado de productos textiles,0 a 5 personas,AVENIDA,PUEBLA,CALLE,OAXACA,CALLE,BAJA CALIFORNIA,AVENIDA,MEXICO,40,,,,,,LOCALIDAD,SAN RAFAEL IXTAPALUCAN,,,,74100,21,PUEBLA,180,Tlahuapan,0015,San Rafael Ixtapalucan,0174,022,,,,Fijo,19.29271265,-98.55951465,2010-07,True,True,False,False,True,False,False,False,False,True,True,False,INCLUIR,SI,SI,FILTRO_DENUE,REGLAS_DENUE,
3457805,21015313310000014010000000U9,TEÑIDOS MORLIM,MORLIM,313310,Acabado de productos textiles,31 a 50 personas,AVENIDA,CARRETERA FEDERAL PUEBLA TEHUACAN,AVENIDA,CARRETERA FEDERAL PUEBLA-TEHUACAN,CALLE,CALLE DE LOS PINOS,AVENIDA,NACIONAL NORTE,321,A,,,,,COLONIA,CHAPULTEPEC,,,,72320,21,PUEBLA,015,Amozoc,0031,Casa Blanca,0382,009,,,,Fijo,19.04436289,-98.12644558,2010-07,True,False,False,False,False,False,False,False,False,True,True,False,INCLUIR,SI,SI,FILTRO_DENUE,REGLAS_DENUE,
3439604,21140313113000034000000000U5,TEÑIDOS TERRY DE PUEBLA,TEÑIDOS TERRY DE PUEBLA,313310,Acabado de productos textiles,11 a 30 personas,CALLE,RIO PAPALOAPAN SUR,AVENIDA,LAGO DE TEXCOCO PONIENTE,AVENIDA,JUAREZ PONIENTE,CALLE,RIO YAQUI SUR,101,,,,,,COLONIA,LOS MANANTIALES,,,,72756,21,PUEBLA,140,San Pedro Cholula,0014,Santiago Momoxpan,0450,018,,TERRYDEPUEBLA@HOTMAIL.COM,WWW.TERRYDEPUEBLA.COM,Fijo,19.07943185,-98.27868475,2010-07,True,False,False,False,False,False,False,False,False,True,True,False,INCLUIR,SI,SI,FILTRO_DENUE,REGLAS_DENUE,
8591497,21140313310000052000000000U5,TEXTIL GALBE TRADING,GALBE TRADING,313310,Acabado de productos textiles,6 a 10 personas,CALLE,DOROTEO ARANGO,CALLE,PLAN DE AYALA,AVENIDA,HIDALGO SUR,CALLE,LUIS CABRERA,707,,,,,,COLONIA,AMPLIACION MOMOXPAN,,,,72760,21,PUEBLA,140,San Pedro Cholula,0014,Santiago Momoxpan,0287,030,2224691729,,,Fijo,19.07919138,-98.26754472,2019-11,True,True,True,False,False,False,False,False,False,True,True,False,INCLUIR,SI,SI,FILTRO_DENUE,REGLAS_DENUE,
3325807,21074315229001032000000000U7,TEXTILERA DE PANTALON JEANS EMOCIONES,,315229,Confección en serie de otra ropa exterior de materiales textiles,6 a 10 personas,CALLE,NINGUNO,PRIVADA,NINGUNO,CALLE,JAIME NUNO,CALLE,AYALA,,SN,,,,,COLONIA,SANTA ELENA,,,,74160,21,PUEBLA,074,Huejotzingo,0001,Huejotzingo,0114,025,,,,Fijo,19.16438288,-98.42045081,2014-12,True,True,True,True,False,False,True,False,False,True,False,False,INCLUIR,REVISAR,REVISAR,FILTRO_DENUE,REGLAS_DENUE,
8119994,21132315229004071000000000U8,TINTORERIA MAYKITOS,,315229,Confección en serie de otra ropa exterior de materiales textiles,0 a 5 personas,CALLE,CAMINO REAL NORTE,CALLE,LUIS DONALDO COLOSIO,CALLE,NINGUNO,CALLE,GUADALUPE VICTORIA,,SN,,,,,PUEBLO,SAN BALTAZAR TEMAXCALAC,,,,74126,21,PUEBLA,132,San Martín Texmelucan,0015,Santa María Moyotzingo,0618,002,2481308180,,,Fijo,19.26900607,-98.40564937,2019-11,True,True,False,False,True,False,False,False,False,True,False,False,INCLUIR,SI,SI,FILTRO_DENUE,REGLAS_DENUE,
9811409,21074315223001281000000000U3,VICTORIA LIRA LIRA,DESHEBRADO,315229,Confección en serie de otra ropa exterior de materiales textiles,0 a 5 personas,CALLE,LOS REYES,CALLE,CALLE DEL CARMEN,PRIVADA,PRIVADA DE LA GLORIA,CALLE,GLORIA,18,D,,,,,LOCALIDAD,SANTA ANA XALMIMILULCO,,,,74169,21,PUEBLA,074,Huejotzingo,0029,Santa Ana Xalmimilulco,0025,047,,,,Fijo,19.20891569,-98.37730833,2024-11,True,True,True,True,False,False,True,False,True,True,False,False,INCLUIR,REVISAR,REVISAR,FILTRO_DENUE,REGLAS_DENUE,
10728868,21114313310000261000000000U7,YUU BAN,TEXTILES Y PROVED YU U BAN,313310,Acabado de productos textiles,0 a 5 personas,PRIVADA,47 A PONIENTE,PRIVADA,PALENQUE,CALLE,17 SUR,AVENIDA,49 PONIENTE,1145,,,,,,COLONIA,REFORMA AGUA AZUL,,,,72430,21,PUEBLA,114,Puebla,0001,Heroica Puebla de Zaragoza,0732,026,,,,Fijo,19.03067394,-98.22107356,2024-11,True,False,False,False,False,False,False,False,False,True,True,False,INCLUIR,SI,SI,FILTRO_DENUE,REGLAS_DENUE,
3363842,21114812210008921000000000U6,1ONE DRY CLEAN INTERNATIONAL TINTORERIAS,,812210,Lavanderías y tintorerías,0 a 5 personas,BOULEVARD,CAMINO AL BATAN,CALLE,PROLONGACION AVENIDA UNIVERSO,PRIVADA,NINGUNO,PRIVADA,NINGUNO,14,,,,,,COLONIA,SANTA MARIA LA CALERA,,,,72575,21,PUEBLA,114,Puebla,0001,Heroica Puebla de Zaragoza,3991,021,2228876589,,,Fijo,19.00766722,-98.17986398,2014-12,True,False,False,False,False,False,False,False,False,False,False,True,REVISAR,REVISAR,REVISAR,FILTRO_DENUE,REGLAS_DENUE,
8090610,21041812210000971100000000U4,A LAVAR,,812210,Lavanderías y tintorerías,0 a 5 personas,CALLE,SAN JACINTO,CALLE,NINGUNO,PRIVADA,NINGUNO,CALLE,BUGAMBILIAS,,SN,,,,,COLONIA,SAN JACINTO,,,,72710,21,PUEBLA,041,Cuautlancingo,0012,San Lorenzo Almecatla,0185,111,,,,Fijo,19.15058942,-98.23505991,2019-11,True,False,False,False,False,False,False,False,False,False,False,True,REVISAR,REVISAR,REVISAR,FILTRO_DENUE,REGLAS_DENUE,
11154016,21143812210000071000000000U7,ACTIVIDADES DENTRO DE LA VIVIENDA,,812210,Lavanderías y tintorerías,0 a 5 personas,BOULEVARD,BENITO JUAREZ,CALLE,INDEPENDENCIA,AVENIDA,IGNACIO ZARAGOZA,CALLE,FRANCISCO I. MADERO,26,,,,,,LOCALIDAD,SAN LUCAS EL GRANDE,,,,74135,21,PUEBLA,143,San Salvador el Verde,0011,San Lucas el Grande,0128,007,,,,Fijo,19.30560952,-98.478712,2024-11,True,False,False,False,False,False,False,False,False,False,False,True,REVISAR,REVISAR,REVISAR,FILTRO_DENUE,REGLAS_DENUE,
11581741,21114812210021011000000000U9,ACUATRONIC,,812210,Lavanderías y tintorerías,0 a 5 personas,CALLE,5 DE MAYO,CALLE,RUA DE DIAMANTE,BOULEVARD,VICENTE SUAREZ,CALLE,GARDENIA,,SN,,,,,COLONIA,HEROES DE PUEBLA,,,,72520,21,PUEBLA,114,Puebla,0001,Heroica Puebla de Zaragoza,1779,001,,,,Fijo,19.01927676,-98.17634424,2024-11,True,False,False,False,False,False,False,False,False,False,False,True,REVISAR,REVISAR,REVISAR,FILTRO_DENUE,REGLAS_DENUE,
11233532,21132812210001401000000000U8,AMOR CUCHI,ALMA RODRIGUEZ,812210,Lavanderías y tintorerías,0 a 5 personas,CALLE,16 DE SEPTIEMBRE NORTE,BOULEVARD,LICENCIADO B. G. PEREZ DE A.,CALLE,GENERAL LAZARO CARDENAS,CALLE,PRIVADA LICENCIADO B G PEREZ DE A,440,,,,1,,COLONIA,CENTRO,,,,74000,21,PUEBLA,132,San Martín Texmelucan,0001,San Martín Texmelucan de Labastida,0340,037,2481273814,,,Fijo,19.28770216,-98.43172872,2024-11,True,False,False,False,False,False,False,False,False,False,False,True,REVISAR,REVISAR,REVISAR,FILTRO_DENUE,REGLAS_DENUE,
10070023,21140812210001611000000000U5,AQUA FLASH,,812210,Lavanderías y tintorerías,0 a 5 personas,AVENIDA,REVOLUCION PONIENTE,PRIVADA,REVOLUCION,CALLE,FRANCISCO I. MADERO,CALLE,5 DE MAYO,,SN,,,,,COLONIA,CIPRESES DE SANTIAGO,,,,72774,21,PUEBLA,140,San Pedro Cholula,0014,Santiago Momoxpan,0291,037,,,,Fijo,19.06914934,-98.26786581,2024-11,True,False,False,False,False,False,False,False,False,False,False,True,REVISAR,REVISAR,REVISAR,FILTRO_DENUE,REGLAS_DENUE,
3406897,21114465311015421010000000U4,AQUA LAVANDERIA,,812210,Lavanderías y tintorerías,0 a 5 personas,CALLE,21 SUR,CALLE,PRIVADA DE LA 27 PONIENTE,AVENIDA,31 PONIENTE,PRIVADA,CITLALTEPETL,2716,A,,,2,,COLONIA,VOLCANES,,,,72000,21,PUEBLA,114,Puebla,0001,Heroica Puebla de Zaragoza,3722,007,2211858556,,,Fijo,19.041049,-98.21974288,2010-07,True,True,False,False,False,True,False,False,False,False,False,True,REVISAR,REVISAR,REVISAR,FILTRO_DENUE,REGLAS_DENUE,
8950431,21114812210015171000000000U9,AQUA MASTER,,812210,Lavanderías y tintorerías,0 a 5 personas,CALLE,11 SUR,AVENIDA,95 PONIENTE,CALLE,103 PONIENTE,CALLE,103 PONIENTE,9529,,,,,,COLONIA,EX HACIENDA MAYORAZGO,,,,72480,21,PUEBLA,114,Puebla,0001,Heroica Puebla de Zaragoza,6303,007,,AQUAMASTERLAVANDERIAS@GMAIL.COM,,Fijo,19.00140925,-98.23978911,2019-11,True,False,False,False,False,False,False,False,False,False,False,True,REVISAR,REVISAR,REVISAR,FILTRO_DENUE,REGLAS_DENUE,
9960955,21114812210019781000000000U1,AQUAMATIC LAVANDERIAS,MULTI LAVANDERIAS AUTOMOTIZADAS,812210,Lavanderías y tintorerías,0 a 5 personas,BOULEVARD,XONACATEPEC,CALLE,2 J,BOULEVARD,EL CASCO,CALLE,2 J,2,,,,,,COLONIA,BOSQUES DE SAN SEBASTIAN,,,,72310,21,PUEBLA,114,Puebla,0001,Heroica Puebla de Zaragoza,481A,028,,,,Fijo,19.06545194,-98.12152989,2024-11,True,False,False,False,False,False,False,False,False,False,False,True,REVISAR,REVISAR,REVISAR,FILTRO_DENUE,REGLAS_DENUE,
10735598,21114812210019371000000000U1,AQUAMATIC LAVANDERIAS,,812210,Lavanderías y tintorerías,0 a 5 personas,PROLONGACION,9 SUR,AVENIDA,113 PONIENTE,AVENIDA,119 PONIENTE,AVENIDA,113 PONIENTE,10000,,,,27,11302,COLONIA,GUADALUPE HIDALGO,,,,72490,21,PUEBLA,114,Puebla,0001,Heroica Puebla de Zaragoza,4186,001,2222391307,PERIPLAZA@AQUAMATIC.COM.MX,AQUAMATICLAVANDERIAS.COM,Fijo,18.98914944,-98.24063752,2024-11,True,False,False,False,False,False,False,False,False,False,False,True,REVISAR,REVISAR,REVISAR,FILTRO_DENUE,REGLAS_DENUE,
11194114,21074812210000891000000000U5,ATM LAVANDERIA,,812210,Lavanderías y tintorerías,0 a 5 personas,AVENIDA,OLMOS,AVENIDA,FLORIDANA,BOULEVARD,HUEJOTZINGO AEROPUERTO,CALLE,PASEO LILOS,19,B,,,,,FRACCIONAMIENTO,PASEO DE LOS SAUCES,,,,74160,21,PUEBLA,074,Huejotzingo,0095,Rancho de los Caballos,035A,016,2271117769,,,Fijo,19.17568428,-98.38347777,2024-11,True,True,False,False,False,True,False,False,False,False,False,True,REVISAR,REVISAR,REVISAR,FILTRO_DENUE,REGLAS_DENUE,
11341985,21132812210001351000000000U5,AUXILIAR TINTORERIA Y LAVANDERIA YAÑEZ,,812210,Lavanderías y tintorerías,0 a 5 personas,CARRETERA,CARRETERA A SAN SALVADOR EL VERDE,PRIVADA,NINGUNO,PRIVADA,NOCHE BUENA,OTRO(ESPECIFIQUE),ARROYO,37,,,,,,COLONIA,LA HUERTA,,,,74129,21,PUEBLA,132,San Martín Texmelucan,0001,San Martín Texmelucan de Labastida,0406,021,,,,Fijo,19.27585805,-98.44984699,2024-11,True,True,False,False,True,True,False,False,False,False,False,True,REVISAR,REVISAR,REVISAR,FILTRO_DENUE,REGLAS_DENUE,
11079693,21119812210002281000000000U0,BACK2LIFE,,812210,Lavanderías y tintorerías,0 a 5 personas,BOULEVARD,ATLIXCAYOTL,CALLE,NINGUNO,CALLE,SANTA FE,CALLE,SAN MATEO,4504,,,17,,,COLONIA,SAN MARTINITO,CENTRO Y PLAZA COMERCIAL,PLAZA BP,7,72825,21,PUEBLA,119,San Andrés Cholula,0013,San Bernardino Tlaxcalancingo,0442,036,2216160056,,,Fijo,19.01568072,-98.2545602,2024-11,True,False,False,False,False,False,False,False,False,False,False,True,REVISAR,REVISAR,REVISAR,FILTRO_DENUE,REGLAS_DENUE,
11183668,21074812210000251000000000U2,BODEGA DE DESPERDICIO,,812210,Lavanderías y tintorerías,0 a 5 personas,CALLE,IXTACUIXTLA NORTE,PRIVADA,PRIVADA DE IXTACUIXTLA,PRIVADA,IXTACUIXTLA,CALLE,PRIMERO DE MAYO,,SN,,,,,LOCALIDAD,SANTA ANA XALMIMILULCO,,,,74169,21,PUEBLA,074,Huejotzingo,0029,Santa Ana Xalmimilulco,0190,038,,,,Fijo,19.2111932,-98.37746045,2024-11,True,False,False,False,False,False,False,False,False,False,False,True,REVISAR,REVISAR,REVISAR,FILTRO_DENUE,REGLAS_DENUE,
11081907,21074812210000921000000000U0,BODEGA SIN NOMBRE,,812210,Lavanderías y tintorerías,0 a 5 personas,CALLE,PRIMERO DE MAYO,CALLE,RIO XOCHIAC,PRIVADA,NINGUNO,PRIVADA,NINGUNO,,SN,,,,,LOCALIDAD,SANTA ANA XALMIMILULCO,,,,74169,21,PUEBLA,074,Huejotzingo,0029,Santa Ana Xalmimilulco,0190,025,,,,Fijo,19.21328834,-98.37489147,2024-11,True,False,False,False,False,False,False,False,False,False,False,True,REVISAR,REVISAR,REVISAR,FILTRO_DENUE,REGLAS_DENUE,
8149794,21114812210014851000000000U7,BRIDAL S PACK,,812210,Lavanderías y tintorerías,0 a 5 personas,CALLE,7 SUR,AVENIDA,53 PONIENTE,CALLE,NINGUNO,AVENIDA,55 PONIENTE,5309,,,,,,COLONIA,PRADOS AGUA AZUL,,,,72430,21,PUEBLA,114,Puebla,0001,Heroica Puebla de Zaragoza,079A,043,2223005519,,,Fijo,19.02314629,-98.2171247,2019-11,True,False,False,False,False,False,False,False,False,False,False,True,REVISAR,REVISAR,REVISAR,FILTRO_DENUE,REGLAS_DENUE,
11386154,21114812210021431000000000U9,BUBBLEN PUEEN,,812210,Lavanderías y tintorerías,0 a 5 personas,CALLE,21 SUR,AVENIDA,15 PONIENTE,AVENIDA,17 PONIENTE,CALLE,19 SUR,1502,B,,,,,COLONIA,RIVERA DE SANTIAGO,,,,72410,21,PUEBLA,114,Puebla,0001,Heroica Puebla de Zaragoza,0499,037,2212197155,,,Fijo,19.04648015,-98.21666837,2024-11,True,False,False,False,False,False,False,False,False,False,False,True,REVISAR,REVISAR,REVISAR,FILTRO_DENUE,REGLAS_DENUE,
3433059,21114812210005661000000000U1,BUBLLES LAVANDERIA Y TINTORERIA,,812210,Lavanderías y tintorerías,0 a 5 personas,PRIVADA,15 B SUR,AVENIDA,79 PONIENTE,AVENIDA,81 PONIENTE,PRIVADA,15 A SUR,7934,,,,,,COLONIA,SAN JOSE MAYORAZGO,,,,72450,21,PUEBLA,114,Puebla,0001,Heroica Puebla de Zaragoza,1514,012,2228912169,,,Fijo,19.00785448,-98.23515074,2010-07,True,True,False,False,True,True,False,False,False,False,False,True,REVISAR,REVISAR,REVISAR,FILTRO_DENUE,REGLAS_DENUE,
11486692,21041812210001091000000000U0,BUEBU EXPRESS OMG,,812210,Lavanderías y tintorerías,0 a 5 personas,PRIVADA,16 DE SEPTIEMBRE,AVENIDA,16 DE SEPTIEMBRE,AVENIDA,PRIMERO DE MAYO,CALLE,FRANCISCO I. MADERO,10,,,,,,LOCALIDAD,LA TRINIDAD CHAUTENCO,,,,72730,21,PUEBLA,041,Cuautlancingo,0004,La Trinidad Chautenco,0325,009,2212107050,,,Fijo,19.0897287,-98.26368378,2024-11,True,False,False,False,False,False,False,False,False,False,False,True,REVISAR,REVISAR,REVISAR,FILTRO_DENUE,REGLAS_DENUE,
3373850,21114812210009321000000000U8,BURBU CLEAN,,812210,Lavanderías y tintorerías,0 a 5 personas,CALLE,117 PONIENTE,PRIVADA,13 SUR,CALLE,15 SUR,CERRADA,13 A SUR,1303,,,,,,COLONIA,SAN MIGUEL MAYORAZGO,,,,72492,21,PUEBLA,114,Puebla,0001,Heroica Puebla de Zaragoza,5023,024,2227828904,,,Fijo,18.99186731,-98.24965234,2014-12,True,False,False,False,False,False,False,False,False,False,False,True,REVISAR,REVISAR,REVISAR,FILTRO_DENUE,REGLAS_DENUE,
9585675,21114812210021981000000000U3,BURBU WASH,,812210,Lavanderías y tintorerías,0 a 5 personas,AVENIDA,SANTA LUCIA,CALLE,SAN JUAN,CALLE,SAN MATEO,CALLE,SANTA ELENA,,SN,,17,,,COLONIA,SANTA LUCIA VILLA ALTAMIRANO,CENTRO Y PLAZA COMERCIAL,PLAZA NUEVA SANTA LUCIA,5,72499,21,PUEBLA,114,Puebla,0001,Heroica Puebla de Zaragoza,5042,006,,,,Fijo,18.95615277,-98.22831027,2024-11,True,False,False,False,False,False,False,False,False,False,False,True,REVISAR,REVISAR,REVISAR,FILTRO_DENUE,REGLAS_DENUE,
11699478,21041812210001401000000000U1,BURBUCLEAN LAVANDERIA Y TINTORERIA,,812210,Lavanderías y tintorerías,0 a 5 personas,CALLE,EVENECER,CALLE,SEGUNDA DE EVENECER,CALLE,TERCERA DE EVENECER,CALLE,NINGUNO,,SN,,,76,,BARRIO,NUEVO LEON,,,,72760,21,PUEBLA,041,Cuautlancingo,0013,Barrio de Nuevo León,001A,012,,,,Fijo,19.08547526,-98.28984249,2024-11,True,True,False,False,True,True,False,False,False,False,False,True,REVISAR,REVISAR,REVISAR,FILTRO_DENUE,REGLAS_DENUE,
11134731,21114812210020581000000000U2,BURBUJA,,812210,Lavanderías y tintorerías,0 a 5 personas,CALLE,9 PONIENTE,CALLE,15 SUR,CALLE,17 SUR,CALLE,AVENIDA 11 PONIENTE,1505,B,,,,,COLONIA,BARRIO DE SANTO,,,,72410,21,PUEBLA,114,Puebla,0001,Heroica Puebla de Zaragoza,0499,003,,,,Fijo,19.04687202,-98.21123503,2024-11,True,False,False,False,False,False,False,False,False,False,False,True,REVISAR,REVISAR,REVISAR,FILTRO_DENUE,REGLAS_DENUE,
10504211,21114812210020931000000000U9,CALIFORNIA,CALIFORNIA,812210,Lavanderías y tintorerías,0 a 5 personas,AVENIDA,31 PONIENTE,CALLE,25 SUR,CALLE,27 SUR,AVENIDA,33 PONIENTE,2511,,,1,,,COLONIA,JUAREZ,CENTRO Y PLAZA COMERCIAL,PLAZA NISHUAN,1,72410,21,PUEBLA,114,Puebla,0001,Heroica Puebla de Zaragoza,3718,019,,,,Fijo,19.04220148,-98.22426171,2024-11,True,False,False,False,False,False,False,False,False,False,False,True,REVISAR,REVISAR,REVISAR,FILTRO_DENUE,REGLAS_DENUE,
9618361,21114812210020221000000000U5,CALIFORNIA LAUNDRY LAVANDERIA,JORGE MENDOZA,812210,Lavanderías y tintorerías,0 a 5 personas,BOULEVARD,PERIFERICO ECOLOGICO,CALLE,NINGUNO,CALLE,NINGUNO,CALLE,8 SUR,801,,,,,,COLONIA,LOS HEROES PUEBLA 1 SECCION,,,,72490,21,PUEBLA,114,Puebla,0001,Heroica Puebla de Zaragoza,5409,047,2222310881,,,Fijo,18.98048804,-98.22377113,2024-11,True,True,False,False,False,True,False,False,False,False,False,True,REVISAR,REVISAR,REVISAR,FILTRO_DENUE,REGLAS_DENUE,
11745445,21114812210022761000000000U8,CALIFORNIA LAUNDY,,812210,Lavanderías y tintorerías,0 a 5 personas,AVENIDA,TEZIUTLÁN SUR,CALLE,Avenida 3 Poniente,CALLE,Chignahuapan,CALLE,Tepeyahualco,55,D,,,,,COLONIA,LA PAZ,,,,72160,21,PUEBLA,114,Puebla,0001,Heroica Puebla de Zaragoza,2508,010,,CALIFORNIASUPERVISOR@GMAIL.COM,,Fijo,19.0584898,-98.23113725,2025-04,True,False,False,False,False,False,False,False,False,False,False,True,REVISAR,REVISAR,REVISAR,FILTRO_DENUE,REGLAS_DENUE,
8826102,21114812210013981000000000U3,CENTRO DE ACOPIO DE LAVANDERIA Y TINTORERIA MOSERRATH,,812210,Lavanderías y tintorerías,0 a 5 personas,CALLE,4 SUR,PRIVADA,75 B ORIENTE,CALLE,75 A ORIENTE,CALLE,4 SUR,7530,,,,0,A,COLONIA,LOMA LINDA,,,,72477,21,PUEBLA,114,Puebla,0001,Heroica Puebla de Zaragoza,2669,023,2225715477,,,Fijo,18.99807779,-98.21782761,2019-11,True,True,False,False,True,True,False,False,False,False,False,True,REVISAR,REVISAR,REVISAR,FILTRO_DENUE,REGLAS_DENUE,
10780861,21119812210002041000000000U8,CENTRO DE LAVADO LG,CONSORCIO INTERNACIONAL CONSULTORES,812210,Lavanderías y tintorerías,0 a 5 personas,CALLE,CAMINO NACIONAL A MOMOXPAN,CERRADA,OYAMEL,CALLE,PASEO DE BRISA,CALLE,NINGUNO,1622,,,1,,,COLONIA,LAZARO CARDENAS,CENTRO Y PLAZA COMERCIAL,PLAZUELA DEL FRESNO,14,72776,21,PUEBLA,119,San Andrés Cholula,0001,San Andrés Cholula,0156,017,,,,Fijo,19.06549575,-98.28834278,2024-11,True,True,False,False,False,True,False,False,False,False,False,True,REVISAR,REVISAR,REVISAR,FILTRO_DENUE,REGLAS_DENUE,
9488204,21114812210020371000000000U8,CENTRO DE LAVADO Y PLANCHADO BUBBLES & CLEANING,,812210,Lavanderías y tintorerías,0 a 5 personas,CALLE,20 SUR,AVENIDA,21 ORIENTE,AVENIDA,25 ORIENTE,AVENIDA,25 ORIENTE,2102,F,,,,,COLONIA,BELLA VISTA,,,,72500,21,PUEBLA,114,Puebla,0001,Heroica Puebla de Zaragoza,0696,051,2218701010,,,Fijo,19.0298347,-98.18994214,2024-11,True,True,False,False,False,True,False,False,True,False,False,True,REVISAR,REVISAR,REVISAR,FILTRO_DENUE,REGLAS_DENUE,
10644880,21114812210019311000000000U7,CHICOS WASHIN,CARLOS GARCIA,812210,Lavanderías y tintorerías,0 a 5 personas,CALLE,5 SUR,PRIVADA,57 A PONIENTE,AVENIDA,57 PONIENTE,CALLE,5 A SUR,501,,,,,,COLONIA,VILLA ENCANTADA,,,,72440,21,PUEBLA,114,Puebla,0001,Heroica Puebla de Zaragoza,1425,052,,,,Fijo,19.01977484,-98.21719292,2024-11,True,False,False,False,False,False,False,False,False,False,False,True,REVISAR,REVISAR,REVISAR,FILTRO_DENUE,REGLAS_DENUE,
10400116,21114812210022511000000000U7,CHICOS WASHING,OMAR NAVARRETE,812210,Lavanderías y tintorerías,0 a 5 personas,CALLE,5 SUR,PRIVADA,57 A PONIENTE,AVENIDA,57 PONIENTE,CALLE,5 A SUR,501,,,,,,COLONIA,VILLA ENCANTADA,,,,72440,21,PUEBLA,114,Puebla,0001,Heroica Puebla de Zaragoza,1425,052,,,,Fijo,19.01977484,-98.21719292,2024-11,True,False,False,False,False,False,False,False,False,False,False,True,REVISAR,REVISAR,REVISAR,FILTRO_DENUE,REGLAS_DENUE,
8656998,21041812210001041100000000U5,CHR SUPER LAVATIN,,812210,Lavanderías y tintorerías,0 a 5 personas,CALLE,PROL SAN JUAN,CALLE,PROL SAN JUAN,OTRO(ESPECIFIQUE),BARA,OTRO(ESPECIFIQUE),BARA,,SN,,,3,,COLONIA,DEL CALVARIO,,,,72702,21,PUEBLA,041,Cuautlancingo,0001,San Juan Cuautlancingo,0109,281,2213970104,,,Fijo,19.1079343,-98.27564755,2019-11,True,False,False,False,False,False,False,False,False,False,False,True,REVISAR,REVISAR,REVISAR,FILTRO_DENUE,REGLAS_DENUE,
3462568,21114812210008981000000000U0,CLEAN & FIX GARMENTS,,812210,Lavanderías y tintorerías,0 a 5 personas,AVENIDA,55 PONIENTE,CALLE,13 SUR,CALLE,PRIVADA 13 A SUR,OTRO(ESPECIFIQUE),NINGUNO,1307,,,,,,COLONIA,PRADOS AGUA AZUL,,,,72430,21,PUEBLA,114,Puebla,0001,Heroica Puebla de Zaragoza,079A,004,2226151892,,,Fijo,19.02446885,-98.22233351,2010-07,True,False,False,False,False,False,False,False,False,False,False,True,REVISAR,REVISAR,REVISAR,FILTRO_DENUE,REGLAS_DENUE,
3411598,21114812210003051000000000U7,CLEAN AND FIX,,812210,Lavanderías y tintorerías,0 a 5 personas,AVENIDA,41 PONIENTE,PRIVADA,B PONIENTE DE LA 16 DE SEPTIEMBRE,CALLE,3 SUR,AVENIDA,43 PONIENTE,4102,,,,2,,COLONIA,GABRIEL PASTOR,,,,72420,21,PUEBLA,114,Puebla,0001,Heroica Puebla de Zaragoza,0662,002,2221396647,,,Fijo,19.02955579,-98.20938673,2010-07,True,False,False,False,False,False,False,False,False,False,False,True,REVISAR,REVISAR,REVISAR,FILTRO_DENUE,REGLAS_DENUE,
3349038,21114812210011041000000000U8,CLEAN CENTER,,812210,Lavanderías y tintorerías,0 a 5 personas,AVENIDA,40 PONIENTE,BOULEVARD,HEROES DEL 5 DE MAYO,CALLE,5 NORTE,AVENIDA,44 PONIENTE,,SN,,,,,COLONIA,SANTA MARIA,,,,72080,21,PUEBLA,114,Puebla,0001,Heroica Puebla de Zaragoza,3578,008,2224916897,,,Fijo,19.06122277,-98.1928072,2014-12,True,False,False,False,False,False,False,False,False,False,False,True,REVISAR,REVISAR,REVISAR,FILTRO_DENUE,REGLAS_DENUE,
9564879,21140812210001951000000000U5,CLEAN CLEAN LAVANDERIA,,812210,Lavanderías y tintorerías,0 a 5 personas,AVENIDA,3 PONIENTE,CALLE,11 SUR,PRIVADA,3 PONIENTE,AVENIDA,MIGUEL HIDALGO,1102,3,,,,,BARRIO,SANTA MARIA XIXITLA,,,,72762,21,PUEBLA,140,San Pedro Cholula,0001,Cholula de Rivadavia,0056,034,2222995113,,,Fijo,19.06479264,-98.31538773,2024-11,True,True,False,False,False,True,False,False,False,False,False,True,REVISAR,REVISAR,REVISAR,FILTRO_DENUE,REGLAS_DENUE,
10118182,21074812210000811000000000U3,CLEAN CLOTHES,,812210,Lavanderías y tintorerías,0 a 5 personas,AVENIDA,LOS ARCOS,CALLE,FEDERAL MEXICO-PUEBLA,CALLE,NEZAHUALCOYOTL,AVENIDA,CUAUHTEMOC,,SN,,,,,LOCALIDAD,HUEJOTZINGO,,,,74160,21,PUEBLA,074,Huejotzingo,0001,Huejotzingo,0063,022,2223344842,,,Fijo,19.14838929,-98.40590617,2024-11,True,True,False,False,False,True,False,False,False,False,False,True,REVISAR,REVISAR,REVISAR,FILTRO_DENUE,REGLAS_DENUE,
8149232,21140812210001381000000000U5,CLEAN INC,,812210,Lavanderías y tintorerías,0 a 5 personas,CALLE,15 SUR,AVENIDA,3 PONIENTE,AVENIDA,5 PONIENTE,CALLE,13 SUR,1315,A,,,,,BARRIO,SANTA MARIA XIXITLA,,,,72762,21,PUEBLA,140,San Pedro Cholula,0001,Cholula de Rivadavia,0056,041,2224849262,,,Fijo,19.06629494,-98.31896594,2019-11,True,False,False,False,False,False,False,False,False,False,False,True,REVISAR,REVISAR,REVISAR,FILTRO_DENUE,REGLAS_DENUE,
10176584,21114812210022031000000000U6,CLEAN KITY,,812210,Lavanderías y tintorerías,0 a 5 personas,PRIVADA,NINGUNO,CALLE,NUESTRA SEÑORA DE LA SOLEDAD,CALLE,NUESTRA SEÑORA DE LA SOLEDAD,AVENIDA,NUESTRA SEÑORA DE LA LUZ,5,D,,,,,COLONIA,LA GUADALUPANA,,,,72595,21,PUEBLA,114,Puebla,0001,Heroica Puebla de Zaragoza,6500,002,,,,Semifijo,18.97820641,-98.17280896,2024-11,True,False,False,False,False,False,False,False,False,False,False,True,REVISAR,REVISAR,REVISAR,FILTRO_DENUE,REGLAS_DENUE,
3416310,21114812210006091100000000U0,CLEAN WASH LAVANDERIA Y TINTORERIA,,812210,Lavanderías y tintorerías,0 a 5 personas,BOULEVARD,PUEBLA,CALLE,1 E,CALLE,1 E,CALLE,5 E,88,,,,,,COLONIA,BOSQUES DE SAN SEBASTIAN,,,,72310,21,PUEBLA,114,Puebla,0001,Heroica Puebla de Zaragoza,4472,075,,,,Fijo,19.06232928,-98.12927885,2010-07,True,True,False,False,True,True,False,False,False,False,False,True,REVISAR,REVISAR,REVISAR,FILTRO_DENUE,REGLAS_DENUE,
10305911,21114812210020532000000000U5,CLEANTAP,,812210,Lavanderías y tintorerías,6 a 10 personas,CALLE,PRIVADA 13 A SUR,AVENIDA,55 PONIENTE,CALLE,11 SUR,AVENIDA,55 PONIENTE,5308,,,,,,COLONIA,PRADOS AGUA AZUL,,,,72456,21,PUEBLA,114,Puebla,0001,Heroica Puebla de Zaragoza,079A,006,5539532872,,,Fijo,19.02569787,-98.22184911,2024-11,True,False,False,False,False,False,False,False,False,False,False,True,REVISAR,REVISAR,REVISAR,FILTRO_DENUE,REGLAS_DENUE,
7956275,21114812110049551010000000U4,COCO CLEAN,,812210,Lavanderías y tintorerías,0 a 5 personas,ANDADOR,PLAZA DEL ALCANFOR,ANDADOR,ANDADOR DEL ENCINO,ANDADOR,PLAZA DEL ALCANFOR,CIRCUITO,SAN BARTOLO ORIENTE A,52,C,,,1,,UNIDAD HABITACIONAL,SAN BARTOLO,,,,72470,21,PUEBLA,114,Puebla,0001,Heroica Puebla de Zaragoza,410A,013,2227602355,,,Fijo,18.9912367,-98.23860356,2019-11,True,False,False,False,False,False,False,False,False,False,False,True,REVISAR,REVISAR,REVISAR,FILTRO_DENUE,REGLAS_DENUE,
11173505,21015812210000402000000000U4,COMERCIALIZADORA LUMARE,COMERCIALIZADORA LUMARE,812210,Lavanderías y tintorerías,6 a 10 personas,CALLE,PATRICIA KURCZYN,OTRO(ESPECIFIQUE),ARROYO,PRIVADA,NINGUNO,CALLE,NINGUNO,14,,,,,,COLONIA,LAS ANIMAS,,,,72980,21,PUEBLA,015,Amozoc,0001,Amozoc de Mota,0221,016,,,,Fijo,19.04688855,-98.0672891,2024-11,True,False,False,False,False,False,False,False,False,False,False,True,REVISAR,REVISAR,REVISAR,FILTRO_DENUE,REGLAS_DENUE,
8234775,21114812210016661000000000U8,COMFORT WASH,JOSE LANZAGORTA,812210,Lavanderías y tintorerías,0 a 5 personas,CALLE,RIO JAMAPA,AVENIDA,SAN CLAUDIO,BOULEVARD,CIRCUNVALACION,BOULEVARD,22 SUR,6112,,,,,,COLONIA,CORONEL MIGUEL AUZA,,,,72570,21,PUEBLA,114,Puebla,0001,Heroica Puebla de Zaragoza,2620,032,2228821033,,,Fijo,19.00351801,-98.1988818,2019-11,True,False,False,False,False,False,False,False,False,False,False,True,REVISAR,REVISAR,REVISAR,FILTRO_DENUE,REGLAS_DENUE,
8150205,21114812210014891000000000U3,COMPOSTURA DE ROPA,EPIFANIA GONZALEZ,812210,Lavanderías y tintorerías,0 a 5 personas,PRIVADA,25 PONIENTE,CALLE,17 SUR,PRIVADA,IZTACCIHUATL,AVENIDA,27 PONIENTE,1711,,,,,,COLONIA,LAS PAJARITAS,,,,72410,21,PUEBLA,114,Puebla,0001,Heroica Puebla de Zaragoza,3722,016,,,,Fijo,19.04111763,-98.21659364,2019-11,True,True,True,False,False,False,False,False,False,False,False,True,REVISAR,REVISAR,REVISAR,FILTRO_DENUE,REGLAS_DENUE,
8285287,21114812210018041000000000U1,COSTO PLANCH,,812210,Lavanderías y tintorerías,0 a 5 personas,CALLE,CAMINO REAL A CHOLULA,PROLONGACION,47 SUR,CALLE,49 SUR,CALLE,CAMINO REAL A CHOLULA,4712,,,,,,COLONIA,SANTA CRUZ BUENAVISTA,,,,72150,21,PUEBLA,114,Puebla,0001,Heroica Puebla de Zaragoza,4627,002,2224926931,,,Fijo,19.04428909,-98.24372452,2019-11,True,False,False,False,False,False,False,False,False,False,False,True,REVISAR,REVISAR,REVISAR,FILTRO_DENUE,REGLAS_DENUE,
11699480,21114812210021241000000000U2,COSTU WASH,,812210,Lavanderías y tintorerías,0 a 5 personas,CALLE,9 SUR,AVENIDA,49 PONIENTE,AVENIDA,JUAN PABLO II,PRIVADA,9 A SUR,4903,,,,,,COLONIA,PRADOS AGUA AZUL,,,,72430,21,PUEBLA,114,Puebla,0001,Heroica Puebla de Zaragoza,0732,011,,,,Fijo,19.02721985,-98.21663145,2024-11,True,False,False,False,False,False,False,False,False,False,False,True,REVISAR,REVISAR,REVISAR,FILTRO_DENUE,REGLAS_DENUE,
9759489,21114812210019652000000000U4,DALAI LAVA,DALAI LAVA,812210,Lavanderías y tintorerías,6 a 10 personas,AVENIDA,31 PONIENTE,CALLE,23 SUR,CALLE,25 SUR,AVENIDA,29 PONIENTE,2324,,,,,,COLONIA,BENITO JUAREZ,,,,72410,21,PUEBLA,114,Puebla,0001,Heroica Puebla de Zaragoza,3718,018,,,,Fijo,19.0416636,-98.22272432,2024-11,True,False,False,False,False,False,False,False,False,False,False,True,REVISAR,REVISAR,REVISAR,FILTRO_DENUE,REGLAS_DENUE,
11306171,21114812210022082000000000U9,DALAILAVA,DALAILAVA,812210,Lavanderías y tintorerías,6 a 10 personas,AVENIDA,17 PONIENTE,CALLE,19 SUR,CALLE,21 SUR,AVENIDA,15 PONIENTE,1914,,,,,,COLONIA,RIVERA DE SANTIAGO,,,,72410,21,PUEBLA,114,Puebla,0001,Heroica Puebla de Zaragoza,0499,037,2227362388,CONTACTO@DALAILAVA.COM,WWW.DALAILAVA.COM,Fijo,19.04599923,-98.21688948,2024-11,True,False,False,False,False,False,False,False,False,False,False,True,REVISAR,REVISAR,REVISAR,FILTRO_DENUE,REGLAS_DENUE,
10349252,21114812210020551000000000U5,DALAILAVA,DALAILAVA,812210,Lavanderías y tintorerías,0 a 5 personas,CALLE,19 SUR,AVENIDA,13 PONIENTE,AVENIDA,15 PONIENTE,CALLE,21 SUR,1301,,,,,,COLONIA,BARRIO DE SANTIAGO,,,,72410,21,PUEBLA,114,Puebla,0001,Heroica Puebla de Zaragoza,0499,029,2221940879,CONTACTO@DALAILAVA.COM,WWW.DALAILAVA.COM,Fijo,19.04640044,-98.21471087,2024-11,True,False,False,False,False,False,False,False,False,False,False,True,REVISAR,REVISAR,REVISAR,FILTRO_DENUE,REGLAS_DENUE,
3331247,21041812210000161000000000U2,DE 10 LAVANDERIA,KARINA DUQUE,812210,Lavanderías y tintorerías,0 a 5 personas,AVENIDA,TLAXCALA,CALLE,SAN LORENZO,CALLE,SAN JUAN,PRIVADA,NINGUNO,37,,,,,,BARRIO,DEL ALTO,,,,72700,21,PUEBLA,041,Cuautlancingo,0001,San Juan Cuautlancingo,0109,073,2226610627,,,Fijo,19.09731878,-98.28289848,2014-12,True,True,False,False,False,True,False,False,False,False,False,True,REVISAR,REVISAR,REVISAR,FILTRO_DENUE,REGLAS_DENUE,
10162804,21114812210022181000000000U9,DIAMANTE,,812210,Lavanderías y tintorerías,0 a 5 personas,AVENIDA,58 PONIENTE,CALLE,7 NORTE,BOULEVARD,HEROES DEL 5 DE MAYO,AVENIDA,60 PONIENTE,704,,,,,,COLONIA,GUADALUPE VICTORIA,,,,72230,21,PUEBLA,114,Puebla,0001,Heroica Puebla de Zaragoza,3525,003,2222542922,,,Fijo,19.06861047,-98.19068501,2024-11,True,False,False,False,False,False,False,False,False,False,False,True,REVISAR,REVISAR,REVISAR,FILTRO_DENUE,REGLAS_DENUE,
9693534,21114812210022411000000000U0,DRY CLEAN USA,,812210,Lavanderías y tintorerías,0 a 5 personas,BOULEVARD,MUNICIPIO LIBRE,OTRO(ESPECIFIQUE),ARROYO,CALLE,NINGUNO,CALLE,RINCON DE LOS ROBLES,1972,,,1,7,,COLONIA,RICON ARBOLEDAS,CENTRO Y PLAZA COMERCIAL,PABELLON LAS TORRES,07,72460,21,PUEBLA,114,Puebla,0001,Heroica Puebla de Zaragoza,6021,031,2225808408,,,Fijo,19.01163262,-98.24564848,2024-11,True,False,False,False,False,False,False,False,False,False,False,True,REVISAR,REVISAR,REVISAR,FILTRO_DENUE,REGLAS_DENUE,
7852162,21114812210015831000000000U8,DRYON LAVANDERIA,,812210,Lavanderías y tintorerías,0 a 5 personas,CALLE,AVENIDA 19 PONIENTE,CALLE,41 SUR,AVENIDA,ROSENDO MARQUEZ,CALLE,PRIVADA DE LA 19 PONIENTE,4121,,,,,,COLONIA,BELISARIO DOMINGUEZ,,,,72180,21,PUEBLA,114,Puebla,0001,Heroica Puebla de Zaragoza,3652,015,,,,Fijo,19.05324474,-98.23364397,2019-11,True,True,False,False,False,True,False,False,False,False,False,True,REVISAR,REVISAR,REVISAR,FILTRO_DENUE,REGLAS_DENUE,
8591449,21140812210001512001000000U5,DYEABILITY LAVANDERIA INDUSTRIAL,DYEABILITY,812210,Lavanderías y tintorerías,11 a 30 personas,AVENIDA,JUAREZ ORIENTE,CALLE,5 DE MAYO SUR,CALLE,RIO RABANILLO SUR,OTRO(ESPECIFIQUE),ARROYO,111,,,,,,COLONIA,MANANTIALES,,,,72760,21,PUEBLA,140,San Pedro Cholula,0014,Santiago Momoxpan,0465,019,,,,Fijo,19.07971715,-98.27412847,2019-11,True,True,False,False,True,True,True,False,False,False,False,True,REVISAR,REVISAR,REVISAR,FILTRO_DENUE,REGLAS_DENUE,
3363060,21114532210000011012000000U3,EASY WASH,,812210,Lavanderías y tintorerías,0 a 5 personas,CALLE,30 SUR,PRIVADA,17 A ORIENTE,CALLE,17 ORIENTE,CALLE,34 SUR,3001,A,,,,,COLONIA,2 DE ABRIL,,,,72380,21,PUEBLA,114,Puebla,0001,Heroica Puebla de Zaragoza,3826,017,,,,Fijo,19.02841956,-98.18408808,2014-12,True,False,False,False,False,False,False,False,False,False,False,True,REVISAR,REVISAR,REVISAR,FILTRO_DENUE,REGLAS_DENUE,
8328903,21114812210015331000000000U9,ECO EXPRESS LAVANDERIA,,812210,Lavanderías y tintorerías,0 a 5 personas,AVENIDA,DIAGONAL DEFENSORES DE LA REPUBLICA,CALLE,PASEO DE LAS VILLAS,CARRETERA,18 DE NOVIEMBRE (FEDERAL PUEBLA-TEHUACAN),CARRETERA,18 DE NOVIEMBRE (FEDERAL PUEBLA-TEHUACAN),1050,,,,,,COLONIA,VILLA VERDE,,,,72310,21,PUEBLA,114,Puebla,0001,Heroica Puebla de Zaragoza,2279,020,,,,Fijo,19.05944375,-98.15988321,2019-11,True,True,False,False,False,True,False,False,False,False,False,True,REVISAR,REVISAR,REVISAR,FILTRO_DENUE,REGLAS_DENUE,
11479995,21114812210020141000000000U5,ECOCLEAN,,812210,Lavanderías y tintorerías,0 a 5 personas,CALLE,117 ORIENTE,PRIVADA,2 SUR A,DIAGONAL,PRIMERO DE ENERO,CALLE,119 ORIENTE,229,4,,,,,COLONIA,GRANJAS PUEBLA,,,,72490,21,PUEBLA,114,Puebla,0001,Heroica Puebla de Zaragoza,4190,020,,,,Fijo,18.98021889,-98.23069047,2024-11,True,False,False,False,False,False,False,False,False,False,False,True,REVISAR,REVISAR,REVISAR,FILTRO_DENUE,REGLAS_DENUE,
6804371,21119812210001262002000000U1,ECOCLEAN AVENTURA LOMAS,JET LAUNDRY,812210,Lavanderías y tintorerías,6 a 10 personas,OTRO(ESPECIFIQUE),NINGUNO,CALLE,NINGUNO,CALLE,ENTRONQUE AL PERIFERICO,CALLE,ENTRONQUE AL PERIFERICO,5421,,,17,,,LOCALIDAD,SAN BERNARDINO TLAXCALANCINGO,CENTRO Y PLAZA COMERCIAL,PLAZA AVENTURA,10,72830,21,PUEBLA,119,San Andrés Cholula,0013,San Bernardino Tlaxcalancingo,0480,016,2225557222,ECOCLEAN.ADMON@GMAIL.COM,,Fijo,19.00807691,-98.26581178,2017-11,True,True,False,False,False,True,False,False,False,False,False,True,REVISAR,REVISAR,REVISAR,FILTRO_DENUE,REGLAS_DENUE,
7546737,21114812210015531000000000U4,ECOCLEAN LAVANDERIA,,812210,Lavanderías y tintorerías,0 a 5 personas,CALLE,CAMINO REAL A SAN JERONIMO,PRIVADA,12 SUR,PRIVADA,NINGUNO,CALLE,NINGUNO,1220,1,,,,,COLONIA,GUADALUPE CALERA,,,,72100,21,PUEBLA,114,Puebla,0001,Heroica Puebla de Zaragoza,5235,035,,MIGUELMH7430@GMAIL.COM,,Fijo,19.0991064,-98.2236883,2019-11,True,True,False,False,False,True,False,False,False,False,False,True,REVISAR,REVISAR,REVISAR,FILTRO_DENUE,REGLAS_DENUE,
11317327,21053812210000331000000000U6,ECOLAUDRY,,812210,Lavanderías y tintorerías,0 a 5 personas,CALLE,NINGUNO,PRIVADA,NINGUNO,CALLE,NINGUNO,CALLE,NINGUNO,,SN,,,,,BARRIO,IXTLAHUACA,,,,73300,21,PUEBLA,053,Chignahuapan,0092,Ixtlahuaca Barrio,0491,061,7971400854,,,Fijo,19.8377312,-98.01957431,2024-11,True,False,False,False,False,False,False,False,False,False,False,True,REVISAR,REVISAR,REVISAR,FILTRO_DENUE,REGLAS_DENUE,
7596556,21114812210017031000000000U3,EL CALCETIN SOLITARIO,,812210,Lavanderías y tintorerías,0 a 5 personas,AVENIDA,GRAN AVENIDA,CALLE,AVENIDA 30 PONIENTE,AVENIDA,CARLOS GONZALEZ,CALLE,PRIVADA JABALI,2625,2,,,,,COLONIA,LAS HADAS MUNDIAL 86,,,,72070,21,PUEBLA,114,Puebla,0001,Heroica Puebla de Zaragoza,4222,016,2212010058,,,Fijo,19.06529728,-98.20761153,2019-11,True,False,False,False,False,False,False,False,False,False,False,True,REVISAR,REVISAR,REVISAR,FILTRO_DENUE,REGLAS_DENUE,
3467925,21041812210000101000000000U8,EL JABONCITO,,812210,Lavanderías y tintorerías,0 a 5 personas,CALLE,SAN JUAN,PRIVADA,ADOLFO LOPEZ MATEOS,PRIVADA,NINGUNO,CALLE,SANTA ELENA,78,,,,,,BARRIO,STA ELENA,,,,72200,21,PUEBLA,041,Cuautlancingo,0001,San Juan Cuautlancingo,0062,035,2221000052,,,Fijo,19.09139413,-98.27731479,2010-07,True,False,False,False,False,False,False,False,False,False,False,True,REVISAR,REVISAR,REVISAR,FILTRO_DENUE,REGLAS_DENUE,
10659223,21114812210021111000000000U7,EL LAVADERO,,812210,Lavanderías y tintorerías,0 a 5 personas,CALLE,GUERRERO,CALLE,CAMINO NACIONAL,AVENIDA,INDEPENDENCIA,CALLE,GUADALAJARA,,SN,,,,,COLONIA,INDEPENDENCIA,,,,72150,21,PUEBLA,114,Puebla,0001,Heroica Puebla de Zaragoza,346A,001,,,,Fijo,19.07362267,-98.25373171,2024-11,True,False,False,False,False,False,False,False,False,False,False,True,REVISAR,REVISAR,REVISAR,FILTRO_DENUE,REGLAS_DENUE,
8186296,21114812210018271000000000U4,EL LAVADERO,,812210,Lavanderías y tintorerías,0 a 5 personas,AVENIDA,GUADALUPE,PRIVADA,5 B SUR,CALLE,7 SUR,AVENIDA,137 PONIENTE,,SN,,,,,COLONIA,SAN JUAN BAUTISTA,,,,72495,21,PUEBLA,114,Puebla,0001,Heroica Puebla de Zaragoza,2029,025,,,,Fijo,18.97228825,-98.24711337,2019-11,True,False,False,False,False,False,False,False,False,False,False,True,REVISAR,REVISAR,REVISAR,FILTRO_DENUE,REGLAS_DENUE,
10247398,21041812210001481000000000U3,ESTETICA DE TENIS,,812210,Lavanderías y tintorerías,0 a 5 personas,AVENIDA,TLAXCALA,CALLE,SOLARES,CALLE,NINGUNO,CALLE,NINGUNO,,SN,,,,,LOCALIDAD,CUAUTLANCINGO,,,,72700,21,PUEBLA,041,Cuautlancingo,0001,San Juan Cuautlancingo,0062,074,,,,Fijo,19.09460081,-98.28365646,2024-11,True,False,False,False,False,False,False,False,False,False,False,True,REVISAR,REVISAR,REVISAR,FILTRO_DENUE,REGLAS_DENUE,
3264275,21114812210001851000000000U2,EXTRA CLEAN,,812210,Lavanderías y tintorerías,0 a 5 personas,AVENIDA,15 PONIENTE,CALLE,23 SUR,PRIVADA,23 B SUR,CALLE,23 SUR,2312,A,,,,,COLONIA,AGUILA,,,,72410,21,PUEBLA,114,Puebla,0001,Heroica Puebla de Zaragoza,0380,038,,,,Fijo,19.047827,-98.21869274,2010-07,True,False,False,False,False,False,False,False,False,False,False,True,REVISAR,REVISAR,REVISAR,FILTRO_DENUE,REGLAS_DENUE,
8186502,21114812210018321000000000U7,FASTER WASH,,812210,Lavanderías y tintorerías,0 a 5 personas,CALLE,5 SUR,AVENIDA,111 PONIENTE,CALLE,111 A PONIENTE,PRIVADA,3 B SUR,,SN,,,,,COLONIA,LOMA ENCANTADA,,,,72474,21,PUEBLA,114,Puebla,0001,Heroica Puebla de Zaragoza,4684,048,4271034252,ANTONIOPAZMORENO@HOTMAIL.COM,,Fijo,18.98770491,-98.2335827,2019-11,True,False,False,False,False,False,False,False,False,False,False,True,REVISAR,REVISAR,REVISAR,FILTRO_DENUE,REGLAS_DENUE,
8827022,21114812210014101000000000U7,FASTER WHASH,,812210,Lavanderías y tintorerías,0 a 5 personas,AVENIDA,ROSALES,PROLONGACION,PROLONGACION DE LA 11 SUR,CALLE,NINGUNO,CERRADA,LAS TERRAZAS,957,,,,2,,COLONIA,SAN RAMON,,,,72498,21,PUEBLA,114,Puebla,0001,Heroica Puebla de Zaragoza,5432,018,,,,Fijo,18.97054819,-98.26301753,2019-11,True,False,False,False,False,False,False,False,False,False,False,True,REVISAR,REVISAR,REVISAR,FILTRO_DENUE,REGLAS_DENUE,
8658409,21114812210016811000000000U9,GALLERY CLEAN,,812210,Lavanderías y tintorerías,0 a 5 personas,CALLE,129 PONIENTE,AVENIDA,27 SUR,CERRADA,27 C SUR,AVENIDA,131 PONIENTE,2711,C,,,,,FRACCIONAMIENTO,HACIENDA SANTAN CLARA,,,,72498,21,PUEBLA,114,Puebla,0001,Heroica Puebla de Zaragoza,6337,005,,,,Fijo,18.99020076,-98.2688535,2019-11,True,False,False,False,False,False,False,False,False,False,False,True,REVISAR,REVISAR,REVISAR,FILTRO_DENUE,REGLAS_DENUE,
9626261,21132465311003511000000000U8,GLORIA LAVANDERIA,,812210,Lavanderías y tintorerías,0 a 5 personas,CALLE,CRISTOBAL COLON SUR,AVENIDA,BENITO JUAREZ ORIENTE,CALLE,JOSE MARIA MORELOS ORIENTE,CALLE,ATOYAC SUR,4,,,,,,COLONIA,DOMINGO ARENAS,,,,74050,21,PUEBLA,132,San Martín Texmelucan,0001,San Martín Texmelucan de Labastida,0340,016,2481305184,,,Fijo,19.28146274,-98.42844018,2024-11,True,True,False,False,False,True,False,False,False,False,False,True,REVISAR,REVISAR,REVISAR,FILTRO_DENUE,REGLAS_DENUE,
10730428,21140812210001671000000000U9,GOTITA DE AGUA,MARTIN TOROS,812210,Lavanderías y tintorerías,0 a 5 personas,CALLE,5 SUR,AVENIDA,7 PONIENTE,AVENIDA,9 PONIENTE,CALLE,7 SUR,701,,,,,,BARRIO,SANTA MARIA XIXITLA,,,,72762,21,PUEBLA,140,San Pedro Cholula,0001,Cholula de Rivadavia,0056,015,2212702702,,,Fijo,19.06075789,-98.31134829,2024-11,True,False,False,False,False,False,False,False,False,False,False,True,REVISAR,REVISAR,REVISAR,FILTRO_DENUE,REGLAS_DENUE,
3365480,21114812210011161000000000U4,GREENPRESS TINTORERÍAS,,812210,Lavanderías y tintorerías,0 a 5 personas,AVENIDA,49 PONIENTE,CALLE,KABAH,CALLE,TULUM,CIRCUITO,JUAN PABLO II,1137,,,,5,,COLONIA,REFORMA AGUA AZUL,,,,72430,21,PUEBLA,114,Puebla,0001,Heroica Puebla de Zaragoza,0732,034,2227082054,TINTORERIA@GRIMPRESS.MX,,Fijo,19.02945629,-98.22075771,2014-12,True,False,False,False,False,False,False,False,False,False,False,True,REVISAR,REVISAR,REVISAR,FILTRO_DENUE,REGLAS_DENUE,
7583005,21132812210000721000000000U0,HIPERCLEAN,,812210,Lavanderías y tintorerías,0 a 5 personas,CALLE,ADOLFO LOPEZ MATEOS,CALLE,TENIENTE NIEVA,CALLE,COFRE DE PEROTE,CALLE,MEXICALI,3,,,,,,COLONIA,OJO DE AGUA,,,,74042,21,PUEBLA,132,San Martín Texmelucan,0001,San Martín Texmelucan de Labastida,004A,032,2486904821,MALONSO42@HOTMAIL.COM,,Fijo,19.28642501,-98.44478408,2019-11,True,False,False,False,False,False,False,False,False,False,False,True,REVISAR,REVISAR,REVISAR,FILTRO_DENUE,REGLAS_DENUE,
9082634,21114812210018691000000000U3,HOY LAVO,,812210,Lavanderías y tintorerías,0 a 5 personas,BOULEVARD,JOSE MARIA LAFRAGUA,BOULEVARD,JOSE MARIA LAFRAGUA,CALLE,LINDA VISTA,CIRCUITO,EL ROBLE,8505,B,,,,,COLONIA,SAN JOSE XILOTZINGO,,,,72520,21,PUEBLA,114,Puebla,0001,Heroica Puebla de Zaragoza,4561,013,2223517584,,,Fijo,18.98731627,-98.19613526,2019-11,True,False,False,False,False,False,False,False,False,False,False,True,REVISAR,REVISAR,REVISAR,FILTRO_DENUE,REGLAS_DENUE,
10327922,21119812210002402000000000U2,IKLEAN,ATELOTRANSFORMACIONES,812210,Lavanderías y tintorerías,6 a 10 personas,OTRO(ESPECIFIQUE),NINGUNO,CALLE,NINGUNO,CALLE,ENTRONQUE AL PERIFERICO,BOULEVARD,PERIFERICO ECOLOGICO,5413,,,1,,,LOCALIDAD,SAN BERNARDINO TLAXCALANCINGO,CENTRO Y PLAZA COMERCIAL,PLAZA ADAMANT,3,72830,21,PUEBLA,119,San Andrés Cholula,0013,San Bernardino Tlaxcalancingo,0480,016,,IKLEAN.LAVANDERIAYTINTORERIA@GMAIL.COM,,Fijo,19.008702,-98.26456284,2024-11,True,False,False,False,False,False,False,False,False,False,False,True,REVISAR,REVISAR,REVISAR,FILTRO_DENUE,REGLAS_DENUE,
3339619,21119812210000893002000000U4,IMPERY CLEAN,,812210,Lavanderías y tintorerías,0 a 5 personas,BOULEVARD,ATLIXCAYOTL,CALLE,NINGUNO,CALLE,NINGUNO,CALLE,SAN MARTINITO,3248,,,1,103,,COLONIA,SAN MARTINITO,CENTRO Y PLAZA COMERCIAL,PLAZA W,SN,72810,21,PUEBLA,119,San Andrés Cholula,0013,San Bernardino Tlaxcalancingo,0457,021,2214262980,IMPERYCLEAN@GMAIL.COM,,Fijo,19.01731653,-98.2518206,2014-12,True,False,False,False,False,False,False,False,False,False,False,True,REVISAR,REVISAR,REVISAR,FILTRO_DENUE,REGLAS_DENUE,
7597330,21114812210017101000000000U4,INGENIERIA EN LAVADOS INDUSTRIALES,,812210,Lavanderías y tintorerías,0 a 5 personas,CALLE,78 PONIENTE,PRIVADA,25 NORTE,PRIVADA,PRIVADA DE LA 23 NORTE,CALLE,21 NORTE,2316,,,,,,COLONIA,LA LOMA,,,,72230,21,PUEBLA,114,Puebla,0001,Heroica Puebla de Zaragoza,5019,011,2223150052,,,Fijo,19.08043971,-98.19588614,2019-11,True,False,False,False,False,False,False,False,False,False,False,True,REVISAR,REVISAR,REVISAR,FILTRO_DENUE,REGLAS_DENUE,
3364985,21114812210011611000000000U8,IRON CLEAN,,812210,Lavanderías y tintorerías,0 a 5 personas,CALLE,NINGUNO,CALLE,10,CALLE,6,CALLE,PASEO SAN JOSE VISTA HERMOSA SUR,37,,,17,19,,COLONIA,SAN JOSE VISTA HERMOSA,CENTRO Y PLAZA COMERCIAL,SAN JOSE,33,72190,21,PUEBLA,114,Puebla,0001,Heroica Puebla de Zaragoza,1177,022,,,,Fijo,19.03904791,-98.24176655,2014-12,True,False,False,False,False,False,False,False,False,False,False,True,REVISAR,REVISAR,REVISAR,FILTRO_DENUE,REGLAS_DENUE,
8181694,21114812210016471000000000U2,IRON SERVICE,,812210,Lavanderías y tintorerías,0 a 5 personas,BOULEVARD,VICENTE GUERRERO,BOULEVARD,VICENTE GUERRERO,BOULEVARD,HOMBRES ILUSTRES,AVENIDA,SOCRATES,154,,,,,,FRACCIONAMIENTO,VALLE DEL SOL,,,,72565,21,PUEBLA,114,Puebla,0001,Heroica Puebla de Zaragoza,3972,013,2222949652,PAVELPALOMEQUE@HOTMAIL.COM,,Fijo,19.01286721,-98.18568982,2019-11,True,False,False,False,False,False,False,False,False,False,False,True,REVISAR,REVISAR,REVISAR,FILTRO_DENUE,REGLAS_DENUE,
9612493,21114812210021561000000000U3,IWASH LAVANDERIA,,812210,Lavanderías y tintorerías,0 a 5 personas,CALLE,GASODUCTO,CALLE,SANTA BARBARA,CALLE,FRANCISCO I MADERO,CALLE,SANTA BARBARA,,SN,,,,,OTRO,SAN PABLO XOCHIMEHUACAN,,,,72104,21,PUEBLA,114,Puebla,0001,Heroica Puebla de Zaragoza,2584,016,2228500698,,,Fijo,19.09309091,-98.19834711,2024-11,True,True,False,False,False,True,False,False,False,False,False,True,REVISAR,REVISAR,REVISAR,FILTRO_DENUE,REGLAS_DENUE,
8235239,21114722514024321010000000U3,JUSTN CLEAN TINTORERIA LAVANDERIA Y PLANCHADURIA,GABINO CONDE,812210,Lavanderías y tintorerías,0 a 5 personas,BOULEVARD,JOSE MARIA LAFRAGUA,BOULEVARD,MUNICIPIO LIBRE,AVENIDA,LUIS N MORONES,PRIVADA,ODONTOLOGIA,,SN,,,,,COLONIA,UNIVERSIDADES,,,,72592,21,PUEBLA,114,Puebla,0001,Heroica Puebla de Zaragoza,1798,062,,,,Fijo,18.99479269,-98.19556328,2019-11,True,True,False,False,True,True,False,False,False,False,False,True,REVISAR,REVISAR,REVISAR,FILTRO_DENUE,REGLAS_DENUE,
3364524,21114812210008562001000000U8,KLIN DE LUX,,812210,Lavanderías y tintorerías,0 a 5 personas,CALLE,RIO BRAVO,AVENIDA,SAN FRANCISCO,AVENIDA,SAN IGNACIO,BOULEVARD,18 SUR,5703,,,,,,FRACCIONAMIENTO,JARDINES DE SAN MANUEL,,,,72570,21,PUEBLA,114,Puebla,0001,Heroica Puebla de Zaragoza,0817,031,2222455737,,,Fijo,19.01094114,-98.19937526,2010-07,True,False,False,False,False,False,False,False,False,False,False,True,REVISAR,REVISAR,REVISAR,FILTRO_DENUE,REGLAS_DENUE,
3370727,21114812210009991000000000U8,LA BURBUJA,,812210,Lavanderías y tintorerías,0 a 5 personas,AVENIDA,12 SUR,CALLE,NINGUNO,CALLE,NINGUNO,PEATONAL,NINGUNO,2,,,,3,,FRACCIONAMIENTO,LOS HEROES PUEBLA,,,,72590,21,PUEBLA,114,Puebla,0001,Heroica Puebla de Zaragoza,5409,056,2223555032,,,Fijo,18.9776616,-98.22141335,2014-12,True,False,False,False,False,False,False,False,False,False,False,True,REVISAR,REVISAR,REVISAR,FILTRO_DENUE,REGLAS_DENUE,
10842586,21114812210019301000000000U8,LA BURBUJA,,812210,Lavanderías y tintorerías,0 a 5 personas,CERRADA,CAPULIN,ANDADOR,DURAZNO,BOULEVARD,XONACATEPEC,BOULEVARD,XONACATEPEC,16,,,,,,COLONIA,INFONAVIT AMALUCAN,,,,72310,21,PUEBLA,114,Puebla,0001,Heroica Puebla de Zaragoza,2387,006,,,,Fijo,19.05252049,-98.14646685,2024-11,True,False,False,False,False,False,False,False,False,False,False,True,REVISAR,REVISAR,REVISAR,FILTRO_DENUE,REGLAS_DENUE,
9340441,21114812210019081000000000U6,LA BURBUJA MAGICA LAVANDERIA,,812210,Lavanderías y tintorerías,0 a 5 personas,AVENIDA,14 SUR,AVENIDA,SAN IGNACIO,BOULEVARD,CIRCUNVALACION,CALLE,RIO PANUCO,5912,,,,,,FRACCIONAMIENTO,JARDINES DE SAN MANUEL,,,,72570,21,PUEBLA,114,Puebla,0001,Heroica Puebla de Zaragoza,0802,008,,,,Fijo,19.00932385,-98.20347088,2021-05,True,True,False,False,False,True,False,False,False,False,False,True,REVISAR,REVISAR,REVISAR,FILTRO_DENUE,REGLAS_DENUE,
10859241,21132812210001181000000000U6,LA BURBUJITA,,812210,Lavanderías y tintorerías,0 a 5 personas,CALLE,NINGUNO,CALLE,COLIMA SUR,PRIVADA,GUADALUPE,CALLE,TABASCO,,SN,,,,,LOCALIDAD,SAN RAFAEL TLANALAPAN,,,,74122,21,PUEBLA,132,San Martín Texmelucan,0013,San Rafael Tlanalapan,029A,002,2482251451,,,Fijo,19.27271438,-98.4591741,2024-11,True,False,False,False,False,False,False,False,False,False,False,True,REVISAR,REVISAR,REVISAR,FILTRO_DENUE,REGLAS_DENUE,
3364486,21114812210010871000000000U9,LA CASA QUE PLANCHA,,812210,Lavanderías y tintorerías,0 a 5 personas,AVENIDA,SAN MANUEL,BOULEVARD,22 SUR,CALLE,HIDALGO,CALLE,NINGUNO,5501,A,,,,,UNIDAD HABITACIONAL,SAN MANUEL,,,,72570,21,PUEBLA,114,Puebla,0001,Heroica Puebla de Zaragoza,0817,047,2221110424,,,Fijo,19.01251339,-98.19653733,2014-12,True,False,False,False,False,False,False,False,False,False,False,True,REVISAR,REVISAR,REVISAR,FILTRO_DENUE,REGLAS_DENUE,
10698169,21114812210021601000000000U7,LA ESPERANCITA LAVANDERIA,,812210,Lavanderías y tintorerías,0 a 5 personas,CALLE,ZACAPOAXTLA,CALLE,ALLENDE,CALLE,SEGUNDA DE BENITO JUAREZ,CALLE,HUAUCHINANGO,723,,,,,,COLONIA,VICENTE GUERRERO,,,,72470,21,PUEBLA,114,Puebla,0001,Heroica Puebla de Zaragoza,3915,034,,,,Fijo,19.00297348,-98.2311296,2024-11,True,True,False,False,False,True,False,False,False,False,False,True,REVISAR,REVISAR,REVISAR,FILTRO_DENUE,REGLAS_DENUE,
10950297,21041812210001501000000000U8,LA LAVANDERIA,,812210,Lavanderías y tintorerías,0 a 5 personas,CALLE,SAN CARLOS,AVENIDA,PROLONGACION SAN JOAQUIN,CALLE,NINGUNO,CALLE,CAMINO NACIONAL,,SN,,,,,BARRIO,DEL CALVARIO,,,,72702,21,PUEBLA,041,Cuautlancingo,0001,San Juan Cuautlancingo,0109,091,,,,Fijo,19.11251192,-98.26470689,2024-11,True,True,False,False,False,True,False,False,False,False,False,True,REVISAR,REVISAR,REVISAR,FILTRO_DENUE,REGLAS_DENUE,
8235336,21114812210016771000000000U5,LA LAVANDERIA,,812210,Lavanderías y tintorerías,0 a 5 personas,CALLE,BENITO JUAREZ,CALLE,MIGUEL HIDALGO,CALLE,2 SUR,AVENIDA,JOSE MARIA MORELOS,222,,,,,,COLONIA,SAN BALTAZAR CAMPECHE,,,,72550,21,PUEBLA,114,Puebla,0001,Heroica Puebla de Zaragoza,0747,008,,,,Fijo,19.02253841,-98.20943528,2019-11,True,True,False,False,False,True,False,False,False,False,False,True,REVISAR,REVISAR,REVISAR,FILTRO_DENUE,REGLAS_DENUE,
10084760,21041812210001161000000000U1,LA LAVANDERIA,MARIANA MORENO,812210,Lavanderías y tintorerías,0 a 5 personas,AVENIDA,MEXICO PUEBLA,PRIVADA,NACIONAL,CALLE,OLIVOS,CALLE,MARGARITAS,,SN,,,,,LOCALIDAD,DEL CALVARIO,,,,72600,21,PUEBLA,041,Cuautlancingo,0001,San Juan Cuautlancingo,0109,001,2223662689,,,Fijo,19.10109399,-98.27342276,2024-11,True,True,False,False,False,True,False,False,False,False,False,True,REVISAR,REVISAR,REVISAR,FILTRO_DENUE,REGLAS_DENUE,
11041629,21132812210001271000000000U5,LA LAVANDERIA SIN NOMBRE,,812210,Lavanderías y tintorerías,0 a 5 personas,CALLE,LEONA VICARIO,CALLE,BENITO JUAREZ,CALLE,GENERAL IGNACIO ZARAGOZA,CALLE,FRANCISCO VILLA,20,,,,,,PUEBLO,SAN LUCAS ATOYATENCO,,,,74120,21,PUEBLA,132,San Martín Texmelucan,0001,San Martín Texmelucan de Labastida,0389,008,2481419063,,,Fijo,19.28261972,-98.41532122,2024-11,True,True,False,False,False,True,False,False,False,False,False,True,REVISAR,REVISAR,REVISAR,FILTRO_DENUE,REGLAS_DENUE,
8118983,21041812210000991000000000U2,LA LAVANDERIA TINTORERIA SIN NOMBRE,,812210,Lavanderías y tintorerías,0 a 5 personas,CALLE,DIAZ ORDAZ,PRIVADA,NINGUNO,CALLE,PRIMERO DE MAYO,CALLE,PRIMERO DE MAYO,,SN,,,,,LOCALIDAD,SAN LORENZO ALMECATLA,,,,72710,21,PUEBLA,041,Cuautlancingo,0012,San Lorenzo Almecatla,019A,040,2225514975,,,Fijo,19.13964647,-98.24381195,2019-11,True,True,False,False,True,True,False,False,False,False,False,True,REVISAR,REVISAR,REVISAR,FILTRO_DENUE,REGLAS_DENUE,
11378553,21114812210020591000000000U1,LA RELIMPIA,,812210,Lavanderías y tintorerías,0 a 5 personas,CALLE,4 C,CALLE,9 C,CALLE,NINGUNO,CALLE,1 C,,SN,,,,,COLONIA,BOSQUES DE SAN SEBASTIAN,,,,72310,21,PUEBLA,114,Puebla,0001,Heroica Puebla de Zaragoza,481A,004,,LARELIMPIA@GMAIL.COM,,Fijo,19.06578332,-98.13091481,2024-11,True,False,False,False,False,False,False,False,False,False,False,True,REVISAR,REVISAR,REVISAR,FILTRO_DENUE,REGLAS_DENUE,
8173750,21119812210001411000000000U4,LA TINTO TINTORERIA,,812210,Lavanderías y tintorerías,0 a 5 personas,BOULEVARD,LOMAS NORTE,CALLE,NINGUNO,BOULEVARD,LOMAS ORIENTE,CALLE,NINGUNO,5501,A,,1,,,LOCALIDAD,SAN BERNARDINO TLAXCALANCINGO,CENTRO Y PLAZA COMERCIAL,PLAZA VIA LOMAS,3,72830,21,PUEBLA,119,San Andrés Cholula,0013,San Bernardino Tlaxcalancingo,0495,016,2221234773,,,Fijo,19.00272063,-98.26770805,2019-11,True,True,False,False,True,False,False,False,False,False,False,True,REVISAR,REVISAR,REVISAR,FILTRO_DENUE,REGLAS_DENUE,
11477067,21114812210019671000000000U4,LA TINTO TINTORERIA Y LAVANDERIA,,812210,Lavanderías y tintorerías,0 a 5 personas,CALLE,REFORMA AGUA AZUL,CALLE,17 SUR,CALLE,19 SUR,CIRCUITO,JUAN PABLO II,1717,,,,2,,COLONIA,REFORMA AGUA AZUL,,,,72430,21,PUEBLA,114,Puebla,0001,Heroica Puebla de Zaragoza,2457,032,2229706991,,WWW.LA-TINTO.COM.MX,Fijo,19.03184208,-98.22312955,2024-11,True,True,False,False,True,True,False,False,False,False,False,True,REVISAR,REVISAR,REVISAR,FILTRO_DENUE,REGLAS_DENUE,
9785283,21114812210020181000000000U1,LA VANDERIA LA BURBUJA AZUL,,812210,Lavanderías y tintorerías,0 a 5 personas,CALLE,CALLE DE LAS FLORES,CALLE,IGNACIO ZARAGOZA,PRIVADA,PRIMERA MEXICO,PRIVADA,PUERTO MEXICO,,SN,,,,,COLONIA,SAN MIGUEL CANOA,,,,72900,21,PUEBLA,114,Puebla,0211,San Miguel Canoa,0959,006,2211900055,,,Fijo,19.14685721,-98.10188154,2024-11,True,False,False,False,False,False,False,False,False,False,False,True,REVISAR,REVISAR,REVISAR,FILTRO_DENUE,REGLAS_DENUE,
10473694,21114812210019871000000000U0,LANDERIA Y PLANCHADURIA DIRTY & CLEAN,,812210,Lavanderías y tintorerías,0 a 5 personas,CALLE,PINO SUAREZ,AVENIDA,3 SUR,CALLE,EL REFUGIO,AVENIDA,GUADALUPE,,SN,,,,,COLONIA,GUADALUPE HIDALGO,,,,72490,21,PUEBLA,114,Puebla,0001,Heroica Puebla de Zaragoza,1942,052,2211977526,,,Fijo,18.97011607,-98.24118714,2024-11,True,False,False,False,False,False,False,False,False,False,False,True,REVISAR,REVISAR,REVISAR,FILTRO_DENUE,REGLAS_DENUE,
11085776,21074812210000721000000000U4,LAUNDRY BOUTIQUE,,812210,Lavanderías y tintorerías,0 a 5 personas,BOULEVARD,HUEJOTZINGO AEROPUERTO,CALLE,NINGUNO,BOULEVARD,HUEJOTZINGO AEROPUERTO,CALLE,BOSQUE DE LOMAS,,SN,,,,,FRACCIONAMIENTO,BOSQUE DE LOS SAUCES,,,,74160,21,PUEBLA,074,Huejotzingo,0095,Rancho de los Caballos,0364,001,5644368792,,,Fijo,19.17378594,-98.3833149,2024-11,True,True,False,False,False,True,False,False,False,False,False,True,REVISAR,REVISAR,REVISAR,FILTRO_DENUE,REGLAS_DENUE,
7827580,21114812210013751000000000U0,LAUNDRY BUBBLES,,812210,Lavanderías y tintorerías,0 a 5 personas,CALLE,43 NORTE,CALLE,AVENIDA 2 PONIENTE,CALLE,DIAGONAL REFORMA NORTE,CALLE,41 NORTE,4120,,,,,,COLONIA,AQUILES SERDAN,,,,72140,21,PUEBLA,114,Puebla,0001,Heroica Puebla de Zaragoza,3489,014,,,,Fijo,19.0611428,-98.22769522,2019-11,True,True,False,False,False,True,False,False,False,False,False,True,REVISAR,REVISAR,REVISAR,FILTRO_DENUE,REGLAS_DENUE,
9935846,21041812210001151000000000U2,LAUNDRY CENTER,,812210,Lavanderías y tintorerías,0 a 5 personas,CALLE,CALLE DEL CARMEN,CALLE,URANGA,PRIVADA,NINGUNO,CALLE,URANGA,,SN,,,3,,COLONIA,BARRIO EL CALVARIO,,,,72702,21,PUEBLA,041,Cuautlancingo,0008,Sanctorum,0151,008,,,,Fijo,19.09905958,-98.26458439,2024-11,True,True,False,False,False,True,False,False,False,False,False,True,REVISAR,REVISAR,REVISAR,FILTRO_DENUE,REGLAS_DENUE,
8187147,21114812210018471000000000U0,LAUNDRY SERVICE,,812210,Lavanderías y tintorerías,0 a 5 personas,CALLE,97 ORIENTE,PRIVADA,2 B SUR,PRIVADA,2 A SUR,CALLE,97 A ORIENTE,213,,,,,,COLONIA,JARDINES DE BUGAMBILIA,,,,72474,21,PUEBLA,114,Puebla,0001,Heroica Puebla de Zaragoza,5470,008,2221268888,,,Fijo,18.9939597,-98.22178887,2019-11,True,True,False,False,False,True,False,False,False,False,False,True,REVISAR,REVISAR,REVISAR,FILTRO_DENUE,REGLAS_DENUE,
3339608,21119812210000611000000000U0,LAV O TRONIK,TPSP,812210,Lavanderías y tintorerías,0 a 5 personas,CALLE,RAMON IBARRA Y GONZALEZ,CALLE,ORION NORTE,PRIVADA,NINGUNO,PRIVADA,NINGUNO,16,,,,,,COLONIA,EMILIANO ZAPATA,,,,72842,21,PUEBLA,119,San Andrés Cholula,0013,San Bernardino Tlaxcalancingo,0419,035,,LAVOTRONIKTINTORERIAS@GMAIL.COM,,Fijo,19.03084515,-98.2558133,2014-12,True,False,False,False,False,False,False,False,False,False,False,True,REVISAR,REVISAR,REVISAR,FILTRO_DENUE,REGLAS_DENUE,
3264344,21114812210006051000000000U4,LAVA CLEAN,,812210,Lavanderías y tintorerías,0 a 5 personas,AVENIDA,15 PONIENTE,CALLE,19 SUR,CALLE,21 SUR,AVENIDA,17 PONIENTE,1903,A,,,,,COLONIA,RIVERA DE SANTIAGO,,,,72410,21,PUEBLA,114,Puebla,0001,Heroica Puebla de Zaragoza,0499,037,2211446411,,,Fijo,19.04598473,-98.21532889,2010-07,True,False,False,False,False,False,False,False,False,False,False,True,REVISAR,REVISAR,REVISAR,FILTRO_DENUE,REGLAS_DENUE,
7445428,21119812210001661000000000U4,LAVA EXPRES,,812210,Lavanderías y tintorerías,0 a 5 personas,AVENIDA,5 DE MAYO,CALLE,12 PONIENTE,CALLE,10 PONIENTE,CALLE,3 NORTE,1006,,,,1004,,COLONIA,CENTRO,,,,72810,21,PUEBLA,119,San Andrés Cholula,0001,San Andrés Cholula,0194,048,,,,Fijo,19.05581529,-98.29713155,2019-11,True,False,False,False,False,False,False,False,False,False,False,True,REVISAR,REVISAR,REVISAR,FILTRO_DENUE,REGLAS_DENUE,
9726139,21132812210001241000000000U8,LAVA EXPRESS,,812210,Lavanderías y tintorerías,0 a 5 personas,CALLE,MARIANO ABASOLO,PRIVADA,ACOTZALA,CALLE,CARMEN SERDAN,PRIVADA,ACOTZALA,209,,,,,,COLONIA,LOS DICIOS,,,,74080,21,PUEBLA,132,San Martín Texmelucan,0001,San Martín Texmelucan de Labastida,0374,017,2461500873,,,Fijo,19.27734833,-98.43350453,2024-11,True,False,False,False,False,False,False,False,False,False,False,True,REVISAR,REVISAR,REVISAR,FILTRO_DENUE,REGLAS_DENUE,
3434830,21119812210000211000000000U9,LAVA EXPRESS,,812210,Lavanderías y tintorerías,0 a 5 personas,AVENIDA,AVENIDA DE LOS FRESNOS,CALLE,LOS NOGALES,CALLE,CEDRO,CALLE,CALLE DE LOS OLIVOS,10,,,,,,COLONIA,LAZARO CARDENAS,,,,72810,21,PUEBLA,119,San Andrés Cholula,0001,San Andrés Cholula,0156,018,,,,Fijo,19.06416164,-98.29336352,2010-07,True,False,False,False,False,False,False,False,False,False,False,True,REVISAR,REVISAR,REVISAR,FILTRO_DENUE,REGLAS_DENUE,
3375556,21114812210011061000000000U6,LAVA FASES,,812210,Lavanderías y tintorerías,0 a 5 personas,AVENIDA,141 PONIENTE,CALLE,17 SUR,CALLE,19 SUR,PRIVADA,PRIMERA DE ALCANFORES,1929,,,,,,COLONIA,SAN ISIDRO CASTILLOTLA,,,,72498,21,PUEBLA,114,Puebla,0001,Heroica Puebla de Zaragoza,5428,025,,,,Fijo,18.9768807,-98.26570507,2014-12,True,False,False,False,False,False,False,False,False,False,False,True,REVISAR,REVISAR,REVISAR,FILTRO_DENUE,REGLAS_DENUE,
3374092,21114812210008663001000000U4,LAVA FASES,,812210,Lavanderías y tintorerías,6 a 10 personas,AVENIDA,83 PONIENTE,CALLE,13 B SUR,CALLE,13 C SUR,BOULEVARD,MUNICIPIO LIBRE,1519,,,,,,COLONIA,SAN JOSE MAYORAZGO,,,,72450,21,PUEBLA,114,Puebla,0001,Heroica Puebla de Zaragoza,4330,033,,LITEEC@HOTMAIL.COM,,Fijo,19.0055839,-98.23486736,2014-12,True,False,False,False,False,False,False,False,False,False,False,True,REVISAR,REVISAR,REVISAR,FILTRO_DENUE,REGLAS_DENUE,
6449447,21114812210013361000000000U8,LAVA FAST,,812210,Lavanderías y tintorerías,0 a 5 personas,AVENIDA,31 PONIENTE,CALLE,29 SUR,CALLE,27 SUR,AVENIDA,29 PONIENTE,2724,C,,,,,COLONIA,BENITO JUAREZ,,,,72410,21,PUEBLA,114,Puebla,0001,Heroica Puebla de Zaragoza,2495,018,2225238592,,,Fijo,19.04329196,-98.22609686,2014-12,True,False,False,False,False,False,False,False,False,False,False,True,REVISAR,REVISAR,REVISAR,FILTRO_DENUE,REGLAS_DENUE,
3336607,21119812210000661000000000U5,LAVA MAGIC,,812210,Lavanderías y tintorerías,0 a 5 personas,CALLE,EMILIANO ZAPATA,PRIVADA,NINGUNO,PRIVADA,NINGUNO,AVENIDA,TLATLAUQUITEPEC,15,A,,,,,PUEBLO,SAN RAFAEL COMAC,,,,72840,21,PUEBLA,119,San Andrés Cholula,0001,San Andrés Cholula,0086,004,,,,Fijo,19.03456632,-98.31283799,2014-12,True,False,False,False,False,False,False,False,False,False,False,True,REVISAR,REVISAR,REVISAR,FILTRO_DENUE,REGLAS_DENUE,
8150519,21114812210014931000000000U7,LAVA MAS,,812210,Lavanderías y tintorerías,0 a 5 personas,CALLE,13 SUR,AVENIDA,33 PONIENTE,CALLE,AVENIDA 35 PONIENTE,PRIVADA,11 SUR,3314,,,,,,COLONIA,LOS VOLCANES,,,,72410,21,PUEBLA,114,Puebla,0001,Heroica Puebla de Zaragoza,0588,025,2222082131,LAVAMASINFO@GMAIL.COM,,Fijo,19.03573062,-98.21501352,2019-11,True,False,False,False,False,False,False,False,False,False,False,True,REVISAR,REVISAR,REVISAR,FILTRO_DENUE,REGLAS_DENUE,
10529287,21119812210002421000000000U2,LAVA MAX,,812210,Lavanderías y tintorerías,0 a 5 personas,CARRETERA,FEDERAL PUEBLA ATLIXCO,PRIVADA,NINGUNO,PRIVADA,NINGUNO,AVENIDA,CUAUHTEMOC NORTE,,SN,,,,,COLONIA,SAN BERNARDIÑO TLAXCALANZINGO,,,,72820,21,PUEBLA,119,San Andrés Cholula,0013,San Bernardino Tlaxcalancingo,0349,007,2225283109,,,Fijo,19.02951832,-98.27985357,2024-11,True,False,False,False,False,False,False,False,False,False,False,True,REVISAR,REVISAR,REVISAR,FILTRO_DENUE,REGLAS_DENUE,
3274186,21114812210008301001000000U1,LAVA- O -TRONIK TINTORERIA,TEPSP,812210,Lavanderías y tintorerías,0 a 5 personas,AVENIDA,25 PONIENTE,CALLE,PRIVADA GREGORIO DE GANTE,CALLE,11 SUR,AVENIDA,23 PONIENTE,1104,3,,,1,,COLONIA,VOLCANES,,,,72410,21,PUEBLA,114,Puebla,0001,Heroica Puebla de Zaragoza,0588,007,,LAVATRONIKTINTORERIAS@GMAIL.COM,WWW.LAVATRONIK.COM,Fijo,19.03923505,-98.21165764,2012-06,True,True,False,False,True,False,False,False,False,False,False,True,REVISAR,REVISAR,REVISAR,FILTRO_DENUE,REGLAS_DENUE,
8826447,21114812210014071000000000U2,LAVA QUE TE PLANCHA,,812210,Lavanderías y tintorerías,0 a 5 personas,CALLE,INDEPENDENCIA,BOULEVARD,CARLOS CAMACHO ESPIRITU,PRIVADA,INDEPENDENCIA,CALLE,BENITO JUAREZ,,SN,,,,,BARRIO,SAN JUAN,,,,72590,21,PUEBLA,114,Puebla,0001,Heroica Puebla de Zaragoza,4580,021,,,,Fijo,18.98274809,-98.19876279,2019-11,True,False,False,False,False,False,False,False,False,False,False,True,REVISAR,REVISAR,REVISAR,FILTRO_DENUE,REGLAS_DENUE,
3369481,21114812210010851000000000U1,LAVA Y MAS,,812210,Lavanderías y tintorerías,0 a 5 personas,CALLE,105 A PONIENTE,PRIVADA,B 16 DE SEPTIEMBRE,CALLE,3 SUR,AVENIDA,105 PONIENTE,128,,,,,,COLONIA,LOMA ENCANTADA,,,,72474,21,PUEBLA,114,Puebla,0001,Heroica Puebla de Zaragoza,467A,030,2222057343,,,Fijo,18.99111948,-98.23009367,2014-12,True,False,False,False,False,False,False,False,False,False,False,True,REVISAR,REVISAR,REVISAR,FILTRO_DENUE,REGLAS_DENUE,
8106555,21041812210000911000000000U0,LAVACHIC,,812210,Lavanderías y tintorerías,0 a 5 personas,CALLE,SAN MIGUEL,PRIVADA,NINGUNO,PRIVADA,GUADALUPE,PRIVADA,NINGUNO,,SN,,,103,,LOCALIDAD,DEL CALVARIO,,,,72600,21,PUEBLA,041,Cuautlancingo,0001,San Juan Cuautlancingo,0109,020,,,,Fijo,19.10158107,-98.27700301,2019-11,True,False,False,False,False,False,False,False,False,False,False,True,REVISAR,REVISAR,REVISAR,FILTRO_DENUE,REGLAS_DENUE,
11561358,21140812210001621000000000U4,LAVACOQUICK,,812210,Lavanderías y tintorerías,0 a 5 personas,CALLE,CHOLULA,CALLE,9 NORTE,CALLE,AMOZOC,AVENIDA,5 DE DICIEMBRE,199,1,,,,,COLONIA,SAN MATIAS COCOYOTLA,,,,72767,21,PUEBLA,140,San Pedro Cholula,0001,Cholula de Rivadavia,0395,014,2221048214,,,Fijo,19.07459591,-98.30795664,2024-11,True,False,False,False,False,False,False,False,False,False,False,True,REVISAR,REVISAR,REVISAR,FILTRO_DENUE,REGLAS_DENUE,
9595298,21015812210000461000000000U0,LAVADENDERIA Y TINTORERIA LAVA EXPRESS BURBUJAS,LAVANDERIA,812210,Lavanderías y tintorerías,0 a 5 personas,CALLE,ALLENDE,AVENIDA,NACIONAL NORTE,CALLE,MORELOS,CERRADA,PRIMERA PARICUTIN,,SN,,,,,COLONIA,CASA BLANCA,,,,72361,21,PUEBLA,015,Amozoc,0031,Casa Blanca,0382,018,,,,Fijo,19.04307893,-98.1280139,2024-11,True,True,False,False,True,True,False,False,False,False,False,True,REVISAR,REVISAR,REVISAR,FILTRO_DENUE,REGLAS_DENUE,
10279795,21140812210001721000000000U2,LAVADERIA,,812210,Lavanderías y tintorerías,0 a 5 personas,AVENIDA,5 PONIENTE,CALLE,11 SUR,CALLE,9 SUR,AVENIDA,7 PONIENTE,911,,,,,,BARRIO,SANTA MARIA XIXITLA,,,,72760,21,PUEBLA,140,San Pedro Cholula,0001,Cholula de Rivadavia,0056,018,,,,Fijo,19.06361539,-98.31536191,2024-11,True,False,False,False,False,False,False,False,False,False,False,True,REVISAR,REVISAR,REVISAR,FILTRO_DENUE,REGLAS_DENUE,
9924656,21114812210022541000000000U4,LAVADERIA FAST & CLEAN,,812210,Lavanderías y tintorerías,0 a 5 personas,AVENIDA,3 SUR,CALLE,NARANJOS,CALLE,LIMONES,CALLE,MANDARINAS,,SN,,,,,COLONIA,BALCONES DEL SUR,,,,72495,21,PUEBLA,114,Puebla,0001,Heroica Puebla de Zaragoza,4970,025,2215887463,,,Fijo,18.94816024,-98.2369626,2024-11,True,False,False,False,False,False,False,False,False,False,False,True,REVISAR,REVISAR,REVISAR,FILTRO_DENUE,REGLAS_DENUE,
10147048,21114812210022041000000000U5,LAVADERIA SIN NOMBRE,,812210,Lavanderías y tintorerías,0 a 5 personas,CALLE,BARRANCA HONDA,CALLE,BARRANCA HONDA,CALLE,BARRANCA DEL ZAPOTE,CALLE,BARRANCA JALATLACO,25,B,,,,,CONJUNTO HABITACIONAL,LOMA LINDA,,,,72014,21,PUEBLA,114,Puebla,0001,Heroica Puebla de Zaragoza,4843,005,,,,Fijo,19.11158725,-98.2035569,2024-11,True,False,False,False,False,False,False,False,False,False,False,True,REVISAR,REVISAR,REVISAR,FILTRO_DENUE,REGLAS_DENUE,
3439843,21114812210002291000000000U0,LAVADERIA SIN NOMBRE,,812210,Lavanderías y tintorerías,0 a 5 personas,CALLE,12 A,BOULEVARD,ATEMPAN,CALLE,IXTEPEC,CALLE,11 A,7,4,,,,,COLONIA,BOSQUES AMALUCAN,,,,72310,21,PUEBLA,114,Puebla,0001,Heroica Puebla de Zaragoza,2828,003,,,,Fijo,19.05369391,-98.13110279,2010-07,True,False,False,False,False,False,False,False,False,False,False,True,REVISAR,REVISAR,REVISAR,FILTRO_DENUE,REGLAS_DENUE,
9645342,21114812210022421000000000U9,LAVADO DE ROPA EN DOMICILIO,,812210,Lavanderías y tintorerías,0 a 5 personas,PRIVADA,EL ALAMO,CALLE,GRECIA,AVENIDA,REPUBLICA MEXICANA,CALLE,GRECIA,13,,,,,,COLONIA,IGNACIO ROMERO VARGAS,,,,72724,21,PUEBLA,114,Puebla,0001,Heroica Puebla de Zaragoza,5822,011,2224187574,,,Fijo,19.08152395,-98.25537085,2024-11,True,True,True,False,True,True,False,False,False,False,False,True,INCLUIR,SI,SI,FILTRO_DENUE,REGLAS_DENUE,
3375247,21114812210011411000000000U3,LAVADO Y PLANCHADO,,812210,Lavanderías y tintorerías,0 a 5 personas,CALLE,TABACHINES,AVENIDA,ACACIAS,PRIVADA,NINGUNO,AVENIDA,OLIVOS,10000,,,,,,COLONIA,LOMAS DE CASTILLOTLA,,,,72490,21,PUEBLA,114,Puebla,0001,Heroica Puebla de Zaragoza,5413,015,2227303149,,,Fijo,18.98434565,-98.25189702,2014-12,True,True,False,False,False,True,False,False,True,False,False,True,REVISAR,REVISAR,REVISAR,FILTRO_DENUE,REGLAS_DENUE,
11096797,21074812210000642000000000U2,LAVADOS Y PROCESOS FLORES,,812210,Lavanderías y tintorerías,6 a 10 personas,CALLE,FEDERAL MEXICO PUEBLA,CALLE,ALAMOS,PRIVADA,SIEMPRE VIVA,CALLE,PRIMERO DE MAYO,251,B,,,,,LOCALIDAD,SAN MATEO CAPULTITLAN,,,,74167,21,PUEBLA,074,Huejotzingo,0004,San Mateo Capultitlán,0307,010,,,,Fijo,19.19818966,-98.41940636,2024-11,True,False,False,False,False,False,False,False,False,False,False,True,REVISAR,REVISAR,REVISAR,FILTRO_DENUE,REGLAS_DENUE,
3261466,21114812210001271000000000U3,LAVAGE TINTORERIA Y LAVANDERIA,,812210,Lavanderías y tintorerías,0 a 5 personas,AVENIDA,GRAN AVENIDA,CALLE,AVENIDA 28 PONIENTE,AVENIDA,ENRIQUE REBSAMEN,AVENIDA,RAFAEL SERRANO,,SN,,,,,COLONIA,MAESTRO FEDERAL,,,,72080,21,PUEBLA,114,Puebla,0001,Heroica Puebla de Zaragoza,4237,018,2226498138,JOSECRUZ-ROJAS@HOTMAIL.COM,,Fijo,19.06479547,-98.20784415,2010-07,True,True,False,False,True,True,False,False,False,False,False,True,REVISAR,REVISAR,REVISAR,FILTRO_DENUE,REGLAS_DENUE,
8182220,21114812210016511000000000U5,LAVALAVA DU,,812210,Lavanderías y tintorerías,0 a 5 personas,ANDADOR,ANDADOR DE CALLE SOLA,ANDADOR,ANDADOR DE LOS TRABAJADORES,AVENIDA,32 SUR,ANDADOR,ANDADOR DEL TAMBORCITO,,SN,,,,SN,CONJUNTO HABITACIONAL,LA MARGARITA,,,,72560,21,PUEBLA,114,Puebla,0001,Heroica Puebla de Zaragoza,2122,018,2222447203,,,Fijo,19.00729703,-98.19055435,2019-11,True,False,False,False,False,False,False,False,False,False,False,True,REVISAR,REVISAR,REVISAR,FILTRO_DENUE,REGLAS_DENUE,
9753170,21114812210022521000000000U6,LAVAMATIC,MATILDE ORTIZ,812210,Lavanderías y tintorerías,0 a 5 personas,CALLE,SANTA CECILIA,CALLE,SAN JUAN,CALLE,SAN PABLO,CALLE,SANTA INES,,SN,,,,,COLONIA,SANTA LUCIA VILLA ALTAMIRANO,,,,72499,21,PUEBLA,114,Puebla,0001,Heroica Puebla de Zaragoza,5697,005,2224348700,,,Fijo,18.95874116,-98.22654054,2024-11,True,False,False,False,False,False,False,False,False,False,False,True,REVISAR,REVISAR,REVISAR,FILTRO_DENUE,REGLAS_DENUE,
11246864,21119812210002311000000000U5,LAVAMATICO,,812210,Lavanderías y tintorerías,0 a 5 personas,CALLE,5 SUR,CALLE,11 PONIENTE,CALLE,9 PONIENTE,CALLE,3 SUR,513,,,,,,BARRIO,SANTA MARIA CUACO,,,,72715,21,PUEBLA,119,San Andrés Cholula,0001,San Andrés Cholula,0194,022,2211715376,,,Fijo,19.04812627,-98.30463566,2024-11,True,False,False,False,False,False,False,False,False,False,False,True,REVISAR,REVISAR,REVISAR,FILTRO_DENUE,REGLAS_DENUE,
11389904,21114812210019351000000000U3,LAVAMDERIA GANCHO BLANCO,,812210,Lavanderías y tintorerías,0 a 5 personas,CALLE,15 SUR,CALLE,AVENIDA 3 PONIENTE,AVENIDA,REFORMA,CALLE,17 SUR,107,,,,,,COLONIA,CENTRO,,,,72000,21,PUEBLA,114,Puebla,0001,Heroica Puebla de Zaragoza,0499,032,,,,Fijo,19.04916976,-98.20914844,2024-11,True,False,False,False,False,False,False,False,False,False,False,True,REVISAR,REVISAR,REVISAR,FILTRO_DENUE,REGLAS_DENUE,
10469327,21114812210019961000000000U9,LAVAND COFFE,,812210,Lavanderías y tintorerías,0 a 5 personas,CALLE,11 NORTE,CALLE,44 PONIENTE,CALLE,46 PONIENTE,CALLE,13 NORTE,4407,1,,,,,COLONIA,SANTA MARIA,,,,72080,21,PUEBLA,114,Puebla,0001,Heroica Puebla de Zaragoza,0130,038,,,,Fijo,19.0658604,-98.19589293,2024-11,True,False,False,False,False,False,False,False,False,False,False,True,REVISAR,REVISAR,REVISAR,FILTRO_DENUE,REGLAS_DENUE,
8325068,21015812210000311000000000U7,LAVANDERA LAU,,812210,Lavanderías y tintorerías,0 a 5 personas,CALLE,4 SUR,CALLE,9 ORIENTE,BOULEVARD,CARRETERA FEDERAL PUEBLA A TEHUACAN,OTRO(ESPECIFIQUE),ARROYO,,SN,,,,,COLONIA,GUADALUPE,,,,72990,21,PUEBLA,015,Amozoc,0001,Amozoc de Mota,033A,004,,,,Fijo,19.04359892,-98.09338222,2019-11,True,False,False,False,False,False,False,False,False,False,False,True,REVISAR,REVISAR,REVISAR,FILTRO_DENUE,REGLAS_DENUE,
10166694,21114812210020681000000000U0,LAVANDERI SIN NOMBRE,,812210,Lavanderías y tintorerías,0 a 5 personas,CALLE,ALLENDE,BOULEVARD,MUNICIPIO LIBRE,CALLE,HUAUCHINANGO,CALLE,GUERRERO,,SN,,,,,COLONIA,VICENTE GUERRERO,,,,72474,21,PUEBLA,114,Puebla,0001,Heroica Puebla de Zaragoza,3900,028,2225474832,,,Fijo,19.00193668,-98.23037912,2024-11,True,False,False,False,False,False,False,False,False,False,False,True,REVISAR,REVISAR,REVISAR,FILTRO_DENUE,REGLAS_DENUE,
11684425,21074812210000701000000000U6,LAVANDERIA,,812210,Lavanderías y tintorerías,0 a 5 personas,CALLE,JOSE MARIA MORELOS,AVENIDA,MIGUEL JERONIMO MARTINEZ,AVENIDA,5 DE MAYO,CALLE,ALDAMA,,SN,,,,,BARRIO,CUARTO BARRIO,,,,74160,21,PUEBLA,074,Huejotzingo,0001,Huejotzingo,0044,012,2225798375,,,Fijo,19.16136267,-98.40656672,2024-11,True,True,False,False,False,True,False,False,False,False,False,True,REVISAR,REVISAR,REVISAR,FILTRO_DENUE,REGLAS_DENUE,
10037003,21015812210000511000000000U2,LAVANDERIA,LAVANDERIA,812210,Lavanderías y tintorerías,0 a 5 personas,AVENIDA,15 ORIENTE,CALLE,NOGAL,CALLE,2 SUR,CALLE,17 ORIENTE,205,L-1,,,,,COLONIA,AGUA SANTA,,,,72990,21,PUEBLA,015,Amozoc,0001,Amozoc de Mota,0151,010,2226985570,GIANMAU385@GMAIL.COM,,Fijo,19.04082174,-98.09448102,2024-11,True,True,False,False,False,True,False,False,False,False,False,True,REVISAR,REVISAR,REVISAR,FILTRO_DENUE,REGLAS_DENUE,
3333035,21140812210000761000000000U9,LAVANDERIA,,812210,Lavanderías y tintorerías,0 a 5 personas,CALLE,CAMINO REAL A SAN DIEGO MOLINO,CALLE,HIDALGO,PRIVADA,NINGUNO,PRIVADA,NINGUNO,,SN,,,,,LOCALIDAD,SAN GABRIEL OMETOXTLA,,,,72640,21,PUEBLA,140,San Pedro Cholula,0001,Cholula de Rivadavia,022A,003,,,,Fijo,19.09964367,-98.31187401,2014-12,True,True,False,False,False,True,False,False,False,False,False,True,REVISAR,REVISAR,REVISAR,FILTRO_DENUE,REGLAS_DENUE,
10257474,21114812210021141000000000U4,LAVANDERIA,LAVANDERIA,812210,Lavanderías y tintorerías,0 a 5 personas,CALLE,ARTICULO 39,CALLE,ARTICULO 41,AVENIDA,3 SUR,PRIVADA,ARTICULO 40,,SN,,,,,COLONIA,CONSTITUCION MEXICANA,,,,72499,21,PUEBLA,114,Puebla,0001,Heroica Puebla de Zaragoza,4951,034,,,,Fijo,18.95223967,-98.23766535,2024-11,True,True,False,False,False,True,False,False,False,False,False,True,REVISAR,REVISAR,REVISAR,FILTRO_DENUE,REGLAS_DENUE,
3416794,21048812210000011000000000U4,LAVANDERIA,,812210,Lavanderías y tintorerías,0 a 5 personas,AVENIDA,FRANCISCO I MADERO,CALLE,ALVARO OBREGON,CALLE,CONSTITUCION,CALLE,FRANCISCO VILLA,18,,,,,,LOCALIDAD,SAN LORENZO CHIAUTZINGO,,,,74150,21,PUEBLA,048,Chiautzingo,0001,San Lorenzo Chiautzingo,010A,006,,,,Fijo,19.20260182,-98.46443932,2010-07,True,True,False,False,False,True,False,False,False,False,False,True,REVISAR,REVISAR,REVISAR,FILTRO_DENUE,REGLAS_DENUE,
11580803,21140812210001841000000000U8,LAVANDERIA,LAVANDERIA,812210,Lavanderías y tintorerías,0 a 5 personas,AVENIDA,12 PONIENTE,CALLE,4 SUR,CALLE,2 SUR,CALLE,5 ORIENTE,,SN,,,,,COLONIA,SAN JUAN TLAUTLA,,,,72750,21,PUEBLA,140,San Pedro Cholula,0001,Cholula de Rivadavia,0304,002,,,,Fijo,19.09573435,-98.34127952,2024-11,True,True,False,False,False,True,False,False,False,False,False,True,REVISAR,REVISAR,REVISAR,FILTRO_DENUE,REGLAS_DENUE,
9580713,21114812210019461000000000U0,LAVANDERIA,,812210,Lavanderías y tintorerías,0 a 5 personas,AVENIDA,CONSTITUYENTES,CALLE,VALLE DE OAXACA,CALLE,ARTICULO NUMERO 2,PROLONGACION,PROLONGACION DE LA 4 SUR,,SN,,,,,COLONIA,VALLE DE SAN IGNACIO,,,,72499,21,PUEBLA,114,Puebla,0001,Heroica Puebla de Zaragoza,4928,024,2224121889,,,Fijo,18.96182347,-98.23711923,2024-11,True,True,False,False,False,True,False,False,False,False,False,True,REVISAR,REVISAR,REVISAR,FILTRO_DENUE,REGLAS_DENUE,
10512141,21114812210019941000000000U1,LAVANDERIA,,812210,Lavanderías y tintorerías,0 a 5 personas,AVENIDA,EDUARDO CUE MERLO,CERRADA,E CUE MERLO,AVENIDA,AQUILES SERDAN,AVENIDA,JOSE MARIA MORELOS,601,,,,,,COLONIA,SAN BALTAZAR CAMPECHE,,,,72550,21,PUEBLA,114,Puebla,0001,Heroica Puebla de Zaragoza,0751,026,2218480632,,,Fijo,19.02248428,-98.20433041,2024-11,True,True,False,False,False,True,False,False,False,False,False,True,REVISAR,REVISAR,REVISAR,FILTRO_DENUE,REGLAS_DENUE,
11392928,21114812210019981000000000U7,LAVANDERIA,,812210,Lavanderías y tintorerías,0 a 5 personas,CERRADA,5 SUR B,RETORNO,B 101 PONIENTE,CERRADA,5 SUR C,CERRADA,5 SUR C,9909,,,,,,FRACCIONAMIENTO,VILLAS DEL SUR,,,,72474,21,PUEBLA,114,Puebla,0001,Heroica Puebla de Zaragoza,3898,013,2222709315,,,Fijo,18.9967103,-98.23114099,2024-11,True,True,False,False,False,True,False,False,False,False,False,True,REVISAR,REVISAR,REVISAR,FILTRO_DENUE,REGLAS_DENUE,
8090552,21041812210000961000000000U5,LAVANDERIA,,812210,Lavanderías y tintorerías,0 a 5 personas,CALLE,PARICUTIN,PRIVADA,VOLCAN GARIBALDI,CALLE,AZUFRAL,AVENIDA,VOLCANES,28,,,,,,COLONIA,VILLAS SAN JACINTO,,,,72710,21,PUEBLA,041,Cuautlancingo,0012,San Lorenzo Almecatla,0293,001,2215884557,,,Fijo,19.15315821,-98.24093514,2019-11,True,True,False,False,False,True,False,False,False,False,False,True,REVISAR,REVISAR,REVISAR,FILTRO_DENUE,REGLAS_DENUE,
11020210,21119812210001911000000000U3,LAVANDERIA,,812210,Lavanderías y tintorerías,0 a 5 personas,CALLE,AQUILES SERDAN,CALLE,MELCHOR OCAMPO,CALLE,GUADALUPE VICTORIA,AVENIDA,EMILIANO ZAPATA,,SN,,,,,COLONIA,CONCEPCION LA CRUZ,,,,72197,21,PUEBLA,119,San Andrés Cholula,0013,San Bernardino Tlaxcalancingo,0599,027,2311009026,,,Fijo,19.03148398,-98.25013577,2024-11,True,True,False,False,False,True,False,False,False,False,False,True,REVISAR,REVISAR,REVISAR,FILTRO_DENUE,REGLAS_DENUE,
8950272,21114812210015161000000000U0,LAVANDERIA,,812210,Lavanderías y tintorerías,0 a 5 personas,CALLE,2 NORTE,PRIVADA,MIGUEL NEGRETE,PROLONGACION,DIAGONAL DEFENSORES DE LA REPUBLICA,PROLONGACION,DIAGONAL DEFENSORES DE LA REPUBLICA,5204,,,,,,COLONIA,MOCTEZUMA,,,,72260,21,PUEBLA,114,Puebla,0001,Heroica Puebla de Zaragoza,3544,042,2227951207,,,Fijo,19.06442391,-98.18599651,2019-11,True,True,False,False,False,True,False,False,False,False,False,True,REVISAR,REVISAR,REVISAR,FILTRO_DENUE,REGLAS_DENUE,
8773802,21119812210001301000000000U7,LAVANDERIA,,812210,Lavanderías y tintorerías,0 a 5 personas,BOULEVARD,GUSTAVO DIAZ ORDAZ,CALLE,QUERUBINES,CALLE,ARCANGELES,CALLE,NINGUNO,,SN,,,,,COLONIA,VILLA FLORESTA,,,,72825,21,PUEBLA,119,San Andrés Cholula,0013,San Bernardino Tlaxcalancingo,0423,013,,,,Fijo,19.02249227,-98.26116354,2019-11,True,True,False,False,False,True,False,False,False,False,False,True,REVISAR,REVISAR,REVISAR,FILTRO_DENUE,REGLAS_DENUE,
3434124,21119812210000301000000000U8,LAVANDERIA,,812210,Lavanderías y tintorerías,0 a 5 personas,CALLE,VISTAS DE LA CASCADA,CALLE,VISTAS DE CHOLULA,CALLE,CAMINO REAL A CHOLULA,CALLE,VISTAS DEL VALLE,15,B,,,,,COLONIA,CONJUNTO HABITACIONAL ARA VISTAS DEL ANGEL,,,,72815,21,PUEBLA,119,San Andrés Cholula,0013,San Bernardino Tlaxcalancingo,0368,023,,,,Fijo,19.03559043,-98.26542996,2010-07,True,True,False,False,False,True,False,False,False,False,False,True,REVISAR,REVISAR,REVISAR,FILTRO_DENUE,REGLAS_DENUE,
8341641,21114812210018201000000000U1,LAVANDERIA,,812210,Lavanderías y tintorerías,0 a 5 personas,AVENIDA,EMILIANO ZAPATA,CALLE,NIÑOS HEROES,CALLE,IGNACIO ZARAGOZA,OTRO(ESPECIFIQUE),BARRANCO,12,L15,,,,,COLONIA,SAN MIGUEL LA ROSA,,,,72190,21,PUEBLA,114,Puebla,0001,Heroica Puebla de Zaragoza,524A,014,,,,Fijo,19.03696134,-98.23128498,2019-11,True,True,False,False,False,True,False,False,False,False,False,True,REVISAR,REVISAR,REVISAR,FILTRO_DENUE,REGLAS_DENUE,
11542656,21132812210001371000000000U3,LAVANDERIA,,812210,Lavanderías y tintorerías,0 a 5 personas,CALLE,BENITO JUAREZ,CALLE,MANUEL P. MONTES NORTE,CALLE,ALVARO OBREGON NORTE,AVENIDA,REFORMA ORIENTE,,SN,,,,,PUEBLO,EL MORAL,,,,74125,21,PUEBLA,132,San Martín Texmelucan,0001,San Martín Texmelucan de Labastida,0177,002,2225589352,,,Fijo,19.27228699,-98.44049928,2024-11,True,True,False,False,False,True,False,False,False,False,False,True,REVISAR,REVISAR,REVISAR,FILTRO_DENUE,REGLAS_DENUE,
10516572,21140812210001881000000000U4,LAVANDERIA,,812210,Lavanderías y tintorerías,0 a 5 personas,PRIVADA,MELCHOR OCAMPO,CALLE,RABANILLO,CALLE,MELCHOR OCAMPO,CALLE,MELCHOR OCAMPO,,SN,,,,,COLONIA,SANTIAGO MOMOXPAN,,,,72760,21,PUEBLA,140,San Pedro Cholula,0014,Santiago Momoxpan,0287,020,,,,Fijo,19.07500563,-98.26320796,2024-11,True,True,False,False,False,True,False,False,False,False,False,True,REVISAR,REVISAR,REVISAR,FILTRO_DENUE,REGLAS_DENUE,
11384577,21114812210020781000000000U8,LAVANDERIA,,812210,Lavanderías y tintorerías,0 a 5 personas,CALLE,GARDENIA,AVENIDA,FLOR DE OLIVO,CARRETERA,CARRETERA A LA RESURRECCION,CALLE,MARGARITA,,SN,,,,,COLONIA,VIVEROS DEL VALLE,,,,72225,21,PUEBLA,114,Puebla,0001,Heroica Puebla de Zaragoza,1105,036,,,,Fijo,19.07005476,-98.14714923,2024-11,True,True,False,False,False,True,False,False,False,False,False,True,REVISAR,REVISAR,REVISAR,FILTRO_DENUE,REGLAS_DENUE,
10933086,21114812210019921000000000U3,LAVANDERIA,,812210,Lavanderías y tintorerías,0 a 5 personas,AVENIDA,7 PONIENTE,CALLE,65 SUR,CALLE,63 SUR,CALLE,5 PONIENTE,,SN,,,522,,COLONIA,REFORMA SUR,,,,72160,21,PUEBLA,114,Puebla,0001,Heroica Puebla de Zaragoza,360A,023,2229042470,,,Fijo,19.06279694,-98.24023385,2024-11,True,True,False,False,False,True,False,False,False,False,False,True,REVISAR,REVISAR,REVISAR,FILTRO_DENUE,REGLAS_DENUE,
10919840,21140812210001831000000000U9,LAVANDERIA,,812210,Lavanderías y tintorerías,0 a 5 personas,CALLE,MORELOS,CALLE,BENITO JUAREZ,PRIVADA,NINGUNO,CALLE,ALDAMA,6,,,,,,PUEBLO,SAN GREGORIO ZACAPECHPAN,,,,72771,21,PUEBLA,140,San Pedro Cholula,0027,San Gregorio Zacapechpan,0126,016,2831179110,,,Fijo,19.05368116,-98.35339759,2024-11,True,True,False,False,False,True,False,False,False,False,False,True,REVISAR,REVISAR,REVISAR,FILTRO_DENUE,REGLAS_DENUE,
3453840,21114812210004621000000000U6,LAVANDERIA,,812210,Lavanderías y tintorerías,0 a 5 personas,CALLE,57 ORIENTE,AVENIDA,40 SUR,ANDADOR,ANDADOR DE LA CAMELIA,ANDADOR,ANDADOR DEL CHICOTE,384,,,,,,COLONIA,LA MARGARITA,,,,72560,21,PUEBLA,114,Puebla,0001,Heroica Puebla de Zaragoza,2090,002,,,,Fijo,19.00681101,-98.18625348,2010-07,True,True,False,False,False,True,False,False,False,False,False,True,REVISAR,REVISAR,REVISAR,FILTRO_DENUE,REGLAS_DENUE,
8307573,21114461160014221010000000U4,LAVANDERIA,,812210,Lavanderías y tintorerías,0 a 5 personas,CALLE,OCOTAL 1,PRIVADA,NINGUNO,CALLE,CRISTOBAL COLON,PRIVADA,SAN JOSE,,SN,,,,,COLONIA,SANTA MARIA XONACATEPEC,,,,72229,21,PUEBLA,114,Puebla,0218,Santa María Xonacatepec,6248,038,,,,Fijo,19.0796155,-98.10873647,2019-11,True,True,False,False,False,True,False,False,False,False,False,True,REVISAR,REVISAR,REVISAR,FILTRO_DENUE,REGLAS_DENUE,
3518431,21114812210001451000000000U1,LAVANDERIA,INOCENTE CHAVEZ,812210,Lavanderías y tintorerías,0 a 5 personas,AVENIDA,PRIMERO DE MAYO,PROLONGACION,2 SUR,PRIVADA,ALHELI,CALLE,REVOLUCION,44,,,,,,COLONIA,GRANJAS DEL SUR,,,,72470,21,PUEBLA,114,Puebla,0001,Heroica Puebla de Zaragoza,3883,011,2222286877,,,Fijo,19.00091733,-98.22015832,2010-07,True,True,False,False,False,True,False,False,False,False,False,True,REVISAR,REVISAR,REVISAR,FILTRO_DENUE,REGLAS_DENUE,
9541793,21132812210001461000000000U2,LAVANDERIA,,812210,Lavanderías y tintorerías,0 a 5 personas,CALLE,PUEBLA,CALLE,TLAXCALA,CALLE,NIÑOS HEROES,CALLE,BAJA CALIFORNIA,27,,,,,,COLONIA,SAN ISIDRO,,,,74122,21,PUEBLA,132,San Martín Texmelucan,0013,San Rafael Tlanalapan,0444,017,,,,Fijo,19.28687485,-98.46433033,2024-11,True,True,False,False,False,True,False,False,False,False,False,True,REVISAR,REVISAR,REVISAR,FILTRO_DENUE,REGLAS_DENUE,
10280069,21114812210021201000000000U6,LAVANDERIA,,812210,Lavanderías y tintorerías,0 a 5 personas,AVENIDA,68 PONIENTE,AVENIDA,66 PONIENTE,CALLE,23 NORTE,AVENIDA,66 PONIENTE,1929,A,,,,,COLONIA,LA LOMA,,,,72230,21,PUEBLA,114,Puebla,0001,Heroica Puebla de Zaragoza,3417,008,2221898353,,,Semifijo,19.07585378,-98.19557097,2024-11,True,True,False,False,False,True,False,False,False,False,False,True,REVISAR,REVISAR,REVISAR,FILTRO_DENUE,REGLAS_DENUE,
11492067,21132812210001551000000000U0,LAVANDERIA,,812210,Lavanderías y tintorerías,0 a 5 personas,CALLE,SONORA,PRIVADA,NINGUNO,PRIVADA,NINGUNO,CALLE,CHIHUAHUA,,SN,,,,,LOCALIDAD,SAN RAFAEL TLANALAPAN,,,,74122,21,PUEBLA,132,San Martín Texmelucan,0013,San Rafael Tlanalapan,0459,003,,,,Fijo,19.28127482,-98.46934872,2024-11,True,True,False,False,False,True,False,False,False,False,False,True,REVISAR,REVISAR,REVISAR,FILTRO_DENUE,REGLAS_DENUE,
10073107,21114812210021911000000000U0,LAVANDERIA,,812210,Lavanderías y tintorerías,0 a 5 personas,CERRADA,B 25 SUR,CERRADA,CERRADA A 25 SUR,CERRADA,C 25 SUR,CALLE,SAN MARCOS,2508,,,,,,COLONIA,NUEVA JERUSALEN,,,,72498,21,PUEBLA,114,Puebla,0001,Heroica Puebla de Zaragoza,5574,008,,,,Fijo,18.97910426,-98.27161894,2024-11,True,True,False,False,False,True,False,False,False,False,False,True,REVISAR,REVISAR,REVISAR,FILTRO_DENUE,REGLAS_DENUE,
3462560,21114812210007501000000000U7,LAVANDERIA,,812210,Lavanderías y tintorerías,0 a 5 personas,CALLE,9 SUR,AVENIDA,55 PONIENTE,OTRO(ESPECIFIQUE),BARRANCO,PRIVADA,7 B SUR,5516,,,,,,COLONIA,PRADOS AGUA AZUL,,,,72470,21,PUEBLA,114,Puebla,0001,Heroica Puebla de Zaragoza,079A,037,,,,Fijo,19.02231022,-98.21930386,2010-07,True,True,False,False,False,True,False,False,False,False,False,True,REVISAR,REVISAR,REVISAR,FILTRO_DENUE,REGLAS_DENUE,
3521695,21114812210012911000000000U1,LAVANDERIA,,812210,Lavanderías y tintorerías,0 a 5 personas,PROLONGACION,2 SUR,CALLE,109 A ORIENTE,CALLE,109 B ORIENTE,PROLONGACION,16 DE SEPTIEMBRE,10000,,,,,,COLONIA,ARBOLEDAS DE LOMA BELLA,,,,72474,21,PUEBLA,114,Puebla,0001,Heroica Puebla de Zaragoza,4684,012,5529912727,,,Fijo,18.98695577,-98.22861393,2010-07,True,True,False,False,False,True,False,False,False,False,False,True,REVISAR,REVISAR,REVISAR,FILTRO_DENUE,REGLAS_DENUE,
8791693,21114812210014221000000000U3,LAVANDERIA,,812210,Lavanderías y tintorerías,0 a 5 personas,BOULEVARD,EL CASCO,RETORNO,13 J,RETORNO,12 J,BOULEVARD,EL CASCO,,SN,,,,,FRACCIONAMIENTO,COLON,,,,72310,21,PUEBLA,114,Puebla,0001,Heroica Puebla de Zaragoza,481A,001,,,,Fijo,19.0669968,-98.12595137,2019-11,True,True,False,False,False,True,False,False,False,False,False,True,REVISAR,REVISAR,REVISAR,FILTRO_DENUE,REGLAS_DENUE,
11577314,21114812210019761000000000U3,LAVANDERIA,,812210,Lavanderías y tintorerías,0 a 5 personas,BOULEVARD,CARLOS CAMACHO ESPIRITU,CALLE,BENITO JUAREZ,PRIVADA,NINGUNO,BOULEVARD,JOSE MARIA LAFRAGUA,,SN,,,,,COLONIA,SAN JOSE XILOTZINGO,,,,72583,21,PUEBLA,114,Puebla,0001,Heroica Puebla de Zaragoza,4561,039,2225303755,,,Fijo,18.98097947,-98.19766529,2024-11,True,True,False,False,False,True,False,False,False,False,False,True,REVISAR,REVISAR,REVISAR,FILTRO_DENUE,REGLAS_DENUE,
7546753,21114812210015561000000000U1,LAVANDERIA,,812210,Lavanderías y tintorerías,0 a 5 personas,AVENIDA,ZENON GRANDES,CALLE,AVENIDA 116 PONIENTE,CALLE,MONTE BELLO,CALLE,MONTE LA CASCADA,,SN,,,,,COLONIA,LOMAS DE SAN JERONIMO CALERAS,,,,72100,21,PUEBLA,114,Puebla,0001,Heroica Puebla de Zaragoza,1603,028,,,,Fijo,19.10117371,-98.21303325,2019-11,True,True,False,False,False,True,False,False,False,False,False,True,REVISAR,REVISAR,REVISAR,FILTRO_DENUE,REGLAS_DENUE,
3476152,21114812210006491000000000U2,LAVANDERIA,,812210,Lavanderías y tintorerías,0 a 5 personas,CALLE,CRISTO REY,PRIVADA,CRISTO REY,PROLONGACION,HIDALGO,CALLE,CALZADA O CRISTO REY,,SN,,,,,COLONIA,IGNACIO ROMERO VARGAS,,,,72120,21,PUEBLA,114,Puebla,0001,Heroica Puebla de Zaragoza,4792,015,,,,Fijo,19.07825475,-98.24661765,2010-07,True,True,False,False,False,True,False,False,False,False,False,True,REVISAR,REVISAR,REVISAR,FILTRO_DENUE,REGLAS_DENUE,
3256219,21114812210006551000000000U3,LAVANDERIA,,812210,Lavanderías y tintorerías,0 a 5 personas,AVENIDA,66 PONIENTE,CALLE,7 NORTE,CALLE,9 NORTE,AVENIDA,64 PONIENTE,719,,,,,,COLONIA,GUADALUPE VICTORIA,,,,72230,21,PUEBLA,114,Puebla,0001,Heroica Puebla de Zaragoza,3525,022,2215765739,,,Fijo,19.07194581,-98.1899672,2010-07,True,True,False,False,False,True,False,False,False,False,False,True,REVISAR,REVISAR,REVISAR,FILTRO_DENUE,REGLAS_DENUE,
3367194,21114812210011371000000000U9,LAVANDERIA,,812210,Lavanderías y tintorerías,0 a 5 personas,AVENIDA,NACIONAL,CALLE,VICENTE GUERRERO,CALLE,IGNACIO ZARAGOZA,AVENIDA,CORREGIDORA,5907,,,,,,COLONIA,EL MAYORAZGO,,,,72456,21,PUEBLA,114,Puebla,0001,Heroica Puebla de Zaragoza,0836,024,,,,Fijo,19.02016328,-98.22498846,2014-12,True,True,False,False,False,True,False,False,False,False,False,True,REVISAR,REVISAR,REVISAR,FILTRO_DENUE,REGLAS_DENUE,
3370586,21114812210011931000000000U0,LAVANDERIA,,812210,Lavanderías y tintorerías,0 a 5 personas,CALLE,99 ORIENTE,PROLONGACION,PROLONGACION DE LA 14 SUR,PRIVADA,14 A SUR,CALLE,101 ORIENTE,1405,,,,,,COLONIA,GRANJAS DE SAN ISIDRO,,,,72587,21,PUEBLA,114,Puebla,0001,Heroica Puebla de Zaragoza,5837,012,2229204587,,,Fijo,18.98781116,-98.21500974,2014-12,True,True,False,False,False,True,False,False,False,False,False,True,REVISAR,REVISAR,REVISAR,FILTRO_DENUE,REGLAS_DENUE,
10223876,21140812210001851000000000U7,LAVANDERIA 3 GOTAS,,812210,Lavanderías y tintorerías,0 a 5 personas,AVENIDA,12 PONIENTE,CALLE,4 SUR,CALLE,2 SUR,CALLE,5 ORIENTE,,SN,,,,,COLONIA,SAN JUAN TLAUTLA,,,,72750,21,PUEBLA,140,San Pedro Cholula,0001,Cholula de Rivadavia,0304,002,,,,Fijo,19.09525331,-98.34085362,2024-11,True,True,False,False,False,True,False,False,False,False,False,True,REVISAR,REVISAR,REVISAR,FILTRO_DENUE,REGLAS_DENUE,
3467746,21041812210000071000000000U3,LAVANDERIA 4 CAMINOS,,812210,Lavanderías y tintorerías,0 a 5 personas,AVENIDA,12 DE MAYO,AVENIDA,MEXICO PUEBLA,CALLE,ESTACION ANTONIO J. HERNANDEZ,AVENIDA,TLAXCALA,,SN,,,,,LOCALIDAD,DEL CALVARIO,,,,72600,21,PUEBLA,041,Cuautlancingo,0001,San Juan Cuautlancingo,0109,074,,,,Fijo,19.10548539,-98.27709509,2010-07,True,True,False,False,False,True,False,False,False,False,False,True,REVISAR,REVISAR,REVISAR,FILTRO_DENUE,REGLAS_DENUE,
9008642,21041812210000531000000000U6,LAVANDERIA 4 YOU,,812210,Lavanderías y tintorerías,0 a 5 personas,AVENIDA,PROLONGACION SAN JOAQUIN,CALLE,SAN ISIDRO,PRIVADA,NINGUNO,CALLE,SAN JOSE,24,,,,,,BARRIO,DEL CALVARIO,,,,72700,21,PUEBLA,041,Cuautlancingo,0001,San Juan Cuautlancingo,0109,058,,,,Fijo,19.10603325,-98.27214306,2019-11,True,True,False,False,False,True,False,False,False,False,False,True,REVISAR,REVISAR,REVISAR,FILTRO_DENUE,REGLAS_DENUE,
7583266,21132812210000761000000000U6,LAVANDERIA 5 DE MAYO,,812210,Lavanderías y tintorerías,0 a 5 personas,CALLE,5 DE MAYO NORTE,CALLEJON,RAFAEL RODRIGUEZ,CALLE,MANUEL AVILA CAMACHO,PRIVADA,16 DE SEPTIEMBRE,204,B,,,,,COLONIA,CENTRO,,,,74000,21,PUEBLA,132,San Martín Texmelucan,0001,San Martín Texmelucan de Labastida,0020,017,,,,Fijo,19.28508468,-98.43332389,2019-11,True,True,False,False,False,True,False,False,False,False,False,True,REVISAR,REVISAR,REVISAR,FILTRO_DENUE,REGLAS_DENUE,
8743151,21114812210017561000000000U9,LAVANDERIA 59 45,,812210,Lavanderías y tintorerías,0 a 5 personas,BOULEVARD,CIRCUNVALACION,CALLE,RIO TUXPAN,CALLE,RIO VERDE,AVENIDA,SAN IGNACIO,5945,C,,,,,FRACCIONAMIENTO,JARDINES DE SAN MANUEL,,,,72570,21,PUEBLA,114,Puebla,0001,Heroica Puebla de Zaragoza,0817,022,,,,Fijo,19.00618178,-98.19961195,2019-11,True,True,False,False,False,True,False,False,False,False,False,True,REVISAR,REVISAR,REVISAR,FILTRO_DENUE,REGLAS_DENUE,
11126282,21114812210019341000000000U4,LAVANDERIA 7 CLEAN MADE,,812210,Lavanderías y tintorerías,0 a 5 personas,AVENIDA,10 ORIENTE,CALLE,20 NORTE,CALLE,22 NORTE,AVENIDA,12 ORIENTE,2014,,,,,,COLONIA,BARRIO DE LOS REMEDIOS,,,,72377,21,PUEBLA,114,Puebla,0001,Heroica Puebla de Zaragoza,0431,003,2215153157,,,Fijo,19.04187237,-98.18324372,2024-11,True,True,False,False,False,True,False,False,False,False,False,True,REVISAR,REVISAR,REVISAR,FILTRO_DENUE,REGLAS_DENUE,
3277045,21114812210000031000000000U2,LAVANDERIA 7 Y 11,,812210,Lavanderías y tintorerías,0 a 5 personas,CALLE,7 SUR,AVENIDA,9 PONIENTE,CALLE,AVENIDA 11 PONIENTE,CALLE,5 SUR,908,A,,,,,COLONIA,CENTRO,,,,72000,21,PUEBLA,114,Puebla,0001,Heroica Puebla de Zaragoza,0501,001,,,,Fijo,19.0429948,-98.20527418,2010-07,True,True,False,False,False,True,False,False,False,False,False,True,REVISAR,REVISAR,REVISAR,FILTRO_DENUE,REGLAS_DENUE,
10000929,21114812210021551000000000U4,LAVANDERIA A LAVAR,,812210,Lavanderías y tintorerías,0 a 5 personas,CALLE,47 NORTE,AVENIDA,6 PONIENTE,AVENIDA,4 PONIENTE,CALLE,49 NORTE,419,,,,,,COLONIA,AQUILES SERDAN,,,,72140,21,PUEBLA,114,Puebla,0001,Heroica Puebla de Zaragoza,3474,028,,,,Fijo,19.06502409,-98.22864206,2024-11,True,True,False,False,False,True,False,False,False,False,False,True,REVISAR,REVISAR,REVISAR,FILTRO_DENUE,REGLAS_DENUE,
9368359,21114812210019071000000000U7,LAVANDERIA A LAVAR,COMERCIALIZALIZADORA CASPEDI,812210,Lavanderías y tintorerías,0 a 5 personas,AVENIDA,105 ORIENTE,PROLONGACION,2 SUR,PROLONGACION,16 DE SEPTIEMBRE,PRIVADA,105 A ORIENTE,27,,,,1,,COLONIA,ARBOLEDAS DE LOMA BELLA,,,,72474,21,PUEBLA,114,Puebla,0001,Heroica Puebla de Zaragoza,467A,033,2213307257,,,Fijo,18.99074114,-98.22669797,2021-05,True,True,False,False,False,True,False,False,False,False,False,True,REVISAR,REVISAR,REVISAR,FILTRO_DENUE,REGLAS_DENUE,
3336048,21140812210000881000000000U5,LAVANDERIA ABI,,812210,Lavanderías y tintorerías,0 a 5 personas,AVENIDA,FORJADORES DE PUEBLA,AVENIDA,(AVENIDA) BARRANCO,CALLE,RIO PAPAGAYO SUR,AVENIDA,FORJADORES DE PUEBLA,628,,,,,D,COLONIA,MANANTIALES,,,,72760,21,PUEBLA,140,San Pedro Cholula,0014,Santiago Momoxpan,0465,015,2223387469,,,Fijo,19.07756241,-98.27034741,2010-07,True,True,False,False,False,True,False,False,False,False,False,True,REVISAR,REVISAR,REVISAR,FILTRO_DENUE,REGLAS_DENUE,
11622326,21041812210001381000000000U5,LAVANDERIA ACQUA,VANESSA FLORES,812210,Lavanderías y tintorerías,0 a 5 personas,CALLE,EUGENIA,CALLE,LA RAZA,CALLE,PLAN,CALLE,EUGENIA,1,B,,,,,CONJUNTO HABITACIONAL,MISIONES DE SAN FRANCISCO SECCION 11,,,,72680,21,PUEBLA,041,Cuautlancingo,0027,San Jacinto,0378,042,,,,Fijo,19.14827841,-98.25600952,2024-11,True,True,False,False,False,True,False,False,False,False,False,True,REVISAR,REVISAR,REVISAR,FILTRO_DENUE,REGLAS_DENUE,
11611491,21114812210019451000000000U1,LAVANDERIA ACQUQ,RITA NICTE-JA SAINZ VARGAS,812210,Lavanderías y tintorerías,0 a 5 personas,CALLE,AV LATERA LRECTA A CHOLULA,CALLE,NOPILOA,CALLE,TAMUIN,CALLE,TAMUIN,2,,,,1,,COLONIA,BELLO HORIZONTE,,,,72170,21,PUEBLA,114,Puebla,0001,Heroica Puebla de Zaragoza,5983,025,2213300148,,,Fijo,19.05856461,-98.26668577,2024-11,True,True,False,False,False,True,False,False,False,False,False,True,REVISAR,REVISAR,REVISAR,FILTRO_DENUE,REGLAS_DENUE,
7852607,21114812210015921000000000U7,LAVANDERIA ACUAFACIIL,,812210,Lavanderías y tintorerías,0 a 5 personas,BOULEVARD,CIRCUNVALACION,AVENIDA,EJIDO,PRIVADA,LIBERTAD,PRIVADA,SAN IGNACIO,1002,,,1,,,COLONIA,SAN BALTAZAR LINDA VISTA,CENTRO Y PLAZA COMERCIAL,PLAZA UNIVERSIDAD PUEBLA,12,72550,21,PUEBLA,114,Puebla,0001,Heroica Puebla de Zaragoza,0766,059,2212987745,,,Fijo,19.0089339,-98.20702956,2019-11,True,True,False,False,False,True,False,False,False,False,False,True,REVISAR,REVISAR,REVISAR,FILTRO_DENUE,REGLAS_DENUE,
10750406,21114812210021481000000000U4,LAVANDERIA ACUATRONIC,ANANDA INTEGRACION,812210,Lavanderías y tintorerías,0 a 5 personas,CALLE,NINGUNO,CALLE,CALLE DE LA ROSA,CALLE,NINGUNO,CALLE,NINGUNO,,SN,,,,,COLONIA,10 DE MAYO,,,,72720,21,PUEBLA,114,Puebla,0001,Heroica Puebla de Zaragoza,2245,021,2222608244,,,Fijo,19.05718008,-98.16977178,2024-11,True,True,False,False,False,True,False,False,False,False,False,True,REVISAR,REVISAR,REVISAR,FILTRO_DENUE,REGLAS_DENUE,
3507823,21053812210000041000000000U1,LAVANDERIA ADEKARY,,812210,Lavanderías y tintorerías,0 a 5 personas,PRIVADA,EL ROSAL,CALLE,EMILIANO ZAPATA,OTRO(ESPECIFIQUE),ARROYO,OTRO(ESPECIFIQUE),ARROYO,,SN,,,,,BARRIO,TEOCONCHILA,,,,73300,21,PUEBLA,053,Chignahuapan,0001,Ciudad de Chignahuapan,0218,004,,,,Fijo,19.84547823,-98.03178627,2010-07,True,True,False,False,False,True,False,False,False,False,False,True,REVISAR,REVISAR,REVISAR,FILTRO_DENUE,REGLAS_DENUE,
3369517,21114812210010351000000000U2,LAVANDERIA ADRIS,,812210,Lavanderías y tintorerías,0 a 5 personas,ANDADOR,PLAZA MEXICO,RETORNO,OCTAVO RETORNO 5 C SUR,CALLE,7 SUR,BOULEVARD,PERIFERICO ECOLOGICO,,SN,,,,B,OTRO,LOMA BELLA,,,,72490,21,PUEBLA,114,Puebla,0001,Heroica Puebla de Zaragoza,4063,012,2212861153,,,Fijo,18.98958873,-98.23765858,2014-12,True,True,False,False,False,True,False,False,False,False,False,True,REVISAR,REVISAR,REVISAR,FILTRO_DENUE,REGLAS_DENUE,
11049436,21041812210001141000000000U3,LAVANDERIA AGUA AZUL,PRISMA ILEANA TEPOXT,812210,Lavanderías y tintorerías,0 a 5 personas,CALLE,REMEDIOS,CALLE,SOLARES,PRIVADA,NINGUNO,AVENIDA,MORELOS,,SN,,,,,BARRIO,SAN JUAN CUAUTLANCINGO,,,,72200,21,PUEBLA,041,Cuautlancingo,0001,San Juan Cuautlancingo,0062,001,,,,Fijo,19.08872132,-98.27586478,2024-11,True,True,False,False,False,True,False,False,False,False,False,True,REVISAR,REVISAR,REVISAR,FILTRO_DENUE,REGLAS_DENUE,
10984789,21140812210001811000000000U1,LAVANDERIA AILIN,,812210,Lavanderías y tintorerías,0 a 5 personas,CALLE,POTRERO,CALLE,NUEVO LEON,PRIVADA,POTRILLO,PRIVADA,PROGRESO,,SN,,,,,COLONIA,NUEVO LEON,,,,72764,21,PUEBLA,140,San Pedro Cholula,0014,Santiago Momoxpan,0268,012,2227700022,,,Fijo,19.08428706,-98.2856842,2024-11,True,True,False,False,False,True,False,False,False,False,False,True,REVISAR,REVISAR,REVISAR,FILTRO_DENUE,REGLAS_DENUE,
9963160,21136812210000071000000000U1,LAVANDERIA AIXA,,812210,Lavanderías y tintorerías,0 a 5 personas,AVENIDA,2 DE ABRIL,CALLE,JOSE MARIA MORELOS,CALLE,PLAZA BENITO JUAREZ,CALLE,PINO SUAREZ,11,,,,,,LOCALIDAD,SAN MIGUEL XOXTLA,,,,72620,21,PUEBLA,136,San Miguel Xoxtla,0001,San Miguel Xoxtla,0034,003,2271086690,,,Fijo,19.16951157,-98.30852092,2024-11,True,True,False,False,False,True,False,False,False,False,False,True,REVISAR,REVISAR,REVISAR,FILTRO_DENUE,REGLAS_DENUE,
3332017,21041812210000381000000000U7,LAVANDERIA ALAMOS,,812210,Lavanderías y tintorerías,0 a 5 personas,AVENIDA,AVENIDA DE LOS ALAMOS,PRIVADA,ALAMOS B,PRIVADA,NINGUNO,AVENIDA,AVENIDA ALAMOS,10,,,,,,LOCALIDAD,GETZEMANI,,,,72723,21,PUEBLA,041,Cuautlancingo,0004,La Trinidad Chautenco,0325,039,,,,Fijo,19.08560739,-98.25490606,2014-12,True,True,False,False,False,True,False,False,False,False,False,True,REVISAR,REVISAR,REVISAR,FILTRO_DENUE,REGLAS_DENUE,
11211424,21114812210021461000000000U6,LAVANDERIA ALEJANDRITA,,812210,Lavanderías y tintorerías,0 a 5 personas,AVENIDA,AVENIDA DEL PROGRESO,PRIVADA,BUGAMBILIAS,CALLE,NINGUNO,PRIVADA,CARMEN SERDAN,1,B,,,,,COLONIA,AQUILES SERDAN SUR,,,,72140,21,PUEBLA,114,Puebla,0001,Heroica Puebla de Zaragoza,6619,044,2226285671,,,Fijo,18.95704869,-98.25067353,2024-11,True,True,False,False,False,True,False,False,False,False,False,True,REVISAR,REVISAR,REVISAR,FILTRO_DENUE,REGLAS_DENUE,
3428174,21074812210000172002000000U0,LAVANDERIA ALEX,,812210,Lavanderías y tintorerías,0 a 5 personas,CALLE,SAN MARTIN,BOULEVARD,RIO XOCHIAC,CALLEJON,SAN MARTIN,BOULEVARD,RIO XOCHIAC,52,,,,,,PUEBLO,SANTA ANA XALMININULCO,,,,74169,21,PUEBLA,074,Huejotzingo,0029,Santa Ana Xalmimilulco,0190,019,2272712440,,,Fijo,19.21501731,-98.38544865,2010-07,True,True,False,False,False,True,False,False,False,False,False,True,REVISAR,REVISAR,REVISAR,FILTRO_DENUE,REGLAS_DENUE,
9960329,21132812210001632000000000U8,LAVANDERIA ALEXANDRA,,812210,Lavanderías y tintorerías,6 a 10 personas,CALLE,MARTIRES DEL 7 DE ENERO,CALLE,FERROCARRIL,CALLE,CARRIL SAN MIGUEL,CALLE,AQUILES SERDAN,32,,,,,,LOCALIDAD,SAN MARTIN TEXMELUCAN,,,,74000,21,PUEBLA,132,San Martín Texmelucan,0001,San Martín Texmelucan de Labastida,004A,020,2462948003,,,Fijo,19.28696079,-98.44162353,2024-11,True,True,False,False,False,True,False,False,False,False,False,True,REVISAR,REVISAR,REVISAR,FILTRO_DENUE,REGLAS_DENUE,
11227498,21114812210019601000000000U1,LAVANDERIA ALFRED,,812210,Lavanderías y tintorerías,0 a 5 personas,CALLE,ESMERALDA,CALLE,BRONCE,CALLE,TITANIO,CALLE,DIAMANTE,,SN,,,,,COLONIA,MINERALES DE GUADALUPE SUR,,,,72480,21,PUEBLA,114,Puebla,0001,Heroica Puebla de Zaragoza,499A,047,,,,Fijo,18.9599468,-98.24266042,2024-11,True,True,False,False,False,True,False,False,False,False,False,True,REVISAR,REVISAR,REVISAR,FILTRO_DENUE,REGLAS_DENUE,
8105786,21041812210000731000000000U2,LAVANDERIA ALL CLEAN,,812210,Lavanderías y tintorerías,0 a 5 personas,CALLE,SAN JUAN,CALLE,SANTA ELENA,PRIVADA,ADOLFO LOPEZ MATEOS,CALLE,SANTA ELENA,76,,,,,,BARRIO,STA ELENA,,,,72200,21,PUEBLA,041,Cuautlancingo,0001,San Juan Cuautlancingo,0062,035,2227614115,,,Fijo,19.09184,-98.27801543,2019-11,True,True,False,False,False,True,False,False,False,False,False,True,REVISAR,REVISAR,REVISAR,FILTRO_DENUE,REGLAS_DENUE,
8724791,21114812210016281000000000U5,LAVANDERIA ALVARADO,,812210,Lavanderías y tintorerías,0 a 5 personas,AVENIDA,CASUARINAS,CALLE,AHUEHUETE,CALLE,CEDROS,AVENIDA,CASUARINAS,,DOMICILIO CONOCIDO,,,1711,,COLONIA,LOMAS DE CASTILLOTLA,,,,72490,21,PUEBLA,114,Puebla,0001,Heroica Puebla de Zaragoza,6271,009,2215956866,,,Fijo,18.98840966,-98.2581276,2019-11,True,True,False,False,False,True,False,False,False,False,False,True,REVISAR,REVISAR,REVISAR,FILTRO_DENUE,REGLAS_DENUE,
10215068,21114812210020761000000000U0,LAVANDERIA AMALINALI,,812210,Lavanderías y tintorerías,0 a 5 personas,CALLE,NINGUNO,CALLE,CULTURA TEOTIHUACAN,CALLE,IZCOATL,PRIVADA,NINGUNO,88,,,,,,CONJUNTO HABITACIONAL,MOMOXPAN,,,,72760,21,PUEBLA,114,Puebla,0001,Heroica Puebla de Zaragoza,3050,027,2221289114,,,Fijo,19.05683588,-98.2699452,2024-11,True,True,False,False,False,True,False,False,False,False,False,True,REVISAR,REVISAR,REVISAR,FILTRO_DENUE,REGLAS_DENUE,
3267105,21132812210000161000000000U9,LAVANDERIA AMERICAN,,812210,Lavanderías y tintorerías,0 a 5 personas,AVENIDA,BENITO JUAREZ ORIENTE,CALLE,FRANCISCO I. MADERO SUR,CALLE,JOSEFA ORTIZ DE DOMINGUEZ NORTE,CALLE,JOSE MARIA MORELOS ORIENTE,410,,,,,,COLONIA,DOMINGO ARENAS,,,,74050,21,PUEBLA,132,San Martín Texmelucan,0001,San Martín Texmelucan de Labastida,0054,022,,,,Fijo,19.28237907,-98.43071085,2010-07,True,True,False,False,False,True,False,False,False,False,False,True,REVISAR,REVISAR,REVISAR,FILTRO_DENUE,REGLAS_DENUE,
11550721,21114812210019821000000000U5,LAVANDERIA ANCLA,,812210,Lavanderías y tintorerías,0 a 5 personas,AVENIDA,7 DE ENERO,AVENIDA,TECALI,AVENIDA,TEPEACA,AVENIDA,TEHUACAN,,SN,,,,,COLONIA,GRANJAS DEL SUR,,,,72470,21,PUEBLA,114,Puebla,0001,Heroica Puebla de Zaragoza,3864,012,,,,Fijo,19.00600212,-98.22397889,2024-11,True,True,False,False,False,True,False,False,False,False,False,True,REVISAR,REVISAR,REVISAR,FILTRO_DENUE,REGLAS_DENUE,
3368570,21114812210009431000000000U5,LAVANDERIA ANDALURE,,812210,Lavanderías y tintorerías,0 a 5 personas,CALLE,6 SUR,CALLE,LAGUNA TAMIAHUA,AVENIDA,67 ORIENTE,PRIVADA,6 B SUR,6520,,,,,,COLONIA,LOMA LINDA,,,,72477,21,PUEBLA,114,Puebla,0001,Heroica Puebla de Zaragoza,2669,033,2226196272,,,Fijo,19.00228257,-98.21453266,2014-12,True,True,False,False,False,True,False,False,False,False,False,True,REVISAR,REVISAR,REVISAR,FILTRO_DENUE,REGLAS_DENUE,
8215177,21114812210017471000000000U1,LAVANDERIA ANDY,,812210,Lavanderías y tintorerías,0 a 5 personas,CALLE,NARDOS,AVENIDA,ROSALES,AVENIDA,FRAMBOYANES,CALLE,HELIOTROPOS,10000,,,,,,COLONIA,SAN RAMON,,,,72490,21,PUEBLA,114,Puebla,0001,Heroica Puebla de Zaragoza,5447,020,,,,Fijo,18.96880155,-98.26028317,2019-11,True,True,False,False,False,True,False,False,False,False,False,True,REVISAR,REVISAR,REVISAR,FILTRO_DENUE,REGLAS_DENUE,
10943481,21114812210020231000000000U4,LAVANDERIA ANDY,,812210,Lavanderías y tintorerías,0 a 5 personas,CALLE,PAJAR,CALLE,12 A SUR,CALLE,12 B SUR,CALLE,TROJE,,SN,,,,,FRACCIONAMIENTO,SAN JOSE CHAPULCO,,,,72590,21,PUEBLA,114,Puebla,0001,Heroica Puebla de Zaragoza,6515,002,2214102920,,,Fijo,18.96761044,-98.22228296,2024-11,True,True,False,False,False,True,False,False,False,False,False,True,REVISAR,REVISAR,REVISAR,FILTRO_DENUE,REGLAS_DENUE,
10577224,21114812210021941000000000U7,LAVANDERIA ANGEL,,812210,Lavanderías y tintorerías,0 a 5 personas,ANDADOR,ADOLFO LOPEZ MATEOS,BOULEVARD,CLAVIJERO,PRIVADA,ADOLFO LOPEZ MATEOS,PRIVADA,GABRIELA MISTRAL,32,,,,,,COLONIA,HISTORIADORES,,,,72365,21,PUEBLA,114,Puebla,0001,Heroica Puebla de Zaragoza,1533,005,2212492020,,,Fijo,19.0313682,-98.14158635,2024-11,True,True,False,False,False,True,False,False,False,False,False,True,REVISAR,REVISAR,REVISAR,FILTRO_DENUE,REGLAS_DENUE,
11470013,21114812210022121000000000U5,LAVANDERIA ANGEL,,812210,Lavanderías y tintorerías,0 a 5 personas,CALLE,DIVISION DEL NORTE,CALLE,6 ORIENTE,CALLE,GENERAL FELIPE ANGELES,DIAGONAL,ALVARO OBREGON,182,,,,,,COLONIA,JOSE MARIA PINO SUAREZ,,,,72020,21,PUEBLA,114,Puebla,0001,Heroica Puebla de Zaragoza,4294,018,2221656896,,,Fijo,19.08877809,-98.22359901,2024-11,True,True,False,False,False,True,False,False,False,False,False,True,REVISAR,REVISAR,REVISAR,FILTRO_DENUE,REGLAS_DENUE,
3339358,21119722514000831010000000U8,LAVANDERIA AQUA,,812210,Lavanderías y tintorerías,0 a 5 personas,CALLE,ORION NORTE,RETORNO,MARGARITAS,RETORNO,MARGARITAS,RETORNO,MARGARITAS,10,,,,,,FRACCIONAMIENTO,VILLA FLORESTA,,,,72825,21,PUEBLA,119,San Andrés Cholula,0013,San Bernardino Tlaxcalancingo,0423,015,2228273456,,,Fijo,19.02814344,-98.25800171,2014-12,True,True,False,False,False,True,False,False,False,False,False,True,REVISAR,REVISAR,REVISAR,FILTRO_DENUE,REGLAS_DENUE,
8826391,21114812210014061000000000U3,LAVANDERIA AQUA EXPRESS,,812210,Lavanderías y tintorerías,0 a 5 personas,PRIVADA,POPOCATEPETL,PRIVADA,IZTACCIHUATL,CALLE,RICARDO FLORES MAGON,PRIVADA,IZTACCIHUATL,,SN,,,,,COLONIA,HEROES 5 DE MAYO SUR,,,,72495,21,PUEBLA,114,Puebla,0001,Heroica Puebla de Zaragoza,6055,024,,,,Fijo,18.95408028,-98.24583058,2019-11,True,True,False,False,False,True,False,False,False,False,False,True,REVISAR,REVISAR,REVISAR,FILTRO_DENUE,REGLAS_DENUE,
9973420,21132812210001581000000000U7,LAVANDERIA AQUA IN,,812210,Lavanderías y tintorerías,0 a 5 personas,AVENIDA,CENTRAL SAN RAFAEL,CALLE,GUADALAJARA,CALLE,CAMINO A SAN CRISTOBAL,PRIVADA,NINGUNO,,SN,,,,,COLONIA,SAN RAFAEL TLANALAPAN,,,,74120,21,PUEBLA,132,San Martín Texmelucan,0013,San Rafael Tlanalapan,029A,006,,,,Fijo,19.29182942,-98.45553426,2024-11,True,True,False,False,False,True,False,False,False,False,False,True,REVISAR,REVISAR,REVISAR,FILTRO_DENUE,REGLAS_DENUE,
3436954,21114812210001871000000000U0,LAVANDERIA AQUA PLUS,,812210,Lavanderías y tintorerías,0 a 5 personas,AVENIDA,16 DE SEPTIEMBRE,CALLE,15 DE MAYO,CALLE,10 DE MAYO,CALLE,ARBOLEDAS,8408,,,,,,COLONIA,SAN ANTONIO ABAD,,,,72314,21,PUEBLA,114,Puebla,0001,Heroica Puebla de Zaragoza,4468,003,,,,Fijo,19.06071559,-98.14238887,2010-07,True,True,False,False,False,True,False,False,False,False,False,True,REVISAR,REVISAR,REVISAR,FILTRO_DENUE,REGLAS_DENUE,
3439082,21140812210000331000000000U1,LAVANDERIA AQUALAVA,,812210,Lavanderías y tintorerías,0 a 5 personas,CALLE,ALLENDE,CALLE,PUEBLA,PRIVADA,NINGUNO,CALLE,MATAMOROS,114,,,,,,COLONIA,UNIDAD VILLA MANANTIALES,,,,72750,21,PUEBLA,140,San Pedro Cholula,0014,Santiago Momoxpan,0291,008,2223251322,,,Fijo,19.07257879,-98.26696394,2010-07,True,True,False,False,False,True,False,False,False,False,False,True,REVISAR,REVISAR,REVISAR,FILTRO_DENUE,REGLAS_DENUE,
3364609,21114812210009012001000000U3,LAVANDERIA AQUAMATIC,ANANDA INTEGRACION,812210,Lavanderías y tintorerías,0 a 5 personas,AVENIDA,AVENIDA DEL RISCO,CIRCUITO,CIRCUITO JUAN PABLO II,CALLE,RETIRO,CALLE,CALLE DE COATEPEC,5304,,,,,,COLONIA,LA HACIENDA,,,,72570,21,PUEBLA,114,Puebla,0001,Heroica Puebla de Zaragoza,0821,034,2223797149,PUEBLA@AQUAMATIC.COM.MX,,Fijo,19.01250444,-98.19096804,2014-12,True,True,False,False,False,True,False,False,False,False,False,True,REVISAR,REVISAR,REVISAR,FILTRO_DENUE,REGLAS_DENUE,
8827318,21114812210014151000000000U2,LAVANDERIA AQUATRONIC,,812210,Lavanderías y tintorerías,0 a 5 personas,AVENIDA,NACIONAL,CALLE,OLMECAS,CALLE,TOLTECAS,PRIVADA,AZTECAS,9105,,,,,,COLONIA,SAN JOSE LOS PINOS,,,,72480,21,PUEBLA,114,Puebla,0001,Heroica Puebla de Zaragoza,4330,002,,,,Fijo,19.00165552,-98.23660285,2019-11,True,True,False,False,False,True,False,False,False,False,False,True,REVISAR,REVISAR,REVISAR,FILTRO_DENUE,REGLAS_DENUE,
10272473,21114812210021121000000000U6,LAVANDERIA ARBOLITOS,,812210,Lavanderías y tintorerías,0 a 5 personas,CALLE,46 PONIENTE,CALLE,5 DE MAYO,PRIVADA,5 DE MAYO A PONIENTE,CALLE,5 DE MAYO,4412,,,,,,COLONIA,MOCTEZUMA,,,,72260,21,PUEBLA,114,Puebla,0001,Heroica Puebla de Zaragoza,3544,004,2213944112,,,Fijo,19.06223348,-98.18872177,2024-11,True,True,False,False,False,True,False,False,False,False,False,True,REVISAR,REVISAR,REVISAR,FILTRO_DENUE,REGLAS_DENUE,
3518715,21114812210013071000000000U3,LAVANDERIA ARCO IRIS,,812210,Lavanderías y tintorerías,0 a 5 personas,AVENIDA,ACATLAN,CALLE,SEGUNDA DE BENITO JUAREZ,CALLE,PEDRO MORENO,AVENIDA,MATAMOROS,742,,,,,A,COLONIA,VICENTE GUERRERO,,,,72470,21,PUEBLA,114,Puebla,0001,Heroica Puebla de Zaragoza,3879,015,2227532682,,,Fijo,19.00549603,-98.23112436,2010-07,True,True,False,False,False,True,False,False,False,False,False,True,REVISAR,REVISAR,REVISAR,FILTRO_DENUE,REGLAS_DENUE,
3456591,21114812210004811000000000U3,LAVANDERIA ARELY,,812210,Lavanderías y tintorerías,0 a 5 personas,CALLE,6 PONIENTE,CALLE,5 NORTE,CALLE,3 NORTE,CALLE,8 PONIENTE,306,,,,,,COLONIA,LA LIBERTAD,,,,72130,21,PUEBLA,114,Puebla,0001,Heroica Puebla de Zaragoza,3370,004,2211887700,,,Fijo,19.07281859,-98.23572673,2010-07,True,True,False,False,False,True,False,False,False,False,False,True,REVISAR,REVISAR,REVISAR,FILTRO_DENUE,REGLAS_DENUE,
10801344,21015812210000601000000000U1,LAVANDERIA ARENITA,,812210,Lavanderías y tintorerías,0 a 5 personas,CALLE,CARRIL SAN BARTOLO,CALLE,FRANCISCO I. MADERO,CALLE,BENITO JUAREZ,CALLE,CARMEN SERDAN,114,,,,,,COLONIA,CASA BLANCA,,,,72361,21,PUEBLA,015,Amozoc,0031,Casa Blanca,0382,028,2226550838,,,Fijo,19.04032865,-98.12491097,2024-11,True,True,False,False,False,True,False,False,False,False,False,True,REVISAR,REVISAR,REVISAR,FILTRO_DENUE,REGLAS_DENUE,
11440105,21119812210002391000000000U7,LAVANDERIA ARMY CLEAN,,812210,Lavanderías y tintorerías,0 a 5 personas,CALLE,2 ORIENTE,PRIVADA,NINGUNO,CALLE,10 NORTE,AVENIDA,MANUEL AVILA CAMACHO,815,,,,,,BARRIO,SANTIAGO XICOTENCO,,,,72810,21,PUEBLA,119,San Andrés Cholula,0001,San Andrés Cholula,0207,011,2215590706,,,Fijo,19.04839443,-98.2916041,2024-11,True,True,False,False,False,True,False,False,False,False,False,True,REVISAR,REVISAR,REVISAR,FILTRO_DENUE,REGLAS_DENUE,
8105772,21041812210000721000000000U3,LAVANDERIA AROMA,,812210,Lavanderías y tintorerías,0 a 5 personas,CALLE,16 DE SEPTIEMBRE,CALLE,XICOHTENCATL,CALLE,2 DE ABRIL,CALLE,FELIPE DE JESUS,19,,,,,,BARRIO,CALVARIO,,,,72700,21,PUEBLA,041,Cuautlancingo,0001,San Juan Cuautlancingo,0240,013,5522757796,,,Fijo,19.08879591,-98.27050832,2019-11,True,True,False,False,False,True,False,False,False,False,False,True,REVISAR,REVISAR,REVISAR,FILTRO_DENUE,REGLAS_DENUE,
10515052,21048812210000021000000000U3,LAVANDERIA AROMAS,,812210,Lavanderías y tintorerías,0 a 5 personas,CALLE,PRIMERO DE JULIO,CALLE,DOMINGO ARENAS,CALLE,EMILIANO ZAPATA,CALLE,VOLCANES,,SN,,,,,PUEBLO,SAN NICOLAS ZECALACOAYAN,,,,74155,21,PUEBLA,048,Chiautzingo,0005,San Nicolás Zecalacoayan,0152,022,2224555799,,,Fijo,19.19428909,-98.49344102,2024-11,True,True,False,False,False,True,False,False,False,False,False,True,REVISAR,REVISAR,REVISAR,FILTRO_DENUE,REGLAS_DENUE,
9547387,21114812210019361000000000U2,LAVANDERIA AROMATIC,,812210,Lavanderías y tintorerías,0 a 5 personas,CALLE,31 SUR,AVENIDA,35 PONIENTE,AVENIDA,33 PONIENTE,CALLE,PRIVADA 33 PONIENTE,3303,,,,,,COLONIA,SANTA CRUZ LOS ANGELES,,,,72400,21,PUEBLA,114,Puebla,0001,Heroica Puebla de Zaragoza,2480,001,2216285893,,,Fijo,19.04329479,-98.22874063,2024-11,True,True,False,False,False,True,False,False,False,False,False,True,REVISAR,REVISAR,REVISAR,FILTRO_DENUE,REGLAS_DENUE,
8341007,21114812210018151000000000U8,LAVANDERIA AROME,,812210,Lavanderías y tintorerías,0 a 5 personas,CALLE,PRIVADA DE LA CALZADA ZAVALETA,CALLE,LATERAL RECTA SUR,PRIVADA,NINGUNO,CALLE,ALFREDO TOXQUI,1302,,,,1,,COLONIA,SANTA CRUZ BUENAVISTA,,,,72150,21,PUEBLA,114,Puebla,0001,Heroica Puebla de Zaragoza,392A,035,,,,Fijo,19.05938618,-98.24919745,2019-11,True,True,False,False,False,True,False,False,False,False,False,True,REVISAR,REVISAR,REVISAR,FILTRO_DENUE,REGLAS_DENUE,
8743791,21114812210017691000000000U4,LAVANDERIA ASTORIA,,812210,Lavanderías y tintorerías,0 a 5 personas,PRIVADA,57 A PONIENTE,CALLE,5 A SUR,CALLE,5 B SUR,AVENIDA,59 PONIENTE,5728,,,1,,,COLONIA,VILLA ENCANTADA,CENTRO Y PLAZA COMERCIAL,PLAZA DEL RIO,3,72440,21,PUEBLA,114,Puebla,0001,Heroica Puebla de Zaragoza,531A,018,2228371417,LAVANDERIAASTORIA@GMAIL.COM,,Fijo,19.01909844,-98.21851184,2019-11,True,True,False,False,False,True,False,False,False,False,False,True,REVISAR,REVISAR,REVISAR,FILTRO_DENUE,REGLAS_DENUE,
11499902,21074812210000611000000000U7,LAVANDERIA ATENDERTE ES UN PLACER,,812210,Lavanderías y tintorerías,0 a 5 personas,AVENIDA,LA SOLEDAD,CALLE,SALVADOR DIAZ MIRON,CALLE,ANTONIO PLAZA,AVENIDA,MIGUEL HIDALGO,1005,,,,,,BARRIO,SEGUNDO,,,,74160,21,PUEBLA,074,Huejotzingo,0001,Huejotzingo,0063,015,2271019326,,,Fijo,19.15194958,-98.40893172,2024-11,True,True,False,False,False,True,False,False,False,False,False,True,REVISAR,REVISAR,REVISAR,FILTRO_DENUE,REGLAS_DENUE,
10463273,21114812210022211000000000U4,LAVANDERIA AUTO CLEAN,,812210,Lavanderías y tintorerías,0 a 5 personas,DIAGONAL,16 A SUR,AVENIDA,89 ORIENTE,CALLE,91 ORIENTE,PRIVADA,16 B SUR,8901,,,,1,,COLONIA,GRANJAS DE SAN ISIDRO,,,,72587,21,PUEBLA,114,Puebla,0001,Heroica Puebla de Zaragoza,5841,010,,,,Fijo,18.99051669,-98.20960614,2024-11,True,True,False,False,False,True,False,False,False,False,False,True,REVISAR,REVISAR,REVISAR,FILTRO_DENUE,REGLAS_DENUE,
10449384,21114812210022501000000000U8,LAVANDERIA AUTOMATIC,,812210,Lavanderías y tintorerías,0 a 5 personas,CALLE,CALZADA O CRISTO REY,CALLE,XOLOC,AVENIDA,REPUBLICA MEXICANA,CALLE,FRANCISCO I. MADERO,,SN,,,,,COLONIA,ROMERO VARGAS,,,,72120,21,PUEBLA,114,Puebla,0001,Heroica Puebla de Zaragoza,5822,023,2229176627,,,Fijo,19.08183528,-98.25146477,2024-11,True,True,False,False,False,True,False,False,False,False,False,True,REVISAR,REVISAR,REVISAR,FILTRO_DENUE,REGLAS_DENUE,
3268584,21114812210004901000000000U2,LAVANDERIA AUTOMATICA,,812210,Lavanderías y tintorerías,0 a 5 personas,CALLE,7 NORTE,AVENIDA,4 PONIENTE,CALLE,AVENIDA 6 PONIENTE,CALLE,5 NORTE,404,A,,,,,COLONIA,CENTRO,,,,72000,21,PUEBLA,114,Puebla,0001,Heroica Puebla de Zaragoza,0408,003,2222463518,,,Fijo,19.04878937,-98.20186626,2010-07,True,True,False,False,False,True,False,False,False,False,False,True,REVISAR,REVISAR,REVISAR,FILTRO_DENUE,REGLAS_DENUE,
3506278,21053812210000051000000000U0,LAVANDERIA AZUL,,812210,Lavanderías y tintorerías,0 a 5 personas,CALLE,PRIMERA CALLE DE EMILIANO ZAPATA,CALLE,CALLE DE JESUS MERINO,CALLE,J. F. LUCAS,CALLE,SEGUNDA CALLE DE ALLENDE,,SN,,,,,COLONIA,CENTRO,,,,73300,21,PUEBLA,053,Chignahuapan,0001,Ciudad de Chignahuapan,028A,018,,,,Fijo,19.83516197,-98.03386691,2010-07,True,True,False,False,False,True,False,False,False,False,False,True,REVISAR,REVISAR,REVISAR,FILTRO_DENUE,REGLAS_DENUE,
10360147,21041812210001351000000000U8,LAVANDERIA AZUL,,812210,Lavanderías y tintorerías,0 a 5 personas,CALLE,EVENECER,CALLE,NINGUNO,PRIVADA,NINGUNO,PRIVADA,NINGUNO,,SN,,,,,BARRIO,NUEVO LEON,,,,72706,21,PUEBLA,041,Cuautlancingo,0013,Barrio de Nuevo León,001A,002,2216368164,,,Fijo,19.08748982,-98.28848307,2024-11,True,True,False,False,False,True,False,False,False,False,False,True,REVISAR,REVISAR,REVISAR,FILTRO_DENUE,REGLAS_DENUE,
3362626,21114812210008961000000000U2,LAVANDERIA AZUL,,812210,Lavanderías y tintorerías,0 a 5 personas,AVENIDA,23 ORIENTE,CALLE,8 SUR,CALLE,10 SUR,BOULEVARD,HEROES DEL 5 DE MAYO,816,,,,1,,COLONIA,BARRIO DE ANALCO,,,,72530,21,PUEBLA,114,Puebla,0001,Heroica Puebla de Zaragoza,378A,008,,,,Fijo,19.03273989,-98.19703225,2014-12,True,True,False,False,False,True,False,False,False,False,False,True,REVISAR,REVISAR,REVISAR,FILTRO_DENUE,REGLAS_DENUE,
3348082,21114812210010151000000000U6,LAVANDERIA AZUL,,812210,Lavanderías y tintorerías,0 a 5 personas,CALLE,15 NORTE,CALLE,78 PONIENTE,CALLE,76 PONIENTE,CALLE,17 NORTE,7605,,,,,,COLONIA,LA LOMA,,,,72230,21,PUEBLA,114,Puebla,0001,Heroica Puebla de Zaragoza,3421,010,2223912437,,,Fijo,19.07771618,-98.19081281,2014-12,True,True,False,False,False,True,False,False,False,False,False,True,REVISAR,REVISAR,REVISAR,FILTRO_DENUE,REGLAS_DENUE,
8213630,21114812210017171000000000U7,LAVANDERIA AZUL,,812210,Lavanderías y tintorerías,0 a 5 personas,CALLE,17 SUR,CALLE,145 PONIENTE,CALLE,145 A PONIENTE,PROLONGACION,15 SUR,14544,,,,,,COLONIA,SAN BERNABE TEMOXTITLA,,,,72498,21,PUEBLA,114,Puebla,0001,Heroica Puebla de Zaragoza,613A,004,,,,Fijo,18.97131651,-98.26811086,2019-11,True,True,False,False,False,True,False,False,False,False,False,True,REVISAR,REVISAR,REVISAR,FILTRO_DENUE,REGLAS_DENUE,
11595744,21041812210001361000000000U7,LAVANDERIA BAJIO,,812210,Lavanderías y tintorerías,0 a 5 personas,CALLE,MANANTIALES,CALLE,MIGUEL HIDALGO,AVENIDA,AVENIDA DEL FERROCARRIL,CERRADA,MIGUEL HIDALGO,3,A,,,,,BARRIO,DE BAJIO,,,,72700,21,PUEBLA,041,Cuautlancingo,0001,San Juan Cuautlancingo,0062,045,2224411792,,,Fijo,19.08332954,-98.27075739,2024-11,True,True,False,False,False,True,False,False,False,False,False,True,REVISAR,REVISAR,REVISAR,FILTRO_DENUE,REGLAS_DENUE,
9811455,21140812210001861000000000U6,LAVANDERIA BAMBI,,812210,Lavanderías y tintorerías,0 a 5 personas,AVENIDA,TECNOLOGICO,PRIVADA,PRIMERA DEL TECNOLOGICO,AVENIDA,BENITO JUAREZ,AVENIDA,IGNACIO ALLENDE,,SN,,,,,LOCALIDAD,SAN CRISTOBAL TEPONTLA,,,,72760,21,PUEBLA,140,San Pedro Cholula,0001,Cholula de Rivadavia,0183,003,,,,Semifijo,19.07101144,-98.32893028,2024-11,True,True,False,False,False,True,False,False,False,False,False,True,REVISAR,REVISAR,REVISAR,FILTRO_DENUE,REGLAS_DENUE,
10319139,21114812210021791000000000U6,LAVANDERIA BEBE,,812210,Lavanderías y tintorerías,0 a 5 personas,CALLE,LAURELES,CALLE,INGENIERO AQUILES CORDOVA MORAN,CALLE,LUIS CORDOVA REYES,CALLE,L CAMPOS,,SN,,,,,COLONIA,2 DE MARZO,,,,72227,21,PUEBLA,114,Puebla,0001,Heroica Puebla de Zaragoza,5663,006,2218801042,,,Fijo,19.08796352,-98.12752092,2024-11,True,True,False,False,False,True,False,False,False,False,False,True,REVISAR,REVISAR,REVISAR,FILTRO_DENUE,REGLAS_DENUE,
10171415,21114812210019751000000000U4,LAVANDERIA BEBOS,,812210,Lavanderías y tintorerías,0 a 5 personas,PRIVADA,2 DE ABRIL,CALLE,CENZONTLE,CALLE,PRIMERO DE ENERO,OTRO(ESPECIFIQUE),BARRANCO,737,A,,,,,COLONIA,GUADALUPE XONACATPEC,,,,72229,21,PUEBLA,114,Puebla,0001,Heroica Puebla de Zaragoza,481A,045,5513561032,,,Fijo,19.07100048,-98.12492357,2024-11,True,True,False,False,False,True,False,False,False,False,False,True,REVISAR,REVISAR,REVISAR,FILTRO_DENUE,REGLAS_DENUE,
10589034,21114812210021881000000000U5,LAVANDERIA BEEP BEEP,JORGE PEREZ,812210,Lavanderías y tintorerías,0 a 5 personas,BOULEVARD,MUNICIPIO LIBRE,BOULEVARD,MUNICIPIO LIBRE,BOULEVARD,MUNICIPIO LIBRE,PRIVADA,NINGUNO,2021,,,,,,COLONIA,UNIVERSIDAD,,,,72590,21,PUEBLA,114,Puebla,0001,Heroica Puebla de Zaragoza,1798,044,2229733184,,,Fijo,18.99462021,-98.19889139,2024-11,True,True,False,False,False,True,False,False,False,False,False,True,REVISAR,REVISAR,REVISAR,FILTRO_DENUE,REGLAS_DENUE,
8592721,21140812210001541000000000U4,LAVANDERIA BELMONT,,812210,Lavanderías y tintorerías,0 a 5 personas,CALLE,ALVARO OBREGON,PRIVADA,SEGUNDA ALVARO OBREGON,PRIVADA,ALVARO OBREGON,CALLE,CAMINO REAL A CHOLULA-MOMOXPAN,20,,,,,,COLONIA,SANTIAGO MOMOXPA,,,,72776,21,PUEBLA,140,San Pedro Cholula,0001,Cholula de Rivadavia,0319,010,2223961336,,,Fijo,19.07091179,-98.28082785,2019-11,True,True,False,False,False,True,False,False,False,False,False,True,REVISAR,REVISAR,REVISAR,FILTRO_DENUE,REGLAS_DENUE,
3458244,21114812210005751000000000U0,LAVANDERIA BETY,,812210,Lavanderías y tintorerías,0 a 5 personas,CALLE,53 SUR,CALLE,11 PONIENTE,CALLE,13 PONIENTE,CALLE,51 SUR,1114,,,,0,B,COLONIA,LA PAZ,,,,72160,21,PUEBLA,114,Puebla,0001,Heroica Puebla de Zaragoza,2508,033,2221903760,,,Fijo,19.05886559,-98.23594938,2010-07,True,True,False,False,False,True,False,False,False,False,False,True,REVISAR,REVISAR,REVISAR,FILTRO_DENUE,REGLAS_DENUE,
3434910,21119812210000551000000000U8,LAVANDERIA BETY,,812210,Lavanderías y tintorerías,0 a 5 personas,AVENIDA,5 DE MAYO,AVENIDA,14 ORIENTE,CALLE,12 ORIENTE,CALLE,2 NORTE,1212,,,,,,COLONIA,SAN ANDRES CHOLULA,,,,72810,21,PUEBLA,119,San Andrés Cholula,0001,San Andrés Cholula,0207,043,,,,Fijo,19.05669858,-98.29661032,2010-07,True,True,False,False,False,True,False,False,False,False,False,True,REVISAR,REVISAR,REVISAR,FILTRO_DENUE,REGLAS_DENUE,
10884504,21119812210002061000000000U6,LAVANDERIA BLUE,,812210,Lavanderías y tintorerías,0 a 5 personas,CALLE,5 DE MAYO,CALLE,PRIMERA DE LAS ROSAS,CALLE,TEPOXTLA,AVENIDA,MIGUEL HIDALGO,5,A,,,,,LOCALIDAD,SANTA MARIA TONANZINTLA,,,,72840,21,PUEBLA,119,San Andrés Cholula,0001,San Andrés Cholula,0052,019,2224719657,,,Fijo,19.02542981,-98.31653744,2024-11,True,True,False,False,False,True,False,False,False,False,False,True,REVISAR,REVISAR,REVISAR,FILTRO_DENUE,REGLAS_DENUE,
3258302,21114812210005551000000000U4,LAVANDERIA BLUE,,812210,Lavanderías y tintorerías,0 a 5 personas,CALLE,3 NORTE,CALLE,DIAGONAL SANTUARIO,CALLE,36 PONIENTE,BOULEVARD,HEROES DEL 5 DE MAYO,3809,L,,,,,COLONIA,MOCTEZUMA,,,,72260,21,PUEBLA,114,Puebla,0001,Heroica Puebla de Zaragoza,5199,014,,,,Fijo,19.05889504,-98.19199929,2010-07,True,True,False,False,False,True,False,False,False,False,False,True,REVISAR,REVISAR,REVISAR,FILTRO_DENUE,REGLAS_DENUE,
3471772,21114812210005711000000000U4,LAVANDERIA BLUE WASH,,812210,Lavanderías y tintorerías,0 a 5 personas,CALLE,14 SUR,CALLE,4 ORIENTE,CALLE,2 ORIENTE,ANDADOR,NINGUNO,212,A,,,,,CONJUNTO HABITACIONAL,DEL VALLE SAN JERONIMO CALERA,,,,72100,21,PUEBLA,114,Puebla,0001,Heroica Puebla de Zaragoza,4824,010,,,,Fijo,19.10063308,-98.22153277,2010-07,True,True,False,False,False,True,False,False,False,False,False,True,REVISAR,REVISAR,REVISAR,FILTRO_DENUE,REGLAS_DENUE,
9832686,21114812210019631000000000U8,LAVANDERIA BLUES WHASH,,812210,Lavanderías y tintorerías,0 a 5 personas,AVENIDA,JUAREZ,PRIVADA,BENITO JUAREZ,CALLE,CALLE DEL PINO,CALLE,LAZARO CARDENAS,,SN,,,,,COLONIA,CHAPULTEPEC,,,,72320,21,PUEBLA,114,Puebla,0001,Heroica Puebla de Zaragoza,4491,020,,,,Fijo,19.04258496,-98.13102067,2024-11,True,True,False,False,False,True,False,False,False,False,False,True,REVISAR,REVISAR,REVISAR,FILTRO_DENUE,REGLAS_DENUE,
3342689,21114812210010161000000000U5,LAVANDERIA BOB ESPONJA,,812210,Lavanderías y tintorerías,0 a 5 personas,CERRADA,PASCUAL OROZCO,CALLE,PASCUAL OROZCO,AVENIDA,15 DE MAYO,AVENIDA,15 DE MAYO,4,,,,,,COLONIA,JOSE MARIA PINO SUAREZ,,,,72020,21,PUEBLA,114,Puebla,0001,Heroica Puebla de Zaragoza,2546,020,,,,Fijo,19.08140931,-98.2256728,2014-12,True,True,False,False,False,True,False,False,False,False,False,True,REVISAR,REVISAR,REVISAR,FILTRO_DENUE,REGLAS_DENUE,
7742816,21140812210001161000000000U1,LAVANDERIA BOB ESPONJA,,812210,Lavanderías y tintorerías,0 a 5 personas,CALLE,REMEDIOS,CALLE,FERROCARRIL,AVENIDA,FERROCARRIL,AVENIDA,PROGRESO,11,,,,,,BARRIO,DEL ALTO,,,,72700,21,PUEBLA,140,San Pedro Cholula,0014,Santiago Momoxpan,0446,022,,,,Fijo,19.08465917,-98.28109538,2019-11,True,True,False,False,False,True,False,False,False,False,False,True,REVISAR,REVISAR,REVISAR,FILTRO_DENUE,REGLAS_DENUE,
3461260,21114812210001831000000000U4,LAVANDERIA BRERICK,,812210,Lavanderías y tintorerías,0 a 5 personas,AVENIDA,AVENIDA DEL TRABAJO,CALLE,CAMINO REAL A CHOLULA,PRIVADA,RIO ATOYAC,CALLE,CAMINO REAL A CHOLULA,4,2,,,,,COLONIA,SANTA CRUZ BUENAVISTA,,,,72150,21,PUEBLA,114,Puebla,0001,Heroica Puebla de Zaragoza,4627,018,2229231277,,,Fijo,19.04374859,-98.24148295,2010-07,True,True,False,False,False,True,False,False,False,False,False,True,REVISAR,REVISAR,REVISAR,FILTRO_DENUE,REGLAS_DENUE,
10373718,21132812210001611000000000U2,LAVANDERIA BRILLANTE,,812210,Lavanderías y tintorerías,0 a 5 personas,CALLE,FRANCISCO I MADERO,CALLE,FRANCISCO I. MADERO,CALLE,COLIMA SUR,PRIVADA,PRIMERA PRIVADA FRANCISCO I. MADERO,16,,,,,,COLONIA,SANTA CATARINA HUEYATZACOALCO,,,,74125,21,PUEBLA,132,San Martín Texmelucan,0001,San Martín Texmelucan de Labastida,0247,022,2481553058,,,Fijo,19.28114716,-98.45527716,2024-11,True,True,False,False,False,True,False,False,False,False,False,True,REVISAR,REVISAR,REVISAR,FILTRO_DENUE,REGLAS_DENUE,
7596002,21114812210016931000000000U5,LAVANDERIA BRUNO,GUADALUPE GARCIA,812210,Lavanderías y tintorerías,0 a 5 personas,CALLE,36 PONIENTE,BOULEVARD,NORTE,CALLE,25 NORTE,CALLE,34 PONIENTE,2501,,,,,,COLONIA,LAS CUARTILLAS,,,,72050,21,PUEBLA,114,Puebla,0001,Heroica Puebla de Zaragoza,0126,008,,,,Fijo,19.06871591,-98.20667371,2019-11,True,True,False,False,False,True,False,False,False,False,False,True,REVISAR,REVISAR,REVISAR,FILTRO_DENUE,REGLAS_DENUE,
10393290,21132812210001641000000000U9,LAVANDERIA BUBBLE,,812210,Lavanderías y tintorerías,0 a 5 personas,CALLE,PUEBLA,CALLE,TLAXCALA,CALLE,NINGUNO,CALLE,BAJA CALIFORNIA,31,,,,,,COLONIA,SAN ISIDRO,,,,74122,21,PUEBLA,132,San Martín Texmelucan,0013,San Rafael Tlanalapan,0444,029,,,,Fijo,19.28537268,-98.46441038,2024-11,True,True,False,False,False,True,False,False,False,False,False,True,REVISAR,REVISAR,REVISAR,FILTRO_DENUE,REGLAS_DENUE,
8106424,21041812210000881000000000U5,LAVANDERIA BUBBLE BLUE,,812210,Lavanderías y tintorerías,0 a 5 personas,AVENIDA,CHOLULA,PRIVADA,NINGUNO,PRIVADA,NINGUNO,AVENIDA,CHOLULA,,SN,,,,,COLONIA,SANCTORUM,,,,72730,21,PUEBLA,041,Cuautlancingo,0008,Sanctorum,0217,030,2211861862,,,Fijo,19.09782471,-98.25568926,2019-11,True,True,False,False,False,True,False,False,False,False,False,True,REVISAR,REVISAR,REVISAR,FILTRO_DENUE,REGLAS_DENUE,
10207928,21114812210020201000000000U7,LAVANDERIA BUBBLE CLEAN,,812210,Lavanderías y tintorerías,0 a 5 personas,CALLE,6 ORIENTE,CALLE,3 NORTE,PRIVADA,2 PONIENTE,PRIVADA,5 DE MAYO,102,1,,,,,COLONIA,TLANESSE,,,,72100,21,PUEBLA,114,Puebla,0001,Heroica Puebla de Zaragoza,5201,010,2216626030,,,Fijo,19.10303642,-98.22719924,2024-11,True,True,False,False,False,True,False,False,False,False,False,True,REVISAR,REVISAR,REVISAR,FILTRO_DENUE,REGLAS_DENUE,
11047417,21119812210001901000000000U4,LAVANDERIA BUBBLE WHITE,,812210,Lavanderías y tintorerías,0 a 5 personas,AVENIDA,FRANCISCO VILLA,CALLE,MIGUEL HIDALGO,CALLE,MIGUEL ALEMAN,AVENIDA,MAXIMO SERDAN,67,,,,,,COLONIA,CONCEPCION LA CRUZ,,,,72197,21,PUEBLA,119,San Andrés Cholula,0013,San Bernardino Tlaxcalancingo,0584,030,2228507981,BLANCAECABRERA@GMAIL.COM,,Fijo,19.03483239,-98.25267397,2024-11,True,True,False,False,False,True,False,False,False,False,False,True,REVISAR,REVISAR,REVISAR,FILTRO_DENUE,REGLAS_DENUE,
7827907,21114812210013811100000000U2,LAVANDERIA BUBLES JG,,812210,Lavanderías y tintorerías,0 a 5 personas,CALLE,24 PONIENTE,CALLE,39 NORTE,CALLE,37 NORTE,CALLE,24 A PONIENTE,3708,,,,,,COLONIA,VALLE DORADO,,,,72070,21,PUEBLA,114,Puebla,0001,Heroica Puebla de Zaragoza,232A,040,2225453739,,,Fijo,19.06918446,-98.21694921,2019-11,True,True,False,False,False,True,False,False,False,False,False,True,REVISAR,REVISAR,REVISAR,FILTRO_DENUE,REGLAS_DENUE,
3436856,21114812210005701000000000U5,LAVANDERIA BUBLINE,,812210,Lavanderías y tintorerías,0 a 5 personas,BOULEVARD,PUEBLA,CALLE,1 C,CALLE,2 C,CALLE,3 C,,SN,,,1,,COLONIA,BOSQUES DE SAN SEBASTIAN,,,,72310,21,PUEBLA,114,Puebla,0001,Heroica Puebla de Zaragoza,1711,055,2222383526,,,Fijo,19.06284159,-98.13633293,2010-07,True,True,False,False,False,True,False,False,False,False,False,True,REVISAR,REVISAR,REVISAR,FILTRO_DENUE,REGLAS_DENUE,
10121620,21015812210000351000000000U3,LAVANDERIA BUENOS,,812210,Lavanderías y tintorerías,0 a 5 personas,CALLE,3 SUR,PRIVADA,3 SUR,OTRO(ESPECIFIQUE),RIO,PRIVADA,NINGUNO,311,,,,3,,COLONIA,SAN MATEO MENDIZABAL,,,,72992,21,PUEBLA,015,Amozoc,0001,Amozoc de Mota,040A,004,2212485456,,,Fijo,19.04024077,-98.07537047,2024-11,True,True,False,False,False,True,False,False,False,False,False,True,REVISAR,REVISAR,REVISAR,FILTRO_DENUE,REGLAS_DENUE,
9882131,21015812210000571000000000U6,LAVANDERIA BUENOS,,812210,Lavanderías y tintorerías,0 a 5 personas,AVENIDA,LIBERTAD SUR,CALLE,3 ORIENTE,OTRO(ESPECIFIQUE),RIO,PRIVADA,2 SUR,,SN,,,306,,COLONIA,SAN MATEO MENDIZABAL,,,,72992,21,PUEBLA,015,Amozoc,0001,Amozoc de Mota,0240,012,2212485456,,,Fijo,19.04126757,-98.07406573,2024-11,True,True,False,False,False,True,False,False,False,False,False,True,REVISAR,REVISAR,REVISAR,FILTRO_DENUE,REGLAS_DENUE,
8591721,21041812210001081000000000U1,LAVANDERIA BURBU CLEAN,,812210,Lavanderías y tintorerías,0 a 5 personas,CALLE,MUNICH,CALLE,FRANKFURT,CALLE,STUTTGART,CALLE,MUNICH,7,,,,,,LOCALIDAD,SANCTORUM,,,,72730,21,PUEBLA,041,Cuautlancingo,0008,Sanctorum,0132,012,2221004942,,,Fijo,19.10470849,-98.24030057,2019-11,True,True,False,False,False,True,False,False,False,False,False,True,REVISAR,REVISAR,REVISAR,FILTRO_DENUE,REGLAS_DENUE,
9854496,21114812210022021000000000U7,LAVANDERIA BURBU CLEAN,LAVANDERIA BURBU CLEAN,812210,Lavanderías y tintorerías,0 a 5 personas,PROLONGACION,16 DE SEPTIEMBRE,CALLE,119 PONIENTE,CALLE,121 PONIENTE,CALLE,PRIMERA DE LA 16 DE SEPTIEMBRE,11903,C,,,,,COLONIA,GRANJAS PUEBLA,,,,72490,21,PUEBLA,114,Puebla,0001,Heroica Puebla de Zaragoza,4190,038,2226414615,,,Fijo,18.97961243,-98.23473175,2024-11,True,True,False,False,False,True,False,False,False,False,False,True,REVISAR,REVISAR,REVISAR,FILTRO_DENUE,REGLAS_DENUE,
11208760,21015812210000581000000000U5,LAVANDERIA BURBU CLEAN,,812210,Lavanderías y tintorerías,0 a 5 personas,AVENIDA,NIÑOS HEROES ORIENTE,CALLE,2 NORTE,CALLE,4 NORTE,CALLE,2 ORIENTE,,SN,,,,,COLONIA,CHACHAPA CENTRO,,,,72990,21,PUEBLA,015,Amozoc,0001,Amozoc de Mota,033A,021,,,,Fijo,19.04748139,-98.09293649,2024-11,True,True,False,False,False,True,False,False,False,False,False,True,REVISAR,REVISAR,REVISAR,FILTRO_DENUE,REGLAS_DENUE,
3364604,21114812210011741000000000U3,LAVANDERIA BURBU EXPRESS,,812210,Lavanderías y tintorerías,0 a 5 personas,CIRCUITO,CIRCUITO JUAN PABLO II,CALLE,SALTO DE AGUA,CALLE,COCOYOC,CALLE,COCOYOC,2411,,,,,,COLONIA,LA HACIENDA,,,,72570,21,PUEBLA,114,Puebla,0001,Heroica Puebla de Zaragoza,0821,019,2221288947,,,Fijo,19.01323981,-98.19249052,2014-12,True,True,False,False,False,True,False,False,False,False,False,True,REVISAR,REVISAR,REVISAR,FILTRO_DENUE,REGLAS_DENUE,
9549827,21132812210001301000000000U0,LAVANDERIA BURBU POP,,812210,Lavanderías y tintorerías,0 a 5 personas,CALLE,ALLENDE,CALLE,ALVARO OBREGON,PRIVADA,NINGUNO,PRIVADA,NINGUNO,52,,,,,,COLONIA,EL BARRIO,,,,74120,21,PUEBLA,132,San Martín Texmelucan,0001,San Martín Texmelucan de Labastida,0548,024,2481162734,,,Fijo,19.3036902,-98.45649807,2024-11,True,True,False,False,False,True,False,False,False,False,False,True,REVISAR,REVISAR,REVISAR,FILTRO_DENUE,REGLAS_DENUE,
7568138,21119812210001471000000000U8,LAVANDERIA BURBU WASH,LIZBETH PEREGRINA,812210,Lavanderías y tintorerías,0 a 5 personas,CALLE,ORION NORTE,RETORNO,GARDENIAS,RETORNO,GARDENIAS,RETORNO,GARDENIAS,718,,,,,,FRACCIONAMIENTO,VILLA FLORESTA,,,,72825,21,PUEBLA,119,San Andrés Cholula,0013,San Bernardino Tlaxcalancingo,0423,006,,,,Fijo,19.02702116,-98.25929523,2019-11,True,True,False,False,False,True,False,False,False,False,False,True,REVISAR,REVISAR,REVISAR,FILTRO_DENUE,REGLAS_DENUE,
8849444,21114812210014171100000000U0,LAVANDERIA BURBUCLEAN,,812210,Lavanderías y tintorerías,0 a 5 personas,PRIVADA,LOS CIPRES,CALLE,NINGUNO,AVENIDA,95 PONIENTE,CALLE,NINGUNO,,SN,,,,,COLONIA,EX HACIENDA MAYORAZGO,,,,72480,21,PUEBLA,114,Puebla,0001,Heroica Puebla de Zaragoza,6303,026,,,,Fijo,19.00546282,-98.24932959,2019-11,True,True,False,False,False,True,False,False,False,False,False,True,REVISAR,REVISAR,REVISAR,FILTRO_DENUE,REGLAS_DENUE,
7445968,21119812210001701000000000U8,LAVANDERIA BURBUCLEAN,,812210,Lavanderías y tintorerías,0 a 5 personas,CALLE,LA MESA,PRIVADA,NINGUNO,PRIVADA,NINGUNO,PRIVADA,NINGUNO,603,,,,,,BARRIO,SANTIAGO XICOTENCO,,,,72810,21,PUEBLA,119,San Andrés Cholula,0001,San Andrés Cholula,0090,039,,,,Fijo,19.0484946,-98.2856701,2019-11,True,True,False,False,False,True,False,False,False,False,False,True,REVISAR,REVISAR,REVISAR,FILTRO_DENUE,REGLAS_DENUE,
10996464,21041812210001531000000000U5,LAVANDERIA BURBUCLEAN,,812210,Lavanderías y tintorerías,0 a 5 personas,CALLE,ESTACION CENTRAL,CALLE,LA GALARZA,CIRCUITO,LA JOYA,OTRO(ESPECIFIQUE),BARDA,,SN,,,,,SECCION,MISIONES DE SAN FRANCISCO,,,,72710,21,PUEBLA,041,Cuautlancingo,0027,San Jacinto,033A,029,2222126794,,,Fijo,19.15701617,-98.256958,2024-11,True,True,False,False,False,True,False,False,False,False,False,True,REVISAR,REVISAR,REVISAR,FILTRO_DENUE,REGLAS_DENUE,
7547577,21114812210015751000000000U8,LAVANDERIA BURBUCLIN,,812210,Lavanderías y tintorerías,0 a 5 personas,CALLE,2 ORIENTE,CALLE,DIVISION DEL NORTE,CALLE,AYUNTAMIENTO,CALLE,4 ORIENTE,,SN,,,,,COLONIA,FRANCISCO VILLA,,,,72020,21,PUEBLA,114,Puebla,0001,Heroica Puebla de Zaragoza,4294,012,2221719737,,,Fijo,19.08814747,-98.22408571,2019-11,True,True,False,False,False,True,False,False,False,False,False,True,REVISAR,REVISAR,REVISAR,FILTRO_DENUE,REGLAS_DENUE,
11133129,21140812210001871000000000U5,LAVANDERIA BURBUJA,,812210,Lavanderías y tintorerías,0 a 5 personas,AVENIDA,JUAREZ ORIENTE,CALLE,RIO BALSAS SUR,CALLE,RIO PAPAGAYO SUR,AVENIDA,LAGO DE TEXCOCO ORIENTE,,SN,,,,,COLONIA,MANANTIALES,,,,72760,21,PUEBLA,140,San Pedro Cholula,0014,Santiago Momoxpan,0465,001,,,,Fijo,19.0797216,-98.27224152,2024-11,True,True,False,False,False,True,False,False,False,False,False,True,REVISAR,REVISAR,REVISAR,FILTRO_DENUE,REGLAS_DENUE,
3373330,21114812210010221000000000U7,LAVANDERIA BURBUJA,,812210,Lavanderías y tintorerías,0 a 5 personas,AVENIDA,NUESTRA SEÑORA DE GUADALUPE,PRIVADA,NINGUNO,PRIVADA,NUESTRA SEÑORA DE FATIMA,AVENIDA,NUESTRA SEÑORA DE GUADALUPE,,SN,,,,,COLONIA,LA GUADALUPANA,,,,72595,21,PUEBLA,114,Puebla,0001,Heroica Puebla de Zaragoza,6407,001,,,,Fijo,18.97175511,-98.17411467,2014-12,True,True,False,False,False,True,False,False,False,False,False,True,REVISAR,REVISAR,REVISAR,FILTRO_DENUE,REGLAS_DENUE,
3513199,21114812210010111000000000U0,LAVANDERIA BURBUJA,,812210,Lavanderías y tintorerías,0 a 5 personas,PRIVADA,NINGUNO,PRIVADA,NINGUNO,PRIVADA,NINGUNO,AVENIDA,NUESTRA SEÑORA DE GUADALUPE,,SN,,,,,COLONIA,GUADALUPANA,,,,72595,21,PUEBLA,114,Puebla,0001,Heroica Puebla de Zaragoza,6407,002,2215572678,,,Fijo,18.97589408,-98.17077578,2010-07,True,True,False,False,False,True,False,False,False,False,False,True,REVISAR,REVISAR,REVISAR,FILTRO_DENUE,REGLAS_DENUE,
9758889,21114812210021291000000000U7,LAVANDERIA BURBUJA,,812210,Lavanderías y tintorerías,0 a 5 personas,AVENIDA,TEPEYAC,CALLE,FRANCISCO JAVIER MINA,AVENIDA,MORELOS,AVENIDA,INDEPENDENCIA,42,,,,,,COLONIA,TEPEYAC,,,,72210,21,PUEBLA,114,Puebla,0001,Heroica Puebla de Zaragoza,150A,018,,,,Fijo,19.06995448,-98.17935207,2024-11,True,True,False,False,False,True,False,False,False,False,False,True,REVISAR,REVISAR,REVISAR,FILTRO_DENUE,REGLAS_DENUE,
10519649,21114812210021581000000000U1,LAVANDERIA BURBUJA,,812210,Lavanderías y tintorerías,0 a 5 personas,AVENIDA,MATAMOROS,CALLE,SEGUNDA DE BENITO JUAREZ,CALLE,ALLENDE,AVENIDA,ACATLAN,,SN,,,,,COLONIA,VICENTE GUERREO,,,,72470,21,PUEBLA,114,Puebla,0001,Heroica Puebla de Zaragoza,3879,005,2225305484,,,Fijo,19.00504813,-98.22896765,2024-11,True,True,False,False,False,True,False,False,False,False,False,True,REVISAR,REVISAR,REVISAR,FILTRO_DENUE,REGLAS_DENUE,
11330481,21114812210019401000000000U6,LAVANDERIA BURBUJA,JORGE SARAVIA,812210,Lavanderías y tintorerías,0 a 5 personas,AVENIDA,LLANOS,OTRO(ESPECIFIQUE),BARDA,PRIVADA,NINGUNO,PRIVADA,NINGUNO,101,,,,,,FRACCIONAMIENTO,VEREDA,,,,72310,21,PUEBLA,114,Puebla,0001,Heroica Puebla de Zaragoza,6290,094,2224223324,,,Fijo,19.05881431,-98.12174895,2024-11,True,True,False,False,False,True,False,False,False,False,False,True,REVISAR,REVISAR,REVISAR,FILTRO_DENUE,REGLAS_DENUE,
9382667,21114812210019131000000000U9,LAVANDERIA BURBUJA,,812210,Lavanderías y tintorerías,0 a 5 personas,CALLE,NIÑOS HEROES,CALLE,NINGUNO,CALLE,JUAN C BONILLA,CALLE,CRESCENCIO RODRIGUEZ,3,,,,,,COLONIA,SAN JERONIMO CALERAS,,,,72100,21,PUEBLA,114,Puebla,0001,Heroica Puebla de Zaragoza,3309,011,,,,Fijo,19.09182847,-98.21516863,2021-11,True,True,False,False,False,True,False,False,False,False,False,True,REVISAR,REVISAR,REVISAR,FILTRO_DENUE,REGLAS_DENUE,
10881176,21114812210022141000000000U3,LAVANDERIA BURBUJA FELIZ,,812210,Lavanderías y tintorerías,0 a 5 personas,AVENIDA,CUAUHTEMOC,CALLE,7 SUR,CALLE,7 A SUR,CALLE,7 A SUR,,SN,,,,,COLONIA,GUADALUPE HIDALGO,,,,72490,21,PUEBLA,114,Puebla,0001,Heroica Puebla de Zaragoza,1957,035,,,,Fijo,18.97924022,-98.24369521,2024-11,True,True,False,False,False,True,False,False,False,False,False,True,REVISAR,REVISAR,REVISAR,FILTRO_DENUE,REGLAS_DENUE,
9736060,21053812210000261000000000U5,LAVANDERIA BURBUJAS,,812210,Lavanderías y tintorerías,0 a 5 personas,CALLE,LICENCIADO ADOLFO LOPEZ MATEOS,CALLE,NINGUNO,CALLE,LORENZO RIVERA,CALLE,NICOLAS VAZQUEZ,,SN,,,,,BARRIO,TOLTEMPAN,,,,73300,21,PUEBLA,053,Chignahuapan,0001,Ciudad de Chignahuapan,028A,037,7971007932,,,Fijo,19.83673726,-98.03786701,2024-11,True,True,False,False,False,True,False,False,False,False,False,True,REVISAR,REVISAR,REVISAR,FILTRO_DENUE,REGLAS_DENUE,
11204027,21041812210001491000000000U2,LAVANDERIA BURBUJAS,LAVANDERIA BURBUJAS,812210,Lavanderías y tintorerías,0 a 5 personas,AVENIDA,TLAXCALA,CALLE,SOLARES,CALLE,NINGUNO,CALLE,NINGUNO,,SN,,,,,LOCALIDAD,CUAUTLANCINGO,,,,72700,21,PUEBLA,041,Cuautlancingo,0001,San Juan Cuautlancingo,0062,074,,,,Fijo,19.09470955,-98.28361871,2024-11,True,True,False,False,False,True,False,False,False,False,False,True,REVISAR,REVISAR,REVISAR,FILTRO_DENUE,REGLAS_DENUE,
10941241,21074812210000781000000000U8,LAVANDERIA BURBUJAS,,812210,Lavanderías y tintorerías,0 a 5 personas,CALLE,PASEO ROBLE,AVENIDA,CIPRESES,CALLE,PASEO ROBLE,AVENIDA,CIPRESES,28,A,,,,,FRACCIONAMIENTO,PASEO DE LOS SAUCES,,,,74160,21,PUEBLA,074,Huejotzingo,0095,Rancho de los Caballos,0326,019,2271015884,,,Fijo,19.17848924,-98.38776675,2024-11,True,True,False,False,False,True,False,False,False,False,False,True,REVISAR,REVISAR,REVISAR,FILTRO_DENUE,REGLAS_DENUE,
11132888,21114812210019851000000000U2,LAVANDERIA BURBUJAS,,812210,Lavanderías y tintorerías,0 a 5 personas,CALLE,MIGUEL HIDALGO,CALLE,HERMENEGILDO GALEANA,CALLE,FRANCISCO JAVIER MINA,CALLE,INDEPENDENCIA,,SN,,,,,COLONIA,GUADALUPE HIDALGO,,,,72490,21,PUEBLA,114,Puebla,0001,Heroica Puebla de Zaragoza,1942,014,2229300989,,,Fijo,18.97546882,-98.24464638,2024-11,True,True,False,False,False,True,False,False,False,False,False,True,REVISAR,REVISAR,REVISAR,FILTRO_DENUE,REGLAS_DENUE,
3439663,21140812210000571000000000U2,LAVANDERIA BURBUJAS,,812210,Lavanderías y tintorerías,0 a 5 personas,CALLE,5 DE MAYO SUR,OTRO(ESPECIFIQUE),LAGO DE TEXCOCO,AVENIDA,JUAREZ ORIENTE,CALLE,RIO RABANILLO SUR,126,,,,,,COLONIA,MANANTIALES,,,,72760,21,PUEBLA,140,San Pedro Cholula,0014,Santiago Momoxpan,0465,019,,,,Fijo,19.07904562,-98.27442122,2010-07,True,True,False,False,False,True,False,False,False,False,False,True,REVISAR,REVISAR,REVISAR,FILTRO_DENUE,REGLAS_DENUE,
9507110,21114812210021251000000000U1,LAVANDERIA BURBUJAS,LORENA,812210,Lavanderías y tintorerías,0 a 5 personas,AVENIDA,CAMINO REAL A MANZANILLA,CALLE,LIMON,CALLE,JACARANDA,AVENIDA,BOSQUE DE MANZANILLA,,SN,,,,,COLONIA,BOSQUES DE MANZANILLA,,,,72307,21,PUEBLA,114,Puebla,0001,Heroica Puebla de Zaragoza,442A,018,,,,Fijo,19.0676573,-98.14849042,2024-11,True,True,False,False,False,True,False,False,False,False,False,True,REVISAR,REVISAR,REVISAR,FILTRO_DENUE,REGLAS_DENUE,
7546432,21114812210015471000000000U3,LAVANDERIA BURBUJAS,,812210,Lavanderías y tintorerías,0 a 5 personas,CALLE,VICENTE GUERRERO,CALLE,NINGUNO,CALLE,MIGUEL HIDALGO,PRIVADA,PANTEPEC,,SN,,,,,COLONIA,ROSAS DEL TEPEYAC,,,,72014,21,PUEBLA,114,Puebla,0001,Heroica Puebla de Zaragoza,4345,003,,,,Fijo,19.09906161,-98.19864516,2019-11,True,True,False,False,False,True,False,False,False,False,False,True,REVISAR,REVISAR,REVISAR,FILTRO_DENUE,REGLAS_DENUE,
11164016,21114812210019611000000000U0,LAVANDERIA BURBUJAS,,812210,Lavanderías y tintorerías,0 a 5 personas,CALLE,11 SUR,CALLE,11 B SUR,AVENIDA,JUAN PABLO II,CALLE,11 B SUR,4902,,,,,,COLONIA,PRADOS AGUA AZUL,,,,72430,21,PUEBLA,114,Puebla,0001,Heroica Puebla de Zaragoza,0732,021,2212651382,,,Fijo,19.0279534,-98.219664,2024-11,True,True,False,False,False,True,False,False,False,False,False,True,REVISAR,REVISAR,REVISAR,FILTRO_DENUE,REGLAS_DENUE,
9606073,21114812210020171000000000U2,LAVANDERIA BURBUJAS,,812210,Lavanderías y tintorerías,0 a 5 personas,CALLE,NOGALES,AVENIDA,151 PONIENTE,AVENIDA,NARANJOS,DIAGONAL,DIAGONAL DE LA 15 SUR,15341,1,,,,,COLONIA,BOSQUES DE LA CAÑADA,,,,72498,21,PUEBLA,114,Puebla,0001,Heroica Puebla de Zaragoza,5752,022,2221050630,,,Fijo,18.96693755,-98.26959596,2024-11,True,True,False,False,False,True,False,False,False,False,False,True,REVISAR,REVISAR,REVISAR,FILTRO_DENUE,REGLAS_DENUE,
9919696,21114812210021591000000000U0,LAVANDERIA BURBUJAS CLEAN,,812210,Lavanderías y tintorerías,0 a 5 personas,CALLE,ESTRELLA,AVENIDA,CRISTOBAL COLON,AVENIDA,MIGUEL ALEMAN,CALLE,MIGUEL HIDALGO,,SN,,,,,COLONIA,SANTA MARIA XONACATEPEC,,,,72229,21,PUEBLA,114,Puebla,0218,Santa María Xonacatepec,6233,004,,,,Fijo,19.08602887,-98.10575362,2024-11,True,True,False,False,False,True,False,False,False,False,False,True,REVISAR,REVISAR,REVISAR,FILTRO_DENUE,REGLAS_DENUE,
8155048,21140812210001241000000000U1,LAVANDERIA BURBUJITAS,,812210,Lavanderías y tintorerías,0 a 5 personas,CALLE,FRANCISCO VILLA,CALLE,CUAUHTEMOC,CALLE,PROGRESO,CALLE,CUAUHTEMOC,,SN,,,,,PUEBLO,PUEBLO SANTA BARBARA ALMOLOYA,,,,72750,21,PUEBLA,140,San Pedro Cholula,0001,Cholula de Rivadavia,015A,013,,,,Fijo,19.10265287,-98.31037247,2019-11,True,True,False,False,False,True,False,False,False,False,False,True,REVISAR,REVISAR,REVISAR,FILTRO_DENUE,REGLAS_DENUE,
7595950,21114812210016921000000000U6,LAVANDERIA BURBUJITAS,,812210,Lavanderías y tintorerías,0 a 5 personas,CALLE,36 PONIENTE,BOULEVARD,NORTE,CALLE,25 NORTE,BOULEVARD,BOULEVARD DE LA PEDRERA,2516,,,,,,COLONIA,LAS CUARTILLAS,,,,72050,21,PUEBLA,114,Puebla,0001,Heroica Puebla de Zaragoza,0126,007,2221617165,,,Fijo,19.06923776,-98.20710371,2019-11,True,True,False,False,False,True,False,False,False,False,False,True,REVISAR,REVISAR,REVISAR,FILTRO_DENUE,REGLAS_DENUE,
3336425,21114811111016211010000000U3,LAVANDERIA BURBUKAS,,812210,Lavanderías y tintorerías,0 a 5 personas,CALLE,CONSTITUCION,CALLE,PRIVADA PRIMERO DE MAYO,CALLE,3 DE MAYO,CALLE,UNION,,SN,,,,,COLONIA,SANTA CRUZ GUADALUPE,,,,72170,21,PUEBLA,114,Puebla,0001,Heroica Puebla de Zaragoza,6746,008,2213888736,,,Fijo,19.04743894,-98.2620695,2014-12,True,True,False,False,False,True,False,False,False,False,False,True,REVISAR,REVISAR,REVISAR,FILTRO_DENUE,REGLAS_DENUE,
10728537,21114812210022581000000000U0,LAVANDERIA BURBUWASH,,812210,Lavanderías y tintorerías,0 a 5 personas,BOULEVARD,22 SUR,AVENIDA,SAN MANUEL,CALLE,NINGUNO,CALLE,HIDALGO,5503,B,,,,,UNIDAD HABITACIONAL,SAN MANUEL,,,,72570,21,PUEBLA,114,Puebla,0001,Heroica Puebla de Zaragoza,0817,047,2215694499,,,Fijo,19.0124186,-98.19654189,2024-11,True,True,False,False,False,True,False,False,False,False,False,True,REVISAR,REVISAR,REVISAR,FILTRO_DENUE,REGLAS_DENUE,
11546509,21114812210022201000000000U5,LAVANDERIA BURBU-WASH,,812210,Lavanderías y tintorerías,0 a 5 personas,CALLE,10 SUR,CALLE,63 D ORIENTE,PRIVADA,63 E ORIENTE,CALLE,12 SUR,6330,,,,,,COLONIA,LOMA LINDA,,,,72477,21,PUEBLA,114,Puebla,0001,Heroica Puebla de Zaragoza,5339,006,2211783711,,,Fijo,19.0033773,-98.21063816,2024-11,True,True,False,False,False,True,False,False,False,False,False,True,REVISAR,REVISAR,REVISAR,FILTRO_DENUE,REGLAS_DENUE,
3418302,21114812210001001000000000U4,LAVANDERIA C CLEAN,,812210,Lavanderías y tintorerías,0 a 5 personas,BOULEVARD,2 DE OCTUBRE,AVENIDA,EJIDO,BOULEVARD,14 SUR,AVENIDA,EDUARDO CUE MERLO,,SN,,,,,COLONIA,SAN BALTAZAR CAMPECHE,,,,72550,21,PUEBLA,114,Puebla,0001,Heroica Puebla de Zaragoza,1393,002,,,,Fijo,19.02226039,-98.20015589,2010-07,True,True,False,False,False,True,False,False,False,False,False,True,REVISAR,REVISAR,REVISAR,FILTRO_DENUE,REGLAS_DENUE,
11171305,21119812210002131000000000U7,LAVANDERIA CALIFORNIA,,812210,Lavanderías y tintorerías,0 a 5 personas,CALLE,ANTIGUO CAMINO REAL A CHOLULA,PRIVADA,NINGUNO,CERRADA,SAN JOSE,PRIVADA,NINGUNO,4401,,,1,,,COLONIA,SANTA CRUZ BUENA VISTA,CENTRO Y PLAZA COMERCIAL,PLAZA JARDIN,SN,72810,21,PUEBLA,119,San Andrés Cholula,0013,San Bernardino Tlaxcalancingo,057A,011,,,,Fijo,19.04744859,-98.25709897,2024-11,True,True,False,False,False,True,False,False,False,False,False,True,REVISAR,REVISAR,REVISAR,FILTRO_DENUE,REGLAS_DENUE,
10032990,21114812210020671000000000U1,LAVANDERIA CAMI,FABIOLA HERNANDEZ,812210,Lavanderías y tintorerías,0 a 5 personas,CALLE,16 DE SEPTIEMBRE,CALLE,10 DE MAYO,CALLE,24 DE FEBRERO,CALLE,12 DE DICIEMBRE,,SN,,,,,COLONIA,3 DE MAYO,,,,72228,21,PUEBLA,114,Puebla,0001,Heroica Puebla de Zaragoza,1641,013,,,,Fijo,19.08776264,-98.16077341,2024-11,True,True,False,False,False,True,False,False,False,False,False,True,REVISAR,REVISAR,REVISAR,FILTRO_DENUE,REGLAS_DENUE,
10046052,21132812210001191000000000U5,LAVANDERIA CANDY,,812210,Lavanderías y tintorerías,0 a 5 personas,CALLE,16 DE SEPTIEMBRE NORTE,CALLEJON,RAFAEL RODRIGUEZ,CALLE,MANUEL AVILA CAMACHO,PRIVADA,16 DE SEPTIEMBRE,305,,,,,,COLONIA,CENTRO,,,,74000,21,PUEBLA,132,San Martín Texmelucan,0001,San Martín Texmelucan de Labastida,0020,018,2482537398,,,Fijo,19.28517858,-98.43227006,2024-11,True,True,False,False,False,True,False,False,False,False,False,True,REVISAR,REVISAR,REVISAR,FILTRO_DENUE,REGLAS_DENUE,
10893041,21114812210020241000000000U3,LAVANDERIA CARRETERO CLEAN,,812210,Lavanderías y tintorerías,0 a 5 personas,CALLE,7 SUR,AVENIDA,19 PONIENTE,AVENIDA,21 PONIENTE,CALLE,9 SUR,1911,,,,,,COLONIA,CHULAVISTA,,,,72410,21,PUEBLA,114,Puebla,0001,Heroica Puebla de Zaragoza,3741,025,2214370035,,,Fijo,19.03945509,-98.20752572,2024-11,True,True,False,False,False,True,False,False,False,False,False,True,REVISAR,REVISAR,REVISAR,FILTRO_DENUE,REGLAS_DENUE,
8296728,21114812210015231100000000U1,LAVANDERIA CARY,,812210,Lavanderías y tintorerías,0 a 5 personas,CALZADA,ALFREDO TOXQUI,CALZADA,Ayuntamiento,CALLE,Ninguno,OTRO(ESPECIFIQUE),Ninguno,37,,,,,,COLONIA,SAN SEBASTIAN DE APARICIO,,,,72219,21,PUEBLA,114,Puebla,0194,San Sebastián de Aparicio,3258,028,2228507916,,,Fijo,19.09583287,-98.16041841,2019-11,True,True,False,False,False,True,False,False,False,False,False,True,REVISAR,REVISAR,REVISAR,FILTRO_DENUE,REGLAS_DENUE,
8950452,21132812210000911000000000U7,LAVANDERIA CASCADA,,812210,Lavanderías y tintorerías,0 a 5 personas,CALLE,JOSE MARIA MORELOS ORIENTE,CALLE,CRISTOBAL COLON SUR,CALLE,VICENTE GUERRERO SUR,AVENIDA,BENITO JUAREZ ORIENTE,,SN,,,,,COLONIA,DOMINGO ARENAS,,,,74050,21,PUEBLA,132,San Martín Texmelucan,0001,San Martín Texmelucan de Labastida,0340,017,2482007191,,,Fijo,19.28089369,-98.42872805,2019-11,True,True,False,False,False,True,False,False,False,False,False,True,REVISAR,REVISAR,REVISAR,FILTRO_DENUE,REGLAS_DENUE,
9103648,21114812210018731000000000U7,LAVANDERIA CC,,812210,Lavanderías y tintorerías,0 a 5 personas,BOULEVARD,MUNICIPIO LIBRE,CALLE,LA MORA,CALLE,NINGUNO,PRIVADA,77 A ORIENTE,1418,B,,,,,COLONIA,GRANJAS SAN ISIDRO,,,,72587,21,PUEBLA,114,Puebla,0001,Heroica Puebla de Zaragoza,5837,030,2211715459,,,Fijo,18.99394663,-98.21203772,2019-11,True,True,False,False,False,True,False,False,False,False,False,True,REVISAR,REVISAR,REVISAR,FILTRO_DENUE,REGLAS_DENUE,
7828675,21053812210000181000000000U5,LAVANDERIA CESAR,,812210,Lavanderías y tintorerías,0 a 5 personas,CALLE,PRIMERA DE IGNACIO ZARAGOZA,CALLE,ZARAGOZA,CALLE,CUARTA CALLE DE CASTRO,AVENIDA,REVOLUCION,14,,,,,,BARRIO,TOLTEMPAN,,,,73300,21,PUEBLA,053,Chignahuapan,0001,Ciudad de Chignahuapan,028A,014,7971168035,,,Fijo,19.83777018,-98.03548289,2019-11,True,True,False,False,False,True,False,False,False,False,False,True,REVISAR,REVISAR,REVISAR,FILTRO_DENUE,REGLAS_DENUE,
10582661,21114812210019321000000000U6,LAVANDERIA CHARLYS,,812210,Lavanderías y tintorerías,0 a 5 personas,CALLE,DIAGONAL BENITO JUAREZ,AVENIDA,62 PONIENTE,CALLE,60 PONIENTE,CALLE,7 NORTE,5435,,,,,,COLONIA,CUAHUTEMOC,,,,72243,21,PUEBLA,114,Puebla,0001,Heroica Puebla de Zaragoza,3510,005,,,,Fijo,19.06919948,-98.18855886,2024-11,True,True,False,False,False,True,False,False,False,False,False,True,REVISAR,REVISAR,REVISAR,FILTRO_DENUE,REGLAS_DENUE,
3462348,21114812210005621000000000U5,LAVANDERIA CHAVA LAVA,,812210,Lavanderías y tintorerías,0 a 5 personas,CALLE,5 SUR,BOULEVARD,CARLOS CAMACHO ESPIRITU,AVENIDA,JUAN PABLO II,CALLE,3 B SUR,4920,A,,,,,COLONIA,RESIDENCIAL BOULEVARES,,,,72440,21,PUEBLA,114,Puebla,0001,Heroica Puebla de Zaragoza,0732,044,2226630525,,,Fijo,19.02488143,-98.21403968,2010-07,True,True,False,False,False,True,False,False,False,False,False,True,REVISAR,REVISAR,REVISAR,FILTRO_DENUE,REGLAS_DENUE,
3471511,21114812210007111000000000U5,LAVANDERIA CHELIN,,812210,Lavanderías y tintorerías,0 a 5 personas,CALLE,8 PONIENTE,CALLE,3 NORTE,CALLE,5 NORTE,CALLE,3 NORTE,17,A,,,,,COLONIA,FRANCISCO VILLA,,,,72020,21,PUEBLA,114,Puebla,0001,Heroica Puebla de Zaragoza,428A,004,2211902499,ROSALIGARCIA74@HOTMAIL.COM,,Fijo,19.09008389,-98.22483377,2014-12,True,True,False,False,False,True,False,False,False,False,False,True,REVISAR,REVISAR,REVISAR,FILTRO_DENUE,REGLAS_DENUE,
10044580,21132812210001491000000000U9,LAVANDERIA CHELY,,812210,Lavanderías y tintorerías,0 a 5 personas,CALLE,CAMINO A SAN MIGUEL,CALLE,LAS PALMAS,CALLE,LA TARJEA,CALLE,GASODUCTO,,SN,,,,,COLONIA,LA LOMA,,,,74120,21,PUEBLA,132,San Martín Texmelucan,0001,San Martín Texmelucan de Labastida,0529,028,,,,Fijo,19.30582609,-98.44370402,2024-11,True,True,False,False,False,True,False,False,False,False,False,True,REVISAR,REVISAR,REVISAR,FILTRO_DENUE,REGLAS_DENUE,
10216999,21132812210001441000000000U4,LAVANDERIA CHELY,,812210,Lavanderías y tintorerías,0 a 5 personas,AVENIDA,AVENIDA DE LA JUVENTUD,CALLE,JUAN CRISOSTOMO BONILLA,CALLE,ALDAMA,CALLE,CUAUHTEMOC,202,,,,,,COLONIA,LOS DICIOS,,,,74080,21,PUEBLA,132,San Martín Texmelucan,0001,San Martín Texmelucan de Labastida,0406,015,2482500199,,,Fijo,19.28001204,-98.43952707,2024-11,True,True,False,False,False,True,False,False,False,False,False,True,REVISAR,REVISAR,REVISAR,FILTRO_DENUE,REGLAS_DENUE,
10089394,21132812210001201000000000U2,LAVANDERIA CHEMO,,812210,Lavanderías y tintorerías,0 a 5 personas,CALLE,ROSENDO MARQUEZ,CALLE,MELCHOR OCAMPO,CALLE,CALLE DE LA CRUZ,CALLE,CALLE DE LA CRUZ,,SN,,,,,COLONIA,EL BARRIO,,,,74120,21,PUEBLA,132,San Martín Texmelucan,0001,San Martín Texmelucan de Labastida,0548,005,,,,Fijo,19.30135226,-98.4560869,2024-11,True,True,False,False,False,True,False,False,False,False,False,True,REVISAR,REVISAR,REVISAR,FILTRO_DENUE,REGLAS_DENUE,
8423406,21119812210001271000000000U2,LAVANDERIA CHESTER,,812210,Lavanderías y tintorerías,0 a 5 personas,CALLE,4 ORIENTE,CALLE,10 NORTE,CALLE,8 NORTE,CALLE,2 ORIENTE,809,,,,,,BARRIO,SANTIAGO XICOTENCO,,,,72810,21,PUEBLA,119,San Andrés Cholula,0001,San Andrés Cholula,0207,010,,,,Fijo,19.04947677,-98.29166852,2019-11,True,True,False,False,False,True,False,False,False,False,False,True,REVISAR,REVISAR,REVISAR,FILTRO_DENUE,REGLAS_DENUE,
10894891,21140812210001781000000000U6,LAVANDERIA CHOLULITA,,812210,Lavanderías y tintorerías,0 a 5 personas,CALLE,PASO DE CORTES,PRIVADA,NINGUNO,CALLE,NINGUNO,CALLE,9 SUR,,SN,,,,,BARRIO,LA MAGDALENA,,,,72762,21,PUEBLA,140,San Pedro Cholula,0001,Cholula de Rivadavia,0427,013,2228628824,,,Fijo,19.0571696,-98.32252827,2024-11,True,True,False,False,False,True,False,False,False,False,False,True,REVISAR,REVISAR,REVISAR,FILTRO_DENUE,REGLAS_DENUE,
7568321,21119812210001521000000000U0,LAVANDERIA CICLO AZUL,,812210,Lavanderías y tintorerías,0 a 5 personas,CALLE,CAMINO REAL A CHOLULA,CARRETERA,ANILLO PERIFERICO ECOLOGICO,CALLE,32 NORTE,BOULEVARD,PERIFERICO ECOLOGICO,3803,,EDIFICIO SIN NOMBRE,1,,,COLONIA,BERNARDINO,CENTRO Y PLAZA COMERCIAL,SIN NOMBRE,1,72822,21,PUEBLA,119,San Andrés Cholula,0013,San Bernardino Tlaxcalancingo,0298,007,,,,Fijo,19.03667846,-98.27072053,2019-11,True,True,False,False,False,True,False,False,False,False,False,True,REVISAR,REVISAR,REVISAR,FILTRO_DENUE,REGLAS_DENUE,
3375582,21114812210012471000000000U6,LAVANDERIA CINCO ESTRELLAS,,812210,Lavanderías y tintorerías,0 a 5 personas,PRIVADA,SANTA ISABEL,CALLE,ANTIGUO CAMINO REAL A CASTILLOTLA,CALLE,17 SUR,CALLE,MIGUEL HIDALGO,21,,,,,,COLONIA,SAN ISIDRO CASTILLOTLA,,,,72498,21,PUEBLA,114,Puebla,0001,Heroica Puebla de Zaragoza,5428,038,2228147724,,,Fijo,18.97905496,-98.26230802,2014-12,True,True,False,False,False,True,False,False,False,False,False,True,REVISAR,REVISAR,REVISAR,FILTRO_DENUE,REGLAS_DENUE,
9836088,21119812210002111000000000U9,LAVANDERIA CLARITA,LAVANDERIA CLARITA,812210,Lavanderías y tintorerías,0 a 5 personas,BOULEVARD,ADOLFO LOPEZ MATEOS,CERRADA,LIMA,PRIVADA,PRIVADA DE LA CONCEPCION,PRIVADA,PRIVADA DE LA CONCEPCION,,SN,,,,,COLONIA,CONCEPCION LA CRUZ,,,,72836,21,PUEBLA,119,San Andrés Cholula,0013,San Bernardino Tlaxcalancingo,057A,037,2226260729,,,Fijo,19.03659536,-98.2500902,2024-11,True,True,False,False,False,True,False,False,False,False,False,True,REVISAR,REVISAR,REVISAR,FILTRO_DENUE,REGLAS_DENUE,
11636419,21119812210002181000000000U2,LAVANDERIA CLEAN COLORS,,812210,Lavanderías y tintorerías,0 a 5 personas,CALLE,RAMON IBARRA Y GONZALEZ,CALLE,ORION NORTE,CALLE,EL MOLINITO,CALLE,ORION NORTE,,SN,,,,,COLONIA,EMILIANO ZAPAPTA,,,,72824,21,PUEBLA,119,San Andrés Cholula,0013,San Bernardino Tlaxcalancingo,0457,001,2215594465,,,Fijo,19.03242669,-98.25604657,2024-11,True,True,False,False,False,True,False,False,False,False,False,True,REVISAR,REVISAR,REVISAR,FILTRO_DENUE,REGLAS_DENUE,
3450362,21140812210000441000000000U8,LAVANDERIA CLEAN EXPERTS,,812210,Lavanderías y tintorerías,0 a 5 personas,AVENIDA,3 PONIENTE,CALLE,3 SUR,AVENIDA,MIGUEL ALEMAN VALDES,AVENIDA,5 PONIENTE,101,,,,,,COLONIA,CENTRO,,,,72760,21,PUEBLA,140,San Pedro Cholula,0001,Cholula de Rivadavia,0056,011,,CONBLA3@YAHOO.COM.MX,,Fijo,19.06118738,-98.30766373,2010-07,True,True,False,False,False,True,False,False,False,False,False,True,REVISAR,REVISAR,REVISAR,FILTRO_DENUE,REGLAS_DENUE,
7569628,21119812210001631000000000U7,LAVANDERIA CLEAN QUALITY,,812210,Lavanderías y tintorerías,0 a 5 personas,CALLE,PROLONGACION DE LA 9 ORIENTE,CALLE,9 ORIENTE,PRIVADA,NINGUNO,CALLE,PROLONGACION DE LA 9 ORIENTE,216,B,,,,,COLONIA,BARRIO SANTO NIÑO,,,,72810,21,PUEBLA,119,San Andrés Cholula,0001,San Andrés Cholula,0461,001,2211769192,,,Fijo,19.04478841,-98.29657605,2019-11,True,True,False,False,False,True,False,False,False,False,False,True,REVISAR,REVISAR,REVISAR,FILTRO_DENUE,REGLAS_DENUE,
9818950,21114812210021731000000000U2,LAVANDERIA CLEAN TEAM,,812210,Lavanderías y tintorerías,0 a 5 personas,CALLE,39 SUR,CALLE,PRIVADA DE LA 19 PONIENTE,CALLE,AVENIDA 21 PONIENTE,CALLE,41 SUR,,SN,,,3902,,COLONIA,BELISARIO DOMINGUEZ,,,,72180,21,PUEBLA,114,Puebla,0001,Heroica Puebla de Zaragoza,3652,004,,,,Fijo,19.05165211,-98.23196093,2024-11,True,True,False,False,False,True,False,False,False,False,False,True,REVISAR,REVISAR,REVISAR,FILTRO_DENUE,REGLAS_DENUE,
10538333,21114812210022091000000000U0,LAVANDERIA CLEAN WHASH,,812210,Lavanderías y tintorerías,0 a 5 personas,AVENIDA,JOSE MARTI,CALLE,GABRIEL GARCIA MARQUEZ,CALLE,ALFONSINA STORNI,AVENIDA,MARIO BENEDETTI,,SN,,,,,COLONIA,BALCONES DEL SUR,,,,72499,21,PUEBLA,114,Puebla,0001,Heroica Puebla de Zaragoza,1938,002,2211042215,,,Fijo,18.95019436,-98.23518022,2024-11,True,True,False,False,False,True,False,False,False,False,False,True,REVISAR,REVISAR,REVISAR,FILTRO_DENUE,REGLAS_DENUE,
10933312,21114812210021631000000000U4,LAVANDERIA COCO CLEAN,,812210,Lavanderías y tintorerías,0 a 5 personas,CIRCUITO,JUAN PABLO II,CALLE,15 DE ENERO,PRIVADA,15 DE ENERO,AVENIDA,IGNACIO ZARAGOZA,,SN,,,,,COLONIA,SAN BALTAZAR CAMPECHE,,,,72550,21,PUEBLA,114,Puebla,0001,Heroica Puebla de Zaragoza,0766,061,2211262922,,,Fijo,19.01829402,-98.20382864,2024-11,True,True,False,False,False,True,False,False,False,False,False,True,REVISAR,REVISAR,REVISAR,FILTRO_DENUE,REGLAS_DENUE,
9121558,21015812210000341000000000U4,LAVANDERIA COCO WASH,,812210,Lavanderías y tintorerías,0 a 5 personas,CALLE,12 SUR,CALLE,11 ORIENTE,CALLE,13 ORIENTE,PRIVADA,ROBLE,1111,,,,,,BARRIO,SAN JOSE VICTORIA,,,,72980,21,PUEBLA,015,Amozoc,0001,Amozoc de Mota,0113,037,2228466488,,,Fijo,19.03716818,-98.0379075,2019-11,True,True,False,False,False,True,False,False,False,False,False,True,REVISAR,REVISAR,REVISAR,FILTRO_DENUE,REGLAS_DENUE,
3347722,21114812210011651000000000U4,LAVANDERIA COLONIAL,,812210,Lavanderías y tintorerías,0 a 5 personas,CALLE,30 PONIENTE,CALLE,17 NORTE,CALLE,19 NORTE,CALLE,AVENIDA 32 PONIENTE,1718,,,,,,COLONIA,JOSE MARIA MORELOS Y PAVON,,,,72260,21,PUEBLA,114,Puebla,0001,Heroica Puebla de Zaragoza,3493,006,,,,Fijo,19.06384713,-98.20464553,2014-12,True,True,False,False,False,True,False,False,False,False,False,True,REVISAR,REVISAR,REVISAR,FILTRO_DENUE,REGLAS_DENUE,
3255116,21114812210000281000000000U3,LAVANDERIA CONCHITA,,812210,Lavanderías y tintorerías,0 a 5 personas,AVENIDA,50 PONIENTE,CALLE,23 NORTE,CALLE,25 NORTE,AVENIDA,52 PONIENTE,2306,,,,,,COLONIA,CLEOTILDE TORRES,,,,72050,21,PUEBLA,114,Puebla,0001,Heroica Puebla de Zaragoza,0130,004,2224404592,,,Fijo,19.071204,-98.19981634,2010-07,True,True,False,False,False,True,False,False,False,False,False,True,REVISAR,REVISAR,REVISAR,FILTRO_DENUE,REGLAS_DENUE,
8089588,21074812210000481000000000U5,LAVANDERIA CONE ESPUMA,,812210,Lavanderías y tintorerías,0 a 5 personas,CALLE,REFORMA,AVENIDA,GUADALUPE VICTORIA,AVENIDA,MIGUEL NEGRETE,CALLE,AYALA,608,,,,,,BARRIO,TERCER,,,,74160,21,PUEBLA,074,Huejotzingo,0001,Huejotzingo,0044,005,,,,Fijo,19.16000823,-98.4093101,2019-11,True,True,False,False,False,True,False,False,False,False,False,True,REVISAR,REVISAR,REVISAR,FILTRO_DENUE,REGLAS_DENUE,
10108182,21114812210019192000000000U1,LAVANDERIA CONFORT WASH,,812210,Lavanderías y tintorerías,6 a 10 personas,CALLE,RIO JAMAPA,AVENIDA,SAN CLAUDIO,BOULEVARD,CIRCUNVALACION,BOULEVARD,22 SUR,6110,,,,6112,,COLONIA,CORONEL MIGUEL AUZA,,,,72570,21,PUEBLA,114,Puebla,0001,Heroica Puebla de Zaragoza,2620,032,2228821033,,,Fijo,19.00420401,-98.1987452,2024-11,True,True,False,False,False,True,False,False,False,False,False,True,REVISAR,REVISAR,REVISAR,FILTRO_DENUE,REGLAS_DENUE,
7583002,21132812210000711000000000U1,LAVANDERIA CONY,,812210,Lavanderías y tintorerías,0 a 5 personas,AVENIDA,ALBINO LABASTIDA,CALLE,TIJUANA,CALLE,MEXICALI,CALLE,TENIENTE NIEVA,68,A,,,,,COLONIA,OJO DE AGUA,,,,74042,21,PUEBLA,132,San Martín Texmelucan,0001,San Martín Texmelucan de Labastida,0213,020,2481293518,,,Fijo,19.28728036,-98.44569939,2019-11,True,True,False,False,False,True,False,False,False,False,False,True,REVISAR,REVISAR,REVISAR,FILTRO_DENUE,REGLAS_DENUE,
10351117,21015812210000521000000000U1,LAVANDERIA CRISTAL,MARITZA ROJAS,812210,Lavanderías y tintorerías,0 a 5 personas,CALLE,2 NORTE,OTRO(ESPECIFIQUE),VIA DE FERROCARRIL,PRIVADA,NINGUNO,CALLE,JUAREZ NORTE,,SN,,,,,COLONIA,SIGNORET,,,,72994,21,PUEBLA,015,Amozoc,0001,Amozoc de Mota,033A,044,,,,Fijo,19.05490795,-98.09175232,2024-11,True,True,False,False,False,True,False,False,False,False,False,True,REVISAR,REVISAR,REVISAR,FILTRO_DENUE,REGLAS_DENUE,
3268936,21132812210000491000000000U0,LAVANDERIA CRISTAL,,812210,Lavanderías y tintorerías,0 a 5 personas,CALLE,JOSE MARIA MORELOS ORIENTE,CALLE,VICENTE GUERRERO SUR,CALLE,FRANCISCO I. MADERO SUR,CALLE,REFORMA ORIENTE,402,,,,,,COLONIA,DOMINGO ARENAS,,,,74050,21,PUEBLA,132,San Martín Texmelucan,0001,San Martín Texmelucan de Labastida,0340,024,,,HOTELCRISTALY.COM,Fijo,19.28107094,-98.4305558,2010-07,True,True,False,False,False,True,False,False,False,False,False,True,REVISAR,REVISAR,REVISAR,FILTRO_DENUE,REGLAS_DENUE,
11197981,21114812210020191000000000U0,LAVANDERIA D LOPEZ,,812210,Lavanderías y tintorerías,0 a 5 personas,CALLE,FRANCISCO I MADERO,CALLE,TERCERA DE BENITO JUAREZ,CALLE,SEGUNDA DE BENITO JUAREZ,CALLE,PINO SUAREZ,,SN,,,,,COLONIA,GUADALUPE HIDALGO,,,,72490,21,PUEBLA,114,Puebla,0001,Heroica Puebla de Zaragoza,1976,030,2221064999,,,Fijo,18.97838236,-98.25408868,2024-11,True,True,False,False,False,True,False,False,False,False,False,True,REVISAR,REVISAR,REVISAR,FILTRO_DENUE,REGLAS_DENUE,
11313921,21114812210019431000000000U3,LAVANDERIA DANIS,,812210,Lavanderías y tintorerías,0 a 5 personas,CALLE,ARTICULO 24,AVENIDA,CONSTITUYENTES,AVENIDA,ARTICULO NUMERO 1,CALLE,ARTICULO 23,,SN,,,,,COLONIA,CONSTITUCION MEXICANA,,,,72499,21,PUEBLA,114,Puebla,0001,Heroica Puebla de Zaragoza,4932,002,2212208465,,,Fijo,18.95558467,-98.2332782,2024-11,True,True,False,False,False,True,False,False,False,False,False,True,REVISAR,REVISAR,REVISAR,FILTRO_DENUE,REGLAS_DENUE,
7827927,21114812210013821000000000U1,LAVANDERIA DANY,,812210,Lavanderías y tintorerías,0 a 5 personas,BOULEVARD,SAN APARICIO NORTE,BOULEVARD,SAN APARICIO NORTE,CALLE,NINGUNO,CALLE,3 DE ENERO,,SN,,,,,COLONIA,SAN APARICIO LAS FUENTES PRIMERA SECCION,,,,72228,21,PUEBLA,114,Puebla,0001,Heroica Puebla de Zaragoza,5875,048,2212610302,,,Fijo,19.09227377,-98.16748516,2019-11,True,True,False,False,False,True,False,False,False,False,False,True,REVISAR,REVISAR,REVISAR,FILTRO_DENUE,REGLAS_DENUE,
3434757,21119812210000531000000000U0,LAVANDERIA DARI CLEAN,,812210,Lavanderías y tintorerías,0 a 5 personas,CALLE,10 ORIENTE,CALLE,8 NORTE,CALLE,10 ORIENTE,PROLONGACION,14 ORIENTE,1001,,,,,,BARRIO,SAN JUAN AQUIAHUAC,,,,72810,21,PUEBLA,119,San Andrés Cholula,0001,San Andrés Cholula,0090,026,2224366494,,,Fijo,19.05202153,-98.28873248,2010-07,True,True,False,False,False,True,False,False,False,False,False,True,REVISAR,REVISAR,REVISAR,FILTRO_DENUE,REGLAS_DENUE,
3277856,21114812210008341000000000U7,LAVANDERIA DAYANA,,812210,Lavanderías y tintorerías,0 a 5 personas,CALLE,MAYA NORTE,PRIVADA,TETEPA,CALLE,TENAHUA,CALLE,XOCOTL,8,A,,,,,FRACCION,CEMANTLLI,,,,72730,21,PUEBLA,114,Puebla,0001,Heroica Puebla de Zaragoza,5983,022,2223462951,,,Fijo,19.05352254,-98.26730857,2013-07,True,True,False,False,False,True,False,False,False,False,False,True,REVISAR,REVISAR,REVISAR,FILTRO_DENUE,REGLAS_DENUE,
11065835,21114812210020831000000000U1,LAVANDERIA DAYANA,,812210,Lavanderías y tintorerías,0 a 5 personas,BOULEVARD,ZAPOTECA,CALLE,XOCHIQUETZAL,CALLE,TLALOQUE,CALLE,COATLIQUE,23,,,,,,COLONIA,BELLO HORIZONTE,,,,72735,21,PUEBLA,114,Puebla,0001,Heroica Puebla de Zaragoza,5998,016,2227308703,,,Fijo,19.0525376,-98.2600767,2024-11,True,True,False,False,False,True,False,False,False,False,False,True,REVISAR,REVISAR,REVISAR,FILTRO_DENUE,REGLAS_DENUE,
3465976,21034465311000371000000000U8,LAVANDERIA DAYNA,,812210,Lavanderías y tintorerías,0 a 5 personas,CALLE,5 DE FEBRERO,CALLE,CAMINO NACIONAL,CALLE,6 DE ENERO,CALLE,MIRADOR,3,,,,,,COLONIA,SAN FRANCISCO OCOTLAN,,,,72680,21,PUEBLA,034,Coronango,0003,San Francisco Ocotlán (Ocotlán),0212,001,2222894665,,,Fijo,19.14392538,-98.28204706,2010-07,True,True,False,False,False,True,False,False,False,False,False,True,REVISAR,REVISAR,REVISAR,FILTRO_DENUE,REGLAS_DENUE,
3329859,21034812210000061000000000U9,LAVANDERIA DE 10,,812210,Lavanderías y tintorerías,0 a 5 personas,AVENIDA,SAN FRANCISCO OCOTLAN,AVENIDA,TLAXCALA,AVENIDA,PERIFERICO ECOLOGICO,AVENIDA,PERIFERICO ECOLOGICO,,SN,,,,,COLONIA,SAN FRANCISCO OCOTLAN,,,,72680,21,PUEBLA,034,Coronango,0003,San Francisco Ocotlán (Ocotlán),0119,066,2222212134,,,Fijo,19.11329866,-98.27693604,2014-12,True,True,False,False,False,True,False,False,False,False,False,True,REVISAR,REVISAR,REVISAR,FILTRO_DENUE,REGLAS_DENUE,
10884292,21114812210020901000000000U2,LAVANDERIA DE ALEXA,,812210,Lavanderías y tintorerías,0 a 5 personas,AVENIDA,105 PONIENTE,RETORNO,PRIMER RETORNO 3 C SUR,RETORNO,PRIMER RETORNO 3 D SUR,ANDADOR,PLAZA GIRALDA,,SN,,,,,CONJUNTO HABITACIONAL,LOMA BELLA,,,,72490,21,PUEBLA,114,Puebla,0001,Heroica Puebla de Zaragoza,4078,022,,,,Fijo,18.99336882,-98.23217657,2024-11,True,True,False,False,False,True,False,False,False,False,False,True,REVISAR,REVISAR,REVISAR,FILTRO_DENUE,REGLAS_DENUE,
10052855,21114812210022231000000000U2,LAVANDERIA DE AUTOSERVICIO DIVER,,812210,Lavanderías y tintorerías,0 a 5 personas,CALLE,NINGUNO,CALLE,10,CALLE,6,CALLE,PASEO SAN JOSE VISTA HERMOSA SUR,37,,,1,,,COLONIA,SAN JOSE VISTA HERMOSA,CENTRO Y PLAZA COMERCIAL,SAN JOSE,7,72190,21,PUEBLA,114,Puebla,0001,Heroica Puebla de Zaragoza,1177,022,,LIBRIONES02@HOTMAIL.COM,,Fijo,19.03904791,-98.24176655,2024-11,True,True,False,False,False,True,False,False,False,False,False,True,REVISAR,REVISAR,REVISAR,FILTRO_DENUE,REGLAS_DENUE,
10693571,21114812210020031000000000U8,LAVANDERIA DE AUTOSERVICIO WASH & GO,,812210,Lavanderías y tintorerías,0 a 5 personas,PROLONGACION,16 DE SEPTIEMBRE,CALLE,LEON ALDAMA,AVENIDA,MIGUEL DE LA MADRID HURTADO,CERRADA,CERRADA A DE LA 16 DE SEPTIEMBRE,,SN,,,,,COLONIA,LEON ALDAMA,,,,72490,21,PUEBLA,114,Puebla,0001,Heroica Puebla de Zaragoza,5729,028,2222413272,,,Fijo,18.96826718,-98.23961292,2024-11,True,True,False,False,False,True,False,False,False,False,False,True,REVISAR,REVISAR,REVISAR,FILTRO_DENUE,REGLAS_DENUE,
11725414,21015812210000641000000000U7,LAVANDERIA DE AUTOSERVICIOS LAVA AMOZOC,,812210,Lavanderías y tintorerías,0 a 5 personas,CALLE,CARRETERA FEDERAL PUEBLA-TEHUACÁN,PRIVADA,Ninguno,CALLE,13 Sur,PRIVADA,Ninguno,1315,,,,,,BARRIO,SANTIAGO,,,,72980,21,PUEBLA,015,Amozoc,0001,Amozoc de Mota,0236,001,,,,Fijo,19.04338201,-98.05461267,2025-04,True,True,False,False,False,True,False,False,False,False,False,True,REVISAR,REVISAR,REVISAR,FILTRO_DENUE,REGLAS_DENUE,
9976750,21140812210001821000000000U0,LAVANDERIA DE CARLITOS,,812210,Lavanderías y tintorerías,0 a 5 personas,CALLE,8 NORTE,CALLE,12 ORIENTE,AVENIDA,10 ORIENTE,AVENIDA,10 ORIENTE,1004,,,,,,BARRIO,SAN MIGUEL TIANGUISNAHUAC,,,,72760,21,PUEBLA,140,San Pedro Cholula,0001,Cholula de Rivadavia,0501,003,2228595920,,,Fijo,19.06334381,-98.29905743,2024-11,True,True,False,False,False,True,False,False,False,False,False,True,REVISAR,REVISAR,REVISAR,FILTRO_DENUE,REGLAS_DENUE,
3431222,21140812210000551000000000U4,LAVANDERIA DE JESUS,,812210,Lavanderías y tintorerías,0 a 5 personas,AVENIDA,MIGUEL ALEMAN VALDES,AVENIDA,15 PONIENTE,AVENIDA,17 PONIENTE,CALLE,3 SUR,1502,A,,,,,BARRIO,SANTA MARIA XILITLA,,,,72760,21,PUEBLA,140,San Pedro Cholula,0001,Cholula de Rivadavia,0060,013,,,,Fijo,19.05548223,-98.31025344,2010-07,True,True,False,False,False,True,False,False,False,False,False,True,REVISAR,REVISAR,REVISAR,FILTRO_DENUE,REGLAS_DENUE,
7445236,21140812210001421000000000U9,LAVANDERIA DE LA 10,,812210,Lavanderías y tintorerías,0 a 5 personas,CALLE,10 NORTE,PROLONGACION,PROLONGACION DE LA 24 ORIENTE,CALLE,20 ORIENTE,CALLE,12 NORTE,2006,,,,,A,BARRIO,JESUS TLATEMPA,,,,72760,21,PUEBLA,140,San Pedro Cholula,0001,Cholula de Rivadavia,0408,023,2223929391,,,Fijo,19.06692311,-98.29540632,2019-11,True,True,False,False,False,True,False,False,False,False,False,True,REVISAR,REVISAR,REVISAR,FILTRO_DENUE,REGLAS_DENUE,
3349955,21114812210010591000000000U3,LAVANDERIA DE LA 12 PONIENTE,,812210,Lavanderías y tintorerías,0 a 5 personas,AVENIDA,12 PONIENTE,CALLE,9 NORTE,CALLE,11 NORTE,CALLE,AVENIDA 10 PONIENTE,907,8A,,,,,COLONIA,SAN PABLO DE LOS FRAILES,,,,72000,21,PUEBLA,114,Puebla,0001,Heroica Puebla de Zaragoza,0408,015,2221433131,,,Fijo,19.0527393,-98.20328022,2014-12,True,True,False,False,False,True,False,False,False,False,False,True,REVISAR,REVISAR,REVISAR,FILTRO_DENUE,REGLAS_DENUE,
10050073,21114812210020621000000000U6,LAVANDERIA DE LA R,ORLANDO ROLDAN,812210,Lavanderías y tintorerías,0 a 5 personas,CALLE,AVENIDA HIDALGO,PROLONGACION,5 PONIENTE,AVENIDA,ESTEBAN DE ANTUÑANO,PROLONGACION,5 PONIENTE,324,,,,,,COLONIA,REFORMA SUR,,,,72160,21,PUEBLA,114,Puebla,0001,Heroica Puebla de Zaragoza,360A,008,2211609026,,,Fijo,19.06318617,-98.23666764,2024-11,True,True,False,False,False,True,False,False,False,False,False,True,REVISAR,REVISAR,REVISAR,FILTRO_DENUE,REGLAS_DENUE,
3255886,21114812210001281000000000U2,LAVANDERIA DE LOS ANGELES,,812210,Lavanderías y tintorerías,0 a 5 personas,CALLE,AVENIDA 32 PONIENTE,AVENIDA,23 NORTE,CALLE,25 NORTE,CALLE,AVENIDA 30 PONIENTE,2305,,,,,,COLONIA,LAS CUARTILLAS,,,,72050,21,PUEBLA,114,Puebla,0001,Heroica Puebla de Zaragoza,0126,022,2211969519,,,Fijo,19.06664324,-98.20727999,2010-07,True,True,False,False,False,True,False,False,False,False,False,True,REVISAR,REVISAR,REVISAR,FILTRO_DENUE,REGLAS_DENUE,
9602537,21132812210001361000000000U4,LAVANDERIA DE ROPA MR LAUNDRY,,812210,Lavanderías y tintorerías,0 a 5 personas,CALLE,15 DE SEPTIEMBRE,CALLE,BENITO JUAREZ,CALLE,5 DE FEBRERO,CALLE,24 DE FEBRERO,30,,,,,,PUEBLO,SANTA CATARINA HUEYATZACOALCO,,,,74125,21,PUEBLA,132,San Martín Texmelucan,0001,San Martín Texmelucan de Labastida,0410,033,,,,Fijo,19.28575537,-98.45050248,2024-11,True,True,True,False,False,True,False,False,False,False,False,True,REVISAR,REVISAR,REVISAR,FILTRO_DENUE,REGLAS_DENUE,
8324508,21114812210017771000000000U4,LAVANDERIA DE ROPA URBAN LAUDRY,,812210,Lavanderías y tintorerías,0 a 5 personas,CALLE,12 SUR,AVENIDA,MANUEL AVILA CAMACHO,CALLE,3 ORIENTE,CALLE,HERNAN CORTES,115,B,,,,,COLONIA,EL SALVADOR,,,,72320,21,PUEBLA,114,Puebla,0001,Heroica Puebla de Zaragoza,3968,009,,,,Fijo,19.03765875,-98.1391855,2019-11,True,True,True,False,False,True,False,False,False,False,False,True,REVISAR,REVISAR,REVISAR,FILTRO_DENUE,REGLAS_DENUE,
11616528,21114812210020491000000000U4,LAVANDERIA DE SALAS Y TAPETES,,812210,Lavanderías y tintorerías,0 a 5 personas,BOULEVARD,MUNICIPIO LIBRE,PRIVADA,B DE LA 16 DE SEPTIEMBRE,PROLONGACION,PROLONGACION DE LA 16 DE SEPTIEMBRE,CALLE,HUAUCHINANGO,16,1,,,,,COLONIA,LOMAS DEL SUR,,,,72574,21,PUEBLA,114,Puebla,0001,Heroica Puebla de Zaragoza,2442,009,,,,Fijo,18.99799202,-98.22314405,2024-11,True,True,False,False,False,True,False,False,False,False,False,True,REVISAR,REVISAR,REVISAR,FILTRO_DENUE,REGLAS_DENUE,
10941020,21041812210001181000000000U9,LAVANDERIA DEL CENTRO,,812210,Lavanderías y tintorerías,0 a 5 personas,CALLE,SOLEDAD,CALLE,NINGUNO,CALLE,NINGUNO,CALLE,MARGARITAS,6,,,,,,BARRIO,DEL CALVARIO,,,,72700,21,PUEBLA,041,Cuautlancingo,0001,San Juan Cuautlancingo,0240,014,2211573601,,,Fijo,19.09150247,-98.27126805,2024-11,True,True,False,False,False,True,False,False,False,False,False,True,REVISAR,REVISAR,REVISAR,FILTRO_DENUE,REGLAS_DENUE,
9196319,21114812210018881000000000U0,LAVANDERIA DEL CENTRO,,812210,Lavanderías y tintorerías,0 a 5 personas,CALLE,3 ORIENTE,CALLE,VICENTE GUERRERO,CALLE,2 SUR,BOULEVARD,CAPITAN CARLOS CAMACHO ESPIRITU,,SN,,,,,BARRIO,ASUNCION,,,,72595,21,PUEBLA,114,Puebla,0001,Heroica Puebla de Zaragoza,4260,014,,,,Fijo,18.96876868,-98.18468028,2019-11,True,True,False,False,False,True,False,False,False,False,False,True,REVISAR,REVISAR,REVISAR,FILTRO_DENUE,REGLAS_DENUE,
9893812,21132812210001411000000000U7,LAVANDERIA DEL CENTRO,,812210,Lavanderías y tintorerías,0 a 5 personas,AVENIDA,MIGUEL HIDALGO,CALLE,RIVA PALACIO,CALLE,2 DE ABRIL,AVENIDA,REVOLUCION,,SN,,,,,LOCALIDAD,SANTA MARIA MOYOTZINGO,,,,74129,21,PUEBLA,132,San Martín Texmelucan,0015,Santa María Moyotzingo,0463,028,,,,Fijo,19.24438697,-98.40638699,2024-11,True,True,False,False,False,True,False,False,False,False,False,True,REVISAR,REVISAR,REVISAR,FILTRO_DENUE,REGLAS_DENUE,
8106163,21041812210000781100000000U7,LAVANDERIA DEL HOGAR,,812210,Lavanderías y tintorerías,0 a 5 personas,CALLE,SANTA ROSA,CALLE,SANTA ROSA,OTRO(ESPECIFIQUE),BARDA,CALLE,NINGUNO,,SN,,,,,FRACCIONAMIENTO,FRAMBOYANES,,,,72704,21,PUEBLA,041,Cuautlancingo,0001,San Juan Cuautlancingo,0109,207,2221333475,,,Fijo,19.11330471,-98.27084203,2019-11,True,True,False,False,False,True,False,False,False,False,False,True,REVISAR,REVISAR,REVISAR,FILTRO_DENUE,REGLAS_DENUE,
3420707,21114812210003921000000000U1,LAVANDERIA DEL RISCO,,812210,Lavanderías y tintorerías,0 a 5 personas,AVENIDA,AVENIDA DEL RISCO,CALLE,HACIENDA DE LOS PADRES,AVENIDA,SAN CLAUDIO,CALLE,SAN MATEO,6156,,,,,,COLONIA,LA HACIENDA,,,,72570,21,PUEBLA,114,Puebla,0001,Heroica Puebla de Zaragoza,2635,017,,,,Fijo,19.00129549,-98.19330487,2010-07,True,True,False,False,False,True,False,False,False,False,False,True,REVISAR,REVISAR,REVISAR,FILTRO_DENUE,REGLAS_DENUE,
10645474,21114812210021391000000000U5,LAVANDERIA DEL ROCIO,,812210,Lavanderías y tintorerías,0 a 5 personas,AVENIDA,TULE,CALLE,21 DE MARZO,CALLE,GUADALUPE VICTORIA,AVENIDA,LAURELES,52,,,,,,COLONIA,LOMA BONITA CALERAS,,,,72100,21,PUEBLA,114,Puebla,0001,Heroica Puebla de Zaragoza,5220,001,2224692373,,,Fijo,19.10306254,-98.22062731,2024-11,True,True,False,False,False,True,False,False,False,False,False,True,REVISAR,REVISAR,REVISAR,FILTRO_DENUE,REGLAS_DENUE,
3363209,21114812210011071000000000U5,LAVANDERIA DELFINES,,812210,Lavanderías y tintorerías,0 a 5 personas,CALLE,BOSQUES DE CHAPULTEPEC,CALLE,RUA DE ONIX,CALLE,CAMPOS ELISEOS,CALLE,RUA DE DIAMANTE,8,,,,,,COLONIA,LOS PINITOS,,,,72380,21,PUEBLA,114,Puebla,0001,Heroica Puebla de Zaragoza,1779,013,2221252836,,,Fijo,19.01652395,-98.17943715,2014-12,True,True,False,False,False,True,False,False,False,False,False,True,REVISAR,REVISAR,REVISAR,FILTRO_DENUE,REGLAS_DENUE,
3370161,21114812210012631000000000U5,LAVANDERIA DELUX,,812210,Lavanderías y tintorerías,0 a 5 personas,BOULEVARD,JOSE MARIA LAFRAGUA,BOULEVARD,JOSE MARIA LAFRAGUA,CALLE,LINDA VISTA,CIRCUITO,EL ROBLE,8527,,,1,,,COLONIA,SAN JOSE XILOTZINGO,CENTRO Y PLAZA COMERCIAL,CENTRO COMERCIAL LOMAS DEL SUR,2,72520,21,PUEBLA,114,Puebla,0001,Heroica Puebla de Zaragoza,4561,013,2225795333,,,Fijo,18.98657501,-98.19618937,2014-12,True,True,False,False,False,True,False,False,False,False,False,True,REVISAR,REVISAR,REVISAR,FILTRO_DENUE,REGLAS_DENUE,
11374196,21041812210001171000000000U0,LAVANDERIA DIAL,,812210,Lavanderías y tintorerías,0 a 5 personas,CALLE,SAN ISIDRO,CALLE,URANGA,PRIVADA,NINGUNO,CALLE,SAN ISIDRO,,SN,,,,,BARRIO,DEL CALVARIO,,,,72700,21,PUEBLA,041,Cuautlancingo,0001,San Juan Cuautlancingo,0109,032,2223637398,,,Fijo,19.10298346,-98.26745753,2024-11,True,True,False,False,False,True,False,False,False,False,False,True,REVISAR,REVISAR,REVISAR,FILTRO_DENUE,REGLAS_DENUE,
10715972,21041812210001541000000000U4,LAVANDERIA DIAL,,812210,Lavanderías y tintorerías,0 a 5 personas,AVENIDA,PROLONGACION SAN JOAQUIN,CALLE,ALCANFORES,CALLE,JAIME TORRES BODET,AVENIDA,PROLONGACION SAN JOAQUIN,,SN,,,,,BARRIO,DEL CALVARIO,,,,72702,21,PUEBLA,041,Cuautlancingo,0001,San Juan Cuautlancingo,0109,027,2223637398,,,Fijo,19.10826851,-98.2704199,2024-11,True,True,False,False,False,True,False,False,False,False,False,True,REVISAR,REVISAR,REVISAR,FILTRO_DENUE,REGLAS_DENUE,
8328866,21114812210015321000000000U0,LAVANDERIA DIANDI,,812210,Lavanderías y tintorerías,0 a 5 personas,CALLE,24 ORIENTE,CALLE,CALLE DE MELCHOR OCAMPO,CALLE,2 NORTE,AVENIDA,20 ORIENTE,15,1,,,,,COLONIA,CENTRO,,,,72000,21,PUEBLA,114,Puebla,0001,Heroica Puebla de Zaragoza,5184,010,,,,Fijo,19.0521674,-98.19230742,2019-11,True,True,False,False,False,True,False,False,False,False,False,True,REVISAR,REVISAR,REVISAR,FILTRO_DENUE,REGLAS_DENUE,
10342101,21041812210001511000000000U7,LAVANDERIA DIANIS,,812210,Lavanderías y tintorerías,0 a 5 personas,CALLE,CENTENARIO,PRIVADA,CENTENARIO,CALLE,MARMOL,CALLE,TECALI,106,B,,,,,FRACCIONAMIENTO,SECCION 9 A MISIONES DE SAN FRANCISCO,,,,72680,21,PUEBLA,041,Cuautlancingo,0027,San Jacinto,0382,017,2721922376,,,Fijo,19.15055876,-98.26167381,2024-11,True,True,False,False,False,True,False,False,False,False,False,True,REVISAR,REVISAR,REVISAR,FILTRO_DENUE,REGLAS_DENUE,
7536635,21134812210000191000000000U2,LAVANDERIA DIAZ,,812210,Lavanderías y tintorerías,0 a 5 personas,CALLE,GUADALUPE,CERRADA,GUADALUPE,CALLE,CONCEPCION,CALLE,CALLE DE LA CAMPANA,1,,,,,,LOCALIDAD,SAN MATIAS TLALANCALECA,,,,74110,21,PUEBLA,134,San Matías Tlalancaleca,0001,San Matías Tlalancaleca,003A,002,2481387862,,,Fijo,19.32708755,-98.49882719,2019-11,True,True,False,False,False,True,False,False,False,False,False,True,REVISAR,REVISAR,REVISAR,FILTRO_DENUE,REGLAS_DENUE,
10970262,21114812210020411000000000U2,LAVANDERIA DON BURBUJA,,812210,Lavanderías y tintorerías,0 a 5 personas,CALLE,MIGUEL HIDALGO,CALLE,JOSE MARIA MORELOS Y PAVON,CALLE,INSURGENTES,CALLE,JOSE MARIA MORELOS Y PAVON,713,,,,,,COLONIA,GUADALUPE HIDALGO,,,,72490,21,PUEBLA,114,Puebla,0001,Heroica Puebla de Zaragoza,1957,003,5623703293,,,Fijo,18.97624509,-98.24633862,2024-11,True,True,False,False,False,True,False,False,False,False,False,True,REVISAR,REVISAR,REVISAR,FILTRO_DENUE,REGLAS_DENUE,
10753974,21114812210019741000000000U5,LAVANDERIA DORIS,,812210,Lavanderías y tintorerías,0 a 5 personas,CALLE,7 C SUR,CERRADA,SEGUNDA CERRADA EMILIANO ZAPATA,CERRADA,TERCERA CERRADA VICENTE GUERRERO,CALLE,9 SUR,,SN,,,,,COLONIA,GUADALUPE HIDALGO,,,,72490,21,PUEBLA,114,Puebla,0001,Heroica Puebla de Zaragoza,1961,023,2225809333,,,Fijo,18.98141362,-98.24513039,2024-11,True,True,False,False,False,True,False,False,False,False,False,True,REVISAR,REVISAR,REVISAR,FILTRO_DENUE,REGLAS_DENUE,
9593985,21041812210001281000000000U7,LAVANDERIA DOS CICLOS,IRMA,812210,Lavanderías y tintorerías,0 a 5 personas,CALLE,SAN JACINTO,PRIVADA,LOS ALCANFORES,PRIVADA,MORENA,PRIVADA,ADOLFO LOPEZ MATEOS,,SN,,,,,LOCALIDAD,SAN LORENZO ALMECATLA,,,,72710,21,PUEBLA,041,Cuautlancingo,0012,San Lorenzo Almecatla,0185,105,,,,Fijo,19.1505096,-98.23507034,2024-11,True,True,False,False,False,True,False,False,False,False,False,True,REVISAR,REVISAR,REVISAR,FILTRO_DENUE,REGLAS_DENUE,
3261102,21114812210005021000000000U8,LAVANDERIA DOS HADAS,,812210,Lavanderías y tintorerías,0 a 5 personas,AVENIDA,15 DE MAYO,PRIVADA,29 B NORTE,CALLE,PRIVADA DEL LOBO,PRIVADA,DEL LOBO,2913,B2,,,2,B,COLONIA,LAS HADAS MUNDIAL 86,,,,72070,21,PUEBLA,114,Puebla,0001,Heroica Puebla de Zaragoza,4222,006,,IRMAROSABM@GMAIL.COM,,Fijo,19.0630739,-98.21223646,2010-07,True,True,False,False,False,True,False,False,False,False,False,True,REVISAR,REVISAR,REVISAR,FILTRO_DENUE,REGLAS_DENUE,
9497066,21114812210022551000000000U3,LAVANDERIA DOS MANOS,,812210,Lavanderías y tintorerías,0 a 5 personas,CALLE,6 ORIENTE B,CALLE,32 NORTE BIS,CALLE,34 NORTE,PRIVADA,6 ORIENTE A,,SN,,,,,COLONIA,RESURGIMIENTO CD NORTE,,,,72373,21,PUEBLA,114,Puebla,0001,Heroica Puebla de Zaragoza,0624,018,2228018205,,,Fijo,19.03752329,-98.1732019,2024-11,True,True,False,False,False,True,False,False,False,False,False,True,REVISAR,REVISAR,REVISAR,FILTRO_DENUE,REGLAS_DENUE,
8150748,21114812210014961100000000U4,LAVANDERIA DRY CLEAN,,812210,Lavanderías y tintorerías,0 a 5 personas,CALLE,25 DE NOVIEMBRE,AVENIDA,GUADALUPE VICTORIA,AVENIDA,3 DE MAYO,AVENIDA,AQUILES SERDAN,,SN,,,,,COLONIA,SAN BALTAZAR CAMPECHE,,,,72550,21,PUEBLA,114,Puebla,0001,Heroica Puebla de Zaragoza,0751,020,2227200421,,,Fijo,19.01658408,-98.20691416,2019-11,True,True,False,False,False,True,False,False,False,False,False,True,REVISAR,REVISAR,REVISAR,FILTRO_DENUE,REGLAS_DENUE,
7568536,21119812210001541000000000U8,LAVANDERIA DRYON,,812210,Lavanderías y tintorerías,0 a 5 personas,BOULEVARD,LOMAS NORTE,BOULEVARD,BOUJEVARD DE LOS REYES,CALLE,NINGUNO,BOULEVARD,LOMAS NORTE,6432,,,1,,,LOCALIDAD,SAN BERNARDINO TLAXCALANCINGO,CENTRO Y PLAZA COMERCIAL,PLAZA REAL,10,72820,21,PUEBLA,119,San Andrés Cholula,0013,San Bernardino Tlaxcalancingo,0508,025,2227694145,DRYONLAVANDERIA@GMAIL.COM,,Fijo,19.00596447,-98.2655982,2019-11,True,True,False,False,False,True,False,False,False,False,False,True,REVISAR,REVISAR,REVISAR,FILTRO_DENUE,REGLAS_DENUE,
9928091,21114812210021231000000000U3,LAVANDERIA DUDUM,,812210,Lavanderías y tintorerías,0 a 5 personas,PRIVADA,LA SOLEDAD,PRIVADA,LA SOLEDAD,BOULEVARD,CARLOS CAMACHO ESPIRITU,BOULEVARD,JOSE MARIA LAFRAGUA,,SN,,,,,COLONIA,SAN JUAN,,,,72595,21,PUEBLA,114,Puebla,0001,Heroica Puebla de Zaragoza,6483,004,,,,Fijo,18.97847916,-98.19380384,2024-11,True,True,False,False,False,True,False,False,False,False,False,True,REVISAR,REVISAR,REVISAR,FILTRO_DENUE,REGLAS_DENUE,
8592566,21119812210001751000000000U3,LAVANDERIA DULCE,,812210,Lavanderías y tintorerías,0 a 5 personas,CALLE,4 NORTE,CALLE,4 ORIENTE,CALLE,2 ORIENTE,CALLE,6 NORTE,204,,,,,,COLONIA,CENTRO,,,,72810,21,PUEBLA,119,San Andrés Cholula,0001,San Andrés Cholula,0207,001,5578177947,,,Fijo,19.05079623,-98.29571999,2019-11,True,True,False,False,False,True,False,False,False,False,False,True,REVISAR,REVISAR,REVISAR,FILTRO_DENUE,REGLAS_DENUE,
9650235,21114812210020941000000000U8,LAVANDERIA EASY CLEAN,,812210,Lavanderías y tintorerías,0 a 5 personas,CALLE,NOGAL,CALLE,PRINCIPAL DE LA RESURRECCION,AVENIDA,BOSQUE DE MANZANILLA,CALLE,OLIVO,5244,A,,,,,COLONIA,BOSQUES DE MANZANILLA,,,,72307,21,PUEBLA,114,Puebla,0001,Heroica Puebla de Zaragoza,442A,007,2228843240,,,Fijo,19.06666436,-98.14453663,2024-11,True,True,False,False,False,True,False,False,False,False,False,True,REVISAR,REVISAR,REVISAR,FILTRO_DENUE,REGLAS_DENUE,
9608252,21114812210020211000000000U6,LAVANDERIA EASY WASH,,812210,Lavanderías y tintorerías,0 a 5 personas,AVENIDA,LOMAS DEL ANGEL,OTRO(ESPECIFIQUE),BARDA,BOULEVARD,CAMINO AL BATAN,CALLE,ROLLS ROYCE,5718,,,,,,NINGUNO,CALERA PLAZA,,,,72575,21,PUEBLA,114,Puebla,0001,Heroica Puebla de Zaragoza,289A,038,2229602767,,,Fijo,19.00085335,-98.18027108,2024-11,True,True,False,False,False,True,False,False,False,False,False,True,REVISAR,REVISAR,REVISAR,FILTRO_DENUE,REGLAS_DENUE,
11495272,21074812210000881000000000U6,LAVANDERIA EASY WASH,,812210,Lavanderías y tintorerías,0 a 5 personas,AVENIDA,PORFIRIO DIAZ,CALLE,JUVENTINO ROSAS,CALLE,JAIME NUNO,AVENIDA,5 DE MAYO,702,,,,,,BARRIO,TETCERO,,,,74160,21,PUEBLA,074,Huejotzingo,0001,Huejotzingo,010A,013,,,,Fijo,19.1634221,-98.40752147,2024-11,True,True,False,False,False,True,False,False,False,False,False,True,REVISAR,REVISAR,REVISAR,FILTRO_DENUE,REGLAS_DENUE,
8341296,21114812210018171000000000U6,LAVANDERIA EASY WASH,,812210,Lavanderías y tintorerías,0 a 5 personas,AVENIDA,47 PONIENTE,PRIVADA,MONTE ALBAN,PRIVADA,UXMAL,PRIVADA,47 A PONIENTE,4701,,,,,,COLONIA,REFORMA AGUA AZUL,,,,72430,21,PUEBLA,114,Puebla,0001,Heroica Puebla de Zaragoza,2457,004,2211189921,ROX.07069@GMAIL.COM,,Fijo,19.03140036,-98.22047301,2019-11,True,True,False,False,False,True,False,False,False,False,False,True,REVISAR,REVISAR,REVISAR,FILTRO_DENUE,REGLAS_DENUE,
7568714,21119812210001571000000000U5,LAVANDERIA EASY WASH,,812210,Lavanderías y tintorerías,0 a 5 personas,CALLE,RAMON IBARRA Y GONZALEZ,CALLE,ORION NORTE,CALLE,EL MOLINITO,PRIVADA,MOLINITO,212,,,1,,,COLONIA,EMILIANO ZAPAPTA,CENTRO Y PLAZA COMERCIAL,PLAZA ORION NORTE,4,72824,21,PUEBLA,119,San Andrés Cholula,0013,San Bernardino Tlaxcalancingo,0457,001,2211604748,,,Fijo,19.0304766,-98.25560878,2019-11,True,True,False,False,False,True,False,False,False,False,False,True,REVISAR,REVISAR,REVISAR,FILTRO_DENUE,REGLAS_DENUE,
3333119,21140812210000851000000000U8,LAVANDERIA ECO CLEAN,,812210,Lavanderías y tintorerías,0 a 5 personas,AVENIDA,FORJADORES DE PUEBLA,CALLE,12 NORTE,CALLE,10 NORTE,CALLE,34 ORIENTE,1010,,,1,,,COLONIA,DE FORJADORES,CENTRO Y PLAZA COMERCIAL,PABELLON FORJADORES,12,72770,21,PUEBLA,140,San Pedro Cholula,0001,Cholula de Rivadavia,0380,023,2224747017,,,Fijo,19.07519509,-98.29125996,2014-12,True,True,False,False,False,True,False,False,False,False,False,True,REVISAR,REVISAR,REVISAR,FILTRO_DENUE,REGLAS_DENUE,
3371684,21114812210012331000000000U2,LAVANDERIA ECO CLEAN,HUMBERTO REYES,812210,Lavanderías y tintorerías,0 a 5 personas,BOULEVARD,JOSE MARIA LAFRAGUA,CALLE,LINDA VISTA,CALLE,ARBOLEDAS,BOULEVARD,CARLOS CAMACHO ESPIRITU,8525,,,,,,COLONIA,TRES CRUCES,,,,72595,21,PUEBLA,114,Puebla,0001,Heroica Puebla de Zaragoza,4561,045,2226712011,,,Fijo,18.984902,-98.19630158,2014-12,True,True,False,False,False,True,False,False,False,False,False,True,REVISAR,REVISAR,REVISAR,FILTRO_DENUE,REGLAS_DENUE,
9626470,21053812210000391000000000U0,LAVANDERIA ECO LAVANDRY,,812210,Lavanderías y tintorerías,0 a 5 personas,CALLE,IGNACIO ZARAGOZA,CALLE,MIGUEL QUIROZ,CALLE,NINGUNO,PRIVADA,NINGUNO,,SN,,,,,BARRIO,TOLTEMPAN,,,,73300,21,PUEBLA,053,Chignahuapan,0001,Ciudad de Chignahuapan,0294,020,,,,Fijo,19.83352269,-98.04057894,2024-11,True,True,False,False,False,True,False,False,False,False,False,True,REVISAR,REVISAR,REVISAR,FILTRO_DENUE,REGLAS_DENUE,
8695352,21114812210016832000000000U5,LAVANDERIA ECOCLEAN,,812210,Lavanderías y tintorerías,6 a 10 personas,AVENIDA,14 SUR,AVENIDA,SAN IGNACIO,BOULEVARD,CIRCUNVALACION,CALLE,RIO PANUCO,5922,,,,,,FRACCIONAMIENTO,JARDINES DE SAN MANUEL,,,,72570,21,PUEBLA,114,Puebla,0001,Heroica Puebla de Zaragoza,0802,008,,MARIAMGOS@HOTMAIL.COM,,Fijo,19.0092335,-98.20350012,2019-11,True,True,False,False,False,True,False,False,False,False,False,True,REVISAR,REVISAR,REVISAR,FILTRO_DENUE,REGLAS_DENUE,
9778390,21180812210000111000000000U3,LAVANDERIA ECOLAB,,812210,Lavanderías y tintorerías,0 a 5 personas,CALZADA,REFORMA NORTE,CALZADA,REFORMA NORTE,CALLE,LAS PALOMAS,AVENIDA,MIGUEL HIDALGO,8,,,,,,COLONIA,LA GRANJA,,,,74100,21,PUEBLA,180,Tlahuapan,0001,Santa Rita Tlahuapan,0066,026,2481748915,,,Fijo,19.34243723,-98.58424219,2024-11,True,True,False,False,False,True,False,False,False,False,False,True,REVISAR,REVISAR,REVISAR,FILTRO_DENUE,REGLAS_DENUE,
3445601,21114812210006231000000000U2,LAVANDERIA ECOLOGICA,,812210,Lavanderías y tintorerías,0 a 5 personas,CALLE,PLAZUELA DEL BOLICHE,AVENIDA,AVENIDA DE LOS EDUCADORES,CALLE,NINGUNO,CALLE,PLAZUELA DEL CALVARIO,1422,,,,,,COLONIA,PLAZAS AMALUCAN,,,,72310,21,PUEBLA,114,Puebla,0001,Heroica Puebla de Zaragoza,5273,005,,JAIME.ECO@HOTMAIL.COM,,Fijo,19.04327403,-98.14552689,2010-07,True,True,False,False,False,True,False,False,False,False,False,True,REVISAR,REVISAR,REVISAR,FILTRO_DENUE,REGLAS_DENUE,
10644996,21114812210022601000000000U6,LAVANDERIA ECOLOGICA,,812210,Lavanderías y tintorerías,0 a 5 personas,AVENIDA,FILOMENO ESCAMILLA,AVENIDA,F ESCAMILLA,CALLE,NINGUNO,AVENIDA,ANGEL PACHECO HUERTA,101,B,,,,,COLONIA,RIVERA ANAYA,,,,72309,21,PUEBLA,114,Puebla,0001,Heroica Puebla de Zaragoza,2368,005,,,,Fijo,19.05392453,-98.15040633,2024-11,True,True,False,False,False,True,False,False,False,False,False,True,REVISAR,REVISAR,REVISAR,FILTRO_DENUE,REGLAS_DENUE,
10772901,21114812210020341000000000U1,LAVANDERIA ECOMAR,GUADALUPE VALVERDE,812210,Lavanderías y tintorerías,0 a 5 personas,BOULEVARD,LAS CARMELITAS,PRIVADA,143 C PONIENTE,CALLE,TULE,CALLE,NINGUNO,,SN,,,,,COLONIA,JARDINES DE CASTILLOTLA,,,,72498,21,PUEBLA,114,Puebla,0001,Heroica Puebla de Zaragoza,5574,038,,,,Fijo,18.9766003,-98.2725581,2024-11,True,True,False,False,False,True,False,False,False,False,False,True,REVISAR,REVISAR,REVISAR,FILTRO_DENUE,REGLAS_DENUE,
8800839,21114812210014671000000000U9,LAVANDERIA ECO-ROOM,,812210,Lavanderías y tintorerías,0 a 5 personas,CALLE,NINGUNO,CALLE,PRIVADA 15 PONIENTE,AVENIDA,13 PONIENTE,CALLE,TLAXCO,1314,,,,,,COLONIA,LA PAZ,,,,72160,21,PUEBLA,114,Puebla,0001,Heroica Puebla de Zaragoza,0376,004,2212012264,ECOROOM.LAUDRY@GMAIL.COM,,Fijo,19.05076801,-98.22410182,2019-11,True,True,False,False,False,True,False,False,False,False,False,True,REVISAR,REVISAR,REVISAR,FILTRO_DENUE,REGLAS_DENUE,
3260147,21132541110000331010000000U8,LAVANDERIA ECOTEX,,812210,Lavanderías y tintorerías,0 a 5 personas,CALLE,COFRE DE PEROTE,CALLE,DOROTEO ARANGO,CALLE,GENERAL MARIANO ESCOBEDO,AVENIDA,ALBINO LABASTIDA,99,,,,,,COLONIA,OJO DE AGUA,,,,74042,21,PUEBLA,132,San Martín Texmelucan,0001,San Martín Texmelucan de Labastida,0209,015,,,,Fijo,19.28663639,-98.44866547,2010-07,True,True,False,False,False,True,False,False,False,False,False,True,REVISAR,REVISAR,REVISAR,FILTRO_DENUE,REGLAS_DENUE,
3256237,21114812210005461000000000U6,LAVANDERIA EL ANGEL,DIEGO ROMANGONZALEZ,812210,Lavanderías y tintorerías,0 a 5 personas,CALLE,7 NORTE,AVENIDA,64 PONIENTE,AVENIDA,62 PONIENTE,CALLE,9 NORTE,6205,,,,,,COLONIA,GUADALUPE VICTORIA,,,,72230,21,PUEBLA,114,Puebla,0001,Heroica Puebla de Zaragoza,3525,014,,,,Fijo,19.07017669,-98.18957077,2010-07,True,True,False,False,False,True,False,False,False,False,False,True,REVISAR,REVISAR,REVISAR,FILTRO_DENUE,REGLAS_DENUE,
3421329,21114812210000711000000000U9,LAVANDERIA EL ANGEL,,812210,Lavanderías y tintorerías,0 a 5 personas,CALLE,14 SUR,AVENIDA,21 ORIENTE,AVENIDA,19 ORIENTE,CALLE,10 SUR,1905,,,,1,,COLONIA,EL ANGEL,,,,72500,21,PUEBLA,114,Puebla,0001,Heroica Puebla de Zaragoza,0696,022,,,,Fijo,19.0327108,-98.19448779,2010-07,True,True,False,False,False,True,False,False,False,False,False,True,REVISAR,REVISAR,REVISAR,FILTRO_DENUE,REGLAS_DENUE,
10982912,21114812210020381000000000U7,LAVANDERIA EL BILLAR,,812210,Lavanderías y tintorerías,0 a 5 personas,PRIVADA,2 DE ABRIL,CALLE,DOCTOR GONZALO BAUTISTA CASTILLO,CALLE,21 DE MARZO,CALLE,21 DE MARZO,10,,,,,,COLONIA,IGNACIO ZARAGOZA,,,,72380,21,PUEBLA,114,Puebla,0001,Heroica Puebla de Zaragoza,3830,031,2212051412,,,Fijo,19.03043274,-98.17827646,2024-11,True,True,False,False,False,True,False,False,False,False,False,True,REVISAR,REVISAR,REVISAR,FILTRO_DENUE,REGLAS_DENUE,
9939223,21114812210019831000000000U4,LAVANDERIA EL BUEN TALLON,GABRIELA BRAVO,812210,Lavanderías y tintorerías,0 a 5 personas,CALLE,LA PAZ,CALLE,BARCELONA,CALLE,VALENCIA,CALLE,CABO BAJO,,SN,,,,,COLONIA,NUEVA SAN SALVADOR,,,,72017,21,PUEBLA,114,Puebla,0001,Heroica Puebla de Zaragoza,4383,003,2213244967,,,Fijo,19.08709424,-98.17147722,2024-11,True,True,False,False,False,True,False,False,False,False,False,True,REVISAR,REVISAR,REVISAR,FILTRO_DENUE,REGLAS_DENUE,
7556740,21114812210015821000000000U9,LAVANDERIA EL CALCETIN SOLITARIO,,812210,Lavanderías y tintorerías,0 a 5 personas,CALLE,5 DE FEBRERO ORIENTE,CALLE,JOSE MARIA MORELOS,CALLE,INDEPENDENCIA NORTE,CALLE,JOSEFA ORTIZ DE DOMINGUEZ ORIENTE,432,,,,1,,COLONIA,SAN FELIPE HUEYOTLIPAN,,,,72300,21,PUEBLA,114,Puebla,0001,Heroica Puebla de Zaragoza,2565,005,2226708499,,,Fijo,19.08565356,-98.20892781,2019-11,True,True,False,False,False,True,False,False,False,False,False,True,REVISAR,REVISAR,REVISAR,FILTRO_DENUE,REGLAS_DENUE,
3419521,21074461110000221010000000U1,LAVANDERIA EL CHINO,,812210,Lavanderías y tintorerías,0 a 5 personas,AVENIDA,EL CARMEN,CALLE,CARLOS ISMAEL BETANCOURT,CALLE,CAMELIA,AVENIDA,CUAUHTEMOC,408,,,,,,BARRIO,PRIMERO,,,,74160,21,PUEBLA,074,Huejotzingo,0001,Huejotzingo,0059,031,,,,Fijo,19.1569117,-98.40311639,2010-07,True,True,False,False,False,True,False,False,False,False,False,True,REVISAR,REVISAR,REVISAR,FILTRO_DENUE,REGLAS_DENUE,
3253362,21114812210013321000000000U2,LAVANDERIA EL CISNE,,812210,Lavanderías y tintorerías,0 a 5 personas,BOULEVARD,SAN APARICIO NORTE,BOULEVARD,SAN APARICIO ORIENTE,CALLE,FUENTES DE SAN MIGUEL,PRIVADA,124 A PONIENTE,,SN,,,,,COLONIA,FUENTES DE APARICIO,,,,72228,21,PUEBLA,114,Puebla,0001,Heroica Puebla de Zaragoza,5875,030,2227342628,,,Fijo,19.08937903,-98.16374504,2010-07,True,True,False,False,False,True,False,False,False,False,False,True,REVISAR,REVISAR,REVISAR,FILTRO_DENUE,REGLAS_DENUE,
10529635,21114812210019571000000000U6,LAVANDERIA EL CISNE CLEAN,,812210,Lavanderías y tintorerías,0 a 5 personas,ANDADOR,2 PONIENTE,CALLE,SAN APARICIO NORTE,CALLE,SAN APARICIO SUR,ANDADOR,3 PONIENTE,85,E,,,,,UNIDAD HABITACIONAL,RINCON SAN APARICIO,,,,72228,21,PUEBLA,114,Puebla,0001,Heroica Puebla de Zaragoza,5875,016,,,,Fijo,19.09139153,-98.16897805,2024-11,True,True,False,False,False,True,False,False,False,False,False,True,REVISAR,REVISAR,REVISAR,FILTRO_DENUE,REGLAS_DENUE,
9969710,21034812210000141000000000U9,LAVANDERIA EL COYOTE,,812210,Lavanderías y tintorerías,0 a 5 personas,AVENIDA,PENSADOR MEXICANO,CALLE,16 DE SEPTIEMBRE SUR,CALLE,BAJA CALIFORNIA SUR,CALLE,BAJA CALIFORNIA SUR,,SN,,,,,BARRIO,SAN ANTONIO,,,,72670,21,PUEBLA,034,Coronango,0001,Santa María Coronango,0068,007,2212942794,,,Fijo,19.12027829,-98.30728144,2024-11,True,True,False,False,False,True,False,False,False,False,False,True,REVISAR,REVISAR,REVISAR,FILTRO_DENUE,REGLAS_DENUE,
3355798,21114812210009951000000000U2,LAVANDERIA EL DELFIN,,812210,Lavanderías y tintorerías,0 a 5 personas,BOULEVARD,PUEBLA,CALLE,1 E,CALLE,NINGUNO,CALLE,5 E,,SN,,,,,COLONIA,BOSQUES DE SAN SEBASTIAN,,,,72310,21,PUEBLA,114,Puebla,0001,Heroica Puebla de Zaragoza,4472,001,2215821086,,,Fijo,19.06227339,-98.12871803,2014-12,True,True,False,False,False,True,False,False,False,False,False,True,REVISAR,REVISAR,REVISAR,FILTRO_DENUE,REGLAS_DENUE,
3331802,21041812210000441000000000U8,LAVANDERIA EL DELFIN,,812210,Lavanderías y tintorerías,0 a 5 personas,CALLE,AV 16 DE SEPTIEMBRE,AVENIDA,MEXICO PUEBLA,OTRO(ESPECIFIQUE),CANAL,CALLE,NINGUNO,4,,,,,,LOCALIDAD,SAN JUAN CUAUTLANCINGO,,,,72700,21,PUEBLA,041,Cuautlancingo,0001,San Juan Cuautlancingo,0255,011,2213000891,,,Fijo,19.0870407,-98.26550189,2014-12,True,True,False,False,False,True,False,False,False,False,False,True,REVISAR,REVISAR,REVISAR,FILTRO_DENUE,REGLAS_DENUE,
3322181,21132812210000661000000000U8,LAVANDERIA EL DOLAR,,812210,Lavanderías y tintorerías,0 a 5 personas,CALLE,CAMINO A MOYOTZINGO,CALLE,OAXACA SUR,PRIVADA,LOS PINOS,CALLE,OAXACA SUR,,SN,,,,,COLONIA,SAN BALTAZAR TEMAXCALAC,,,,74126,21,PUEBLA,132,San Martín Texmelucan,0015,Santa María Moyotzingo,0497,004,,,,Fijo,19.26104993,-98.41008855,2014-12,True,True,False,False,False,True,False,False,False,False,False,True,REVISAR,REVISAR,REVISAR,FILTRO_DENUE,REGLAS_DENUE,
11258960,21114812210019181000000000U4,LAVANDERIA EL GUARDARROPA,,812210,Lavanderías y tintorerías,0 a 5 personas,CALLE,ANTIGUO CAMINO REAL A CHOLULA,CALLE,POPOCATEPETL,CALLE,UNION,CALLE,PRIVADA PRIMERO DE MAYO,,SN,,,,,COLONIA,SANTA CRUZ GUADALUPE,,,,72170,21,PUEBLA,114,Puebla,0001,Heroica Puebla de Zaragoza,6746,017,2212656956,,,Fijo,19.04838262,-98.2628936,2024-11,True,True,False,False,False,True,False,False,False,False,False,True,REVISAR,REVISAR,REVISAR,FILTRO_DENUE,REGLAS_DENUE,
8106292,21041812210000861000000000U7,LAVANDERIA EL GUARDARROPA,,812210,Lavanderías y tintorerías,0 a 5 personas,PRIVADA,PLAZA OBRERO,CALLE,NINGUNO,AVENIDA,TLAXCALA,PROLONGACION,SAN JUAN,270,,,1,,,LOCALIDAD,DEL CALVARIO,EDIFICIO COMERCIAL Y DE SERVICIOS,SIN NOMBRE,A,72764,21,PUEBLA,041,Cuautlancingo,0001,San Juan Cuautlancingo,0109,078,2228888082,,,Fijo,19.10608332,-98.27655657,2019-11,True,True,False,False,False,True,False,False,False,False,False,True,REVISAR,REVISAR,REVISAR,FILTRO_DENUE,REGLAS_DENUE,
3465054,21136812210000011000000000U7,LAVANDERIA EL GUSANITO,,812210,Lavanderías y tintorerías,0 a 5 personas,AVENIDA,CORREGIDORA,AVENIDA,JESUS CARRANZA,PRIVADA,NINGUNO,AVENIDA,CUAUHTEMOC,22,,,,,,LOCALIDAD,SAN MIGUEL XOXTLA,,,,72620,21,PUEBLA,136,San Miguel Xoxtla,0001,San Miguel Xoxtla,0049,009,2228904490,,,Fijo,19.1710225,-98.30656538,2010-07,True,True,False,False,False,True,False,False,False,False,False,True,REVISAR,REVISAR,REVISAR,FILTRO_DENUE,REGLAS_DENUE,
11424369,21140812210001931000000000U7,LAVANDERIA EL JABONCITO,,812210,Lavanderías y tintorerías,0 a 5 personas,CALLE,PORFIRIO DIAZ,PRIVADA,NINGUNO,PRIVADA,PORFIRIO DIAZ,PRIVADA,NINGUNO,,SN,,,,,LOCALIDAD,SANTA MARIA ACUEXCOMAC,,,,72770,21,PUEBLA,140,San Pedro Cholula,0020,Santa María Acuexcomac,054A,008,2222700070,,,Fijo,19.03958204,-98.38868471,2024-11,True,True,False,False,False,True,False,False,False,False,False,True,REVISAR,REVISAR,REVISAR,FILTRO_DENUE,REGLAS_DENUE,
10783166,21026812210000021000000000U9,LAVANDERIA EL JABONCITO,,812210,Lavanderías y tintorerías,0 a 5 personas,CALLE,ALVARO OBREGON,AVENIDA,GENERAL MIGUEL NEGRETE,AVENIDA,FRANCISCO I. MADERO,CALLE,16 DE SEPTIEMBRE,204,,,,,,LOCALIDAD,CALPAN,,,,74180,21,PUEBLA,026,Calpan,0001,San Andrés Calpan,0136,005,2228412510,,,Fijo,19.10653367,-98.4615295,2024-11,True,True,False,False,False,True,False,False,False,False,False,True,REVISAR,REVISAR,REVISAR,FILTRO_DENUE,REGLAS_DENUE,
8234648,21114812210016621000000000U2,LAVANDERIA EL LAVADERITO,,812210,Lavanderías y tintorerías,0 a 5 personas,AVENIDA,SAN IGNACIO,CALLE,RIO SALADO,CALLE,RIO JAMAPA,BOULEVARD,CIRCUNVALACION,1839,,,,,,FRACCIONAMIENTO,JARDINES DE SAN MANUEL,,,,72570,21,PUEBLA,114,Puebla,0001,Heroica Puebla de Zaragoza,0817,020,2224845594,,,Fijo,19.00809714,-98.19833963,2019-11,True,True,False,False,False,True,False,False,False,False,False,True,REVISAR,REVISAR,REVISAR,FILTRO_DENUE,REGLAS_DENUE,
10388715,21090812210000161000000000U9,LAVANDERIA EL LAVADERO,,812210,Lavanderías y tintorerías,0 a 5 personas,CARRETERA,FEDERAL MEXICO PUEBLA,PRIVADA,PRIVADA DE DOLORES,CALLE,DOLORES,AVENIDA,PINO SUAREZ,,SN,,,109,,LOCALIDAD,SANTAMARIA ZACATEPEC JUAN C BONILLA,,,,72660,21,PUEBLA,090,Juan C. Bonilla,0005,Santa María Zacatepec,0141,019,2226394017,,,Fijo,19.12033685,-98.36321668,2024-11,True,True,False,False,False,True,False,False,False,False,False,True,REVISAR,REVISAR,REVISAR,FILTRO_DENUE,REGLAS_DENUE,
8325435,21114812210017921000000000U5,LAVANDERIA EL LAVADERO,,812210,Lavanderías y tintorerías,0 a 5 personas,CALLE,BOULEVARD OLMECA,CALLE,ACAMAPIXTLI,CALLE,TENOCH,CERRADA,PRIMERA TENOCH,,SN,,,,,FRACCIONAMIENTO,LA PRADERA,,,,72760,21,PUEBLA,114,Puebla,0001,Heroica Puebla de Zaragoza,3050,055,,,LAVANDERIAELLAVADERO.COM,Fijo,19.05104302,-98.27382249,2019-11,True,True,False,False,False,True,False,False,False,False,False,True,REVISAR,REVISAR,REVISAR,FILTRO_DENUE,REGLAS_DENUE,
3411866,21132812210000621000000000U2,LAVANDERIA EL NILO,,812210,Lavanderías y tintorerías,0 a 5 personas,AVENIDA,ALVARO OBREGON,CALLE,VENUS,AVENIDA,CENTRAL SAN RAFAEL,CALLE,LLANO GRANDE,85,,,,,,PUEBLO,SAN RAFAEL TLANALAPAN,,,,74122,21,PUEBLA,132,San Martín Texmelucan,0013,San Rafael Tlanalapan,029A,027,,,,Fijo,19.29015414,-98.45308962,2014-12,True,True,False,False,False,True,False,False,False,False,False,True,REVISAR,REVISAR,REVISAR,FILTRO_DENUE,REGLAS_DENUE,
10422963,21163812210000031000000000U9,LAVANDERIA EL PASO,,812210,Lavanderías y tintorerías,0 a 5 personas,PRIVADA,2 SUR,CALLE,19 ORIENTE,CALLE,15 ORIENTE,CALLE,2 SUR,,SN,,,,,SECCION,SEXTA,,,,75100,21,PUEBLA,163,Tepatlaxco de Hidalgo,0001,Tepatlaxco de Hidalgo,0154,011,,,,Fijo,19.0760294,-97.96446676,2024-11,True,True,False,False,False,True,False,False,False,False,False,True,REVISAR,REVISAR,REVISAR,FILTRO_DENUE,REGLAS_DENUE,
7827567,21114812210013741000000000U1,LAVANDERIA EL POSEIDON,,812210,Lavanderías y tintorerías,0 a 5 personas,AVENIDA,14 PONIENTE,CALLE,53 NORTE,CALLE,55 NORTE,AVENIDA,12 PONIENTE,5305,,,,,,COLONIA,AQUILES SERDAN,,,,72140,21,PUEBLA,114,Puebla,0001,Heroica Puebla de Zaragoza,3474,006,2223932534,,,Fijo,19.07077621,-98.23046299,2019-11,True,True,False,False,False,True,False,False,False,False,False,True,REVISAR,REVISAR,REVISAR,FILTRO_DENUE,REGLAS_DENUE,
9877093,21106812210000051000000000U6,LAVANDERIA EL PROGRESO,,812210,Lavanderías y tintorerías,0 a 5 personas,CALLE,REFORMA,CALLE,ALLENDE,CALLE,CHOLULA,CALLE,REFORMA,,SN,,,,,LOCALIDAD,SANTA CLARA OCOYUCAN,,,,72850,21,PUEBLA,106,Ocoyucan,0001,Santa Clara Ocoyucan,0069,004,2227586151,,,Fijo,18.97807326,-98.3044909,2024-11,True,True,False,False,False,True,False,False,False,False,False,True,REVISAR,REVISAR,REVISAR,FILTRO_DENUE,REGLAS_DENUE,
8279928,21074812210000541000000000U6,LAVANDERIA EL REHILETE,,812210,Lavanderías y tintorerías,0 a 5 personas,CALLE,JOSE MARIA MORELOS,CALLE,EMILIANO ZAPATA,AVENIDA,VENUSTIANO CARRANZA,CALLE,NICOLAS BRAVO,850,,,,,,BARRIO,CUARTO BARRIO,,,,74160,21,PUEBLA,074,Huejotzingo,0001,Huejotzingo,0044,043,,,,Fijo,19.16077465,-98.40040422,2019-11,True,True,False,False,False,True,False,False,False,False,False,True,REVISAR,REVISAR,REVISAR,FILTRO_DENUE,REGLAS_DENUE,
8121139,21090812210000121000000000U3,LAVANDERIA EL SAPITO,,812210,Lavanderías y tintorerías,0 a 5 personas,AVENIDA,NIÑOS HEROES,PROLONGACION,16 DE SEPTIEMBRE,AVENIDA,NIÑOS HEROES,AVENIDA,SANTA CRUZ ANALCO,,SN,,,,,LOCALIDAD,SAN MATEO CUANALA,,,,72640,21,PUEBLA,090,Juan C. Bonilla,0001,Cuanalá,0122,015,,,,Fijo,19.10616815,-98.3359523,2019-11,True,True,False,False,False,True,False,False,False,False,False,True,REVISAR,REVISAR,REVISAR,FILTRO_DENUE,REGLAS_DENUE,
7852794,21114812210015961000000000U3,LAVANDERIA EL SAPITO CLEAN,,812210,Lavanderías y tintorerías,0 a 5 personas,AVENIDA,21 PONIENTE,CALLE,19 SUR,CALLE,17 SUR,AVENIDA,23 PONIENTE,1707,B,,,,,BARRIO,SANTIAGO,,,,72410,21,PUEBLA,114,Puebla,0001,Heroica Puebla de Zaragoza,3722,021,,,,Fijo,19.04316991,-98.21555635,2019-11,True,True,False,False,False,True,False,False,False,False,False,True,REVISAR,REVISAR,REVISAR,FILTRO_DENUE,REGLAS_DENUE,
3367115,21114812210011851000000000U0,LAVANDERIA EL TENDEDERO,,812210,Lavanderías y tintorerías,0 a 5 personas,CALLE,PUEBLA O PRIVADA 16 DE SEPTIEMBRE,CALLE,PUEBLA O PRIVADA 16 DE SEPTIEMBRE,CALLE,ROBLE,CALLE,16 DE SEPTIEMBRE,108,A,,,,,COLONIA,EL CERRITO,,,,72440,21,PUEBLA,114,Puebla,0001,Heroica Puebla de Zaragoza,1425,007,,,,Fijo,19.01763406,-98.21473679,2014-12,True,True,False,False,False,True,False,False,False,False,False,True,REVISAR,REVISAR,REVISAR,FILTRO_DENUE,REGLAS_DENUE,
11593147,21140812210001701000000000U4,LAVANDERIA EL TENDEDERO,,812210,Lavanderías y tintorerías,0 a 5 personas,CALLE,2 DE ABRIL,CALLE,ALLENDE,CALLE,5 DE MAYO,CALLE,CUAUHTEMOC,,SN,,,,,COLONIA,UNIDAD VILLA MANANTIALES,,,,72775,21,PUEBLA,140,San Pedro Cholula,0014,Santiago Momoxpan,0291,001,,,,Fijo,19.07237018,-98.26711747,2024-11,True,True,False,False,False,True,False,False,False,False,False,True,REVISAR,REVISAR,REVISAR,FILTRO_DENUE,REGLAS_DENUE,
7827668,21114812210013781000000000U7,LAVANDERIA EL TENDEDERO,,812210,Lavanderías y tintorerías,0 a 5 personas,CERRADA,5 A NORTE,ANDADOR,5 B NORTE,CALLE,PROLONGACION DE LA 5 NORTE,CALLE,SAN GREGORIO,10203,B,,,,,COLONIA,JORGE MURAD,,,,72016,21,PUEBLA,114,Puebla,0001,Heroica Puebla de Zaragoza,5803,004,2213444936,,,Fijo,19.08439277,-98.18029391,2019-11,True,True,False,False,False,True,False,False,False,False,False,True,REVISAR,REVISAR,REVISAR,FILTRO_DENUE,REGLAS_DENUE,
10798145,21114561740000121000000000U0,LAVANDERIA EL TRAPITO,,812210,Lavanderías y tintorerías,0 a 5 personas,PROLONGACION,DIAGONAL DEFENSORES DE LA REPUBLICA,PRIVADA,5 DE MAYO PONIENTE,CALLE,3 NORTE,PROLONGACION,DIAGONAL DEFENSORES DE LA REPUBLICA,681,,,,,,COLONIA,CUAUHTEMOC,,,,72243,21,PUEBLA,114,Puebla,0001,Heroica Puebla de Zaragoza,3510,003,2223589826,,,Fijo,19.06519044,-98.18958574,2024-11,True,True,False,False,False,True,False,False,False,False,False,True,REVISAR,REVISAR,REVISAR,FILTRO_DENUE,REGLAS_DENUE,
8155162,21140812210001251000000000U0,LAVANDERIA EL TRAPITO FELIZ,,812210,Lavanderías y tintorerías,0 a 5 personas,CALLE,VICTORIA,CALLE,VENUSTIANO CARRANZA,CALLE,INDUSTRIA,PROLONGACION,16 DE SEPTIEMBRE,17,,,,,,LOCALIDAD,CHOLULA DE RIVADAVIA,,,,72760,21,PUEBLA,140,San Pedro Cholula,0001,Cholula de Rivadavia,008A,023,2225988120,,,Fijo,19.09370724,-98.32116748,2019-11,True,True,False,False,False,True,False,False,False,False,False,True,REVISAR,REVISAR,REVISAR,FILTRO_DENUE,REGLAS_DENUE,
10378992,21090812210000151000000000U0,LAVANDERIA EL TREBOL,,812210,Lavanderías y tintorerías,0 a 5 personas,CARRETERA,FEDERAL MEXICO PUEBLA,CALLE,TERCER CARRIL DE SERRANO,CALLE,MORELOS,AVENIDA,INSURGENTES,,SN,,,,,LOCALIDAD,SANTA MARIA ZACATEPEC,,,,72660,21,PUEBLA,090,Juan C. Bonilla,0005,Santa María Zacatepec,0067,005,,,,Fijo,19.11004935,-98.35400847,2024-11,True,True,False,False,False,True,False,False,False,False,False,True,REVISAR,REVISAR,REVISAR,FILTRO_DENUE,REGLAS_DENUE,
9940491,21114812210019721000000000U7,LAVANDERIA EL TRIANGULO,,812210,Lavanderías y tintorerías,0 a 5 personas,BOULEVARD,ZAPOTECA,PRIVADA,NINGUNO,CALLE,MONTE ALBAN,PRIVADA,NINGUNO,8171,,,,3,,COLONIA,SANTA CRUZ BUENA VISTA,,,,72150,21,PUEBLA,114,Puebla,0001,Heroica Puebla de Zaragoza,3065,032,2213215852,,,Fijo,19.05696421,-98.2533441,2024-11,True,True,False,False,False,True,False,False,False,False,False,True,REVISAR,REVISAR,REVISAR,FILTRO_DENUE,REGLAS_DENUE,
10089387,21136812210000061000000000U2,LAVANDERIA EL TUCAN,,812210,Lavanderías y tintorerías,0 a 5 personas,AVENIDA,BERRIOZABAL,PRIVADA,NINGUNO,PRIVADA,NINGUNO,AVENIDA,AGUSTIN DE ITURBIDE,26,,,,,,LOCALIDAD,SAN MIGUEL XOXTLA,,,,72620,21,PUEBLA,136,San Miguel Xoxtla,0001,San Miguel Xoxtla,0049,002,2224517590,,,Fijo,19.16618087,-98.30571283,2024-11,True,True,False,False,False,True,False,False,False,False,False,True,REVISAR,REVISAR,REVISAR,FILTRO_DENUE,REGLAS_DENUE,
3460851,21114812210004111000000000U8,LAVANDERIA EL VERGEL,LAVANDERIA EL VERGEL,812210,Lavanderías y tintorerías,0 a 5 personas,AVENIDA,35 PONIENTE,CALLE,PRIVADA 29 C SUR,CALLE,31 SUR,CIRCUITO,JUAN PABLO II,2913,A,,,,,COLONIA,EL VERGEL,,,,72310,21,PUEBLA,114,Puebla,0001,Heroica Puebla de Zaragoza,2480,003,,,,Fijo,19.04244702,-98.22896035,2010-07,True,True,False,False,False,True,False,False,False,False,False,True,REVISAR,REVISAR,REVISAR,FILTRO_DENUE,REGLAS_DENUE,
10324576,21074812210000711000000000U5,LAVANDERIA EL WASHANSWER,,812210,Lavanderías y tintorerías,0 a 5 personas,CALLE,PASEO OBED,CALLE,PASEO L,AVENIDA,CIPRESES,CALLE,PRIV. PASEO ARCADIA,3,A,,,,,FRACCIONAMIENTO,PASEO DE LOS SAUCES,,,,74160,21,PUEBLA,074,Huejotzingo,0095,Rancho de los Caballos,0345,002,2224178846,,,Fijo,19.17788025,-98.38711655,2024-11,True,True,False,False,False,True,False,False,False,False,False,True,REVISAR,REVISAR,REVISAR,FILTRO_DENUE,REGLAS_DENUE,
11155368,21114812210020071000000000U4,LAVANDERIA ELECTRIC,,812210,Lavanderías y tintorerías,0 a 5 personas,CALLE,PEDRO MORENO,CALLE,HUAUCHINANGO,BOULEVARD,MUNICIPIO LIBRE,AVENIDA,NACIONAL,74,,,,,,COLONIA,VICENTE GUERRERO,,,,72470,21,PUEBLA,114,Puebla,0001,Heroica Puebla de Zaragoza,3915,017,,,,Fijo,19.0029584,-98.23280821,2024-11,True,True,False,False,False,True,False,False,False,False,False,True,REVISAR,REVISAR,REVISAR,FILTRO_DENUE,REGLAS_DENUE,
10110380,21114812210021931000000000U8,LAVANDERIA ELI,,812210,Lavanderías y tintorerías,0 a 5 personas,BOULEVARD,CARLOS CAMACHO ESPIRITU,CALLE,ROSAS DEL TEPEYAC,OTRO(ESPECIFIQUE),BARRANCO,CALLE,ROSAS DEL TEPEYAC,,SN,,,,,BARRIO,MARIA AUXILIADORA,,,,72595,21,PUEBLA,114,Puebla,0001,Heroica Puebla de Zaragoza,2156,022,2228714109,,,Fijo,18.96197813,-98.1730818,2024-11,True,True,False,False,False,True,False,False,False,False,False,True,REVISAR,REVISAR,REVISAR,FILTRO_DENUE,REGLAS_DENUE,
8325987,21114812210018011100000000U4,LAVANDERIA ELI,,812210,Lavanderías y tintorerías,0 a 5 personas,CALLE,MATAMOROS,CALLE,ABASOLO,CALLE,ALLENDE,CALLE,GALEANA,72,,,,,,COLONIA,GONZALO BAUTISTA,,,,72350,21,PUEBLA,114,Puebla,0001,Heroica Puebla de Zaragoza,3686,022,2213764427,,,Fijo,19.03275239,-98.15032331,2019-11,True,True,False,False,False,True,False,False,False,False,False,True,REVISAR,REVISAR,REVISAR,FILTRO_DENUE,REGLAS_DENUE,
8213927,21114812210017201000000000U2,LAVANDERIA ELIAZAR,,812210,Lavanderías y tintorerías,0 a 5 personas,CALLE,ANTIGUO CAMINO REAL A CASTILLOTLA,CALLE,SANTA ROSA,AVENIDA,141 PONIENTE,PRIVADA,NINGUNO,,SN,,,,,COLONIA,SAN ISIDRO CASTILLOTLA PRIMERA SECCION,,,,72498,21,PUEBLA,114,Puebla,0001,Heroica Puebla de Zaragoza,6267,003,2226686679,,,Fijo,18.97791107,-98.26490044,2019-11,True,True,False,False,False,True,False,False,False,False,False,True,REVISAR,REVISAR,REVISAR,FILTRO_DENUE,REGLAS_DENUE,
8150740,21114812210014951100000000U5,LAVANDERIA EMY,,812210,Lavanderías y tintorerías,0 a 5 personas,CALLE,55 NORTE,CALLE,22 PONIENTE,AVENIDA,20 PONIENTE,CALLE,FRANCISCO SARABIA,2005,A,,,,,COLONIA,AQUILES SERDAN,,,,72140,21,PUEBLA,114,Puebla,0001,Heroica Puebla de Zaragoza,3332,004,2227237899,,,Fijo,19.07361705,-98.22983793,2019-11,True,True,False,False,False,True,False,False,False,False,False,True,REVISAR,REVISAR,REVISAR,FILTRO_DENUE,REGLAS_DENUE,
9699755,21114812210020481000000000U5,LAVANDERIA EN CASA,,812210,Lavanderías y tintorerías,0 a 5 personas,CALLE,CORREGIDORA,CALLE,CAMINO REAL A CHOLULA,CALLE,ALBORADA,CALLE,CORREGIDORA,40,,,,,,COLONIA,SANTA CRUZ BUENAVISTA,,,,72150,21,PUEBLA,114,Puebla,0001,Heroica Puebla de Zaragoza,4627,003,2481688596,,,Fijo,19.04569815,-98.24519725,2024-11,True,True,False,False,False,True,False,False,False,False,False,True,REVISAR,REVISAR,REVISAR,FILTRO_DENUE,REGLAS_DENUE,
3360742,21114722519001821010000000U8,LAVANDERIA EN CASA,,812210,Lavanderías y tintorerías,0 a 5 personas,AVENIDA,31 PONIENTE,CALLE,33 SUR,CALLE,31 SUR,AVENIDA,29 PONIENTE,3118,A,,,,,COLONIA,SANTA CRUZ LOS ANGELES,,,,72400,21,PUEBLA,114,Puebla,0001,Heroica Puebla de Zaragoza,2495,004,,,,Fijo,19.04479683,-98.2291722,2014-12,True,True,False,False,False,True,False,False,False,False,False,True,REVISAR,REVISAR,REVISAR,FILTRO_DENUE,REGLAS_DENUE,
10334355,21114812210022591000000000U9,LAVANDERIA ENTRE BURBUJAS,LAVANDERIA ENTRE BURBUJAS,812210,Lavanderías y tintorerías,0 a 5 personas,PRIVADA,PRIVADA DE AVENIDA SAN IGNACIO,AVENIDA,EJIDO,CALLE,15 DE ENERO,CALLE,15 DE ENERO,810,,,,,,COLONIA,SAN BALTAZAR LINDA VISTA,,,,72550,21,PUEBLA,114,Puebla,0001,Heroica Puebla de Zaragoza,0766,041,2227279429,,,Fijo,19.01068597,-98.20685727,2024-11,True,True,False,False,False,True,False,False,False,False,False,True,REVISAR,REVISAR,REVISAR,FILTRO_DENUE,REGLAS_DENUE,
11056486,21132812210001431000000000U5,LAVANDERIA ENTRE BURBUJAS,,812210,Lavanderías y tintorerías,0 a 5 personas,CALLE,PROLONGACION INDEPENDENCIA,CALLE,SAN MIGUEL LARDIZABAL,CALLE,ALBINO LABASTIDA,PRIVADA,JUAN DIEGO,628,,,,,,COLONIA,EL ARENAL,,,,74031,21,PUEBLA,132,San Martín Texmelucan,0001,San Martín Texmelucan de Labastida,0336,001,,,,Fijo,19.29183697,-98.43337062,2024-11,True,True,False,False,False,True,False,False,False,False,False,True,REVISAR,REVISAR,REVISAR,FILTRO_DENUE,REGLAS_DENUE,
10639291,21041812210001521000000000U6,LAVANDERIA ERICAS,,812210,Lavanderías y tintorerías,0 a 5 personas,PRIVADA,CEDROS,PRIVADA,NINGUNO,PRIVADA,NINGUNO,PRIVADA,NINGUNO,,SN,,,,,COLONIA,LA TRINIDAD CHAUTENCO,,,,72730,21,PUEBLA,041,Cuautlancingo,0004,La Trinidad Chautenco,0325,004,2211255477,,,Fijo,19.08701417,-98.26035922,2024-11,True,True,False,False,False,True,False,False,False,False,False,True,REVISAR,REVISAR,REVISAR,FILTRO_DENUE,REGLAS_DENUE,
3279502,21114812210004311000000000U4,LAVANDERIA ESCAI,,812210,Lavanderías y tintorerías,0 a 5 personas,AVENIDA,31 PONIENTE,CALLE,23 SUR,CALLE,25 SUR,AVENIDA,29 PONIENTE,2322,,,,,,COLONIA,BENITO JUAREZ,,,,72410,21,PUEBLA,114,Puebla,0001,Heroica Puebla de Zaragoza,3718,018,2221155012,ESCAIJOSELUIS@HOTMAIL.COM,,Fijo,19.04159159,-98.22257636,2010-07,True,True,False,False,False,True,False,False,False,False,False,True,REVISAR,REVISAR,REVISAR,FILTRO_DENUE,REGLAS_DENUE,
7568273,21119812210001511000000000U1,LAVANDERIA ESME,GUADALUPE SOLIS,812210,Lavanderías y tintorerías,0 a 5 personas,CALLE,RADIAL ZAPATA,CALLE,PRIVADA POMASKI,PRIVADA,PRIMERA 32 NORTE,CARRETERA,ANILLO PERIFERICO ECOLOGICO,3216,1,,,,,COLONIA,CENTRO,,,,72803,21,PUEBLA,119,San Andrés Cholula,0001,San Andrés Cholula,0512,011,,,,Fijo,19.03888218,-98.27519406,2019-11,True,True,False,False,False,True,False,False,False,False,False,True,REVISAR,REVISAR,REVISAR,FILTRO_DENUE,REGLAS_DENUE,
3268785,21132722219001371020000000U3,LAVANDERIA ESPINOZA,,812210,Lavanderías y tintorerías,0 a 5 personas,CALLE,TLAXCALA,CALLE,VICENTE GUERRERO NORTE,CALLE,CRISTOBAL COLON NORTE,BOULEVARD,XICOHTENCATL,99,,,,,,COLONIA,DOMINGO ARENAS,,,,74050,21,PUEBLA,132,San Martín Texmelucan,0001,San Martín Texmelucan de Labastida,0340,008,,,,Fijo,19.2849934,-98.42870604,2010-07,True,True,False,False,False,True,False,False,False,False,False,True,REVISAR,REVISAR,REVISAR,FILTRO_DENUE,REGLAS_DENUE,
3259931,21114812210000301000000000U9,LAVANDERIA ESPONJA,,812210,Lavanderías y tintorerías,0 a 5 personas,AVENIDA,38 PONIENTE,CALLE,PRIVADA 17 NORTE,CALLE,17 NORTE,CALLE,36 PONIENTE,3634,A,,,,,COLONIA,SAN MIGUEL HUEYOTLIPAN,,,,72050,21,PUEBLA,114,Puebla,0001,Heroica Puebla de Zaragoza,3506,018,2222069901,JMANOLO2302@GMAIL.COM,,Fijo,19.06628089,-98.2009739,2010-07,True,True,False,False,False,True,False,False,False,False,False,True,REVISAR,REVISAR,REVISAR,FILTRO_DENUE,REGLAS_DENUE,
10851316,21119812210002341000000000U2,LAVANDERIA ESPONJATRON,,812210,Lavanderías y tintorerías,0 a 5 personas,CALLE,CARRIL A MORILLOTLA,PRIVADA,JUAN IXCOATL,PROLONGACION,REVOLUCION,PRIVADA,NINGUNO,,SN,,,,,COLONIA,EMILIANO ZAPATA,,,,72824,21,PUEBLA,119,San Andrés Cholula,0013,San Bernardino Tlaxcalancingo,0368,025,2213066553,,,Fijo,19.03897761,-98.25851038,2024-11,True,True,False,False,False,True,False,False,False,False,False,True,REVISAR,REVISAR,REVISAR,FILTRO_DENUE,REGLAS_DENUE,
10612354,21114812210020801000000000U4,LAVANDERIA ESPUMA AZUL,,812210,Lavanderías y tintorerías,0 a 5 personas,CALLE,DOMINGO ARENAS,CERRADA,NINGUNO,CALLE,SAN AGUSTIN,PRIVADA,BARRANCO,3,B,,,,,COLONIA,AGRICOLA IGNACIO SARAGOZA,,,,72100,21,PUEBLA,114,Puebla,0001,Heroica Puebla de Zaragoza,2851,030,2225455184,,,Fijo,19.12276825,-98.22199464,2024-11,True,True,False,False,False,True,False,False,False,False,False,True,REVISAR,REVISAR,REVISAR,FILTRO_DENUE,REGLAS_DENUE,
10633060,21114812210021181000000000U0,LAVANDERIA ESPUMITA,,812210,Lavanderías y tintorerías,0 a 5 personas,PRIVADA,JALISCO,AVENIDA,QUERETARO,PRIVADA,JALISCO,PRIVADA,YUCATAN,,SN,,,,,COLONIA,15 DE SEPTIEMBRE,,,,72227,21,PUEBLA,114,Puebla,0001,Heroica Puebla de Zaragoza,6375,005,,,,Fijo,19.08755271,-98.12823635,2024-11,True,True,False,False,False,True,False,False,False,False,False,True,REVISAR,REVISAR,REVISAR,FILTRO_DENUE,REGLAS_DENUE,
9929384,21119812210002081000000000U4,LAVANDERIA ESTRELLA,,812210,Lavanderías y tintorerías,0 a 5 personas,CALLE,FRANCISCO I MADERO,PRIVADA,FRANCISCO I. MADERO,AVENIDA,CENTRAL,BOULEVARD,BOULEVARD DEL NIÑO POBLANO,,SN,,,,,COLONIA,CONCEPCION GUADALUPE,,,,72833,21,PUEBLA,119,San Andrés Cholula,0013,San Bernardino Tlaxcalancingo,0616,004,2213964364,,,Fijo,19.02694185,-98.22819082,2024-11,True,True,False,False,False,True,False,False,False,False,False,True,REVISAR,REVISAR,REVISAR,FILTRO_DENUE,REGLAS_DENUE,
10235831,21041812210001271000000000U8,LAVANDERIA ESTRELLA,,812210,Lavanderías y tintorerías,0 a 5 personas,CALLE,PINOS,PRIVADA,LOS PINOS,PRIVADA,BENITO JUAREZ,PRIVADA,NINGUNO,13,,,,,,PUEBLO,LA TRINIDAD SANCTORUM,,,,72730,21,PUEBLA,041,Cuautlancingo,0008,Sanctorum,0202,070,2211960021,,,Fijo,19.1039149,-98.24963011,2024-11,True,True,False,False,False,True,False,False,False,False,False,True,REVISAR,REVISAR,REVISAR,FILTRO_DENUE,REGLAS_DENUE,
3256786,21114812210003941000000000U9,LAVANDERIA ESTRELLA FUGAS,,812210,Lavanderías y tintorerías,0 a 5 personas,CALLE,27 DE SEPTIEMBRE,CALLE,GRANADITAS,CALZADA,IGNACIO ZARAGOZA,AVENIDA,CORREGIDORA,9,3,,,,,FRACCIONAMIENTO,LOS PINOS,,,,72240,21,PUEBLA,114,Puebla,0001,Heroica Puebla de Zaragoza,150A,032,2224278654,,,Fijo,19.06678803,-98.17680908,2010-07,True,True,False,False,False,True,False,False,False,False,False,True,REVISAR,REVISAR,REVISAR,FILTRO_DENUE,REGLAS_DENUE,
9596827,21015812210000371000000000U1,LAVANDERIA EVELYN,,812210,Lavanderías y tintorerías,0 a 5 personas,CALLE,5 PONIENTE,AVENIDA,REFORMA SUR,CALLE,3 SUR,CARRETERA,FEDERAL PUEBLA-TEHUACAN,102,,,,,,COLONIA,CHACHAPA CENTRO,,,,72990,21,PUEBLA,015,Amozoc,0001,Amozoc de Mota,0467,015,,,,Fijo,19.04598768,-98.09545616,2024-11,True,True,False,False,False,True,False,False,False,False,False,True,REVISAR,REVISAR,REVISAR,FILTRO_DENUE,REGLAS_DENUE,
9626513,21114812210019281000000000U2,LAVANDERIA EXCELLENT,,812210,Lavanderías y tintorerías,0 a 5 personas,CALLE,LITERATURA MEXICANA,CALLE,ECONOMIA,CALLE,FISICA,AVENIDA,95 PONIENTE,10,1,,,,,CONJUNTO HABITACIONAL,UEMAC,,,,72464,21,PUEBLA,114,Puebla,0001,Heroica Puebla de Zaragoza,6021,026,2212474610,ALGA.58@OUTLOOK.COM,,Fijo,19.00671795,-98.25020735,2024-11,True,True,False,False,False,True,False,False,False,False,False,True,REVISAR,REVISAR,REVISAR,FILTRO_DENUE,REGLAS_DENUE,
10732265,21074812210000831000000000U1,LAVANDERIA EXPRESES,,812210,Lavanderías y tintorerías,0 a 5 personas,AVENIDA,CUAUHTEMOC,CALLE,JUAN DE DIOS PEZA,CALLE,MANUEL ACUÑA,AVENIDA,LOS ARCOS,,SN,,,,,LOCALIDAD,HUEJOTZINGO,,,,74160,21,PUEBLA,074,Huejotzingo,0001,Huejotzingo,0063,010,2215604915,,,Fijo,19.1524422,-98.40451301,2024-11,True,True,False,False,False,True,False,False,False,False,False,True,REVISAR,REVISAR,REVISAR,FILTRO_DENUE,REGLAS_DENUE,
3453176,21114812210006531000000000U5,LAVANDERIA EXPRESS,,812210,Lavanderías y tintorerías,0 a 5 personas,CALLE,SAN DIEGO,CALLE,UNION,CALLE,EJIDO,CALLE,GRANADA,71,,,,,,COLONIA,GONZALO BAUTISTA,,,,72350,21,PUEBLA,114,Puebla,0001,Heroica Puebla de Zaragoza,4542,020,2215304182,,,Fijo,19.03738845,-98.15473998,2010-07,True,True,False,False,False,True,False,False,False,False,False,True,REVISAR,REVISAR,REVISAR,FILTRO_DENUE,REGLAS_DENUE,
9597549,21119812210001931000000000U1,LAVANDERIA EXPRESS,,812210,Lavanderías y tintorerías,0 a 5 personas,AVENIDA,VENUSTIANO CARRANZA,CALLE,NINGUNO,PRIVADA,LA QUINTA A,CALLE,ANDROMEDA,,SN,,,,,COLONIA,CONCEPCION LA CRUZ,,,,72197,21,PUEBLA,119,San Andrés Cholula,0013,San Bernardino Tlaxcalancingo,0599,001,2223468751,,,Fijo,19.02899705,-98.24934539,2024-11,True,True,False,False,False,True,False,False,False,False,False,True,REVISAR,REVISAR,REVISAR,FILTRO_DENUE,REGLAS_DENUE,
11458648,21114812210021091000000000U1,LAVANDERIA EXPRESS,,812210,Lavanderías y tintorerías,0 a 5 personas,CALLE,3 NORTE,CALLE,10 PONIENTE,CALLE,12 PONIENTE,CALLE,5 NORTE,,SN,,,,,COLONIA,LA LIBERTAD,,,,72130,21,PUEBLA,114,Puebla,0001,Heroica Puebla de Zaragoza,3370,008,2215256958,,,Fijo,19.07590658,-98.23488075,2024-11,True,True,False,False,False,True,False,False,False,False,False,True,REVISAR,REVISAR,REVISAR,FILTRO_DENUE,REGLAS_DENUE,
3357427,21114812210009551000000000U0,LAVANDERIA EXPRESS,CARLOS GOMEZ,812210,Lavanderías y tintorerías,0 a 5 personas,BOULEVARD,CLAVIJERO,CALLE,JOSE LUIS RODRIQUEZ ALCONEDO,AVENIDA,HUGO LEIGH,CALLE,GREGORIO DE GANTE,,SN,,,,,COLONIA,ENCINAR,,,,72390,21,PUEBLA,114,Puebla,0001,Heroica Puebla de Zaragoza,1533,021,2227753876,,,Fijo,19.02731622,-98.14133099,2014-12,True,True,False,False,False,True,False,False,False,False,False,True,REVISAR,REVISAR,REVISAR,FILTRO_DENUE,REGLAS_DENUE,
8812179,21114812210016121000000000U3,LAVANDERIA EXPRESS,,812210,Lavanderías y tintorerías,0 a 5 personas,AVENIDA,AVENIDA JUAREZ,CERRADA,JUAREZ,PRIVADA,NINGUNO,OTRO(ESPECIFIQUE),ARROYO,16,B,,,,,COLONIA,CHAPULTEPEC,,,,72320,21,PUEBLA,114,Puebla,0001,Heroica Puebla de Zaragoza,3953,024,2215842832,,,Fijo,19.04094947,-98.1452803,2019-11,True,True,False,False,False,True,False,False,False,False,False,True,REVISAR,REVISAR,REVISAR,FILTRO_DENUE,REGLAS_DENUE,
3461192,21114812210001481001000000U8,LAVANDERIA EXPRESS,,812210,Lavanderías y tintorerías,6 a 10 personas,AVENIDA,25 PONIENTE,AVENIDA,ROSENDO MARQUEZ,CALLE,45 SUR,AVENIDA,23 PONIENTE,4316,,,,,,COLONIA,BELISARIO DOMINGUEZ,,,,72180,21,PUEBLA,114,Puebla,0001,Heroica Puebla de Zaragoza,3690,008,2225300341,,,Fijo,19.05151654,-98.23628305,2010-07,True,True,False,False,False,True,False,False,False,False,False,True,REVISAR,REVISAR,REVISAR,FILTRO_DENUE,REGLAS_DENUE,
3255766,21114812210002641000000000U6,LAVANDERIA EXPRESS LAUNDRY,,812210,Lavanderías y tintorerías,0 a 5 personas,CALLE,32 PONIENTE,CALLE,31 NORTE,CALLE,33 NORTE,CALLE,34 PONIENTE,3116,,,,,,COLONIA,NUEVA AURORA,,,,72070,21,PUEBLA,114,Puebla,0001,Heroica Puebla de Zaragoza,0126,013,,,,Fijo,19.07022482,-98.21133288,2010-07,True,True,False,False,False,True,False,False,False,False,False,True,REVISAR,REVISAR,REVISAR,FILTRO_DENUE,REGLAS_DENUE,
8724577,21114812210016211000000000U2,LAVANDERIA EXPRESS PYR,,812210,Lavanderías y tintorerías,0 a 5 personas,AVENIDA,40 SUR,PRIVADA,53 ORIENTE,ANDADOR,ANDADOR DEL MESON,OTRO(ESPECIFIQUE),NINGUNO,535,1,,,,,COLONIA,LA MARGARITA,,,,72560,21,PUEBLA,114,Puebla,0001,Heroica Puebla de Zaragoza,4754,031,,,,Fijo,19.00862103,-98.18498071,2019-11,True,True,False,False,False,True,False,False,False,False,False,True,REVISAR,REVISAR,REVISAR,FILTRO_DENUE,REGLAS_DENUE,
3445477,21114812210004561000000000U4,LAVANDERIA EXTRA CLEN,,812210,Lavanderías y tintorerías,0 a 5 personas,CALLE,JOSE MARIA LAFRAGUA,AVENIDA,AVENIDA DE LOS EDUCADORES,AVENIDA,AVENIDA DE LOS DRAMATURGOS,CALLE,ROSAURA ZAPATA,1601,,,,,,COLONIA,SATELITE,,,,72320,21,PUEBLA,114,Puebla,0001,Heroica Puebla de Zaragoza,2419,036,2223070317,,,Fijo,19.04455488,-98.14741713,2010-07,True,True,False,False,False,True,False,False,False,False,False,True,REVISAR,REVISAR,REVISAR,FILTRO_DENUE,REGLAS_DENUE,
11285607,21114812210022561000000000U2,LAVANDERIA F Y F,,812210,Lavanderías y tintorerías,0 a 5 personas,CALLE,LIBERTADORES,OTRO(ESPECIFIQUE),ARROYO,AVENIDA,LIBERTADORES,OTRO(ESPECIFIQUE),ARROYO,,SN,,,,,COLONIA,PRIMERO DE MAYO,,,,72260,21,PUEBLA,114,Puebla,0478,Primero de Mayo,0037,037,,,,Fijo,19.08066521,-98.09591469,2024-11,True,True,False,False,False,True,False,False,False,False,False,True,REVISAR,REVISAR,REVISAR,FILTRO_DENUE,REGLAS_DENUE,
11544858,21114812210019931000000000U2,LAVANDERIA FAMILY GIRAN,,812210,Lavanderías y tintorerías,0 a 5 personas,CALLE,AVENIDA 17 PONIENTE,AVENIDA,ESTEBAN DE ANTUÑANO,CALLE,51 SUR,CALLE,AVENIDA 19 PONIENTE,5107,,,1,,,COLONIA,REFORMA SUR,MERCADO PUBLICO,MERCADO SAN JUAN,5107,72160,21,PUEBLA,114,Puebla,0001,Heroica Puebla de Zaragoza,3667,001,,,,Fijo,19.05621008,-98.2371457,2024-11,True,True,False,False,False,True,False,False,False,False,False,True,REVISAR,REVISAR,REVISAR,FILTRO_DENUE,REGLAS_DENUE,
11446479,21074812210000791000000000U7,LAVANDERIA FAST & CLEAN,,812210,Lavanderías y tintorerías,0 a 5 personas,AVENIDA,MIGUEL NEGRETE,CALLE,AYALA,CALLE,REFORMA,AVENIDA,GUADALUPE VICTORIA,,SN,,,,,BARRIO,TERCER,,,,74160,21,PUEBLA,074,Huejotzingo,0001,Huejotzingo,0044,005,2271104710,,,Fijo,19.16140369,-98.4095095,2024-11,True,True,False,False,False,True,False,False,False,False,False,True,REVISAR,REVISAR,REVISAR,FILTRO_DENUE,REGLAS_DENUE,
11338950,21114812210020861000000000U8,LAVANDERIA FASTER WASH,LAVANDERIA FASTER WASH,812210,Lavanderías y tintorerías,0 a 5 personas,AVENIDA,HACIENDA SAN JOSE,PROLONGACION,PROLONGACION DE LA 14 SUR,CALLE,ESPUELA,CALLE,117 ORIENTE,,SN,,1,,,COLONIA,EX HACIENDA CHAPULCI,CENTRO Y PLAZA COMERCIAL,PLAZA 54,13,72590,21,PUEBLA,114,Puebla,0001,Heroica Puebla de Zaragoza,6356,011,,,,Fijo,18.96642302,-98.21862161,2024-11,True,True,False,False,False,True,False,False,False,False,False,True,REVISAR,REVISAR,REVISAR,FILTRO_DENUE,REGLAS_DENUE,
8187474,21114812210018521000000000U2,LAVANDERIA FLAMINGOS,,812210,Lavanderías y tintorerías,0 a 5 personas,PRIVADA,6 B SUR,AVENIDA,INDEPENDENCIA,CALLE,131 ORIENTE,PRIVADA,PRIVADA A 6 SUR,,SN,,,,,COLONIA,PEDREGAL DE GUADALUPE HIDALGO,,,,72494,21,PUEBLA,114,Puebla,0001,Heroica Puebla de Zaragoza,5095,017,,,,Fijo,18.97181328,-98.23460757,2019-11,True,True,False,False,False,True,False,False,False,False,False,True,REVISAR,REVISAR,REVISAR,FILTRO_DENUE,REGLAS_DENUE,
8214050,21114812210017231000000000U9,LAVANDERIA FLIPPER,,812210,Lavanderías y tintorerías,0 a 5 personas,CALLE,CIRUELOS,AVENIDA,LIMONES,AVENIDA,CEREZOS,CALLE,MANGOS,,SN,,,,,COLONIA,SAN RAMON CASTILLOTLA SECCION CUARTA,,,,72490,21,PUEBLA,114,Puebla,0001,Heroica Puebla de Zaragoza,2033,028,,,,Fijo,18.96372125,-98.26869793,2019-11,True,True,False,False,False,True,False,False,False,False,False,True,REVISAR,REVISAR,REVISAR,FILTRO_DENUE,REGLAS_DENUE,
11337329,21114812210022301000000000U3,LAVANDERIA FLORES,,812210,Lavanderías y tintorerías,0 a 5 personas,CALLE,19 SUR,CALLE,143 E PONIENTE,CALLE,143 D PONIENTE,CALLE,17 SUR,1739,,,,,,COLONIA,SAN ISIDRO CASTILLOTLA,,,,72498,21,PUEBLA,114,Puebla,0001,Heroica Puebla de Zaragoza,613A,022,,,,Fijo,18.97398102,-98.26818943,2024-11,True,True,False,False,False,True,False,False,False,False,False,True,REVISAR,REVISAR,REVISAR,FILTRO_DENUE,REGLAS_DENUE,
11604622,21114812210020711000000000U5,LAVANDERIA FLORES,,812210,Lavanderías y tintorerías,0 a 5 personas,BOULEVARD,CIRCUNVALACION,CALLE,RIO YAQUI,AVENIDA,UNIVERSIDAD AUTONOMA DE PUEBLA,AVENIDA,SAN IGNACIO,1032,,,,,,FRACCIONAMIENTO,JARDINES DE SAN MANUEL,,,,72570,21,PUEBLA,114,Puebla,0001,Heroica Puebla de Zaragoza,0802,009,,,,Fijo,19.00800561,-98.20449504,2024-11,True,True,False,False,False,True,False,False,False,False,False,True,REVISAR,REVISAR,REVISAR,FILTRO_DENUE,REGLAS_DENUE,
7516481,21015463213000061010000000U4,LAVANDERIA FRANK,,812210,Lavanderías y tintorerías,0 a 5 personas,CALLE,12 SUR,PRIVADA,12 SUR,OTRO(ESPECIFIQUE),RIO,CALLE,EL VERGEL,1138,C,,,,,BARRIO,SAN JOSE VICTORIA,,,,72980,21,PUEBLA,015,Amozoc,0001,Amozoc de Mota,0310,028,2296052613,,,Fijo,19.03605882,-98.03809279,2019-11,True,True,False,False,False,True,False,False,False,False,False,True,REVISAR,REVISAR,REVISAR,FILTRO_DENUE,REGLAS_DENUE,
8592582,21090812210000141000000000U1,LAVANDERIA FRESCO AROMA,,812210,Lavanderías y tintorerías,0 a 5 personas,CARRETERA,FEDERAL MEXICO PUEBLA,CALLE,TERCER CARRIL DE SERRANO,CALLE,MORELOS,AVENIDA,INSURGENTES,,SN,,,,,LOCALIDAD,SANTA MARIA ZACATEPEC,,,,72660,21,PUEBLA,090,Juan C. Bonilla,0005,Santa María Zacatepec,0067,005,,,,Fijo,19.11166622,-98.35540724,2019-11,True,True,False,False,False,True,False,False,False,False,False,True,REVISAR,REVISAR,REVISAR,FILTRO_DENUE,REGLAS_DENUE,
8791723,21114812210014231000000000U2,LAVANDERIA FRESH IN,,812210,Lavanderías y tintorerías,0 a 5 personas,CALLE,19 SUR,AVENIDA,43 PONIENTE,AVENIDA,45 PONIENTE,CALLE,19 SUR,4316,,,,,,COLONIA,REFORMA AGUA AZUL,,,,72430,21,PUEBLA,114,Puebla,0001,Heroica Puebla de Zaragoza,2457,025,,,,Fijo,19.03464447,-98.22127855,2019-11,True,True,False,False,False,True,False,False,False,False,False,True,REVISAR,REVISAR,REVISAR,FILTRO_DENUE,REGLAS_DENUE,
7596382,21114812210017001000000000U6,LAVANDERIA FRESH WASH,,812210,Lavanderías y tintorerías,0 a 5 personas,CALLE,29 NORTE,AVENIDA,6 PONIENTE,CALLE,PRIVADA 8 PONIENTE,BOULEVARD,NORTE,601,,,,,,COLONIA,AMOR,,,,72140,21,PUEBLA,114,Puebla,0001,Heroica Puebla de Zaragoza,2283,016,2222063021,O.SAL101005@GMAIL.COM,,Fijo,19.05775281,-98.21799936,2019-11,True,True,False,False,False,True,False,False,False,False,False,True,REVISAR,REVISAR,REVISAR,FILTRO_DENUE,REGLAS_DENUE,
3361889,21114812210007791000000000U4,LAVANDERIA FROGS,,812210,Lavanderías y tintorerías,0 a 5 personas,CALLE,9 SUR,AVENIDA,29 PONIENTE,AVENIDA,31 PONIENTE,CALLE,11 SUR,2901,,,,,,COLONIA,CHULAVISTA,,,,72410,21,PUEBLA,114,Puebla,0001,Heroica Puebla de Zaragoza,0588,034,,,,Fijo,19.03649413,-98.21116223,2014-12,True,True,False,False,False,True,False,False,False,False,False,True,REVISAR,REVISAR,REVISAR,FILTRO_DENUE,REGLAS_DENUE,
8743613,21114812210017671100000000U6,LAVANDERIA FUL WASH,,812210,Lavanderías y tintorerías,0 a 5 personas,CALLE,POPOCATEPETL,CALLE,NINGUNO,AVENIDA,143 PONIENTE,CALLE,VALLE DE MEXICO,,SN,,,,,COLONIA,EL REFUGIO,,,,72492,21,PUEBLA,114,Puebla,0001,Heroica Puebla de Zaragoza,6040,057,2201075956,,,Fijo,18.96318115,-98.2423613,2019-11,True,True,False,False,False,True,False,False,False,False,False,True,REVISAR,REVISAR,REVISAR,FILTRO_DENUE,REGLAS_DENUE,
11660921,21114812210019731000000000U6,LAVANDERIA FULL WASH,,812210,Lavanderías y tintorerías,0 a 5 personas,CALLE,8 D SUR,CALLE,TITANIO,CALLE,CROMO,CALLE,PLATA,,SN,,,11524,,COLONIA,LOS HEROES PUEBLA 1 SECCION,,,,72490,21,PUEBLA,114,Puebla,0001,Heroica Puebla de Zaragoza,5409,112,2214093098,,,Fijo,18.97475401,-98.22633493,2024-11,True,True,False,False,False,True,False,False,False,False,False,True,REVISAR,REVISAR,REVISAR,FILTRO_DENUE,REGLAS_DENUE,
8106247,21041812210000831000000000U0,LAVANDERIA FULWASH,,812210,Lavanderías y tintorerías,0 a 5 personas,CALLE,ALDAMA,PRIVADA,NINGUNO,CALLE,CALVARIO,CALLE,CALVARIO,,SN,,,,,COLONIA,EL CALVARIO,,,,72730,21,PUEBLA,041,Cuautlancingo,0008,Sanctorum,0202,026,2221863186,,,Fijo,19.09951449,-98.25864128,2019-11,True,True,False,False,False,True,False,False,False,False,False,True,REVISAR,REVISAR,REVISAR,FILTRO_DENUE,REGLAS_DENUE,
8234260,21114812210016551000000000U1,LAVANDERIA GALAXIA,,812210,Lavanderías y tintorerías,0 a 5 personas,CALLE,NINGUNO,CALLE,LEO,CALLE,CANCER,CALLE,TAURO,,SN,,,,,FRACCIONAMIENTO,GALAXIA LA CALERA,,,,72390,21,PUEBLA,114,Puebla,0488,Galaxia la Calera,6712,004,,,,Fijo,18.99683532,-98.1514058,2019-11,True,True,False,False,False,True,False,False,False,False,False,True,REVISAR,REVISAR,REVISAR,FILTRO_DENUE,REGLAS_DENUE,
11615748,21119812210002021000000000U0,LAVANDERIA GALEOTITLA,,812210,Lavanderías y tintorerías,0 a 5 personas,CALLE,PRINCIPAL,PRIVADA,NINGUNO,PRIVADA,NINGUNO,CALLE,CENTRAL NORTE,514,,,,,,COLONIA,SAN BERNADIÑO TLAXCANCINGO,,,,72820,21,PUEBLA,119,San Andrés Cholula,0013,San Bernardino Tlaxcalancingo,0349,004,,,,Fijo,19.02772098,-98.27795555,2024-11,True,True,False,False,False,True,False,False,False,False,False,True,REVISAR,REVISAR,REVISAR,FILTRO_DENUE,REGLAS_DENUE,
3376286,21114812210011351000000000U1,LAVANDERIA GALLARDO,,812210,Lavanderías y tintorerías,0 a 5 personas,CALLE,TITANIO,CALLE,ZINC,CALLE,ESMERALDA,CALLE,BRONCE,,SN,,,,,COLONIA,MINERALES DE GUADALUPE SUR,,,,72480,21,PUEBLA,114,Puebla,0001,Heroica Puebla de Zaragoza,499A,020,2223499548,,,Fijo,18.95950582,-98.2436633,2014-12,True,True,False,False,False,True,False,False,False,False,False,True,REVISAR,REVISAR,REVISAR,FILTRO_DENUE,REGLAS_DENUE,
8308579,21114812210014561000000000U2,LAVANDERIA GAMY,,812210,Lavanderías y tintorerías,0 a 5 personas,CALLE,PINO SUAREZ,CALLE,48 NORTE,CALLE,46 NORTE,PRIVADA,13 DE AGOSTO,130,,,,,,COLONIA,10 DE MAYO,,,,72270,21,PUEBLA,114,Puebla,0001,Heroica Puebla de Zaragoza,1389,019,2229218912,CERVANTEZCARMEN237@GMAIL.COM,,Fijo,19.05526267,-98.16948707,2019-11,True,True,False,False,False,True,False,False,False,False,False,True,REVISAR,REVISAR,REVISAR,FILTRO_DENUE,REGLAS_DENUE,
3411498,21114812210003751001000000U2,LAVANDERIA GARBITEX,,812210,Lavanderías y tintorerías,6 a 10 personas,AVENIDA,37 ORIENTE,PRIVADA,PRIVADA A ORIENTE DE LA 16 DE SEPTIEMBRE,CALLE,16 DE SEPTIEMBRE,PRIVADA,PRIVADA A ORIENTE DE LA 16 DE SEPTIEMBRE,3518,,,,,,COLONIA,CARMEN HUEXOTITLA,,,,72534,21,PUEBLA,114,Puebla,0001,Heroica Puebla de Zaragoza,0677,030,,,,Fijo,19.03028958,-98.20665569,2014-12,True,True,False,False,False,True,False,False,False,False,False,True,REVISAR,REVISAR,REVISAR,FILTRO_DENUE,REGLAS_DENUE,
9699201,21143812210000141000000000U8,LAVANDERIA GARRITAS CLEAN,,812210,Lavanderías y tintorerías,0 a 5 personas,CALLE,CAMINO REAL IZTACCIHUATL,PRIVADA,MIRADOR,OTRO(ESPECIFIQUE),ARROYO,OTRO(ESPECIFIQUE),ARROYO,,SN,,,,,LOCALIDAD,TLACOTEPEC DE JOSE MANZO,,,,74133,21,PUEBLA,143,San Salvador el Verde,0016,Tlacotepec de José Manzo,0043,019,2481104188,,,Fijo,19.26658283,-98.48189725,2024-11,True,True,False,False,False,True,False,False,False,False,False,True,REVISAR,REVISAR,REVISAR,FILTRO_DENUE,REGLAS_DENUE,
7873211,21114812210014801000000000U2,LAVANDERIA GELY CLEAN,,812210,Lavanderías y tintorerías,0 a 5 personas,BOULEVARD,MUNICIPIO LIBRE,CALLE,UNIVERSAL,BOULEVARD,CARLOS CAMACHO ESPIRITU,PRIVADA,UNIVERSIDAD,2200,B,,,,,CIUDAD,CIUDAD UNIVERSITARIA,,,,72592,21,PUEBLA,114,Puebla,0001,Heroica Puebla de Zaragoza,2635,041,,,,Fijo,18.99520367,-98.19797029,2019-11,True,True,False,False,False,True,False,False,False,False,False,True,REVISAR,REVISAR,REVISAR,FILTRO_DENUE,REGLAS_DENUE,
9796820,21041812210001371000000000U6,LAVANDERIA GEMINIS,,812210,Lavanderías y tintorerías,0 a 5 personas,AVENIDA,VICENTE GUERRERO,AVENIDA,VICENTE GUERRERO,CALLE,AYUNTAMIENTO,CALLE,VEREDA,10,,,,,,PUEBLO,SANCTORUM,,,,72730,21,PUEBLA,041,Cuautlancingo,0008,Sanctorum,0202,006,2211811086,,,Fijo,19.10612748,-98.25112455,2024-11,True,True,False,False,False,True,False,False,False,False,False,True,REVISAR,REVISAR,REVISAR,FILTRO_DENUE,REGLAS_DENUE,
8792030,21114812210014281000000000U7,LAVANDERIA GERALDINE,,812210,Lavanderías y tintorerías,0 a 5 personas,CALLE,72 ORIENTE,CALLE,XALTONATL,CALLE,GINEBRA,CALLE,70 B PONIENTE,45,,,,,,COLONIA,NACIONES UNIDAS,,,,72210,21,PUEBLA,114,Puebla,0001,Heroica Puebla de Zaragoza,150A,055,2226714881,,,Fijo,19.07080769,-98.18289008,2019-11,True,True,False,False,False,True,False,False,False,False,False,True,REVISAR,REVISAR,REVISAR,FILTRO_DENUE,REGLAS_DENUE,
7569201,21119812210001621000000000U8,LAVANDERIA GIUSSLEO,,812210,Lavanderías y tintorerías,0 a 5 personas,CALLE,HUAUCHINANGO,CALLE,TLATLAUQUITEPEC,CALLE,CALPAN,CALLE,CHIGNAHUAPAN,58,,,,,,LOCALIDAD,SAN FRANCISCOB ACATEPEC,,,,72845,21,PUEBLA,119,San Andrés Cholula,0001,San Andrés Cholula,0086,030,2224366977,,,Fijo,19.02974119,-98.30775309,2019-11,True,True,False,False,False,True,False,False,False,False,False,True,REVISAR,REVISAR,REVISAR,FILTRO_DENUE,REGLAS_DENUE,
10487855,21106812210000061000000000U5,LAVANDERIA GLD,,812210,Lavanderías y tintorerías,0 a 5 personas,AVENIDA,REFORMA,CALLE,BUENAVISTA,OTRO(ESPECIFIQUE),ARROYO,PRIVADA,NINGUNO,66,B,,,,,LOCALIDAD,SAN BERNABE TEMOXTITLA,,,,72860,21,PUEBLA,106,Ocoyucan,0008,San Bernabé Temoxtitla,0105,004,2211647774,,,Fijo,18.99431758,-98.3282671,2024-11,True,True,False,False,False,True,False,False,False,False,False,True,REVISAR,REVISAR,REVISAR,FILTRO_DENUE,REGLAS_DENUE,
8801533,21114812210014721000000000U2,LAVANDERIA GOODLAVA,,812210,Lavanderías y tintorerías,0 a 5 personas,AVENIDA,MARGARITAS,AVENIDA,AVENIDA DEL BOSQUE,CALLE,5 SUR,AVENIDA,OAXACA,326,B,,,,,COLONIA,BUGAMBILIAS,,,,72580,21,PUEBLA,114,Puebla,0001,Heroica Puebla de Zaragoza,086A,043,,,,Fijo,19.01445011,-98.22027943,2019-11,True,True,False,False,False,True,False,False,False,False,False,True,REVISAR,REVISAR,REVISAR,FILTRO_DENUE,REGLAS_DENUE,
10796413,21132812210001521000000000U3,LAVANDERIA GREMMIX,,812210,Lavanderías y tintorerías,0 a 5 personas,CALLE,NINGUNO,CALLE,JOSEFA ORTIZ DE DOMINGUEZ,PRIVADA,NINGUNO,CALLE,JOSEFA ORTIZ DE DOMINGUEZ,3,,,,,,PUEBLO,SAN LUCAS ATOYATENCO,,,,74120,21,PUEBLA,132,San Martín Texmelucan,0001,San Martín Texmelucan de Labastida,0389,003,2481861282,,,Fijo,19.27654801,-98.41524571,2024-11,True,True,False,False,False,True,False,False,False,False,False,True,REVISAR,REVISAR,REVISAR,FILTRO_DENUE,REGLAS_DENUE,
8214092,21114812210017241000000000U8,LAVANDERIA GUADALUPANA,,812210,Lavanderías y tintorerías,0 a 5 personas,AVENIDA,141 PONIENTE,CALLE,27 C SUR,PRIVADA,27 D SUR,CALLE,NINGUNO,14102,A,,,,,FRACCIONAMIENTO,HACIENDA SANTA CLARA,,,,72493,21,PUEBLA,114,Puebla,0001,Heroica Puebla de Zaragoza,645A,004,,,,Fijo,18.98277314,-98.27431256,2019-11,True,True,False,False,False,True,False,False,False,False,False,True,REVISAR,REVISAR,REVISAR,FILTRO_DENUE,REGLAS_DENUE,
8173996,21114812210014341100000000U9,LAVANDERIA GUASH & GUER,,812210,Lavanderías y tintorerías,0 a 5 personas,CALLE,BELLAS ARTES,PRIVADA,3 DE MAYO,CALLE,ANTIGUO CAMINO REAL A CHOLULA,OTRO(ESPECIFIQUE),BARDA,4503,,,,,,COLONIA,SANTA CRUZ GUADALUPE,,,,72170,21,PUEBLA,119,San Andrés Cholula,0013,San Bernardino Tlaxcalancingo,057A,018,2223247258,,,Fijo,19.04780232,-98.25961872,2019-11,True,True,False,False,False,True,False,False,False,False,False,True,REVISAR,REVISAR,REVISAR,FILTRO_DENUE,REGLAS_DENUE,
9586647,21053812210000231000000000U8,LAVANDERIA GUSSY,,812210,Lavanderías y tintorerías,0 a 5 personas,CALLE,GALEANA,CALLE,PINO SUAREZ,CALLE,JUSTO SIERRA,CALLE,SERDAN,,SN,,,,,BARRIO,TEOCONCHILA,,,,73300,21,PUEBLA,053,Chignahuapan,0001,Ciudad de Chignahuapan,0256,022,9212034502,,,Fijo,19.84136238,-98.02822885,2024-11,True,True,False,False,False,True,False,False,False,False,False,True,REVISAR,REVISAR,REVISAR,FILTRO_DENUE,REGLAS_DENUE,
9160494,21053532282000031010000000U0,LAVANDERIA GUTIERREZ,,812210,Lavanderías y tintorerías,0 a 5 personas,CALLE,PRIMERA CALLE DE ALDAMA,CALLE,3 ORIENTE,CALLE,5 ORIENTE,CALLE,2 SUR,,SN,,,,,COLONIA,CENTRO,,,,73300,21,PUEBLA,053,Chignahuapan,0001,Ciudad de Chignahuapan,0275,016,,,,Fijo,19.83758437,-98.02979207,2019-11,True,True,False,False,False,True,False,False,False,False,False,True,REVISAR,REVISAR,REVISAR,FILTRO_DENUE,REGLAS_DENUE,
11589663,21114812210019291000000000U1,LAVANDERIA H Y M RECEPCION,,812210,Lavanderías y tintorerías,0 a 5 personas,BOULEVARD,CLAVIJERO,BOULEVARD,CLAVIJERO,CALLE,HERNAN CORTES,PRIVADA,RAMON JIMENEZ,32,,,,,,COLONIA,HISTORIADORES,,,,72365,21,PUEBLA,114,Puebla,0001,Heroica Puebla de Zaragoza,1533,070,2226712011,,,Fijo,19.03466245,-98.14472758,2024-11,True,True,False,False,False,True,False,False,False,False,False,True,REVISAR,REVISAR,REVISAR,FILTRO_DENUE,REGLAS_DENUE,
10747145,21074812210000631000000000U5,LAVANDERIA H2A,,812210,Lavanderías y tintorerías,0 a 5 personas,AVENIDA,AVENIDA DE LA VID,AVENIDA,AVENIDA DEL MUERDAGO,CALLE,NINGUNO,CALLE,MANZANA O EDIFICACION CONTIGUA,12,C,,,,,FRACCIONAMIENTO,PASEO DE LOS SAUCES,,,,74160,21,PUEBLA,074,Huejotzingo,0095,Rancho de los Caballos,0383,007,2271538641,,,Fijo,19.17690021,-98.38158466,2024-11,True,True,False,False,False,True,False,False,False,False,False,True,REVISAR,REVISAR,REVISAR,FILTRO_DENUE,REGLAS_DENUE,
10505401,21114812210019501000000000U3,LAVANDERIA HA-LUNA,,812210,Lavanderías y tintorerías,0 a 5 personas,CALLE,99 ORIENTE,PRIVADA,NINGUNO,DIAGONAL,16 A SUR,CALLE,97 ORIENTE,1648,,,,,,FRACCIONAMIENTO,VISTA ALEGRE,,,,72594,21,PUEBLA,114,Puebla,0001,Heroica Puebla de Zaragoza,4576,045,2227591075,,,Fijo,18.98667451,-98.20958398,2024-11,True,True,False,False,False,True,False,False,False,False,False,True,REVISAR,REVISAR,REVISAR,FILTRO_DENUE,REGLAS_DENUE,
8869561,21114812210015131000000000U3,LAVANDERIA HOY LAVO,,812210,Lavanderías y tintorerías,0 a 5 personas,CALLE,AVENIDA 36 PONIENTE,CALLE,33 NORTE,CALLE,35 NORTE,CALLE,34 PONIENTE,3301,,,,,,COLONIA,NUEVA AURORA,,,,72070,21,PUEBLA,114,Puebla,0001,Heroica Puebla de Zaragoza,0126,015,2223517548,,,Fijo,19.07193172,-98.21030105,2019-11,True,True,False,False,False,True,False,False,False,False,False,True,REVISAR,REVISAR,REVISAR,FILTRO_DENUE,REGLAS_DENUE,
11158371,21114812210021861000000000U7,LAVANDERIA HOY LAVO,,812210,Lavanderías y tintorerías,0 a 5 personas,PROLONGACION,16 DE SEPTIEMBRE,AVENIDA,101 ORIENTE,CALLE,101 A ORIENTE,PRIVADA,B ORIENTE DE LA 16 DE SEPTIEMBRE,10102,,,1,,,COLONIA,ARBOLEDAS DE LOMA BELLA,CENTRO Y PLAZA COMERCIAL,ARBOLEDAS,SN,72474,21,PUEBLA,114,Puebla,0001,Heroica Puebla de Zaragoza,1904,020,,,,Fijo,18.99286411,-98.22701582,2024-11,True,True,False,False,False,True,False,False,False,False,False,True,REVISAR,REVISAR,REVISAR,FILTRO_DENUE,REGLAS_DENUE,
8271822,21074812210000391000000000U6,LAVANDERIA HUEJOTZINGO,,812210,Lavanderías y tintorerías,0 a 5 personas,CALLE,20 DE NOVIEMBRE,CALLE,JAIME NUNO,CALLE,AYALA,OTRO(ESPECIFIQUE),CANAL,,SN,,,,,BARRIO,TERCER,,,,74160,21,PUEBLA,074,Huejotzingo,0001,Huejotzingo,0044,019,2271080883,,,Fijo,19.16192653,-98.41208304,2019-11,True,True,False,False,False,True,False,False,False,False,False,True,REVISAR,REVISAR,REVISAR,FILTRO_DENUE,REGLAS_DENUE,
3520132,21114812210002001000000000U3,LAVANDERIA IBI,,812210,Lavanderías y tintorerías,0 a 5 personas,CALLE,MAYAS,PRIVADA,AZTECAS,AVENIDA,NACIONAL,CALLE,OLMECAS,37,,,,,,COLONIA,SAN JOSE LOS PINOS,,,,72480,21,PUEBLA,114,Puebla,0001,Heroica Puebla de Zaragoza,4330,009,2222667000,,,Fijo,19.00285735,-98.23701686,2010-07,True,True,False,False,False,True,False,False,False,False,False,True,REVISAR,REVISAR,REVISAR,FILTRO_DENUE,REGLAS_DENUE,
8106166,21041812210000791000000000U6,LAVANDERIA IMPECABLES,,812210,Lavanderías y tintorerías,0 a 5 personas,CALLE,URANGA,OTRO(ESPECIFIQUE),BARDA,CALLE,SAN CARLOS,CALLE,SAN RAFAEL,2,,,1,,,BARRIO,DEL CALVARIO,CENTRO Y PLAZA COMERCIAL,PLAZA ROSE PALACE,9,72702,21,PUEBLA,041,Cuautlancingo,0001,San Juan Cuautlancingo,0109,095,,,,Fijo,19.10997201,-98.26335882,2019-11,True,True,False,False,False,True,False,False,False,False,False,True,REVISAR,REVISAR,REVISAR,FILTRO_DENUE,REGLAS_DENUE,
9729943,21119812210002251000000000U3,LAVANDERIA IMPERY CLEAN,,812210,Lavanderías y tintorerías,0 a 5 personas,BOULEVARD,ATLIXCAYOTL,CALLE,NINGUNO,CALLE,NINGUNO,CALLE,SAN MARTINITO,3248,,,1,,,COLONIA,SAN MARTINITO,CENTRO Y PLAZA COMERCIAL,PLAZA W,103,72810,21,PUEBLA,119,San Andrés Cholula,0013,San Bernardino Tlaxcalancingo,0457,021,,,,Fijo,19.01731653,-98.2518206,2024-11,True,True,False,False,False,True,False,False,False,False,False,True,REVISAR,REVISAR,REVISAR,FILTRO_DENUE,REGLAS_DENUE,
11289927,21114812210022371000000000U6,LAVANDERIA INDUSTRIAL SIN NOMBRE,,812210,Lavanderías y tintorerías,0 a 5 personas,CALLE,13 NORTE,AVENIDA,HEROE DE NACOZARI,CALLE,46 PONIENTE,CALLE,11 NORTE,,SN,,,,,COLONIA,SANTA MARIA,,,,72080,21,PUEBLA,114,Puebla,0001,Heroica Puebla de Zaragoza,0130,037,2223040120,,,Fijo,19.06741814,-98.19599632,2024-11,True,True,False,False,True,True,True,False,False,False,False,True,REVISAR,REVISAR,REVISAR,FILTRO_DENUE,REGLAS_DENUE,
9840835,21053812210000301000000000U9,LAVANDERIA INSTALAV,,812210,Lavanderías y tintorerías,0 a 5 personas,CALLE,PRIMERA DE IGNACIO ZARAGOZA,CALLE,ALVARO OBREGON,CALLE,ZARAGOZA,CALLE,CUARTA CALLE DE MORELOS,13,,,,,,BARRIO,TOLTEMPAN,,,,73300,21,PUEBLA,053,Chignahuapan,0001,Ciudad de Chignahuapan,028A,006,7979760493,,,Fijo,19.83775981,-98.03535098,2024-11,True,True,False,False,False,True,False,False,False,False,False,True,REVISAR,REVISAR,REVISAR,FILTRO_DENUE,REGLAS_DENUE,
10796233,21015812210000481000000000U8,LAVANDERIA ISA,,812210,Lavanderías y tintorerías,0 a 5 personas,CALLE,NIÑOS HEROES,CALLE,6 NORTE,AVENIDA,NIÑOS HEROES ORIENTE,CALLE,2 ORIENTE,5,,,,,,COLONIA,CHACHAPA CENTRO,,,,72990,21,PUEBLA,015,Amozoc,0001,Amozoc de Mota,033A,022,,,,Fijo,19.04762968,-98.09194244,2024-11,True,True,False,False,False,True,False,False,False,False,False,True,REVISAR,REVISAR,REVISAR,FILTRO_DENUE,REGLAS_DENUE,
8271651,21134812210000221000000000U7,LAVANDERIA ISAI,,812210,Lavanderías y tintorerías,0 a 5 personas,CALLE,SANTA CECILIA,CALLE,CALLE DE LA LUZ,PRIVADA,NINGUNO,CALLE,CALLE DE LA LUZ,417,,,,,,LOCALIDAD,SAN MATIAS TLALANCALECA,,,,74110,21,PUEBLA,134,San Matías Tlalancaleca,0001,San Matías Tlalancaleca,003A,029,2481736213,,,Fijo,19.3250242,-98.49559281,2019-11,True,True,False,False,False,True,False,False,False,False,False,True,REVISAR,REVISAR,REVISAR,FILTRO_DENUE,REGLAS_DENUE,
8105924,21034812210000101000000000U3,LAVANDERIA ITZEL,,812210,Lavanderías y tintorerías,0 a 5 personas,CALLE,CAMINO REAL,CALLE,MANZANARES,OTRO(ESPECIFIQUE),BARDA,AVENIDA,AVENIDA DE LAS FLORES,248,,,,6,,COLONIA,SAN FRANCISCO OCOTLAN,,,,72680,21,PUEBLA,034,Coronango,0003,San Francisco Ocotlán (Ocotlán),0119,052,2212598565,,,Fijo,19.11529749,-98.28247876,2019-11,True,True,False,False,False,True,False,False,False,False,False,True,REVISAR,REVISAR,REVISAR,FILTRO_DENUE,REGLAS_DENUE,
11546717,21119812210002291000000000U9,LAVANDERIA JABOWSOTE,,812210,Lavanderías y tintorerías,0 a 5 personas,CALLE,NINGUNO,CALLE,CAMINO REAL A SAN ANDRES,PRIVADA,NINGUNO,PRIVADA,NINGUNO,,SN,,,,,PUEBLO,SAN ANDRES CHOLULA,,,,72810,21,PUEBLA,119,San Andrés Cholula,0001,San Andrés Cholula,064A,007,,,,Fijo,19.04194482,-98.29021119,2024-11,True,True,False,False,False,True,False,False,False,False,False,True,REVISAR,REVISAR,REVISAR,FILTRO_DENUE,REGLAS_DENUE,
11179476,21114812210020461000000000U7,LAVANDERIA JARDINES,,812210,Lavanderías y tintorerías,0 a 5 personas,BOULEVARD,CARLOS CAMACHO ESPIRITU,CALLE,BENITO JUAREZ,BOULEVARD,JOSE MARIA LAFRAGUA,BOULEVARD,JOSE MARIA LAFRAGUA,,SN,,,,,BARRIO,SAN JUAN,,,,72960,21,PUEBLA,114,Puebla,0001,Heroica Puebla de Zaragoza,4561,025,2222628613,,,Fijo,18.98012999,-98.19734352,2024-11,True,True,False,False,False,True,False,False,False,False,False,True,REVISAR,REVISAR,REVISAR,FILTRO_DENUE,REGLAS_DENUE,
10414484,21114812210019381000000000U0,LAVANDERIA JARDINES,,812210,Lavanderías y tintorerías,0 a 5 personas,CALLE,SANDINO,CALLE,CHE GUEVARA,CALLE,MALINTZI,CALLE,PARICUTIN,2820,,,,,,COLONIA,PATRIA NUEVA,,,,72595,21,PUEBLA,114,Puebla,0001,Heroica Puebla de Zaragoza,2156,029,,,,Fijo,18.95556805,-98.16388446,2024-11,True,True,False,False,False,True,False,False,False,False,False,True,REVISAR,REVISAR,REVISAR,FILTRO_DENUE,REGLAS_DENUE,
3376139,21114812210011941000000000U9,LAVANDERIA JARDINES,,812210,Lavanderías y tintorerías,0 a 5 personas,AVENIDA,GUADALUPE,CALLE,LA PRESA,CALLE,LADERA,CALLE,PINO SUAREZ,502,B,,,,,COLONIA,GUADALUPE HIDALGO,,,,72490,21,PUEBLA,114,Puebla,0001,Heroica Puebla de Zaragoza,1942,035,2225127282,,,Fijo,18.97073527,-98.24412954,2014-12,True,True,False,False,False,True,False,False,False,False,False,True,REVISAR,REVISAR,REVISAR,FILTRO_DENUE,REGLAS_DENUE,
11564100,21132812210001651000000000U8,LAVANDERIA JAZMIN,,812210,Lavanderías y tintorerías,0 a 5 personas,CARRETERA,FEDERAL MEXICO PUEBLA,CARRETERA,MEXICO PUEBLA,CARRETERA,NINGUNO,CALLE,ALVARO OBREGON SUR,,SN,,,,,COLONIA,LOS ANGELES,,,,74064,21,PUEBLA,132,San Martín Texmelucan,0001,San Martín Texmelucan de Labastida,0177,010,6511000723,,,Fijo,19.26960414,-98.43194248,2024-11,True,True,False,False,False,True,False,False,False,False,False,True,REVISAR,REVISAR,REVISAR,FILTRO_DENUE,REGLAS_DENUE,
3256393,21114812210004101000000000U9,LAVANDERIA JD,,812210,Lavanderías y tintorerías,0 a 5 personas,AVENIDA,70 PONIENTE,CALLE,5 NORTE,CALLE,DIAGONAL BENITO JUAREZ,PRIVADA,68 PONIENTE,523,,,,,,COLONIA,16 DE SEPTIEMBRE,,,,72230,21,PUEBLA,114,Puebla,0001,Heroica Puebla de Zaragoza,2334,023,,,,Fijo,19.07209733,-98.18663755,2010-07,True,True,False,False,False,True,False,False,False,False,False,True,REVISAR,REVISAR,REVISAR,FILTRO_DENUE,REGLAS_DENUE,
10593260,21114812210022481000000000U3,LAVANDERIA JESUS,,812210,Lavanderías y tintorerías,0 a 5 personas,CALLE,74 PONIENTE,CALLE,21 NORTE,CALLE,19 NORTE,CALLE,76 PONIENTE,1902,,,,,,COLONIA,LA LOMA,,,,72230,21,PUEBLA,114,Puebla,0001,Heroica Puebla de Zaragoza,3421,001,2225427277,,,Fijo,19.07762756,-98.19328202,2024-11,True,True,False,False,False,True,False,False,False,False,False,True,REVISAR,REVISAR,REVISAR,FILTRO_DENUE,REGLAS_DENUE,
8325588,21114812210017961000000000U1,LAVANDERIA JESUS TE AMA,,812210,Lavanderías y tintorerías,0 a 5 personas,AVENIDA,LAS HARAS,CERRADA,PINOS,ANDADOR,B,CALLE,NINGUNO,19,C,,,,,COLONIA,LOMAS FLOR DEL BOSQUE,,,,72360,21,PUEBLA,114,Puebla,0001,Heroica Puebla de Zaragoza,4491,025,2225250371,,,Fijo,19.03399283,-98.13083726,2019-11,True,True,False,False,False,True,False,False,False,False,False,True,REVISAR,REVISAR,REVISAR,FILTRO_DENUE,REGLAS_DENUE,
9758694,21114812210022251000000000U0,LAVANDERIA JIMENEZ,,812210,Lavanderías y tintorerías,0 a 5 personas,CALLE,11 J,BOULEVARD,EL CASCO,BOULEVARD,LATERAL AUTOPISTA,CALLE,10 J,8,2,,,,,FRACCIONAMIENTO,COLON,,,,72310,21,PUEBLA,114,Puebla,0001,Heroica Puebla de Zaragoza,481A,032,,,,Fijo,19.06709734,-98.1249637,2024-11,True,True,False,False,False,True,False,False,False,False,False,True,REVISAR,REVISAR,REVISAR,FILTRO_DENUE,REGLAS_DENUE,
9738307,21132812210001231000000000U9,LAVANDERIA JOBS,,812210,Lavanderías y tintorerías,0 a 5 personas,CALLE,DOCTOR JAIME TORRES BODET,CALLE,FRANCISCO I. MADERO NORTE,CALLE,JOSEFA ORTIZ DE DOMINGUEZ NORTE,CALLE,GENERAL LAZARO CARDENAS,6,,,,,,COLONIA,CENTRO,,,,74000,21,PUEBLA,132,San Martín Texmelucan,0001,San Martín Texmelucan de Labastida,0340,026,2481150778,,,Fijo,19.28628486,-98.43054345,2024-11,True,True,False,False,False,True,False,False,False,False,False,True,REVISAR,REVISAR,REVISAR,FILTRO_DENUE,REGLAS_DENUE,
8279469,21041812210001031000000000U6,LAVANDERIA JOSDA,,812210,Lavanderías y tintorerías,0 a 5 personas,CALLE,SAN JOSE,CALLE,SAN JOSE,CALLE,SAN JOSE,PRIVADA,JUAN PABLO II,89,,,,,,LOCALIDAD,DEL CALVARIO,,,,72600,21,PUEBLA,041,Cuautlancingo,0001,San Juan Cuautlancingo,0109,008,,,,Fijo,19.10249202,-98.26991043,2019-11,True,True,False,False,False,True,False,False,False,False,False,True,REVISAR,REVISAR,REVISAR,FILTRO_DENUE,REGLAS_DENUE,
11563363,21053812210000241000000000U7,LAVANDERIA JULIETAS,,812210,Lavanderías y tintorerías,0 a 5 personas,CALLE,VICENTE GUERRERO,CALLE,NINGUNO,CALLE,NINGUNO,CALLE,NINGUNO,,SN,,,,,BARRIO,TEOCONCHILA,,,,73300,21,PUEBLA,053,Chignahuapan,0001,Ciudad de Chignahuapan,0449,012,7971410452,,,Fijo,19.84794837,-98.03478388,2024-11,True,True,False,False,False,True,False,False,False,False,False,True,REVISAR,REVISAR,REVISAR,FILTRO_DENUE,REGLAS_DENUE,
10629018,21053812210000221000000000U9,LAVANDERIA JULY,,812210,Lavanderías y tintorerías,0 a 5 personas,CALLE,CALLE DE JESUS MERINO,CALLE,CUARTA CALLE DE OSORNO,CALLE,PRIMERA CALLE DE EMILIANO ZAPATA,CALLE,FRANCISCO I MADERO,,SN,,,,,BARRIO,TOLTEMPAN,,,,73300,21,PUEBLA,053,Chignahuapan,0001,Ciudad de Chignahuapan,028A,004,,,,Fijo,19.83592641,-98.03554085,2024-11,True,True,False,False,False,True,False,False,False,False,False,True,REVISAR,REVISAR,REVISAR,FILTRO_DENUE,REGLAS_DENUE,
9795876,21114812210020791000000000U7,LAVANDERIA JUQUILA,,812210,Lavanderías y tintorerías,0 a 5 personas,CARRETERA,FEDERAL PUEBLA TLAXCALA,CALLE,16 DE SEPTIEMBRE,CALLE,IGNACIO ZARAGOZA,PRIVADA,21 DE MARZO,,SN,,,,,COLONIA,SAN CRISTOBAL TULCINGO CALERAS,,,,72100,21,PUEBLA,114,Puebla,0001,Heroica Puebla de Zaragoza,2870,018,2224356257,,,Fijo,19.11426478,-98.21160942,2024-11,True,True,False,False,False,True,False,False,False,False,False,True,REVISAR,REVISAR,REVISAR,FILTRO_DENUE,REGLAS_DENUE,
10070109,21074812210000981000000000U4,LAVANDERIA JUQUILITA,,812210,Lavanderías y tintorerías,0 a 5 personas,CALLE,20 DE NOVIEMBRE,CALLE,JUVENTINO ROSAS,CALLE,JAIME NUNO,OTRO(ESPECIFIQUE),CANAL,,SN,,,,,BARRIO,TERCER,,,,74160,21,PUEBLA,074,Huejotzingo,0001,Huejotzingo,0114,002,2271087378,,,Fijo,19.16464599,-98.41176424,2024-11,True,True,False,False,False,True,False,False,False,False,False,True,REVISAR,REVISAR,REVISAR,FILTRO_DENUE,REGLAS_DENUE,
8703395,21114812210013571000000000U2,LAVANDERIA JUQUILITA,,812210,Lavanderías y tintorerías,0 a 5 personas,CALLE,MARAVILLAS,PRIVADA,FLOR DEL SUR,CALLE,FLOR,OTRO(ESPECIFIQUE),NINGUNO,21,,,,,,COLONIA,LOMAS FLOR DEL BOSQUE,,,,72360,21,PUEBLA,114,Puebla,0001,Heroica Puebla de Zaragoza,6106,019,2225121840,,,Fijo,19.03160668,-98.12871903,2019-11,True,True,False,False,False,True,False,False,False,False,False,True,REVISAR,REVISAR,REVISAR,FILTRO_DENUE,REGLAS_DENUE,
7547726,21114812210015801000000000U1,LAVANDERIA JUQUILITA,,812210,Lavanderías y tintorerías,0 a 5 personas,CALLE,XOLOC,CALLE,CALZADA O CRISTO REY,CALLE,CRISTO REY,CALLE,PRIMERA PRIVADA CITLALTEPETL,75,,,,0,A,COLONIA,IGNACIO ROMERO VARGAS,,,,72120,21,PUEBLA,114,Puebla,0001,Heroica Puebla de Zaragoza,5818,012,2222082815,,,Fijo,19.08098032,-98.25124283,2019-11,True,True,False,False,False,True,False,False,False,False,False,True,REVISAR,REVISAR,REVISAR,FILTRO_DENUE,REGLAS_DENUE,
3460473,21114812210000171000000000U6,LAVANDERIA JUQUILITA,,812210,Lavanderías y tintorerías,0 a 5 personas,CALLE,JOSEFA ORTIZ DE DOMINGUEZ,CALLE,RUA DE ONIX,CALLE,NINGUNO,CALLE,GUADALUPE VICTORIA,18,,,,,,COLONIA,LOS PINITOS,,,,72520,21,PUEBLA,114,Puebla,0001,Heroica Puebla de Zaragoza,1779,038,,,,Fijo,19.01776955,-98.18107676,2010-07,True,True,False,False,False,True,False,False,False,False,False,True,REVISAR,REVISAR,REVISAR,FILTRO_DENUE,REGLAS_DENUE,
3329844,21034812210000041000000000U1,LAVANDERIA KA,KARINA DUKE,812210,Lavanderías y tintorerías,0 a 5 personas,AVENIDA,TLAXCALA,AVENIDA,TLAXCALA,AVENIDA,AVENIDA DE LAS FLORES,AVENIDA,SAN FRANCISCO OCOTLAN,,SN,,,2,,PUEBLO,SAN FRANCISCO OCOTLAN,,,,72680,21,PUEBLA,034,Coronango,0003,San Francisco Ocotlán (Ocotlán),0119,053,2223663036,,,Fijo,19.11237693,-98.27370564,2014-12,True,True,False,False,False,True,False,False,False,False,False,True,REVISAR,REVISAR,REVISAR,FILTRO_DENUE,REGLAS_DENUE,
8272002,21132812210000891000000000U1,LAVANDERIA KADILO,,812210,Lavanderías y tintorerías,0 a 5 personas,PRIVADA,PRIMERA RAFAEL RAMIREZ SOLANO,PRIVADA,SEGUNDA VICENTE GUERRERO,CALLE,FERROCARRIL,CALLE,FERROCARRIL,10,,,,,,COLONIA,CENTRO,,,,74120,21,PUEBLA,132,San Martín Texmelucan,0001,San Martín Texmelucan de Labastida,0533,016,,,WWW.LAVANDERIAKADILO.COM,Fijo,19.30144644,-98.45102728,2019-11,True,True,False,False,False,True,False,False,False,False,False,True,REVISAR,REVISAR,REVISAR,FILTRO_DENUE,REGLAS_DENUE,
7583108,21132812210000731100000000U9,LAVANDERIA KADILO,,812210,Lavanderías y tintorerías,0 a 5 personas,CALLE,VICENTE GUERRERO,AVENIDA,NACIONAL,PRIVADA,NINGUNO,CALLE,LA GLORIA,,SN,,,,,LOCALIDAD,SAN RAFAEL TLANALAPAN,,,,74122,21,PUEBLA,132,San Martín Texmelucan,0013,San Rafael Tlanalapan,043A,022,,,,Fijo,19.29440309,-98.46580344,2019-11,True,True,False,False,False,True,False,False,False,False,False,True,REVISAR,REVISAR,REVISAR,FILTRO_DENUE,REGLAS_DENUE,
7583541,21132812210000821000000000U8,LAVANDERIA KADILO,,812210,Lavanderías y tintorerías,0 a 5 personas,CALLE,GUSTAVO A MADERO,BOULEVARD,LICENCIADO B. G. PEREZ DE A.,CALLE,EMILIANO ZAPATA,AVENIDA,LIBERTAD NORTE,19,,,,,,COLONIA,MORELOS,,,,74020,21,PUEBLA,132,San Martín Texmelucan,0001,San Martín Texmelucan de Labastida,0321,032,2484841298,,,Fijo,19.28766166,-98.44063247,2019-11,True,True,False,False,False,True,False,False,False,False,False,True,REVISAR,REVISAR,REVISAR,FILTRO_DENUE,REGLAS_DENUE,
10042837,21074812210000581000000000U2,LAVANDERIA KARAMELOS,,812210,Lavanderías y tintorerías,0 a 5 personas,CALLE,MOCTEZUMA,AVENIDA,LA PERLA,AVENIDA,EL CARMEN,CALLE,RANCHO PALACIOS,,SN,,,,,LOCALIDAD,HUEJOTZINGO,,,,74160,21,PUEBLA,074,Huejotzingo,0001,Huejotzingo,0148,013,,,,Fijo,19.14636816,-98.40382575,2024-11,True,True,False,False,False,True,False,False,False,False,False,True,REVISAR,REVISAR,REVISAR,FILTRO_DENUE,REGLAS_DENUE,
3320104,21134812210000152001000000U4,LAVANDERIA KEVIN KIDS,,812210,Lavanderías y tintorerías,11 a 30 personas,PRIVADA,NINGUNO,PRIVADA,NINGUNO,CALLE,MORELOS,CALLE,IGNACIO ZARAGOZA,17,,,,,,COLONIA,CENTRO,,,,74110,21,PUEBLA,134,San Matías Tlalancaleca,0001,San Matías Tlalancaleca,0078,001,2484892392,,,Fijo,19.32076742,-98.49486175,2014-12,True,True,False,False,False,True,False,False,False,False,False,True,REVISAR,REVISAR,REVISAR,FILTRO_DENUE,REGLAS_DENUE,
11341938,21074812210000661000000000U2,LAVANDERIA KLING,,812210,Lavanderías y tintorerías,0 a 5 personas,AVENIDA,TULIPANES,CERRADA,NISPERO,CALLE,PASEO GUARANA,CERRADA,NISPERO,,SN,,,1,B,FRACCIONAMIENTO,PASEO DE LOS SAUCES,,,,74160,21,PUEBLA,074,Huejotzingo,0095,Rancho de los Caballos,0330,007,2226679443,,,Fijo,19.17471765,-98.3880594,2024-11,True,True,False,False,False,True,False,False,False,False,False,True,REVISAR,REVISAR,REVISAR,FILTRO_DENUE,REGLAS_DENUE,
3374631,21114812210009651000000000U8,LAVANDERIA KRIS,TERESA LOPEZ,812210,Lavanderías y tintorerías,0 a 5 personas,CALLE,NARDOS,AVENIDA,JACARANDAS,AVENIDA,TABACHINES,CALLE,TULIPANES,10000,,,,,,COLONIA,SAN RAMON,,,,72490,21,PUEBLA,114,Puebla,0001,Heroica Puebla de Zaragoza,4720,011,,,,Fijo,18.97224908,-98.25827641,2014-12,True,True,False,False,False,True,False,False,False,False,False,True,REVISAR,REVISAR,REVISAR,FILTRO_DENUE,REGLAS_DENUE,
9901147,21053812210000291000000000U2,LAVANDERIA L Y B,,812210,Lavanderías y tintorerías,0 a 5 personas,CALLE,QUINTA CALLE DE MATAMOROS,CALLE,MATAMOROS,PRIVADA,NINGUNO,PRIVADA,NINGUNO,,SN,,,,,BARRIO,TOLTEMPAN,,,,73300,21,PUEBLA,053,Chignahuapan,0001,Ciudad de Chignahuapan,0260,007,,,,Fijo,19.84347161,-98.03436982,2024-11,True,True,False,False,False,True,False,False,False,False,False,True,REVISAR,REVISAR,REVISAR,FILTRO_DENUE,REGLAS_DENUE,
10631870,21114812210021041000000000U6,LAVANDERIA LA BRISA,,812210,Lavanderías y tintorerías,0 a 5 personas,PROLONGACION,MELCHOR OCAMPO,CALLE,PROLONGACION FUNDADORES,CALLE,NINGUNO,CALLE,NINGUNO,38,,,,,,COLONIA,IGNACIO ROMERO VARGAS,,,,72120,21,PUEBLA,114,Puebla,0001,Heroica Puebla de Zaragoza,3313,031,,,,Fijo,19.08344591,-98.25023194,2024-11,True,True,False,False,False,True,False,False,False,False,False,True,REVISAR,REVISAR,REVISAR,FILTRO_DENUE,REGLAS_DENUE,
11522444,21053812210000361000000000U3,LAVANDERIA LA BURBUJA,,812210,Lavanderías y tintorerías,0 a 5 personas,CALLE,LICENCIADO ADOLFO LOPEZ MATEOS,CALLE,VICENTE GUERRERO,PROLONGACION,ROMERO VARGAS,BOULEVARD,ROMERO VARGAS,,SN,,,,,BARRIO,TEOCONCHILA,,,,73300,21,PUEBLA,053,Chignahuapan,0001,Ciudad de Chignahuapan,0256,032,7971256625,,,Fijo,19.84550202,-98.03252589,2024-11,True,True,False,False,False,True,False,False,False,False,False,True,REVISAR,REVISAR,REVISAR,FILTRO_DENUE,REGLAS_DENUE,
10614532,21140812210001911000000000U9,LAVANDERIA LA BURBUJA,,812210,Lavanderías y tintorerías,0 a 5 personas,AVENIDA,NINGUNO,AVENIDA,CHOLULA,PRIVADA,REVOLUCION,CALLE,ATLACO,,SN,,,,,COLONIA,SANTIAGO MOMOXPAN,,,,72776,21,PUEBLA,140,San Pedro Cholula,0001,Cholula de Rivadavia,0319,046,,,,Fijo,19.06797076,-98.26727348,2024-11,True,True,False,False,False,True,False,False,False,False,False,True,REVISAR,REVISAR,REVISAR,FILTRO_DENUE,REGLAS_DENUE,
10136090,21114812210021081000000000U2,LAVANDERIA LA BURBUJA,,812210,Lavanderías y tintorerías,0 a 5 personas,CALLE,GENERAL JOAQUIN COLOMBRES,AVENIDA,GENERAL IGNACIO ZARAGOZA,AVENIDA,MAXIMO SERDAN,CALLE,5 DE MAYO,2,A,,,,,COLONIA,HEROES DE PUEBLA,,,,72520,21,PUEBLA,114,Puebla,0001,Heroica Puebla de Zaragoza,0728,019,2212493425,,,Fijo,19.02571067,-98.17966194,2024-11,True,True,False,False,False,True,False,False,False,False,False,True,REVISAR,REVISAR,REVISAR,FILTRO_DENUE,REGLAS_DENUE,
8776988,21074812210000531000000000U7,LAVANDERIA LA BURBUJA,,812210,Lavanderías y tintorerías,0 a 5 personas,AVENIDA,CARLOS B ZETINA,CALLE,JUSTO SIERRA,CALLE,JUAN DE DIOS PEZA,AVENIDA,MIGUEL HIDALGO,808,B,,,,,LOCALIDAD,HUEJOTZINGO,,,,74160,21,PUEBLA,074,Huejotzingo,0001,Huejotzingo,0063,042,,,,Fijo,19.15355451,-98.40708683,2019-11,True,True,False,False,False,True,False,False,False,False,False,True,REVISAR,REVISAR,REVISAR,FILTRO_DENUE,REGLAS_DENUE,
3262580,21015812210000081000000000U6,LAVANDERIA LA BURBUJA,,812210,Lavanderías y tintorerías,0 a 5 personas,CALLE,5 NORTE,AVENIDA,2 PONIENTE,AVENIDA,FRANCISCO I. MADERO,CALLE,7 NORTE,7,,,,,,BARRIO,SAN MIGUEL,,,,72980,21,PUEBLA,015,Amozoc,0001,Amozoc de Mota,0289,015,2222711720,,,Fijo,19.04462426,-98.04687193,2010-07,True,True,False,False,False,True,False,False,False,False,False,True,REVISAR,REVISAR,REVISAR,FILTRO_DENUE,REGLAS_DENUE,
7752532,21041812210000611000000000U6,LAVANDERIA LA BURBUJA,,812210,Lavanderías y tintorerías,0 a 5 personas,CALLE,EMILIANO ZAPATA,PRIVADA,ALAMO,PRIVADA,EMILIANO ZAPATA,OTRO(ESPECIFIQUE),BARDA,,SN,,,,,LOCALIDAD,LA TRINIDAD CHAUTENCO,,,,72730,21,PUEBLA,041,Cuautlancingo,0004,La Trinidad Chautenco,0325,042,,,,Fijo,19.08631197,-98.25359394,2019-11,True,True,False,False,False,True,False,False,False,False,False,True,REVISAR,REVISAR,REVISAR,FILTRO_DENUE,REGLAS_DENUE,
8324384,21114812210017751000000000U6,LAVANDERIA LA BURBUJA,,812210,Lavanderías y tintorerías,0 a 5 personas,PROLONGACION,AVENIDA DE LOS MARTIRES,PRIVADA,NINGUNO,CALLE,CARRIL DE LOS ALAMOS,AVENIDA,ENCINAR,5,,,,,,COLONIA,EL SALVADOR,,,,72320,21,PUEBLA,114,Puebla,0001,Heroica Puebla de Zaragoza,3953,022,2224934049,,,Fijo,19.03955611,-98.14779655,2019-11,True,True,False,False,False,True,False,False,False,False,False,True,REVISAR,REVISAR,REVISAR,FILTRO_DENUE,REGLAS_DENUE,
3258305,21114812210005761000000000U9,LAVANDERIA LA BURBUJA,,812210,Lavanderías y tintorerías,0 a 5 personas,PRIVADA,5 DE MAYO B PONIENTE,CALLE,40 PONIENTE,CALLE,38 PONIENTE,CALLE,38 PONIENTE,3809,,,,,,COLONIA,MARTIRES DEL TRABAJO,,,,72260,21,PUEBLA,114,Puebla,0001,Heroica Puebla de Zaragoza,5199,015,,,,Fijo,19.05960951,-98.19092573,2010-07,True,True,False,False,False,True,False,False,False,False,False,True,REVISAR,REVISAR,REVISAR,FILTRO_DENUE,REGLAS_DENUE,
11792163,21114812210022821000000000U0,LAVANDERIA LA BURBUJA,LILI CAMARENA,812210,Lavanderías y tintorerías,0 a 5 personas,AVENIDA,61 ORIENTE,AVENIDA,42 Sur,ANDADOR,Plaza de la Caporala,ANDADOR,Andador del Lazo,426,,,,,,COLONIA,INFONAVIT LA MARGARITA,,,,72560,21,PUEBLA,114,Puebla,0001,Heroica Puebla de Zaragoza,2103,017,,,,Fijo,19.00411004,-98.18633838,2025-04,True,True,False,False,False,True,False,False,False,False,False,True,REVISAR,REVISAR,REVISAR,FILTRO_DENUE,REGLAS_DENUE,
11649583,21114812210019811000000000U6,LAVANDERIA LA BURBUJA,,812210,Lavanderías y tintorerías,0 a 5 personas,AVENIDA,BOSQUE DE MANZANILLA,CALLE,FRESNO,CALLE,FRAMBUESO,CALLE,FRAMBUESO,,SN,,,,,COLONIA,BOSQUES DE MANZANILLA,,,,72307,21,PUEBLA,114,Puebla,0001,Heroica Puebla de Zaragoza,1675,017,2225867583,,,Fijo,19.06481942,-98.14881651,2024-11,True,True,False,False,False,True,False,False,False,False,False,True,REVISAR,REVISAR,REVISAR,FILTRO_DENUE,REGLAS_DENUE,
9714434,21074812210000851000000000U9,LAVANDERIA LA BURBUJA,,812210,Lavanderías y tintorerías,0 a 5 personas,AVENIDA,AVENIDA DE LOS DOCE,CALLE,TECAYAHUATZIN,CALLE,VALLE DE LOS REYES,CALLE,NINGUNO,300,,,,,,FRACCIONAMIENTO,VALLE SAN MIGUEL,,,,74160,21,PUEBLA,074,Huejotzingo,0115,Valle de San Miguel,0400,007,,,,Fijo,19.14213904,-98.41547117,2024-11,True,True,False,False,False,True,False,False,False,False,False,True,REVISAR,REVISAR,REVISAR,FILTRO_DENUE,REGLAS_DENUE,
3437959,21114812210007981000000000U1,LAVANDERIA LA BURBUJA DE NANCY,,812210,Lavanderías y tintorerías,0 a 5 personas,CALLE,10 A,BOULEVARD,MONTERREY,CALLE,4 A,CALLE,7 A,41,B,,,,,COLONIA,BOSQUES DE SAN SEBASTIAN,,,,72310,21,PUEBLA,114,Puebla,0001,Heroica Puebla de Zaragoza,1711,006,2212611619,,,Fijo,19.0581798,-98.13547265,2010-07,True,True,False,False,False,True,False,False,False,False,False,True,REVISAR,REVISAR,REVISAR,FILTRO_DENUE,REGLAS_DENUE,
11303863,21132812210001561000000000U9,LAVANDERIA LA BURBUJA DORADA,ALEJANDRO SANCHEZ,812210,Lavanderías y tintorerías,0 a 5 personas,AVENIDA,REFORMA,CALLE,LAZARO CARDENAS,CALLE,EXPROPIACION PETROLERA,CALLE,MEXICO,,SN,,,,,PUEBLO,SAN LUCAS ATOYATENCO,,,,74120,21,PUEBLA,132,San Martín Texmelucan,0001,San Martín Texmelucan de Labastida,0389,005,2482412944,,,Fijo,19.27705737,-98.41623146,2024-11,True,True,False,False,False,True,False,False,False,False,False,True,REVISAR,REVISAR,REVISAR,FILTRO_DENUE,REGLAS_DENUE,
10816501,21074812210000621000000000U6,LAVANDERIA LA BURBUJA LOCA,,812210,Lavanderías y tintorerías,0 a 5 personas,AVENIDA,20 DE NOVIEMBRE,CALLE,REFORMA,CALLE,16 DE SEPTIEMBRE,AVENIDA,PABLO L SIDAR,,SN,,,,,BARRIO,TERCERO,,,,74160,21,PUEBLA,074,Huejotzingo,0001,Huejotzingo,0059,028,,,,Fijo,19.15965814,-98.41232509,2024-11,True,True,False,False,False,True,False,False,False,False,False,True,REVISAR,REVISAR,REVISAR,FILTRO_DENUE,REGLAS_DENUE,
10295874,21114812210020951000000000U7,LAVANDERIA LA BURBUJA LOCA,,812210,Lavanderías y tintorerías,0 a 5 personas,AVENIDA,SAN MIGUEL ALLENDE,CALLE,DALIAS,CALLE,GARDENIAS,CALLE,VIOLETAS,,SN,,,,,COLONIA,SAN MIGUEL GUADALUPE,,,,72590,21,PUEBLA,114,Puebla,0001,Heroica Puebla de Zaragoza,6661,006,2213850354,,,Fijo,18.96321539,-98.22199571,2024-11,True,True,False,False,False,True,False,False,False,False,False,True,REVISAR,REVISAR,REVISAR,FILTRO_DENUE,REGLAS_DENUE,
3456381,21114812210006261000000000U9,LAVANDERIA LA BURBUJA MAGICA AZUL,GUADALUPE SORIA,812210,Lavanderías y tintorerías,0 a 5 personas,AVENIDA,SAN FRANCISCO,AVENIDA,HACIENDA DE JALAPASCO,CALLE,CALLE DE BALVANERA,CALLE,OJO DE AGUA,2430,,,,,,COLONIA,LA HACIENDA,,,,72570,21,PUEBLA,114,Puebla,0001,Heroica Puebla de Zaragoza,0821,009,,,,Fijo,19.00883191,-98.19240602,2010-07,True,True,False,False,False,True,False,False,False,False,False,True,REVISAR,REVISAR,REVISAR,FILTRO_DENUE,REGLAS_DENUE,
8154734,21034812210000111000000000U2,LAVANDERIA LA CAÑADA,,812210,Lavanderías y tintorerías,0 a 5 personas,CALLE,EMILIO PORTES GIL PONIENTE,PRIVADA,NINGUNO,AVENIDA,21 DE MARZO,CALLE,GUILLERMO PRIETO,921,,,,,,LOCALIDAD,SANTA MARIA CORONANGO,,,,72670,21,PUEBLA,034,Coronango,0001,Santa María Coronango,0195,003,,,,Fijo,19.12954569,-98.30453279,2019-11,True,True,False,False,False,True,False,False,False,False,False,True,REVISAR,REVISAR,REVISAR,FILTRO_DENUE,REGLAS_DENUE,
8308334,21114812210014521000000000U6,LAVANDERIA LA CHINA,,812210,Lavanderías y tintorerías,0 a 5 personas,AVENIDA,2 ORIENTE,CALLE,18 NORTE,CALLE,20 NORTE,PRIVADA,PRIVADA 2 ORIENTE,1802,,,,,,BARRIO,LA LUZ,,,,72377,21,PUEBLA,114,Puebla,0001,Heroica Puebla de Zaragoza,0431,042,,LELE_86@HOTMAIL.COM,,Fijo,19.03933526,-98.18663642,2019-11,True,True,False,False,False,True,False,False,False,False,False,True,REVISAR,REVISAR,REVISAR,FILTRO_DENUE,REGLAS_DENUE,
3324661,21132812210000481000000000U9,LAVANDERIA LA CIENEGA,,812210,Lavanderías y tintorerías,0 a 5 personas,CALLE,JUAN ALDAMA,CALLE,ENSENADA,PRIVADA,NINGUNO,CALLE,CORREGIDORA,,SN,,,,,COLONIA,LA CIENEGA,,,,74125,21,PUEBLA,132,San Martín Texmelucan,0001,San Martín Texmelucan de Labastida,0410,004,,,,Fijo,19.2830542,-98.44656496,2014-12,True,True,False,False,False,True,False,False,False,False,False,True,REVISAR,REVISAR,REVISAR,FILTRO_DENUE,REGLAS_DENUE,
11691965,21114812210020361000000000U9,LAVANDERIA LA CORITA,,812210,Lavanderías y tintorerías,0 a 5 personas,CALLE,JUAN N MENDEZ,CALLE,5 DE MAYO,AVENIDA,20 DE NOVIEMBRE,AVENIDA,20 DE NOVIEMBRE,1,A,,,,,COLONIA,IGNACIO ZARAGOZA JUNTA AUXILIAR,,,,72380,21,PUEBLA,114,Puebla,0001,Heroica Puebla de Zaragoza,0728,032,2215318711,,,Fijo,19.02670335,-98.17988916,2024-11,True,True,False,False,False,True,False,False,False,False,False,True,REVISAR,REVISAR,REVISAR,FILTRO_DENUE,REGLAS_DENUE,
7752270,21090812210000081100000000U9,LAVANDERIA LA DIAGONAL,,812210,Lavanderías y tintorerías,0 a 5 personas,CALLE,HIMNO NACIONAL,PRIVADA,NINGUNO,PRIVADA,NINGUNO,DIAGONAL,SERRANO,,SN,,,,,LOCALIDAD,SANTA MARIA ZACATEPEC,,,,72640,21,PUEBLA,090,Juan C. Bonilla,0005,Santa María Zacatepec,0067,031,2222210236,,,Fijo,19.10396023,-98.34198449,2019-11,True,True,False,False,False,True,False,False,False,False,False,True,REVISAR,REVISAR,REVISAR,FILTRO_DENUE,REGLAS_DENUE,
9263439,21114812210018951000000000U1,LAVANDERIA LA ECOLOGICA,,812210,Lavanderías y tintorerías,0 a 5 personas,PRIVADA,ARTICULO 39,CALLE,30 SUR,CALLE,32 SUR,CALLE,32 SUR,3012,,,,,,COLONIA,ALSESECA,,,,72543,21,PUEBLA,114,Puebla,0001,Heroica Puebla de Zaragoza,0785,052,2213245576,,,Fijo,19.02008121,-98.18812023,2020-11,True,True,False,False,False,True,False,False,False,False,False,True,REVISAR,REVISAR,REVISAR,FILTRO_DENUE,REGLAS_DENUE,
7956747,21106812210000011000000000U0,LAVANDERIA LA ESPUMA,,812210,Lavanderías y tintorerías,0 a 5 personas,CALLE,HIDALGO,PRIVADA,NINGUNO,CALLE,16 DE SEPTIEMBRE,CALLE,ATLIXCO,,SN,,,,,LOCALIDAD,SANTA MARIA MALACATEPEC,,,,72850,21,PUEBLA,106,Ocoyucan,0006,Santa María Malacatepec,0088,027,,,,Fijo,18.9393724,-98.3057077,2019-11,True,True,False,False,False,True,False,False,False,False,False,True,REVISAR,REVISAR,REVISAR,FILTRO_DENUE,REGLAS_DENUE,
7827617,21114812210013761000000000U9,LAVANDERIA LA ESPUMA,,812210,Lavanderías y tintorerías,0 a 5 personas,PROLONGACION,PROLONGACION DE LA 5 NORTE,PRIVADA,NINGUNO,PRIVADA,PRINCIPAL,PRIVADA,NINGUNO,10405,,,1,5,,COLONIA,JORGE MURAD,CENTRO Y PLAZA COMERCIAL,PLAZA FRONTERA,2,72016,21,PUEBLA,114,Puebla,0001,Heroica Puebla de Zaragoza,5803,004,,,,Fijo,19.08520331,-98.17919451,2019-11,True,True,False,False,False,True,False,False,False,False,False,True,REVISAR,REVISAR,REVISAR,FILTRO_DENUE,REGLAS_DENUE,
3334754,21140812210000931000000000U8,LAVANDERIA LA ESPUMA,,812210,Lavanderías y tintorerías,0 a 5 personas,CALLE,2 SUR,AVENIDA,3 ORIENTE,AVENIDA,5 ORIENTE,AVENIDA,MIGUEL ALEMAN VALDES,304,,,,,,COLONIA,CENTRO,,,,72760,21,PUEBLA,140,San Pedro Cholula,0001,Cholula de Rivadavia,0056,027,2226860932,,,Fijo,19.06009018,-98.30605104,2014-12,True,True,False,False,False,True,False,False,False,False,False,True,REVISAR,REVISAR,REVISAR,FILTRO_DENUE,REGLAS_DENUE,
9651461,21114812210020321000000000U3,LAVANDERIA LA ESPUMA,,812210,Lavanderías y tintorerías,0 a 5 personas,CALLE,5 SUR,PRIVADA,NINGUNO,AVENIDA,109 PONIENTE,PRIVADA,NINGUNO,10903,,,,,,CONJUNTO HABITACIONAL,LOMA BELLA,,,,72490,21,PUEBLA,114,Puebla,0001,Heroica Puebla de Zaragoza,4059,022,,,,Fijo,18.99101396,-98.23449694,2024-11,True,True,False,False,False,True,False,False,False,False,False,True,REVISAR,REVISAR,REVISAR,FILTRO_DENUE,REGLAS_DENUE,
3453814,21114812210006991000000000U1,LAVANDERIA LA ESPUMA,,812210,Lavanderías y tintorerías,0 a 5 personas,AVENIDA,40 SUR,ANDADOR,ANDADOR DEL FRUTO,AVENIDA,61 ORIENTE,CALLE,NINGUNO,,SN,,,,,COLONIA,INFONAVIT LA MARGARITA,,,,72560,21,PUEBLA,114,Puebla,0001,Heroica Puebla de Zaragoza,2103,032,2228339623,,,Fijo,19.00441169,-98.18726324,2010-07,True,True,False,False,False,True,False,False,False,False,False,True,REVISAR,REVISAR,REVISAR,FILTRO_DENUE,REGLAS_DENUE,
3252981,21114812210004241000000000U3,LAVANDERIA LA ESPUMA,,812210,Lavanderías y tintorerías,0 a 5 personas,PROLONGACION,PROLONGACION DE LA 9 NORTE,AVENIDA,102 PONIENTE,CALLE,NINGUNO,ANDADOR,NINGUNO,10000,B,,,,,COLONIA,VILLA FRONTERA,,,,72200,21,PUEBLA,114,Puebla,0001,Heroica Puebla de Zaragoza,5803,037,2224915551,,,Fijo,19.08501413,-98.1828128,2010-07,True,True,False,False,False,True,False,False,False,False,False,True,REVISAR,REVISAR,REVISAR,FILTRO_DENUE,REGLAS_DENUE,
11594537,21119812210002161000000000U4,LAVANDERIA LA ESPUMITA,,812210,Lavanderías y tintorerías,0 a 5 personas,BOULEVARD,VICENTE LOMBARDO TOLEDANO,CALLE,GENERAL JUAN CRISOSTOMO BONILLA,CALLE,GENERAL JUAN MUJICA Y OSORIO,CALLE,DOCTOR RAFAEL MORENO VALLE,,SN,,,,,COLONIA,GOBERNADORES,,,,72810,21,PUEBLA,119,San Andrés Cholula,0013,San Bernardino Tlaxcalancingo,0419,019,2211915686,,,Fijo,19.02552217,-98.26303542,2024-11,True,True,False,False,False,True,False,False,False,False,False,True,REVISAR,REVISAR,REVISAR,FILTRO_DENUE,REGLAS_DENUE,
8077687,21132812210001021000000000U4,LAVANDERIA LA ESPUMITA,,812210,Lavanderías y tintorerías,0 a 5 personas,CALLE,5 DE MAYO,AVENIDA,GENERAL FRANCISCO VILLA,CALLE,EMILIANO ZAPATA NORTE,PRIVADA,NINGUNO,20,,,,,,LOCALIDAD,SAN LUCAS ATOYATENCO,,,,74120,21,PUEBLA,132,San Martín Texmelucan,0001,San Martín Texmelucan de Labastida,0393,040,,,,Fijo,19.28123389,-98.41985441,2019-11,True,True,False,False,False,True,False,False,False,False,False,True,REVISAR,REVISAR,REVISAR,FILTRO_DENUE,REGLAS_DENUE,
11184554,21053812210000201000000000U1,LAVANDERIA LA ESPUMITA,,812210,Lavanderías y tintorerías,0 a 5 personas,CALLE,CALLE DE JESUS MERINO,CALLE,CUARTA CALLE DE OSORNO,CALLE,PRIMERA CALLE DE EMILIANO ZAPATA,CALLE,FRANCISCO I MADERO,,SN,,,,,BARRIO,TOLTEMPAN,,,,73300,21,PUEBLA,053,Chignahuapan,0001,Ciudad de Chignahuapan,028A,004,,,,Fijo,19.8357644,-98.03533689,2024-11,True,True,False,False,False,True,False,False,False,False,False,True,REVISAR,REVISAR,REVISAR,FILTRO_DENUE,REGLAS_DENUE,
10695586,21140812210001661000000000U0,LAVANDERIA LA ESPUMOSA,,812210,Lavanderías y tintorerías,0 a 5 personas,CALLE,EMILIANO ZAPATA,CALLE,MATAMOROS,CALLE,ALLENDE,CALLE,PUEBLA,2,,,,,,COLONIA,UNIDAD VILLA MANANTIALES,,,,72750,21,PUEBLA,140,San Pedro Cholula,0014,Santiago Momoxpan,0291,008,,,,Fijo,19.07437485,-98.26698058,2024-11,True,True,False,False,False,True,False,False,False,False,False,True,REVISAR,REVISAR,REVISAR,FILTRO_DENUE,REGLAS_DENUE,
3260321,21132812210000061000000000U1,LAVANDERIA LA ESTRELLA,,812210,Lavanderías y tintorerías,0 a 5 personas,CALLE,DOMINGO ARENAS,CALLE,PRIMERA CALLE EMILIANO ZAPATA,CALLE,MARTIRES,CALLE,MANUEL P. MONTES,9,,,,,,LOCALIDAD,SANTA CATARINA HUEYATZACOALCO,,,,74125,21,PUEBLA,132,San Martín Texmelucan,0001,San Martín Texmelucan de Labastida,0406,027,,,,Fijo,19.2800218,-98.4522458,2010-07,True,True,False,False,False,True,False,False,False,False,False,True,REVISAR,REVISAR,REVISAR,FILTRO_DENUE,REGLAS_DENUE,
3339713,21114812210010891000000000U7,LAVANDERIA LA ESTRELLA,,812210,Lavanderías y tintorerías,0 a 5 personas,CALLE,PRIMERA DE CUAUHTEMOC,PRIVADA,SEGUNDA VILLAS DE LA COVADONGA,CALLE,PRIMERA VILLAS DE COVADONGA,CALLE,AQUILES SERDAN,,SN,,,,L-5,COLONIA,AGRICOLA IGNACIO ZARAGOZA,,,,72100,21,PUEBLA,114,Puebla,0001,Heroica Puebla de Zaragoza,3116,030,2225355211,,,Fijo,19.12838457,-98.2255964,2014-12,True,True,False,False,False,True,False,False,False,False,False,True,REVISAR,REVISAR,REVISAR,FILTRO_DENUE,REGLAS_DENUE,
10152379,21074812210000871000000000U7,LAVANDERIA LA ESTRELLA,,812210,Lavanderías y tintorerías,0 a 5 personas,CALLE,EMILIANO ZAPATA,PRIVADA,NINGUNO,PRIVADA,SEGUNDA DE CARDENAS,CALLE,EMILIANO ZAPATA,,SN,,,,,BARRIO,CUARTO BARRIO,,,,74160,21,PUEBLA,074,Huejotzingo,0001,Huejotzingo,0044,043,2228312123,,,Fijo,19.15997503,-98.40013346,2024-11,True,True,False,False,False,True,False,False,False,False,False,True,REVISAR,REVISAR,REVISAR,FILTRO_DENUE,REGLAS_DENUE,
10222684,21114812210020521000000000U8,LAVANDERIA LA ESTRELLA DOS,,812210,Lavanderías y tintorerías,0 a 5 personas,AVENIDA,SAN FELIPE,AVENIDA,15 DE MAYO,CALLE,16 PONIENTE,CALLE,37 B NORTE,104,,,,,,COLONIA,VILLA POSADAS,,,,72060,21,PUEBLA,114,Puebla,0001,Heroica Puebla de Zaragoza,4203,028,2228078001,,,Fijo,19.0690333,-98.21976609,2024-11,True,True,False,False,False,True,False,False,False,False,False,True,REVISAR,REVISAR,REVISAR,FILTRO_DENUE,REGLAS_DENUE,
11066896,21114812210019531000000000U0,LAVANDERIA LA FORTUNA,MIRIAM JUAREZ,812210,Lavanderías y tintorerías,0 a 5 personas,CALLE,FRANCIO,CALLE,ORO,CALLE,OPALO,CALLE,ZINC,108,,,,,,COLONIA,MINERALES DE GUADALUPE SUR,,,,72549,21,PUEBLA,114,Puebla,0001,Heroica Puebla de Zaragoza,499A,028,,,,Fijo,18.95826454,-98.23991735,2024-11,True,True,False,False,False,True,False,False,False,False,False,True,REVISAR,REVISAR,REVISAR,FILTRO_DENUE,REGLAS_DENUE,
7446015,21119812210001711000000000U7,LAVANDERIA LA FUENTE,,812210,Lavanderías y tintorerías,0 a 5 personas,CALLE,LA MESA,PROLONGACION,14 ORIENTE,PRIVADA,VILLA SAN FRANCISCO,CALLE,10 ORIENTE,1201,,,,,,BARRIO,SAN JUAN AQUIAHUAC,,,,72810,21,PUEBLA,119,San Andrés Cholula,0001,San Andrés Cholula,0090,029,2212724533,,,Fijo,19.05029179,-98.284317,2019-11,True,True,False,False,False,True,False,False,False,False,False,True,REVISAR,REVISAR,REVISAR,FILTRO_DENUE,REGLAS_DENUE,
11263779,21114812210019231000000000U7,LAVANDERIA LA GLAMUROSA,,812210,Lavanderías y tintorerías,0 a 5 personas,AVENIDA,REPUBLICA MEXICANA,CALLE,REPUBLICA DE URSS,CALLE,REPUBLICA DE INGLATERRA,CALLE,PRIVADA EDUARDO VENTOSA SILVA,,SN,,,,,COLONIA,IGNACIO ROMERO VARGAS,,,,72724,21,PUEBLA,114,Puebla,0001,Heroica Puebla de Zaragoza,5822,007,2215774370,,,Fijo,19.07760811,-98.25588175,2024-11,True,True,False,False,False,True,False,False,False,False,False,True,REVISAR,REVISAR,REVISAR,FILTRO_DENUE,REGLAS_DENUE,
8234493,21114812210016591000000000U7,LAVANDERIA LA GOTA LOCA,,812210,Lavanderías y tintorerías,0 a 5 personas,CALLE,LAZARO CARDENAS,BOULEVARD,22 SUR,CALLE,MORELOS,CALLE,LAZARO CARDENAS,1844,,,,,,FRACCIONAMIENTO,JARDINES DE SAN MANUEL,,,,72570,21,PUEBLA,114,Puebla,0001,Heroica Puebla de Zaragoza,0817,045,2223508304,,,Fijo,19.01090744,-98.19688044,2019-11,True,True,False,False,False,True,False,False,False,False,False,True,REVISAR,REVISAR,REVISAR,FILTRO_DENUE,REGLAS_DENUE,
3352557,21114812210012551000000000U5,LAVANDERIA LA GOTITA,,812210,Lavanderías y tintorerías,0 a 5 personas,CALLE,36 NORTE,PRIVADA,34 NORTE,AVENIDA,18 ORIENTE,CALLE,34 NORTE,1807,C,,,,,COLONIA,CRISTOBAL COLON,,,,72330,21,PUEBLA,114,Puebla,0001,Heroica Puebla de Zaragoza,0520,022,,,,Fijo,19.04625193,-98.17056943,2014-12,True,True,False,False,False,True,False,False,False,False,False,True,REVISAR,REVISAR,REVISAR,FILTRO_DENUE,REGLAS_DENUE,
10005695,21180812210000091000000000U7,LAVANDERIA LA GUERA,,812210,Lavanderías y tintorerías,0 a 5 personas,BOULEVARD,MEXICO PUEBLA,BOULEVARD,MEXICO-PUEBLA,CALLE,22 DE MAYO,CALLE,PRIMERO DE MAYO,,SN,,,,,COLONIA,CUAPANTITLA,,,,74100,21,PUEBLA,180,Tlahuapan,0001,Santa Rita Tlahuapan,0085,021,5516451861,,,Fijo,19.33719034,-98.58526534,2024-11,True,True,False,False,False,True,False,False,False,False,False,True,REVISAR,REVISAR,REVISAR,FILTRO_DENUE,REGLAS_DENUE,
3250768,21114812210011881000000000U7,LAVANDERIA LA GUERA,,812210,Lavanderías y tintorerías,0 a 5 personas,AVENIDA,AVENIDA DEL CONDE PONIENTE,CALLE,MEXICO,CALLE,CALLE DEL MARQUEZ SUR,CALLE,MEXICO,,SN,,,,,COLONIA,SAN JOSE LOS CERRITOS,,,,72014,21,PUEBLA,114,Puebla,0001,Heroica Puebla de Zaragoza,5451,011,2212797309,,,Fijo,19.10312068,-98.18900475,2010-07,True,True,False,False,False,True,False,False,False,False,False,True,REVISAR,REVISAR,REVISAR,FILTRO_DENUE,REGLAS_DENUE,
11696817,21041812210001131000000000U4,LAVANDERIA LA GUERA,,812210,Lavanderías y tintorerías,0 a 5 personas,AVENIDA,VICENTE GUERRERO,CALLE,MORELOS,CALLE,CORREGIDORA,CALLE,PLAZA CONSTITUCION,21,,,,,,PUEBLO,LA TRINIDAD SANCTORUM,,,,72730,21,PUEBLA,041,Cuautlancingo,0008,Sanctorum,0202,009,2225115902,,,Fijo,19.09897761,-98.25587327,2024-11,True,True,False,False,False,True,False,False,False,False,False,True,REVISAR,REVISAR,REVISAR,FILTRO_DENUE,REGLAS_DENUE,
11640978,21114812210020151000000000U4,LAVANDERIA LA GUERA,,812210,Lavanderías y tintorerías,0 a 5 personas,AVENIDA,AZTECA NORTE,CIRCUITO,MANICOBA,AVENIDA,YARUMELA,CALLE,HOLMUL,16,,,,,,COLONIA,BELLO HORIZONTE,,,,72170,21,PUEBLA,114,Puebla,0001,Heroica Puebla de Zaragoza,5983,018,,,,Fijo,19.04980697,-98.26662346,2024-11,True,True,False,False,False,True,False,False,False,False,False,True,REVISAR,REVISAR,REVISAR,FILTRO_DENUE,REGLAS_DENUE,
11140676,21041812210001421000000000U9,LAVANDERIA LA GUERA,,812210,Lavanderías y tintorerías,0 a 5 personas,CALLE,GALEANA,PRIVADA,B GALEANA,CALLE,GALEANA,PRIVADA,GUADALUPE VICTORIA,16,,,,,,LOCALIDAD,SAN LORENZO ALMECATLA,,,,72710,21,PUEBLA,041,Cuautlancingo,0012,San Lorenzo Almecatla,019A,032,2213637822,,,Fijo,19.13860768,-98.23768504,2024-11,True,True,False,False,False,True,False,False,False,False,False,True,REVISAR,REVISAR,REVISAR,FILTRO_DENUE,REGLAS_DENUE,
3254935,21114812210008071000000000U0,LAVANDERIA LA GUERA,,812210,Lavanderías y tintorerías,0 a 5 personas,CALLE,19 NORTE,CALLE,72 PONIENTE,AVENIDA,70 PONIENTE,CALLE,17 NORTE,7008,,,,,,COLONIA,LA LOMA NORTE,,,,72230,21,PUEBLA,114,Puebla,0001,Heroica Puebla de Zaragoza,3417,005,2223127263,,,Fijo,19.07643779,-98.193623,2010-07,True,True,False,False,False,True,False,False,False,False,False,True,REVISAR,REVISAR,REVISAR,FILTRO_DENUE,REGLAS_DENUE,
3330003,21041812210000191000000000U9,LAVANDERIA LA HERRADURA,,812210,Lavanderías y tintorerías,0 a 5 personas,AVENIDA,PROLONGACION SAN JOAQUIN,AVENIDA,PROLONGACION SAN JOAQUIN,CIRCUITO,SAN JOAQUIN,PRIVADA,URANGA,,SN,,,,,LOCALIDAD,DEL CALVARIO,,,,72600,21,PUEBLA,041,Cuautlancingo,0001,San Juan Cuautlancingo,0109,008,,,,Fijo,19.10466145,-98.27316869,2014-12,True,True,False,False,False,True,False,False,False,False,False,True,REVISAR,REVISAR,REVISAR,FILTRO_DENUE,REGLAS_DENUE,
3351306,21114812210012811000000000U3,LAVANDERIA LA HUERTA ARROYO,,812210,Lavanderías y tintorerías,0 a 5 personas,AVENIDA,EJERCITOS DE ORIENTE,CALLE,MONTE OLIMPO,CALLE,MONTE CAUCASO,CALLE,MONTE CARPATOS,87,,,,,,COLONIA,PLAZAS DE GUADALUPE,,,,72260,21,PUEBLA,114,Puebla,0001,Heroica Puebla de Zaragoza,3559,040,2229135542,,,Fijo,19.06027065,-98.1728982,2014-12,True,True,False,False,False,True,False,False,False,False,False,True,REVISAR,REVISAR,REVISAR,FILTRO_DENUE,REGLAS_DENUE,
8743963,21114812210017701000000000U1,LAVANDERIA LA JOYA,,812210,Lavanderías y tintorerías,0 a 5 personas,AVENIDA,MARGARITAS,CALLE,LIRIOS,CALLE,16 DE SEPTIEMBRE,CALLE,ROSAS,3,,,,,,COLONIA,BUGAMBILIAS,,,,72580,21,PUEBLA,114,Puebla,0001,Heroica Puebla de Zaragoza,086A,012,,,,Fijo,19.01261741,-98.21616782,2019-11,True,True,False,False,False,True,False,False,False,False,False,True,REVISAR,REVISAR,REVISAR,FILTRO_DENUE,REGLAS_DENUE,
7547627,21114812210015781000000000U5,LAVANDERIA LA LIMPIA,CLAUDIA ORTEGA,812210,Lavanderías y tintorerías,0 a 5 personas,CALLE,15 NORTE,AVENIDA,114 PONIENTE,AVENIDA,112 PONIENTE,PRIVADA,I DE LA 13 NORTE,11212,,,,,,CONJUNTO HABITACIONAL,REAL DE GUADALUPE,,,,72016,21,PUEBLA,114,Puebla,0001,Heroica Puebla de Zaragoza,5362,029,,,,Fijo,19.09301091,-98.1811552,2019-11,True,True,False,False,False,True,False,False,False,False,False,True,REVISAR,REVISAR,REVISAR,FILTRO_DENUE,REGLAS_DENUE,
10597934,21140812210001601000000000U6,LAVANDERIA LA LIMPIA,,812210,Lavanderías y tintorerías,0 a 5 personas,AVENIDA,MIGUEL ALEMAN VALDES,AVENIDA,7 ORIENTE,CALLE,9 ORIENTE,DIAGONAL,DIAGONAL DE LA 2 SUR,703,,,,,,BARRIO,SAN PABLO TECAMAC,,,,72762,21,PUEBLA,140,San Pedro Cholula,0001,Cholula de Rivadavia,0056,056,,,,Fijo,19.05887261,-98.30847644,2024-11,True,True,False,False,False,True,False,False,False,False,False,True,REVISAR,REVISAR,REVISAR,FILTRO_DENUE,REGLAS_DENUE,
8743027,21114812210017511000000000U4,LAVANDERIA LA MAKARENA,,812210,Lavanderías y tintorerías,0 a 5 personas,PRIVADA,A MALINTZI,AVENIDA,MALINTZI,PRIVADA,B MALINTZI,BOULEVARD,LAS CARMELITAS,14,,,,,,COLONIA,TRES CERRITOS,,,,72480,21,PUEBLA,114,Puebla,0001,Heroica Puebla de Zaragoza,6303,043,,,,Fijo,18.99932532,-98.25051595,2019-11,True,True,False,False,False,True,False,False,False,False,False,True,REVISAR,REVISAR,REVISAR,FILTRO_DENUE,REGLAS_DENUE,
3367489,21114812210010821000000000U4,LAVANDERIA LA PALMA,,812210,Lavanderías y tintorerías,0 a 5 personas,AVENIDA,LAS MARGARITAS,CALLE,INDEPENDENCIA,CALLE,VICENTE GUERRERO,CALLE,ABASOLO,519,A,,,,,COLONIA,EL PATRIMONIO,,,,72450,21,PUEBLA,114,Puebla,0001,Heroica Puebla de Zaragoza,086A,025,2225990230,,,Fijo,19.01480487,-98.22153373,2014-12,True,True,False,False,False,True,False,False,False,False,False,True,REVISAR,REVISAR,REVISAR,FILTRO_DENUE,REGLAS_DENUE,
9751337,21114812210021691000000000U8,LAVANDERIA LA PALMERA,,812210,Lavanderías y tintorerías,0 a 5 personas,CALLE,CAMINO A TLALTEPANGO,AVENIDA,LA CONSAGRACION DE LA CASA,PRIVADA,NINGUNO,OTRO(ESPECIFIQUE),BARRANCO,,SN,,,,,COLONIA,NINGUNO,,,,72016,21,PUEBLA,114,Puebla,0001,Heroica Puebla de Zaragoza,6144,026,,,,Fijo,19.09290452,-98.17476595,2024-11,True,True,False,False,False,True,False,False,False,False,False,True,REVISAR,REVISAR,REVISAR,FILTRO_DENUE,REGLAS_DENUE,
10685496,21180812210000061000000000U0,LAVANDERIA LA PALOMA,,812210,Lavanderías y tintorerías,0 a 5 personas,AVENIDA,REFORMA,CALLE,REFORMA,CALLE,ZARAGOZA NORTE,CALLE,MERIDA,25,,,,,,LOCALIDAD,GUADALUPE ZARAGOZA,,,,74104,21,PUEBLA,180,Tlahuapan,0005,Guadalupe Zaragoza,023A,032,2482801643,,,Fijo,19.35737366,-98.53272043,2024-11,True,True,False,False,False,True,False,False,False,False,False,True,REVISAR,REVISAR,REVISAR,FILTRO_DENUE,REGLAS_DENUE,
3366327,21119812210001241000000000U5,LAVANDERIA LA PALOMA,,812210,Lavanderías y tintorerías,0 a 5 personas,CALLE,CANOPUS,CALLE,NINGUNO,CALLE,ANDROMEDA,CALLE,ALDEBARAN,6,,,,,,FRACCIONAMIENTO,VILLAS DE ATLIXCO SEGUNDA SECCION,,,,72197,21,PUEBLA,119,San Andrés Cholula,0013,San Bernardino Tlaxcalancingo,0620,019,,,,Fijo,19.02703564,-98.24677489,2014-12,True,True,False,False,False,True,False,False,False,False,False,True,REVISAR,REVISAR,REVISAR,FILTRO_DENUE,REGLAS_DENUE,
11193287,21015812210000391000000000U9,LAVANDERIA LA PATRONA,LAVANDERIA LA PATRONA,812210,Lavanderías y tintorerías,0 a 5 personas,CARRETERA,FEDERAL PUEBLA TEHUACAN,CALLE,PERLA,CALLE,SAN LORENZO,CALLE,OPALO,725,,,,,,COLONIA,SAN LORENZO,,,,72990,21,PUEBLA,015,Amozoc,0001,Amozoc de Mota,0166,002,2217357555,,,Fijo,19.04588236,-98.10342361,2024-11,True,True,False,False,False,True,False,False,False,False,False,True,REVISAR,REVISAR,REVISAR,FILTRO_DENUE,REGLAS_DENUE,
11150594,21114812210021571000000000U2,LAVANDERIA LA PERLA,,812210,Lavanderías y tintorerías,0 a 5 personas,CALLE,REVOLUCION,CALLE,CABO BAJO,PRIVADA,CABO BAJO,BOULEVARD,SAN APARICIO SUR,,SN,,,,,COLONIA,NUEVA SAN SALVADOR,,,,72017,21,PUEBLA,114,Puebla,0001,Heroica Puebla de Zaragoza,588A,009,2214037308,,,Fijo,19.08872385,-98.16809357,2024-11,True,True,False,False,False,True,False,False,False,False,False,True,REVISAR,REVISAR,REVISAR,FILTRO_DENUE,REGLAS_DENUE,
9493700,21119812210002301000000000U6,LAVANDERIA LA PERLA,,812210,Lavanderías y tintorerías,0 a 5 personas,PRIVADA,NINGUNO,PRIVADA,NINGUNO,PRIVADA,NINGUNO,CALLE,6 ORIENTE,,SN,,,,,BARRIO,SANTIAGO XICOTENCO,,,,72810,21,PUEBLA,119,San Andrés Cholula,0001,San Andrés Cholula,0090,010,,,,Fijo,19.04947286,-98.29080385,2024-11,True,True,False,False,False,True,False,False,False,False,False,True,REVISAR,REVISAR,REVISAR,FILTRO_DENUE,REGLAS_DENUE,
7568265,21119812210001501000000000U2,LAVANDERIA LA PLANCHA BLANCA,,812210,Lavanderías y tintorerías,0 a 5 personas,AVENIDA,VISTAS DEL ANGEL,CALLE,VISTAS DE CHOLULA,CALLE,VISTAS DE ATLIXCO,CALLE,VISTAS VERDE,36,A,,,,,FRACCIONAMIENTO,CONJUNTO HABITACIONAL ARA VISTAS DEL ANGEL,,,,72815,21,PUEBLA,119,San Andrés Cholula,0013,San Bernardino Tlaxcalancingo,0368,012,,,,Fijo,19.03606284,-98.26429926,2019-11,True,True,False,False,False,True,False,False,False,False,False,True,REVISAR,REVISAR,REVISAR,FILTRO_DENUE,REGLAS_DENUE,
10821035,21114812210022261000000000U9,LAVANDERIA LA PLANCHADURIA,,812210,Lavanderías y tintorerías,0 a 5 personas,BOULEVARD,MUNICIPIO LIBRE,CALLE,PEDRO MORENO,AVENIDA,NACIONAL,CALLE,HUAUCHINANGO,784,,,,,,COLONIA,VICENTE GUERRERO,,,,72470,21,PUEBLA,114,Puebla,0001,Heroica Puebla de Zaragoza,3915,017,2224365238,,,Fijo,19.00361361,-98.23428372,2024-11,True,True,False,False,False,True,False,False,False,False,False,True,REVISAR,REVISAR,REVISAR,FILTRO_DENUE,REGLAS_DENUE,
10494935,21041812210001121000000000U5,LAVANDERIA LA POBLANA,,812210,Lavanderías y tintorerías,0 a 5 personas,AVENIDA,MEXICO,PRIVADA,VICTORIA,CALLE,GUADALUPE VICTORIA,AVENIDA,MEXICO,,SN,,,14,,COLONIA,SANCTORUM,,,,72730,21,PUEBLA,041,Cuautlancingo,0008,Sanctorum,0217,027,2226630072,,,Fijo,19.10131795,-98.24338468,2024-11,True,True,False,False,False,True,False,False,False,False,False,True,REVISAR,REVISAR,REVISAR,FILTRO_DENUE,REGLAS_DENUE,
3355833,21114812210010611000000000U9,LAVANDERIA LA POMPA,,812210,Lavanderías y tintorerías,0 a 5 personas,RETORNO,5 E,CALLE,NINGUNO,CALLE,3 E,RETORNO,5 E,,SN,,,,,COLONIA,BOSQUES DE SAN SEBASTIAN,,,,72310,21,PUEBLA,114,Puebla,0001,Heroica Puebla de Zaragoza,4472,022,,,,Fijo,19.06420808,-98.12788436,2014-12,True,True,False,False,False,True,False,False,False,False,False,True,REVISAR,REVISAR,REVISAR,FILTRO_DENUE,REGLAS_DENUE,
3462034,21114812210004721000000000U4,LAVANDERIA LA PRIVADA,,812210,Lavanderías y tintorerías,0 a 5 personas,CALLE,19 SUR,CALLE,AVENIDA 35 PONIENTE,CALLE,AVENIDA 41 PONIENTE,CALLE,21 SUR,3519,,,,,,COLONIA,LA NORIA,,,,74210,21,PUEBLA,114,Puebla,0001,Heroica Puebla de Zaragoza,2457,033,2222402064,,,Fijo,19.03812912,-98.2193887,2010-07,True,True,False,False,False,True,False,False,False,False,False,True,REVISAR,REVISAR,REVISAR,FILTRO_DENUE,REGLAS_DENUE,
7583122,21132812210000741000000000U8,LAVANDERIA LA RANITA,,812210,Lavanderías y tintorerías,0 a 5 personas,CALLE,EMILIO CARRANZA,CALLE,COFRE DE PEROTE,AVENIDA,ALBINO LABASTIDA,CALLE,CORONEL BARTOLO RODRIGUEZ,12,,,,,,COLONIA,OJO DE AGUA,,,,74042,21,PUEBLA,132,San Martín Texmelucan,0001,San Martín Texmelucan de Labastida,0209,041,,,,Fijo,19.287181,-98.44918183,2019-11,True,True,False,False,False,True,False,False,False,False,False,True,REVISAR,REVISAR,REVISAR,FILTRO_DENUE,REGLAS_DENUE,
9848042,21143812210000121000000000U0,LAVANDERIA LA RANITA LUCAS,JULIO,812210,Lavanderías y tintorerías,0 a 5 personas,AVENIDA,IGNACIO ZARAGOZA,CARRETERA,FEDERAL MEXICO A PUEBLA,PRIVADA,IGNACIO ZARAGOZA,CARRETERA,FEDERAL MEXICO A PUEBLA,40,,,,,,LOCALIDAD,SAN LUCAS EL GRANDE,,,,74135,21,PUEBLA,143,San Salvador el Verde,0011,San Lucas el Grande,0113,009,,,,Fijo,19.30829444,-98.47705858,2024-11,True,True,False,False,False,True,False,False,False,False,False,True,REVISAR,REVISAR,REVISAR,FILTRO_DENUE,REGLAS_DENUE,
11250722,21163812210000041000000000U8,LAVANDERIA LA RESILENCIA,,812210,Lavanderías y tintorerías,0 a 5 personas,CERRADA,9NORTE,CERRADA,9NORTE,CALLE,9 NORTE,CALLE,NINGUNO,807,,,,,,COLONIA,TEPATLAXCO,,,,75100,21,PUEBLA,163,Tepatlaxco de Hidalgo,0001,Tepatlaxco de Hidalgo,0065,001,2215327309,,,Fijo,19.08294638,-97.98232738,2024-11,True,True,False,False,False,True,False,False,False,False,False,True,REVISAR,REVISAR,REVISAR,FILTRO_DENUE,REGLAS_DENUE,
11228865,21114812210022631000000000U3,LAVANDERIA LA SEÑORA,,812210,Lavanderías y tintorerías,0 a 5 personas,AVENIDA,SAN MIGUEL ALLENDE,CALLE,CRISANTEMOS,CALLE,NINGUNO,CALLE,GERANIOS,,SN,,,,,COLONIA,SAN MIGUEL GUADALUPE,,,,72590,21,PUEBLA,114,Puebla,0001,Heroica Puebla de Zaragoza,6661,022,,,,Fijo,18.96296735,-98.22511592,2024-11,True,True,False,False,False,True,False,False,False,False,False,True,REVISAR,REVISAR,REVISAR,FILTRO_DENUE,REGLAS_DENUE,
9949312,21114812210020571000000000U3,LAVANDERIA LA VIA,,812210,Lavanderías y tintorerías,0 a 5 personas,AVENIDA,FERROCARRIL,CALLE,BENITO JUAREZ,CALLE,FRANCISCO I. MADERO,CALLE,5 DE MAYO,1,,,,,,COLONIA,SAN PABLO XOCHIMEHUACAN,,,,72014,21,PUEBLA,114,Puebla,0001,Heroica Puebla de Zaragoza,2584,011,2222071321,,,Fijo,19.08998023,-98.200928,2024-11,True,True,False,False,False,True,False,False,False,False,False,True,REVISAR,REVISAR,REVISAR,FILTRO_DENUE,REGLAS_DENUE,
9186781,21114812210018851000000000U3,LAVANDERIA LA VIA,,812210,Lavanderías y tintorerías,0 a 5 personas,CALLE,INDEPENDENCIA,CALLE,NINGUNO,PRIVADA,NINGUNO,CALLE,MARTIN TORRES,356,,,,,,COLONIA,LA AHOGADA,,,,72130,21,PUEBLA,114,Puebla,0001,Heroica Puebla de Zaragoza,3347,021,2216399040,,,Fijo,19.08187071,-98.23832047,2019-11,True,True,False,False,False,True,False,False,False,False,False,True,REVISAR,REVISAR,REVISAR,FILTRO_DENUE,REGLAS_DENUE,
3374373,21114812210011081000000000U4,LAVANDERIA LA VICTORIA,,812210,Lavanderías y tintorerías,0 a 5 personas,CALLE,CASUARINAS,CALLE,ROSALES,CALLE,MARGARITAS,CALLE,MARGARITAS,,SN,,,,,UNIDAD HABITACIONAL,LA VICTORIA,,,,72480,21,PUEBLA,114,Puebla,0001,Heroica Puebla de Zaragoza,5023,018,2227074677,,,Fijo,18.98676808,-98.25471516,2014-12,True,True,False,False,False,True,False,False,False,False,False,True,REVISAR,REVISAR,REVISAR,FILTRO_DENUE,REGLAS_DENUE,
3408341,21114812210010211000000000U8,LAVANDERIA LA VINCO,,812210,Lavanderías y tintorerías,0 a 5 personas,AVENIDA,23 PONIENTE,CALLE,7 SUR,CALLE,9 SUR,AVENIDA,25 PONIENTE,703,A,,,,,COLONIA,CHULAVISTA,,,,72410,21,PUEBLA,114,Puebla,0001,Heroica Puebla de Zaragoza,3741,014,,,,Fijo,19.03864533,-98.20857599,2010-07,True,True,False,False,False,True,False,False,False,False,False,True,REVISAR,REVISAR,REVISAR,FILTRO_DENUE,REGLAS_DENUE,
3355714,21114812210010431000000000U2,LAVANDERIA LA VINSA,,812210,Lavanderías y tintorerías,0 a 5 personas,CALLE,JUAN M ESCALANTE,AVENIDA,AVENIDA DE LAS TORRES,CALLE,NINGUNO,CALLE,PEDRO GERRERO,,SN,,,,,UNIDAD HABITACIONAL,MANUEL RIVERA ANAYA,,,,72309,21,PUEBLA,114,Puebla,0001,Heroica Puebla de Zaragoza,2368,035,,,,Fijo,19.0546978,-98.14726392,2014-12,True,True,False,False,False,True,False,False,False,False,False,True,REVISAR,REVISAR,REVISAR,FILTRO_DENUE,REGLAS_DENUE,
8776470,21114812210015081000000000U0,LAVANDERIA LAS 4 ESTRELLA,,812210,Lavanderías y tintorerías,0 a 5 personas,CALLE,7 NORTE,AVENIDA,62 PONIENTE,PRIVADA,56 PONIENTE,CALLE,DIAGONAL BENITO JUAREZ,,SN,,,,,COLONIA,CUAHUTEMOC,,,,72243,21,PUEBLA,114,Puebla,0001,Heroica Puebla de Zaragoza,3510,005,2223812858,,,Fijo,19.06801343,-98.19069058,2019-11,True,True,False,False,False,True,False,False,False,False,False,True,REVISAR,REVISAR,REVISAR,FILTRO_DENUE,REGLAS_DENUE,
7445431,21119812210001671000000000U3,LAVANDERIA LAS MARAVILLAS,,812210,Lavanderías y tintorerías,0 a 5 personas,AVENIDA,5 DE MAYO,CALLE,12 PONIENTE,CALLE,10 PONIENTE,CALLE,3 NORTE,1001,C,,,,,COLONIA,CENTRO,,,,72810,21,PUEBLA,119,San Andrés Cholula,0001,San Andrés Cholula,0194,048,,,,Fijo,19.05555529,-98.29726135,2019-11,True,True,False,False,False,True,False,False,False,False,False,True,REVISAR,REVISAR,REVISAR,FILTRO_DENUE,REGLAS_DENUE,
10028111,21041812210001221000000000U3,LAVANDERIA LAS PALMAS,,812210,Lavanderías y tintorerías,0 a 5 personas,PRIVADA,NINGUNO,PRIVADA,NINGUNO,CALLE,SAN ISIDRO,CALLE,NINGUNO,541,,,,,,BARRIO,DEL CALVARIO,,,,72702,21,PUEBLA,041,Cuautlancingo,0001,San Juan Cuautlancingo,0109,012,2229509380,,,Fijo,19.10627541,-98.26911518,2024-11,True,True,False,False,False,True,False,False,False,False,False,True,REVISAR,REVISAR,REVISAR,FILTRO_DENUE,REGLAS_DENUE,
9186538,21119812210001811000000000U5,LAVANDERIA LAUDRI LAND CLEAN,,812210,Lavanderías y tintorerías,0 a 5 personas,AVENIDA,FRANCISCO I MADERO,PRIVADA,PRIMERA PRIVADA FRANCISCO I. MADERO,CALLE,FRANCISCO VILLA,AVENIDA,GENERAL EMILIANO ZAPATA,19,B,,,,,COLONIA,EMILIANO ZAPATA,,,,72820,21,PUEBLA,119,San Andrés Cholula,0013,San Bernardino Tlaxcalancingo,0368,004,,,,Fijo,19.03677815,-98.26044901,2019-11,True,True,False,False,False,True,False,False,False,False,False,True,REVISAR,REVISAR,REVISAR,FILTRO_DENUE,REGLAS_DENUE,
3467024,21034812210000021000000000U3,LAVANDERIA LAUNDRI COIN,,812210,Lavanderías y tintorerías,0 a 5 personas,AVENIDA,NIÑOS HEROES,AVENIDA,EMILIANO ZAPATA,CALLE,CALLE A MIHUACAN,CALLE,CORREGIDORA,16,,,,,,LOCALIDAD,SAN MARTIN ZOQUIAPAN,,,,72685,21,PUEBLA,034,Coronango,0001,Santa María Coronango,0176,001,,,,Fijo,19.13651704,-98.31083016,2010-07,True,True,False,False,False,True,False,False,False,False,False,True,REVISAR,REVISAR,REVISAR,FILTRO_DENUE,REGLAS_DENUE,
3434832,21119812210000021000000000U2,LAVANDERIA LAUNDRI MAGIC,,812210,Lavanderías y tintorerías,0 a 5 personas,AVENIDA,AVENIDA DE LOS FRESNOS,CALLE,LOS NOGALES,CALLE,CEDRO,CALLE,CALLE DE LOS OLIVOS,1402,,,,,,COLONIA,LAZARO CARDENAS,,,,72810,21,PUEBLA,119,San Andrés Cholula,0001,San Andrés Cholula,0156,018,,,,Fijo,19.06428395,-98.29312285,2010-07,True,True,False,False,False,True,False,False,False,False,False,True,REVISAR,REVISAR,REVISAR,FILTRO_DENUE,REGLAS_DENUE,
3458743,21114812210002151000000000U6,LAVANDERIA LAUNDROMAT EXPRESS,,812210,Lavanderías y tintorerías,0 a 5 personas,CALLE,AVENIDA 19 PONIENTE,AVENIDA,ROSENDO MARQUEZ,CALLE,45 SUR,CALLE,PRIVADA DE LA 19 PONIENTE,4303,,,,,,COLONIA,BELISARIO DOMINGUEZ,,,,72180,21,PUEBLA,114,Puebla,0001,Heroica Puebla de Zaragoza,3652,031,2223468751,,,Fijo,19.05368033,-98.2345099,2010-07,True,True,False,False,False,True,False,False,False,False,False,True,REVISAR,REVISAR,REVISAR,FILTRO_DENUE,REGLAS_DENUE,
9504605,21041812210001311000000000U2,LAVANDERIA LAUNDRY,ALEJANDRA XOCHIMITL,812210,Lavanderías y tintorerías,0 a 5 personas,CALLE,SAN JUAN,PRIVADA,ADOLFO LOPEZ MATEOS,PRIVADA,NINGUNO,CALLE,SANTA ELENA,60,A,,,,,BARRIO,STA ELENA,,,,72200,21,PUEBLA,041,Cuautlancingo,0001,San Juan Cuautlancingo,0062,035,2211503550,,,Fijo,19.09104995,-98.27676852,2024-11,True,True,False,False,False,True,False,False,False,False,False,True,REVISAR,REVISAR,REVISAR,FILTRO_DENUE,REGLAS_DENUE,
8214389,21114812210017311000000000U9,LAVANDERIA LAUNDRY,,812210,Lavanderías y tintorerías,0 a 5 personas,BOULEVARD,11 SUR,CALLE,PASEO DE LOS NARANJOS,PRIVADA,PRIVADA DE LA ROSA,CERRADA,CERRADA DE LOS FAROLES,10000,,,,,,COLONIA,AMPLIACION LOMAS DE CASTILLOTLA,,,,72490,21,PUEBLA,114,Puebla,0001,Heroica Puebla de Zaragoza,5413,009,2212727213,,,Fijo,18.9803534,-98.25412294,2019-11,True,True,False,False,False,True,False,False,False,False,False,True,REVISAR,REVISAR,REVISAR,FILTRO_DENUE,REGLAS_DENUE,
7445647,21140812210001461000000000U5,LAVANDERIA LAUNDRY BOUTIQUE,,812210,Lavanderías y tintorerías,0 a 5 personas,AVENIDA,CHOLULA,AVENIDA,NINGUNO,CALLE,ATLACO,PRIVADA,NINGUNO,315,,,,,,COLONIA,SANTIAGO MOMOXPAN,,,,72776,21,PUEBLA,140,San Pedro Cholula,0001,Cholula de Rivadavia,0319,046,,,,Fijo,19.07014792,-98.26995928,2019-11,True,True,False,False,False,True,False,False,False,False,False,True,REVISAR,REVISAR,REVISAR,FILTRO_DENUE,REGLAS_DENUE,
11522640,21114812210019701000000000U9,LAVANDERIA LAUNDRY FLORIDA SERVICE,,812210,Lavanderías y tintorerías,0 a 5 personas,CARRETERA,FEDERAL MEXICO PUEBLA,CARRETERA,FEDERAL MEXICO PUEBLA,CALLE,HIDALGO,CALLE,CAMINO NACIONAL,49,,,1,,,COLONIA,IGNACIO ROMERO VARGAS,PASAJE Y ANDADOR COMERCIAL,DANISA,13,72120,21,PUEBLA,114,Puebla,0001,Heroica Puebla de Zaragoza,346A,024,2227062641,,,Fijo,19.07058576,-98.24551868,2024-11,True,True,False,False,False,True,False,False,False,False,False,True,REVISAR,REVISAR,REVISAR,FILTRO_DENUE,REGLAS_DENUE,
9889342,21114812210019271000000000U3,LAVANDERIA LAUNDRY QUEENBEE,,812210,Lavanderías y tintorerías,0 a 5 personas,AVENIDA,3 SUR,PRIVADA,NINGUNO,CERRADA,CERRADA DE LA 113 PONIENTE,PRIVADA,12 DE OCTUBRE,11504,2,,,,,COLONIA,GRANJAS PUEBLA,,,,72490,21,PUEBLA,114,Puebla,0001,Heroica Puebla de Zaragoza,4190,007,2227259674,LAUNDRYQUEENBEEC@GMAIL.COM,,Fijo,18.98472314,-98.23544977,2024-11,True,True,False,False,False,True,False,False,False,False,False,True,REVISAR,REVISAR,REVISAR,FILTRO_DENUE,REGLAS_DENUE,
10053921,21119812210001871000000000U9,LAVANDERIA LAURITA,,812210,Lavanderías y tintorerías,0 a 5 personas,AVENIDA,VENUSTIANO CARRANZA,CALLE,GUSTAVO DIAZ ORDAZ,CALLE,LEONA VICARIO,AVENIDA,AQUILES SERDAN,,SN,,,,,COLONIA,CONCEPCION LA CRUZ,,,,72197,21,PUEBLA,119,San Andrés Cholula,0013,San Bernardino Tlaxcalancingo,0635,034,2221702562,,,Fijo,19.02607054,-98.24926961,2024-11,True,True,False,False,False,True,False,False,False,False,False,True,REVISAR,REVISAR,REVISAR,FILTRO_DENUE,REGLAS_DENUE,
10595405,21114812210021971000000000U4,LAVANDERIA LAVA &GO,,812210,Lavanderías y tintorerías,0 a 5 personas,CALLE,FRANCISCO I MADERO,CALLE,CALLE DE LA PAZ,CALLE,CALLE DE LAS FLORES,CALLE,UNION,12,,,1,,,COLONIA,SAN PABLO XOCHIMEHUACAN,CENTRO Y PLAZA COMERCIAL,PLAZA SAN PABLO,3,72014,21,PUEBLA,114,Puebla,0001,Heroica Puebla de Zaragoza,2584,002,2222001778,,,Fijo,19.09068251,-98.2001652,2024-11,True,True,False,False,False,True,False,False,False,False,False,True,REVISAR,REVISAR,REVISAR,FILTRO_DENUE,REGLAS_DENUE,
9903623,21119812210002121000000000U8,LAVANDERIA LAVA EXPRESS,,812210,Lavanderías y tintorerías,0 a 5 personas,CALLE,AQUILES SERDAN,PRIVADA,NINGUNO,AVENIDA,PROLONGACION MELCHOR OCAMPO,AVENIDA,AVENIDA DEL SOL,,SN,,,128,,COLONIA,CONCEPCION LA CRUZ,,,,72197,21,PUEBLA,119,San Andrés Cholula,0013,San Bernardino Tlaxcalancingo,0584,018,2228999979,,,Fijo,19.03214209,-98.2502273,2024-11,True,True,False,False,False,True,False,False,False,False,False,True,REVISAR,REVISAR,REVISAR,FILTRO_DENUE,REGLAS_DENUE,
11485401,21114812210021281000000000U8,LAVANDERIA LAVA EXPRESS,,812210,Lavanderías y tintorerías,0 a 5 personas,CALLE,NINGUNO,CALLE,NINGUNO,ANDADOR,PLAZA DEL AHUEHUETE,ANDADOR,PLAZA DEL AHUEHUETE,2,H,,,,,UNIDAD HABITACIONAL,SAN BARTOLO,,,,72470,21,PUEBLA,114,Puebla,0001,Heroica Puebla de Zaragoza,4114,007,2227311143,,,Fijo,18.99306397,-98.2436414,2024-11,True,True,False,False,False,True,False,False,False,False,False,True,REVISAR,REVISAR,REVISAR,FILTRO_DENUE,REGLAS_DENUE,
3353462,21114812210011221100000000U6,LAVANDERIA LAVA EXPRESS,,812210,Lavanderías y tintorerías,0 a 5 personas,CALLE,4 NORTE,AVENIDA,12 ORIENTE,AVENIDA,14 ORIENTE,CALLE,2 NORTE,1205,,,,,,COLONIA,CENTRO,,,,72000,21,PUEBLA,114,Puebla,0001,Heroica Puebla de Zaragoza,0412,017,2227115575,,,Fijo,19.04778143,-98.19282342,2014-12,True,True,False,False,False,True,False,False,False,False,False,True,REVISAR,REVISAR,REVISAR,FILTRO_DENUE,REGLAS_DENUE,
3264898,21114812210010381000000000U9,LAVANDERIA LAVA EXPRESS,,812210,Lavanderías y tintorerías,0 a 5 personas,CALLE,17 SUR,CALLE,AVENIDA 5 PONIENTE,AVENIDA,JUAREZ,CALLE,19 SUR,503,,,,0,A,BARRIO,SAN SEBASTIAN,,,,72090,21,PUEBLA,114,Puebla,0001,Heroica Puebla de Zaragoza,0499,011,2226635171,,,Fijo,19.04880742,-98.21132094,2010-07,True,True,False,False,False,True,False,False,False,False,False,True,REVISAR,REVISAR,REVISAR,FILTRO_DENUE,REGLAS_DENUE,
8827028,21114812210014111000000000U6,LAVANDERIA LAVA FACIL,,812210,Lavanderías y tintorerías,0 a 5 personas,AVENIDA,ANTURIOS,CALLE,CAMELIAS,CALLE,GARDENIAS,AVENIDA,FRAMBOYANES,,SN,,,,,COLONIA,SAN RAMON,,,,72490,21,PUEBLA,114,Puebla,0001,Heroica Puebla de Zaragoza,5447,006,2226950206,,,Fijo,18.96583107,-98.26031572,2019-11,True,True,False,False,False,True,False,False,False,False,False,True,REVISAR,REVISAR,REVISAR,FILTRO_DENUE,REGLAS_DENUE,
3323201,21132812210000471000000000U2,LAVANDERIA LAVA FAST,,812210,Lavanderías y tintorerías,0 a 5 personas,CALLE,NEVADO DE TOLUCA,CALLE,POPOCATEPETL,CALLE,RAFAEL AVILA CAMACHO,CALLE,COMERCIO,137,,,,,,COLONIA,LINDA VISTA,,,,74078,21,PUEBLA,132,San Martín Texmelucan,0001,San Martín Texmelucan de Labastida,0213,038,2481198468,,,Fijo,19.28204386,-98.44381225,2014-12,True,True,False,False,False,True,False,False,False,False,False,True,REVISAR,REVISAR,REVISAR,FILTRO_DENUE,REGLAS_DENUE,
11785965,21114812210022801000000000U2,LAVANDERIA LAVA FAST,,812210,Lavanderías y tintorerías,0 a 5 personas,AVENIDA,GRAN AVENIDA,AVENIDA,15 de Mayo,AVENIDA,Enrique Rébsamen,AVENIDA,Torres Quintero,2234,,,,6,,COLONIA,DEL MAESTRO FEDERAL,,,,72080,21,PUEBLA,114,Puebla,0001,Heroica Puebla de Zaragoza,4237,007,,,,Fijo,19.06357489,-98.20886872,2025-04,True,True,False,False,False,True,False,False,False,False,False,True,REVISAR,REVISAR,REVISAR,FILTRO_DENUE,REGLAS_DENUE,
3279150,21114812210000771000000000U3,LAVANDERIA LAVA FAST,,812210,Lavanderías y tintorerías,0 a 5 personas,AVENIDA,31 PONIENTE,CALLE,25 SUR,CALLE,27 SUR,AVENIDA,33 PONIENTE,2521,A,,,,,COLONIA,JUAREZ,,,,72410,21,PUEBLA,114,Puebla,0001,Heroica Puebla de Zaragoza,3718,019,,,,Fijo,19.04238915,-98.22465829,2010-07,True,True,False,False,False,True,False,False,False,False,False,True,REVISAR,REVISAR,REVISAR,FILTRO_DENUE,REGLAS_DENUE,
11255760,21114812210020431000000000U0,LAVANDERIA LAVA FLASH,,812210,Lavanderías y tintorerías,0 a 5 personas,BOULEVARD,JOSE MARIA LAFRAGUA,CALLE,FRAY JUAN DE ZUMARRAGA,CALLE,FRAY PEDRO DE MELGAREJO,CALLE,SANTO TOMAS DE AQUINO,,SN,,,,,COLONIA,TRES CRUCES,,,,72595,21,PUEBLA,114,Puebla,0001,Heroica Puebla de Zaragoza,6479,038,,,,Fijo,18.98360302,-98.196163,2024-11,True,True,False,False,False,True,False,False,False,False,False,True,REVISAR,REVISAR,REVISAR,FILTRO_DENUE,REGLAS_DENUE,
10170764,21132812210001471000000000U1,LAVANDERIA LAVA FRESH,,812210,Lavanderías y tintorerías,0 a 5 personas,CALLE,PABLO L SIDAR,CALLE,CARRIL SAN MIGUEL,CALLE,POPOCATEPETL,CALLE,PICO DE ORIZABA SUR,105,,,,,,COLONIA,ALVARO OBREGON,,,,74040,21,PUEBLA,132,San Martín Texmelucan,0001,San Martín Texmelucan de Labastida,004A,002,2481564723,,,Fijo,19.28292183,-98.44147092,2024-11,True,True,False,False,False,True,False,False,False,False,False,True,REVISAR,REVISAR,REVISAR,FILTRO_DENUE,REGLAS_DENUE,
3461786,21114812210007621000000000U3,LAVANDERIA LAVA LAVA,,812210,Lavanderías y tintorerías,0 a 5 personas,AVENIDA,33 PONIENTE,CALLE,27 SUR,CALLE,29 SUR,AVENIDA,35 PONIENTE,2705,,,,,,COLONIA,BENITO JUAREZ,,,,72410,21,PUEBLA,114,Puebla,0001,Heroica Puebla de Zaragoza,2461,020,,,,Fijo,19.04204326,-98.22601054,2010-07,True,True,False,False,False,True,False,False,False,False,False,True,REVISAR,REVISAR,REVISAR,FILTRO_DENUE,REGLAS_DENUE,
7956738,21114812210013461000000000U6,LAVANDERIA LAVA MAGIC,,812210,Lavanderías y tintorerías,0 a 5 personas,CALLE,JOSE MARIA MORELOS Y PAVON,CALLE,CUAUHTEMOC,CALLE,REVOLUCION MEXICANA,CALLE,IGNACIO ZARAGOZA,,SN,,,,,COLONIA,UNION ANTORCHISTA,,,,72490,21,PUEBLA,114,Puebla,0001,Heroica Puebla de Zaragoza,6093,027,2226724796,,,Fijo,18.95821611,-98.26916174,2019-11,True,True,False,False,False,True,False,False,False,False,False,True,REVISAR,REVISAR,REVISAR,FILTRO_DENUE,REGLAS_DENUE,
10921556,21114812210021161000000000U2,LAVANDERIA LAVA MAGIC,,812210,Lavanderías y tintorerías,0 a 5 personas,AVENIDA,JOSE MARTI,CALLE,ALFONSINA STORNI,CALLE,GABRIELA MISTRAL,AVENIDA,MARIO BENEDETTI,,SN,,,,,COLONIA,BALCONES DEL SUR,,,,72499,21,PUEBLA,114,Puebla,0001,Heroica Puebla de Zaragoza,1938,011,2226724796,,,Fijo,18.95027709,-98.23484489,2024-11,True,True,False,False,False,True,False,False,False,False,False,True,REVISAR,REVISAR,REVISAR,FILTRO_DENUE,REGLAS_DENUE,
3337210,21119812210001231000000000U6,LAVANDERIA LAVA MAX,,812210,Lavanderías y tintorerías,0 a 5 personas,CALLE,CAMINO REAL A CHOLULA,CALLE,FRANCISCO VILLA,CALLE,REVOLUCION,CALLE,20 DE NOVIEMBRE,54,,,,,,COLONIA,EMILIANO ZAPATA,,,,72810,21,PUEBLA,119,San Andrés Cholula,0013,San Bernardino Tlaxcalancingo,0372,016,2225283109,,,Fijo,19.0342679,-98.26246726,2014-12,True,True,False,False,False,True,False,False,False,False,False,True,REVISAR,REVISAR,REVISAR,FILTRO_DENUE,REGLAS_DENUE,
8308308,21114812210014491000000000U2,LAVANDERIA LAVA MX,,812210,Lavanderías y tintorerías,0 a 5 personas,BOULEVARD,MONTERREY,CERRADA,3 B,CALLE,4 B,CALLE,3 B,1,2,,,,,FRACCIONAMIENTO,BOSQUES DE SAN SEBASTIAN,,,,72310,21,PUEBLA,114,Puebla,0001,Heroica Puebla de Zaragoza,1711,041,,,,Fijo,19.05896585,-98.13499958,2019-11,True,True,False,False,False,True,False,False,False,False,False,True,REVISAR,REVISAR,REVISAR,FILTRO_DENUE,REGLAS_DENUE,
8149795,21114464111010591010000000U4,LAVANDERIA LAVA PLUS JR,,812210,Lavanderías y tintorerías,0 a 5 personas,AVENIDA,53 PONIENTE,CALLE,11 A SUR,CALLE,11 SUR,AVENIDA,JUAN PABLO II,1106,,,,,,COLONIA,PRADOS AGUA AZUL,,,,72430,21,PUEBLA,114,Puebla,0001,Heroica Puebla de Zaragoza,0732,005,,,,Fijo,19.02523748,-98.22013133,2019-11,True,True,False,False,False,True,False,False,False,False,False,True,REVISAR,REVISAR,REVISAR,FILTRO_DENUE,REGLAS_DENUE,
10412831,21119812210002241000000000U4,LAVANDERIA LAVA RAPIDO,,812210,Lavanderías y tintorerías,0 a 5 personas,CALLE,ORION NORTE,RETORNO,ALCATRACES,RETORNO,CLAVELES,CALLE,ORION SUR,712,,,1,,,FRACCIONAMIENTO,VILLA FLORESTA,CENTRO Y PLAZA COMERCIAL,PLAZA CRONOS,SN,72825,21,PUEBLA,119,San Andrés Cholula,0013,San Bernardino Tlaxcalancingo,0423,001,2224073230,,,Fijo,19.02585941,-98.26026839,2024-11,True,True,False,False,False,True,False,False,False,False,False,True,REVISAR,REVISAR,REVISAR,FILTRO_DENUE,REGLAS_DENUE,
11123287,21114812210021321000000000U2,LAVANDERIA LAVA Y PLANCHA,,812210,Lavanderías y tintorerías,0 a 5 personas,CALLE,20 SUR,AVENIDA,15 ORIENTE,AVENIDA,13 ORIENTE,CALLE,18 SUR,1303,,,1,,,COLONIA,AZCARATE,CENTRO Y PLAZA COMERCIAL,PRANIK,11,72501,21,PUEBLA,114,Puebla,0001,Heroica Puebla de Zaragoza,3775,004,2225313158,LAVAYPLANCHA1@GMAIL.COM,,Fijo,19.03262427,-98.18851922,2024-11,True,True,False,False,False,True,False,False,False,False,False,True,REVISAR,REVISAR,REVISAR,FILTRO_DENUE,REGLAS_DENUE,
3367634,21114812210012201000000000U7,LAVANDERIA LAVA&TIN,,812210,Lavanderías y tintorerías,0 a 5 personas,CALLE,LIRIOS,CALLE,GLADIOLAS,CALLE,ROSAS,CALLE,16 DE SEPTIEMBRE,6163,A,,,,,COLONIA,COLONIA BUGAMBILIAS,,,,72580,21,PUEBLA,114,Puebla,0001,Heroica Puebla de Zaragoza,086A,013,,PIPIOLA3030@HOTMAIL.COM,,Fijo,19.00911274,-98.2170663,2014-12,True,True,False,False,False,True,False,False,False,False,False,True,REVISAR,REVISAR,REVISAR,FILTRO_DENUE,REGLAS_DENUE,
8791083,21114812210014191000000000U8,LAVANDERIA LAVACOB,,812210,Lavanderías y tintorerías,0 a 5 personas,AVENIDA,5 PONIENTE,AVENIDA,MIGUEL HIDALGO,CALLE,3 SUR,AVENIDA,3 PONIENTE,108,,,,,,COLONIA,LA LIBERTAD,,,,72130,21,PUEBLA,114,Puebla,0001,Heroica Puebla de Zaragoza,0198,004,,,,Fijo,19.06698104,-98.2356496,2019-11,True,True,False,False,False,True,False,False,False,False,False,True,REVISAR,REVISAR,REVISAR,FILTRO_DENUE,REGLAS_DENUE,
9937446,21114812210021901000000000U1,LAVANDERIA LAVADO FACIL,,812210,Lavanderías y tintorerías,0 a 5 personas,AVENIDA,27 SUR,CALLE,133 PONIENTE,AVENIDA,137 PONIENTE,CALLE,133 PONIENTE,,SN,,,,,FRACCIONAMIENTO,HACIENDA SANTA CLARA,,,,72422,21,PUEBLA,114,Puebla,0001,Heroica Puebla de Zaragoza,645A,031,,,,Fijo,18.98575092,-98.27079439,2024-11,True,True,False,False,False,True,False,False,False,False,False,True,REVISAR,REVISAR,REVISAR,FILTRO_DENUE,REGLAS_DENUE,
9609975,21114812210022281000000000U7,LAVANDERIA LAVADO FACIL,RISARIO SALAZAR,812210,Lavanderías y tintorerías,0 a 5 personas,CALLE,ROSAS DEL TEPEYAC,PRIVADA,NINGUNO,BOULEVARD,CARLOS CAMACHO ESPIRITU,PRIVADA,NINGUNO,1825,,,,,,BARRIO,MARIA AUXILIADORA,,,,72595,21,PUEBLA,114,Puebla,0001,Heroica Puebla de Zaragoza,2156,021,2216452814,,,Fijo,18.96154482,-98.17275244,2024-11,True,True,False,False,False,True,False,False,False,False,False,True,REVISAR,REVISAR,REVISAR,FILTRO_DENUE,REGLAS_DENUE,
7742799,21034812210000081000000000U7,LAVANDERIA LAVAEXPREES,,812210,Lavanderías y tintorerías,0 a 5 personas,CALLE,6 DE ENERO,CALLE,MIRAMON,AVENIDA,ZARAGOZA,AVENIDA,ZARAGOZA,91,,,,,,COLONIA,SAN FRANCSICO COAXUSCO,,,,72680,21,PUEBLA,034,Coronango,0003,San Francisco Ocotlán (Ocotlán),0212,010,,,,Fijo,19.14210146,-98.2851462,2019-11,True,True,False,False,False,True,False,False,False,False,False,True,REVISAR,REVISAR,REVISAR,FILTRO_DENUE,REGLAS_DENUE,
7547260,21114812210015631000000000U2,LAVANDERIA LAVAEXPRESS,,812210,Lavanderías y tintorerías,0 a 5 personas,CALLE,PUEBLA,CALLE,ZARAGOZA,CALLE,CAMINO NACIONAL,PROLONGACION,GUERRERO,,SN,,,,,COLONIA,IGNACIO ROMERO VARGAS,,,,72150,21,PUEBLA,114,Puebla,0001,Heroica Puebla de Zaragoza,3455,001,2223233793,,,Fijo,19.07448248,-98.25080135,2019-11,True,True,False,False,False,True,False,False,False,False,False,True,REVISAR,REVISAR,REVISAR,FILTRO_DENUE,REGLAS_DENUE,
10644833,21140812210001631000000000U3,LAVANDERIA LAVAEXPRESS,,812210,Lavanderías y tintorerías,0 a 5 personas,AVENIDA,MIGUEL ALEMAN VALDES,AVENIDA,11 ORIENTE,AVENIDA,13 ORIENTE,CALLE,2 SUR,1101,,,,,,BARRIO,SAN PABLO TECAMAC,,,,72750,21,PUEBLA,140,San Pedro Cholula,0001,Cholula de Rivadavia,0060,022,2223163383,,,Fijo,19.05747672,-98.30918137,2024-11,True,True,False,False,False,True,False,False,False,False,False,True,REVISAR,REVISAR,REVISAR,FILTRO_DENUE,REGLAS_DENUE,
3377158,21125812210000031000000000U8,LAVANDERIA LAVA-LA,,812210,Lavanderías y tintorerías,0 a 5 personas,CALLE,MORELOS,CALLE,GUADALUPE VICTORIA,CALLE,MIGUEL NEGRETE,CALLE,BENITO JUAREZ,114,,,,,,PUEBLO,SAN GREGORIO ATZOMPA,,,,74320,21,PUEBLA,125,San Gregorio Atzompa,0001,San Gregorio Atzompa,0011,058,2216473289,,,Fijo,19.02785843,-98.34640286,2014-12,True,True,False,False,False,True,False,False,False,False,False,True,REVISAR,REVISAR,REVISAR,FILTRO_DENUE,REGLAS_DENUE,
3461366,21114812210003311000000000U5,LAVANDERIA LAVALE,,812210,Lavanderías y tintorerías,0 a 5 personas,AVENIDA,GENERAL IGNACIO ZARAGOZA,CALLE,GENERAL IGNACIO MEJIA,CALLE,GENERAL ANTONIO ALVAREZ,CALLE,CORONEL RAFAEL CRAVIOTO,111,,,,,,COLONIA,HEROES PUEBLA,,,,72520,21,PUEBLA,114,Puebla,0001,Heroica Puebla de Zaragoza,3811,020,2228904579,,,Fijo,19.01991224,-98.18166469,2010-07,True,True,False,False,False,True,False,False,False,False,False,True,REVISAR,REVISAR,REVISAR,FILTRO_DENUE,REGLAS_DENUE,
3276923,21114812210007031000000000U5,LAVANDERIA LAVAMAD,,812210,Lavanderías y tintorerías,0 a 5 personas,AVENIDA,17 PONIENTE,CALLE,7 SUR,CALLE,9 SUR,AVENIDA,19 PONIENTE,703,,,,,,COLONIA,CHULA VISTA,,,,72550,21,PUEBLA,114,Puebla,0001,Heroica Puebla de Zaragoza,0501,037,2227512106,LAVAMAD@HOTMAIL.COM,,Fijo,19.04091141,-98.20734335,2010-07,True,True,False,False,False,True,False,False,False,False,False,True,REVISAR,REVISAR,REVISAR,FILTRO_DENUE,REGLAS_DENUE,
7596332,21114812210016981000000000U0,LAVANDERIA LAVAMATIC,,812210,Lavanderías y tintorerías,0 a 5 personas,BOULEVARD,NORTE,CALLE,28 PONIENTE,CALLE,32 PONIENTE,CALLE,32 PONIENTE,,SN,,,,,COLONIA,NUEVA AURORA,,,,72070,21,PUEBLA,114,Puebla,0001,Heroica Puebla de Zaragoza,2315,021,,,,Fijo,19.06795473,-98.21072646,2019-11,True,True,False,False,False,True,False,False,False,False,False,True,REVISAR,REVISAR,REVISAR,FILTRO_DENUE,REGLAS_DENUE,
11761615,21041812210001561000000000U2,LAVANDERIA LAVAMATIC,,812210,Lavanderías y tintorerías,0 a 5 personas,CALLE,ADOLFO LÓPEZ MATEOS,CALLE,Emiliano Zapata,CALLE,Deportivo 2,PRIVADA,Segunda Privada Deportiva,,SN,,,,,LOCALIDAD,SAN LORENZO ALMECATLA,,,,72710,21,PUEBLA,041,Cuautlancingo,0012,San Lorenzo Almecatla,0185,061,,,,Fijo,19.14644072,-98.23702274,2025-04,True,True,False,False,False,True,False,False,False,False,False,True,REVISAR,REVISAR,REVISAR,FILTRO_DENUE,REGLAS_DENUE,
3345653,21114812210011591000000000U2,LAVANDERIA LAVAMAX,,812210,Lavanderías y tintorerías,0 a 5 personas,CALLE,FLORES MAGON,CALLE,ANAHUAC,CALLE,CORAL,CALLE,CRISTO REY,,SN,,,,,COLONIA,IGNACIO ROMERO VARGAS,,,,72120,21,PUEBLA,114,Puebla,0001,Heroica Puebla de Zaragoza,4792,013,,,,Fijo,19.07697091,-98.24675762,2014-12,True,True,False,False,False,True,False,False,False,False,False,True,REVISAR,REVISAR,REVISAR,FILTRO_DENUE,REGLAS_DENUE,
9104302,21119812210001791000000000U9,LAVANDERIA LAVAMAX,,812210,Lavanderías y tintorerías,0 a 5 personas,CALLE,4 ORIENTE,PRIVADA,NINGUNO,CALLE,12 NORTE,CALLE,2 ORIENTE,1027,,,,,,BARRIO,SANTIAGO XICOTENCO,,,,72810,21,PUEBLA,119,San Andrés Cholula,0001,San Andrés Cholula,0207,031,2227540564,,,Fijo,19.04867005,-98.28996812,2019-11,True,True,False,False,False,True,False,False,False,False,False,True,REVISAR,REVISAR,REVISAR,FILTRO_DENUE,REGLAS_DENUE,
8325309,21114812210017891000000000U0,LAVANDERIA LAVAMAX TORRVER,,812210,Lavanderías y tintorerías,0 a 5 personas,CALLE,OLMECA,CALLE,CHICHEN ITZA,CALLE,AHUITZOTL,CALLE,CHICHEN ITZA,,SN,,,,,COLONIA,MOMOXPAN,,,,72761,21,PUEBLA,114,Puebla,0001,Heroica Puebla de Zaragoza,3050,001,,,,Fijo,19.05513811,-98.27264487,2019-11,True,True,False,False,False,True,False,False,False,False,False,True,REVISAR,REVISAR,REVISAR,FILTRO_DENUE,REGLAS_DENUE,
7547246,21114812210015621000000000U3,LAVANDERIA LAVAMEX,FABIOLA AMOZOQUEÑO ATENCO SA DE CV,812210,Lavanderías y tintorerías,0 a 5 personas,CALLE,AMBAR,CALLE,AVENIDA TOPACIO,AVENIDA,15 DE MAYO,CALLE,AZABACHE,1205,C,,,,,COLONIA,VILLA POSADAS,,,,72060,21,PUEBLA,114,Puebla,0001,Heroica Puebla de Zaragoza,4773,020,,,,Fijo,19.0713142,-98.22070572,2019-11,True,True,False,False,False,True,False,False,False,False,False,True,REVISAR,REVISAR,REVISAR,FILTRO_DENUE,REGLAS_DENUE,
3428283,21074812210000121001000000U7,LAVANDERIA LAVAMEXXAL,,812210,Lavanderías y tintorerías,6 a 10 personas,CALLE,ZARAGOZA,CALLE,IXTACUIXTLA NORTE,CALLE,16 DE SEPTIEMBRE,CALLE,IXTACUIXTLA NORTE,33,,,,,,LOCALIDAD,SANTA ANA XALMIMILULCO,,,,74169,21,PUEBLA,074,Huejotzingo,0029,Santa Ana Xalmimilulco,0190,020,2221863089,,,Fijo,19.2112318,-98.3780799,2010-07,True,True,False,False,False,True,False,False,False,False,False,True,REVISAR,REVISAR,REVISAR,FILTRO_DENUE,REGLAS_DENUE,
11449580,21041812210001241000000000U1,LAVANDERIA LAVANDA,,812210,Lavanderías y tintorerías,0 a 5 personas,AVENIDA,SAN JUAN CORONILLA,CALLE,PROL  SAN JUAN,PRIVADA,1A PRIV  SAN ISIDRO,CALLE,PROL  SAN JUAN,,SN,,,,,BARRIO,DEL CALVARIO,,,,72704,21,PUEBLA,041,Cuautlancingo,0001,San Juan Cuautlancingo,0109,126,5522707574,,,Fijo,19.10657462,-98.27277197,2024-11,True,True,False,False,False,True,False,False,False,False,False,True,REVISAR,REVISAR,REVISAR,FILTRO_DENUE,REGLAS_DENUE,
11364388,21114812210022351000000000U8,LAVANDERIA LAVANDERIA,,812210,Lavanderías y tintorerías,0 a 5 personas,CALLE,PROGRESO,CALLE,MALINTZI,CALLE,XALTONATL,CALLE,31 DE JULIO,,SN,,,,,COLONIA,TEPEYAC,,,,72210,21,PUEBLA,114,Puebla,0001,Heroica Puebla de Zaragoza,4311,015,,,,Fijo,19.07201799,-98.17814041,2024-11,True,True,False,False,False,True,False,False,False,False,False,True,REVISAR,REVISAR,REVISAR,FILTRO_DENUE,REGLAS_DENUE,
10459233,21114812210020691000000000U9,LAVANDERIA LAVANDO CON SOFY,,812210,Lavanderías y tintorerías,0 a 5 personas,CALLE,MEXICO,CALZADA,ALFREDO TOXQUI,CALLE,CENTENARIO,AMPLIACION,AYUNTAMIENTO,,SN,,,,,COLONIA,SAN SEBASTIAN DE APARICIO,,,,72219,21,PUEBLA,114,Puebla,0194,San Sebastián de Aparicio,3258,018,,,,Fijo,19.10064773,-98.158485,2024-11,True,True,False,False,False,True,False,False,False,False,False,True,REVISAR,REVISAR,REVISAR,FILTRO_DENUE,REGLAS_DENUE,
11341531,21143812210000091000000000U5,LAVANDERIA LAVAPLUS,,812210,Lavanderías y tintorerías,0 a 5 personas,CALLE,JAIME NUNO,PRIVADA,FRAY JUAN ZUMARRAGA,CALLE,ALVARO OBREGON,OTRO(ESPECIFIQUE),CULTIVO,,SN,,,,,LOCALIDAD,SAN SALVADOR EL VERDE,,,,74130,21,PUEBLA,143,San Salvador el Verde,0001,San Salvador el Verde,0077,050,2481039878,,,Fijo,19.26647813,-98.51886277,2024-11,True,True,False,False,False,True,False,False,False,False,False,True,REVISAR,REVISAR,REVISAR,FILTRO_DENUE,REGLAS_DENUE,
8214788,21114812210017431000000000U5,LAVANDERIA LAVAPLUS,,812210,Lavanderías y tintorerías,0 a 5 personas,CALLE,SONORA,AVENIDA,PUEBLA,AVENIDA,105 PONIENTE,CALLE,SINALOA,10000,,,,,,COLONIA,POPULAR CASTILLOTLA,,,,72470,21,PUEBLA,114,Puebla,0001,Heroica Puebla de Zaragoza,4326,017,,,,Fijo,18.9971055,-98.23677006,2019-11,True,True,False,False,False,True,False,False,False,False,False,True,REVISAR,REVISAR,REVISAR,FILTRO_DENUE,REGLAS_DENUE,
3326066,21074812210000262001000000U9,LAVANDERIA LAVAPLUS,,812210,Lavanderías y tintorerías,11 a 30 personas,CALLE,DIVISION DEL NORTE,PRIVADA,NINGUNO,CALLE,JAZMINES,CALLE,DIVISION DEL NORTE,,SN,,,,,PUEBLO,SANTA ANA XALMIMINULCO,,,,74169,21,PUEBLA,074,Huejotzingo,0029,Santa Ana Xalmimilulco,0203,058,2225090728,,WWW.LAVAPLUS-LAVANDERIAINDUSTRIAL.COM,Fijo,19.21861458,-98.3819366,2014-12,True,True,False,False,False,True,False,False,False,False,False,True,REVISAR,REVISAR,REVISAR,FILTRO_DENUE,REGLAS_DENUE,
10672794,21114812210020121000000000U7,LAVANDERIA LAVAR SECAR DOBLAR REPETIR,,812210,Lavanderías y tintorerías,0 a 5 personas,AVENIDA,EDUARDO CUE MERLO,AVENIDA,AQUILES SERDAN,PRIVADA,PRIVADA A PLAN DE GUADALUPE,AVENIDA,VENUSTIANO CARRANZA,424,2,,,,,COLONIA,SAN BALTAZAR CAMPECHE,,,,72550,21,PUEBLA,114,Puebla,0001,Heroica Puebla de Zaragoza,1393,020,5638332338,,,Fijo,19.02314481,-98.20532098,2024-11,True,True,False,False,False,True,False,False,False,False,False,True,REVISAR,REVISAR,REVISAR,FILTRO_DENUE,REGLAS_DENUE,
8658050,21114812210016801000000000U0,LAVANDERIA LAVA-RAPIDO,,812210,Lavanderías y tintorerías,0 a 5 personas,AVENIDA,29 ORIENTE,CERRADA,16 A SUR,CALLE,18 SUR,AVENIDA,31 ORIENTE,1633,A,,,,,COLONIA,EL MIRADOR,,,,72540,21,PUEBLA,114,Puebla,0001,Heroica Puebla de Zaragoza,0696,026,,,,Fijo,19.02739258,-98.19324862,2019-11,True,True,False,False,False,True,False,False,False,False,False,True,REVISAR,REVISAR,REVISAR,FILTRO_DENUE,REGLAS_DENUE,
7827947,21114812210013831100000000U0,LAVANDERIA LAVASEC,,812210,Lavanderías y tintorerías,0 a 5 personas,CALLE,8 PONIENTE,CALLE,5 NORTE,CALLE,3 NORTE,CALLE,6 PONIENTE,301,,,,,,COLONIA,LA LIBERTAD,,,,72130,21,PUEBLA,114,Puebla,0001,Heroica Puebla de Zaragoza,3370,004,,,,Fijo,19.07383736,-98.23521275,2019-11,True,True,False,False,False,True,False,False,False,False,False,True,REVISAR,REVISAR,REVISAR,FILTRO_DENUE,REGLAS_DENUE,
3264041,21132812210000031000000000U4,LAVANDERIA LAVATEX,,812210,Lavanderías y tintorerías,0 a 5 personas,CALLE,ESTADO DE SONORA,CALLE,ESTADO DE MICHOACAN,BOULEVARD,LICENCIADO B. G. PEREZ DE A.,CALLE,ESTADO DE CHIAPAS,29,,,,,,COLONIA,LA SANTISIMA,,,,74021,21,PUEBLA,132,San Martín Texmelucan,0001,San Martín Texmelucan de Labastida,0020,023,2481155721,LAVANDERIA.LAVATEX.29@GMAIL.COM,,Fijo,19.2881924,-98.43676621,2010-07,True,True,False,False,False,True,False,False,False,False,False,True,REVISAR,REVISAR,REVISAR,FILTRO_DENUE,REGLAS_DENUE,
10167917,21114812210022131000000000U4,LAVANDERIA LAVATODO,,812210,Lavanderías y tintorerías,0 a 5 personas,CALLE,BENITO JUAREZ,CALLE,PINO SUAREZ,CALLE,FRANCISCO I. MADERO,CALLE,PRIMERA DE BENITO JUAREZ,,SN,,,,,COLONIA,GUADALUPE HIDALGO,,,,72490,21,PUEBLA,114,Puebla,0001,Heroica Puebla de Zaragoza,1976,028,,,,Fijo,18.97739077,-98.25337576,2024-11,True,True,False,False,False,True,False,False,False,False,False,True,REVISAR,REVISAR,REVISAR,FILTRO_DENUE,REGLAS_DENUE,
11220801,21041812210001211000000000U4,LAVANDERIA LAVAXPRESS,,812210,Lavanderías y tintorerías,0 a 5 personas,CALLE,CENTENARIO,CALLE,CENTENARIO,CALLE,CENTENARIO,ANDADOR,OLVERA,117,A,,,,,FRACCIONAMIENTO,SECCION 9A MISIONES DE SAN FRANCISCO,,,,72680,21,PUEBLA,041,Cuautlancingo,0027,San Jacinto,0382,011,2227801567,,,Fijo,19.1512223,-98.26369702,2024-11,True,True,False,False,False,True,False,False,False,False,False,True,REVISAR,REVISAR,REVISAR,FILTRO_DENUE,REGLAS_DENUE,
3434857,21119812210000521000000000U1,LAVANDERIA LAVINCO,,812210,Lavanderías y tintorerías,0 a 5 personas,CALLE,NINGUNO,PRIVADA,PROLONGACION 8 NORTE,PRIVADA,SAN JOSE,CALLE,CAMINO NACIONAL A MOMOXPAN,2011,,,,,,COLONIA,LAZARO CARDENAS,,,,72776,21,PUEBLA,119,San Andrés Cholula,0001,San Andrés Cholula,0156,017,2221309090,,,Fijo,19.05996559,-98.28830144,2010-07,True,True,False,False,False,True,False,False,False,False,False,True,REVISAR,REVISAR,REVISAR,FILTRO_DENUE,REGLAS_DENUE,
3440631,21114812210002431000000000U2,LAVANDERIA LAVO DRY,,812210,Lavanderías y tintorerías,0 a 5 personas,AVENIDA,AVENIDA DE LOS MARTIRES,CALZADA,CAMPO DE TIRO,CALLE,ALVARO OBREGON,CALLE,EMILIANO ZAPATA,19,,,,1,,COLONIA,ALAMOS VISTA HERMOSA,,,,72320,21,PUEBLA,114,Puebla,0001,Heroica Puebla de Zaragoza,054A,010,2222367548,,,Fijo,19.0412237,-98.1561698,2010-07,True,True,False,False,False,True,False,False,False,False,False,True,REVISAR,REVISAR,REVISAR,FILTRO_DENUE,REGLAS_DENUE,
11208623,21015812210000531000000000U0,LAVANDERIA LAVO MAS,,812210,Lavanderías y tintorerías,0 a 5 personas,AVENIDA,3 ORIENTE,CALLEJON,3 ORIENTE,OTRO(ESPECIFIQUE),RIO,CALLE,CARRETERA FEDERAL PUEBLA TEHUACAN,417,B,,,,,BARRIO,SANTO ANGEL,,,,72980,21,PUEBLA,015,Amozoc,0001,Amozoc de Mota,0306,003,2227086362,,,Fijo,19.04274867,-98.04167626,2024-11,True,True,False,False,False,True,False,False,False,False,False,True,REVISAR,REVISAR,REVISAR,FILTRO_DENUE,REGLAS_DENUE,
8187342,21114461110171971010000000U8,LAVANDERIA LAVO MASS,,812210,Lavanderías y tintorerías,0 a 5 personas,CALLE,SAN DIEGO,CALLE,LUNA,PRIVADA,NINGUNO,CALLE,NUBE NORTE,,SN,,,,,COLONIA,LARES DE SAN ANTONIO,,,,72499,21,PUEBLA,114,Puebla,0001,Heroica Puebla de Zaragoza,5678,014,,,,Fijo,18.96847273,-98.23065621,2019-11,True,True,False,False,False,True,False,False,False,False,False,True,REVISAR,REVISAR,REVISAR,FILTRO_DENUE,REGLAS_DENUE,
8186990,21114812210018422001000000U3,LAVANDERIA LAVO YO,,812210,Lavanderías y tintorerías,0 a 5 personas,PROLONGACION,PROLONGACION DE LA 16 DE SEPTIEMBRE,CALLE,91 ORIENTE,CALLE,93 ORIENTE,PRIVADA,16 DE SEPTIEMBRE A SUR,9110,,,,,,COLONIA,16 DE SEPTIEMBRE SUR,,,,72474,21,PUEBLA,114,Puebla,0001,Heroica Puebla de Zaragoza,2442,027,2226026276,LAVOYO1@HOTMAIL.COM,,Fijo,18.9967792,-98.22488106,2019-11,True,True,False,False,False,True,False,False,False,False,False,True,REVISAR,REVISAR,REVISAR,FILTRO_DENUE,REGLAS_DENUE,
8186941,21114812210018401000000000U7,LAVANDERIA LAVO YO,,812210,Lavanderías y tintorerías,0 a 5 personas,AVENIDA,3 SUR,PRIVADA,NINGUNO,CALLE,MIGUEL HIDALGO,CALLE,VENUSTIANO CARRANZA,301,B,,,,,COLONIA,GUADALUPE HIDALGO,,,,72490,21,PUEBLA,114,Puebla,0001,Heroica Puebla de Zaragoza,1942,008,,,,Fijo,18.97303292,-98.24027391,2019-11,True,True,False,False,False,True,False,False,False,False,False,True,REVISAR,REVISAR,REVISAR,FILTRO_DENUE,REGLAS_DENUE,
11604677,21114812210021361000000000U8,LAVANDERIA LAVO YO,,812210,Lavanderías y tintorerías,0 a 5 personas,BOULEVARD,MUNICIPIO LIBRE,CALLE,13 A SUR,CALLE,13 B SUR,AVENIDA,83 PONIENTE,8335,A,,,,,COLONIA,SAN JOSE MAYORAZGO,,,,72450,21,PUEBLA,114,Puebla,0001,Heroica Puebla de Zaragoza,4330,034,,,,Fijo,19.00407458,-98.23548677,2024-11,True,True,False,False,False,True,False,False,False,False,False,True,REVISAR,REVISAR,REVISAR,FILTRO_DENUE,REGLAS_DENUE,
8804116,21114812210016891000000000U1,LAVANDERIA LAVO YO,,812210,Lavanderías y tintorerías,0 a 5 personas,AVENIDA,3 SUR,CALLE,ARTICULO 9,CALLE,ARTICULO 10,AVENIDA,CONSTITUYENTES,,SN,,,,,COLONIA,CONSTITUCION MEXICANA,,,,72499,21,PUEBLA,114,Puebla,0001,Heroica Puebla de Zaragoza,4951,011,,,,Fijo,18.95850183,-98.23931963,2019-11,True,True,False,False,False,True,False,False,False,False,False,True,REVISAR,REVISAR,REVISAR,FILTRO_DENUE,REGLAS_DENUE,
10526626,21119812210002211000000000U7,LAVANDERIA LAVO YO,,812210,Lavanderías y tintorerías,0 a 5 personas,CALLE,REAL DEL CAMINO,PRIVADA,NINGUNO,CALZADA,ANTIGUO CAMINO REAL A CHOLULA,PRIVADA,NINGUNO,6661,,,1,,,COLONIA,LA RIVERA,CENTRO Y PLAZA COMERCIAL,REAL DEL CAMINO,1,72730,21,PUEBLA,119,San Andrés Cholula,0001,San Andrés Cholula,0387,011,,,LAVOYO.COM,Fijo,19.04891997,-98.26770786,2024-11,True,True,False,False,False,True,False,False,False,False,False,True,REVISAR,REVISAR,REVISAR,FILTRO_DENUE,REGLAS_DENUE,
8271808,21132812210000871000000000U3,LAVANDERIA LAVOMATIQUE,,812210,Lavanderías y tintorerías,0 a 5 personas,CALLE,PRIMAVERA,AVENIDA,REVOLUCION,CALLE,ELIEZER OLIVER,CALLE,JUSTO SIERRA,11,2,,,,,LOCALIDAD,SANTA MARIA MOYOTZINGO,,,,74129,21,PUEBLA,132,San Martín Texmelucan,0015,Santa María Moyotzingo,0463,013,,,,Fijo,19.24332651,-98.40590171,2019-11,True,True,False,False,False,True,False,False,False,False,False,True,REVISAR,REVISAR,REVISAR,FILTRO_DENUE,REGLAS_DENUE,
10326277,21114812210022401000000000U1,LAVANDERIA LAVOPRONTO,,812210,Lavanderías y tintorerías,0 a 5 personas,BOULEVARD,ATEMPAN,CALLE,2 A,CALLE,3 A,BOULEVARD,CUETZALAN,,SN,,,,,COLONIA,BOSQUES DE AMALUCAN,,,,72310,21,PUEBLA,114,Puebla,0001,Heroica Puebla de Zaragoza,2828,020,2225708775,,,Fijo,19.05539547,-98.13517278,2024-11,True,True,False,False,False,True,False,False,False,False,False,True,REVISAR,REVISAR,REVISAR,FILTRO_DENUE,REGLAS_DENUE,
11770540,21041812210001551000000000U3,LAVANDERIA LAVOYO,,812210,Lavanderías y tintorerías,0 a 5 personas,AVENIDA,MÉXICO PUEBLA,CALLE,Ninguno,PRIVADA,Ninguno,PROLONGACION,Ninguno,1612,A,,,,,LOCALIDAD,DEL CALVARIO,,,,72764,21,PUEBLA,041,Cuautlancingo,0001,San Juan Cuautlancingo,0109,078,,LAVOYO11@HOTMAIL.COM,,Fijo,19.10576877,-98.27642349,2025-04,True,True,False,False,False,True,False,False,False,False,False,True,REVISAR,REVISAR,REVISAR,FILTRO_DENUE,REGLAS_DENUE,
9666370,21041812210001111000000000U6,LAVANDERIA LEMI,,812210,Lavanderías y tintorerías,0 a 5 personas,CALLE,PROGRESO,AVENIDA,AVENIDA DEL FERROCARRIL,PRIVADA,SANTA BARBARA,CALLE,NINGUNO,96,A,,,,,PUEBLO,SAN JUAN CUAUTLANCINGO,,,,72700,21,PUEBLA,041,Cuautlancingo,0001,San Juan Cuautlancingo,0062,016,2223486411,,,Fijo,19.08568299,-98.28274125,2024-11,True,True,False,False,False,True,False,False,False,False,False,True,REVISAR,REVISAR,REVISAR,FILTRO_DENUE,REGLAS_DENUE,
3368508,21114812210013171000000000U1,LAVANDERIA LEO,,812210,Lavanderías y tintorerías,0 a 5 personas,CALLE,CEDROS,CALLE,ALHELI,CALLE,LIRIOS,CALLE,EBANO,23,,,,,,COLONIA,BUGAMBILIAS,,,,72470,21,PUEBLA,114,Puebla,0001,Heroica Puebla de Zaragoza,2438,014,,,,Fijo,19.0065909,-98.21819069,2014-12,True,True,False,False,False,True,False,False,False,False,False,True,REVISAR,REVISAR,REVISAR,FILTRO_DENUE,REGLAS_DENUE,
10475239,21041812210001391000000000U4,LAVANDERIA LEO,,812210,Lavanderías y tintorerías,0 a 5 personas,CALLE,ALDAMA,CALLE,ALDAMA,PROLONGACION,AVENIDA VICENTE GUERRERO,AVENIDA,VICENTE GUERRERO,,SN,,,,,PUEBLO,LA TRINIDAD SANCTORUM,,,,72730,21,PUEBLA,041,Cuautlancingo,0008,Sanctorum,0151,048,2211638638,,,Fijo,19.09851494,-98.2571255,2024-11,True,True,False,False,False,True,False,False,False,False,False,True,REVISAR,REVISAR,REVISAR,FILTRO_DENUE,REGLAS_DENUE,
10943553,21119812210001941000000000U0,LAVANDERIA LEO,,812210,Lavanderías y tintorerías,0 a 5 personas,CALLE,5 DE MAYO,PRIVADA,NINGUNO,CALLE,ADOLFO LOPEZ MATEOS,CALLE,HERMANOS SERDAN,100,,,,,,LOCALIDAD,SAN LUIS TEHUILOYOCAN,,,,72840,21,PUEBLA,119,San Andrés Cholula,0009,San Luis Tehuiloyocan,0137,015,,,,Fijo,19.04128011,-98.3337706,2024-11,True,True,False,False,False,True,False,False,False,False,False,True,REVISAR,REVISAR,REVISAR,FILTRO_DENUE,REGLAS_DENUE,
10994290,21134812210000261000000000U3,LAVANDERIA LEO,,812210,Lavanderías y tintorerías,0 a 5 personas,CALLE,FRANCISCO I MADERO,CALLE,NINGUNO,CALLE,5 DE MAYO,CALLE,FRANCISCO SARABIA,162,,,,,,LOCALIDAD,JUAREZ CORONACO,,,,74116,21,PUEBLA,134,San Matías Tlalancaleca,0002,Juárez Coronaco,0059,019,2481999611,BETWAL14@GMAIL.COM,,Fijo,19.35956289,-98.53128088,2024-11,True,True,False,False,False,True,False,False,False,False,False,True,REVISAR,REVISAR,REVISAR,FILTRO_DENUE,REGLAS_DENUE,
10486885,21132812210001321000000000U8,LAVANDERIA LEON,,812210,Lavanderías y tintorerías,0 a 5 personas,CALLE,BENITO JUAREZ,PRIVADA,NINGUNO,CALLE,JOSEFA ORTIZ DE DOMINGUEZ,CALLE,CALLE DE LA CRUZ,,SN,,,,,COLONIA,BARRIO,,,,74120,21,PUEBLA,132,San Martín Texmelucan,0001,San Martín Texmelucan de Labastida,0548,001,,,,Fijo,19.30151777,-98.45542961,2024-11,True,True,False,False,False,True,False,False,False,False,False,True,REVISAR,REVISAR,REVISAR,FILTRO_DENUE,REGLAS_DENUE,
7546681,21114812210015521000000000U5,LAVANDERIA LEON,,812210,Lavanderías y tintorerías,0 a 5 personas,CALLE,14 SUR,CALLE,14 SUR,CALLE,NINGUNO,OTRO(ESPECIFIQUE),BARRANCO,1601,,,,,,COLONIA,LOS CIPRESES SAN JERONIMO CALERA,,,,72100,21,PUEBLA,114,Puebla,0001,Heroica Puebla de Zaragoza,5220,012,2227261313,,,Fijo,19.10212295,-98.22099443,2019-11,True,True,False,False,False,True,False,False,False,False,False,True,REVISAR,REVISAR,REVISAR,FILTRO_DENUE,REGLAS_DENUE,
9262295,21114812210019001000000000U4,LAVANDERIA LEONARDO,,812210,Lavanderías y tintorerías,0 a 5 personas,CALLE,DIAGONAL BENITO JUAREZ,PRIVADA,74 PONIENTE,CALLE,76 PONIENTE,CALLE,7 NORTE,7402,,,,,,COLONIA,20 DE NOVIEMBRE,,,,72230,21,PUEBLA,114,Puebla,0001,Heroica Puebla de Zaragoza,5004,002,,,,Fijo,19.07498821,-98.18748593,2020-11,True,True,False,False,False,True,False,False,False,False,False,True,REVISAR,REVISAR,REVISAR,FILTRO_DENUE,REGLAS_DENUE,
8804064,21114812210016861000000000U4,LAVANDERIA LILI,,812210,Lavanderías y tintorerías,0 a 5 personas,CALLE,VICENTE LOMBARDO TOLEDANO,CALLE,PLAYA NORTE,PRIVADA,PROGRESO,CALLE,CALLE DEL TRABAJO,,SN,,,,,COLONIA,HEROES DEL 5 DE MAYO,,,,72495,21,PUEBLA,114,Puebla,0001,Heroica Puebla de Zaragoza,556A,012,,,,Fijo,18.95434763,-98.24760288,2019-11,True,True,False,False,False,True,False,False,False,False,False,True,REVISAR,REVISAR,REVISAR,FILTRO_DENUE,REGLAS_DENUE,
9190437,21114812210018841000000000U4,LAVANDERIA LIVE CLEAN,,812210,Lavanderías y tintorerías,0 a 5 personas,AVENIDA,NACIONAL,CALLE,MORELOS,CERRADA,QUINTA CERRADA CAMINO NACIONAL,AVENIDA,MATAMOROS,619,,,,,,COLONIA,LEOBARDO COCA,,,,72450,21,PUEBLA,114,Puebla,0001,Heroica Puebla de Zaragoza,2423,033,2201751050,,,Fijo,19.01231458,-98.22923964,2019-11,True,True,False,False,False,True,False,False,False,False,False,True,REVISAR,REVISAR,REVISAR,FILTRO_DENUE,REGLAS_DENUE,
8657112,21041812210001051000000000U4,LAVANDERIA LOA,,812210,Lavanderías y tintorerías,0 a 5 personas,CALLE,XICOHTENCATL,PRIVADA,16 DE SEPTIEMBRE,CALLE,16 DE SEPTIEMBRE,CALLE,16 DE SEPTIEMBRE,1,,,,,,BARRIO,SAN JUAN CUAUTLANCINGO,,,,72700,21,PUEBLA,041,Cuautlancingo,0001,San Juan Cuautlancingo,0240,012,,,,Fijo,19.08891585,-98.27028065,2019-11,True,True,False,False,False,True,False,False,False,False,False,True,REVISAR,REVISAR,REVISAR,FILTRO_DENUE,REGLAS_DENUE,
11376336,21053812210000321000000000U7,LAVANDERIA LOLITA,,812210,Lavanderías y tintorerías,0 a 5 personas,CALLE,AQUILES SERDAN,CALLE,SEGUNDA NEGRETE,CALLE,SANCHEZ ROMANO,CALLE,JUSTO SIERRA,,SN,,,,,BARRIO,TEOCONCHILA,,,,73300,21,PUEBLA,053,Chignahuapan,0001,Ciudad de Chignahuapan,0256,009,7971009886,,,Fijo,19.84216059,-98.02930968,2024-11,True,True,False,False,False,True,False,False,False,False,False,True,REVISAR,REVISAR,REVISAR,FILTRO_DENUE,REGLAS_DENUE,
3369523,21114812210010321000000000U5,LAVANDERIA LOMA BELLA,,812210,Lavanderías y tintorerías,0 a 5 personas,ANDADOR,PLAZA MEXICO,RETORNO,OCTAVO RETORNO 5 A SUR,ANDADOR,SEXTO ANDADOR JARDINES DE LA 5 SUR,ANDADOR,PLAZA MEXICO,,SN,,,2,,OTRO,LOMA BELLA,,,,72490,21,PUEBLA,114,Puebla,0001,Heroica Puebla de Zaragoza,4063,002,2221073572,SALGADOROCIO71@GMAIL.COM,,Fijo,18.98892672,-98.23662087,2014-12,True,True,False,False,False,True,False,False,False,False,False,True,REVISAR,REVISAR,REVISAR,FILTRO_DENUE,REGLAS_DENUE,
3452306,21140812210000621000000000U5,LAVANDERIA LONDRES,,812210,Lavanderías y tintorerías,0 a 5 personas,CALLE,12 ORIENTE,PRIVADA,8 NORTE,CALLE,8 NORTE,CALLE,10 NORTE,804,,,,,,BARRIO,SAN MIGUEL TIANGUISNAHUAC,,,,72760,21,PUEBLA,140,San Pedro Cholula,0001,Cholula de Rivadavia,0501,003,2224384344,,,Fijo,19.06388304,-98.29860618,2010-07,True,True,False,False,False,True,False,False,False,False,False,True,REVISAR,REVISAR,REVISAR,FILTRO_DENUE,REGLAS_DENUE,
8089409,21074812210000441000000000U9,LAVANDERIA LONDRY CLOTHER,,812210,Lavanderías y tintorerías,0 a 5 personas,AVENIDA,VICENTE GUERRERO,CALLE,ALDAMA,CALLE,JOSE MARIA MORELOS,CALLE,AVENIDA LAS HUERTAS,512,,,,,,BARRIO,CUARTO BARRIO,,,,74160,21,PUEBLA,074,Huejotzingo,0001,Huejotzingo,0044,020,,,,Fijo,19.16213214,-98.40508793,2019-11,True,True,False,False,False,True,False,False,False,False,False,True,REVISAR,REVISAR,REVISAR,FILTRO_DENUE,REGLAS_DENUE,
11318631,21119812210002361000000000U0,LAVANDERIA LOS 4 PELUCHES,,812210,Lavanderías y tintorerías,0 a 5 personas,CALLE,8 NORTE,CALLE,8 ORIENTE,CALLE,6 ORIENTE,CALLE,NINGUNO,603,,,,,,BARRIO,SAN JUAN AQUIAHUAC,,,,72810,21,PUEBLA,119,San Andrés Cholula,0001,San Andrés Cholula,0090,035,3751430711,,,Fijo,19.05119683,-98.29175492,2024-11,True,True,False,False,False,True,False,False,False,False,False,True,REVISAR,REVISAR,REVISAR,FILTRO_DENUE,REGLAS_DENUE,
9615311,21041812210001101000000000U7,LAVANDERIA LOS ANGELES,,812210,Lavanderías y tintorerías,0 a 5 personas,CALLE,ESTACION CENTRAL,CIRCUITO,LA UNION,CIRCUITO,LOS ARCOS,OTRO(ESPECIFIQUE),BARDA,26,A,,,,,SECCION,MISIONES DE SAN FRANCISCO,,,,72680,21,PUEBLA,041,Cuautlancingo,0027,San Jacinto,0344,041,,,,Fijo,19.15609418,-98.25746673,2024-11,True,True,False,False,False,True,False,False,False,False,False,True,REVISAR,REVISAR,REVISAR,FILTRO_DENUE,REGLAS_DENUE,
10656807,21119812210002351000000000U1,LAVANDERIA LOS CISNES,,812210,Lavanderías y tintorerías,0 a 5 personas,PRIVADA,NINGUNO,PRIVADA,NINGUNO,PRIVADA,NINGUNO,PRIVADA,NINGUNO,,SN,,,,,COLONIA,SAN ANDRES CHOLULA,,,,72775,21,PUEBLA,119,San Andrés Cholula,0001,San Andrés Cholula,0279,007,,,,Fijo,19.04852942,-98.28377968,2024-11,True,True,False,False,False,True,False,False,False,False,False,True,REVISAR,REVISAR,REVISAR,FILTRO_DENUE,REGLAS_DENUE,
8081495,21106812210000021000000000U9,LAVANDERIA LOS DELFINES,,812210,Lavanderías y tintorerías,0 a 5 personas,CALLE,INDEPENDENCIA,CALLE,EMILIANO ZAPATA,CALLE,ALMAZAN,CALLE,IGNACIO ZARAGOZA,,SN,,,,,LOCALIDAD,SANTA MARIA MALACATEPEC,,,,72850,21,PUEBLA,106,Ocoyucan,0006,Santa María Malacatepec,0088,008,2221075951,,,Fijo,18.94357744,-98.30110748,2019-11,True,True,False,False,False,True,False,False,False,False,False,True,REVISAR,REVISAR,REVISAR,FILTRO_DENUE,REGLAS_DENUE,
8214557,21114812210017361000000000U4,LAVANDERIA LOS FLAMINGOS,,812210,Lavanderías y tintorerías,0 a 5 personas,AVENIDA,75 PONIENTE,PRIVADA,13 B SUR,PRIVADA,13 A SUR,AVENIDA,77 PONIENTE,1305,,,,,,COLONIA,SAN JOSE MAYORAZGO,,,,72450,21,PUEBLA,114,Puebla,0001,Heroica Puebla de Zaragoza,1514,024,2227074234,,,Fijo,19.01083927,-98.23069962,2019-11,True,True,False,False,False,True,False,False,False,False,False,True,REVISAR,REVISAR,REVISAR,FILTRO_DENUE,REGLAS_DENUE,
10981722,21114812210020881000000000U6,LAVANDERIA LOS GEMELOS,,812210,Lavanderías y tintorerías,0 a 5 personas,CALLE,VICENTE GUERRERO,PRIVADA,SEGUNDA GUERRERO,CALLE,PRIMERA VICENTE GUERRERO,CALLE,BENITO JUAREZ,,SN,,,,,LOCALIDAD,SAN MIGUEL CANOA,,,,72900,21,PUEBLA,114,Puebla,0211,San Miguel Canoa,0959,017,2211987981,,,Fijo,19.15039625,-98.10066563,2024-11,True,True,False,False,False,True,False,False,False,False,False,True,REVISAR,REVISAR,REVISAR,FILTRO_DENUE,REGLAS_DENUE,
9845985,21132812210001511000000000U4,LAVANDERIA LOS LAVADEROS,JUAN PEREZ,812210,Lavanderías y tintorerías,0 a 5 personas,CALLE,VILLA HERMOSA,PRIVADA,NINGUNO,CALLE,CALLE DE LOS LAVADEROS,PRIVADA,NINGUNO,,SN,,,,,LOCALIDAD,SAN RAFAEL TLANALAPAN,,,,74122,21,PUEBLA,132,San Martín Texmelucan,0013,San Rafael Tlanalapan,0459,022,,,,Fijo,19.27740189,-98.46299854,2024-11,True,True,False,False,False,True,False,False,False,False,False,True,REVISAR,REVISAR,REVISAR,FILTRO_DENUE,REGLAS_DENUE,
8090013,21034461110008381010000000U9,LAVANDERIA LOS LAVADEROS,,812210,Lavanderías y tintorerías,0 a 5 personas,AVENIDA,BENITO JUAREZ,AVENIDA,MIGUEL HIDALGO,AVENIDA,MORELOS,CALLE,VENUSTIANO CARRANZA,12,,,,,,BARRIO,SAN ANTONIO,,,,72620,21,PUEBLA,034,Coronango,0002,San Antonio Mihuacán,0091,001,,,,Fijo,19.15023813,-98.30692876,2019-11,True,True,False,False,False,True,False,False,False,False,False,True,REVISAR,REVISAR,REVISAR,FILTRO_DENUE,REGLAS_DENUE,
8724427,21114812210016201000000000U3,LAVANDERIA LOS MINIONS CLEAN,,812210,Lavanderías y tintorerías,0 a 5 personas,CALLE,NINGUNO,CALLE,NINGUNO,ANDADOR,PLAZA DEL PIRUL,ANDADOR,PLAZA DEL PIRUL,728,H,,,,,UNIDAD HABITACIONAL,SAN BARTOLO,,,,72470,21,PUEBLA,114,Puebla,0001,Heroica Puebla de Zaragoza,4114,010,2223568856,VAZQUEZMARIADELOUDES@GMAIL.COM,,Fijo,18.99322125,-98.24256167,2019-11,True,True,False,False,False,True,False,False,False,False,False,True,REVISAR,REVISAR,REVISAR,FILTRO_DENUE,REGLAS_DENUE,
11248741,21114812210021761000000000U9,LAVANDERIA LOS PAISAS,,812210,Lavanderías y tintorerías,0 a 5 personas,AVENIDA,AVENIDA DEL JARDIN,CALLE,NINGUNO,PRIVADA,NINGUNO,CALLE,NINGUNO,2239,,,1,,,COLONIA,SAN JOSE XILOTZINGO,CENTRO Y PLAZA COMERCIAL,PLAZA GAALLA,SN,72520,21,PUEBLA,114,Puebla,0001,Heroica Puebla de Zaragoza,4561,013,2221984297,LOSPAISASLAVANDERIA@GMAIL.COM,,Fijo,18.98890503,-98.19825776,2024-11,True,True,False,False,False,True,False,False,False,False,False,True,REVISAR,REVISAR,REVISAR,FILTRO_DENUE,REGLAS_DENUE,
8106106,21041812210000771000000000U8,LAVANDERIA LOS PEQUES,,812210,Lavanderías y tintorerías,0 a 5 personas,CALLE,ALDAMA,AVENIDA,PROLONGACION SAN JOAQUIN,CALLE,SAN RAFAEL,CALLE,ALDAMA,,SN,,,32,1,BARRIO,DEL CALVARIO,,,,72702,21,PUEBLA,041,Cuautlancingo,0001,San Juan Cuautlancingo,0109,015,2227700342,,,Fijo,19.10927655,-98.26660897,2019-11,True,True,False,False,False,True,False,False,False,False,False,True,REVISAR,REVISAR,REVISAR,FILTRO_DENUE,REGLAS_DENUE,
8308389,21114812210014541000000000U4,LAVANDERIA LOS REMEDIOS,,812210,Lavanderías y tintorerías,0 a 5 personas,CALLE,24 NORTE,PRIVADA,6 A ORIENTE,AVENIDA,2 ORIENTE,PRIVADA,26 NORTE,216,,,,,,COLONIA,RESURGIMIENTO,,,,72373,21,PUEBLA,114,Puebla,0001,Heroica Puebla de Zaragoza,0431,040,2229064294,,,Fijo,19.03904141,-98.18291966,2019-11,True,True,False,False,False,True,False,False,False,False,False,True,REVISAR,REVISAR,REVISAR,FILTRO_DENUE,REGLAS_DENUE,
9853238,21114812210019641000000000U7,LAVANDERIA LOS RONILLOS,,812210,Lavanderías y tintorerías,0 a 5 personas,CALLE,4 SUR,CALLE,VENUSTIANO CARRANZA,CALLE,EMILIANO ZAPATA,CALLE,6 SUR,8,,,,,,PUEBLO,SAN PEDRO ZACACHIMALPA,,,,72960,21,PUEBLA,114,Puebla,0232,San Pedro Zacachimalpa,5659,003,2221986541,,,Fijo,18.94117246,-98.15755952,2024-11,True,True,False,False,False,True,False,False,False,False,False,True,REVISAR,REVISAR,REVISAR,FILTRO_DENUE,REGLAS_DENUE,
11149643,21074812210000672000000000U9,LAVANDERIA LOS SOLARES,JOSE LUIS,812210,Lavanderías y tintorerías,6 a 10 personas,OTRO(ESPECIFIQUE),NINGUNO,OTRO(ESPECIFIQUE),NINGUNO,OTRO(ESPECIFIQUE),NINGUNO,OTRO(ESPECIFIQUE),NINGUNO,,SN,,,,,LOCALIDAD,SANTA ANA XALMIMILULCO,,,,74169,21,PUEBLA,074,Huejotzingo,0029,Santa Ana Xalmimilulco,0025,800,,,,Fijo,19.20557939,-98.36887278,2024-11,True,True,False,False,False,True,False,False,False,False,False,True,REVISAR,REVISAR,REVISAR,FILTRO_DENUE,REGLAS_DENUE,
11019180,21041812210001301000000000U3,LAVANDERIA LOS TESOROS,,812210,Lavanderías y tintorerías,0 a 5 personas,AVENIDA,REVOLUCION,AVENIDA,VICENTE GUERRERO,CALLE,AYUNTAMIENTO,AVENIDA,REVOLUCION,,SN,,,,,BARRIO,SAN MIGUEL CUENTLA,,,,72730,21,PUEBLA,041,Cuautlancingo,0008,Sanctorum,0202,002,,,,Fijo,19.10016429,-98.25349299,2024-11,True,True,False,False,False,True,False,False,False,False,False,True,REVISAR,REVISAR,REVISAR,FILTRO_DENUE,REGLAS_DENUE,
8119947,21132812210001031000000000U3,LAVANDERIA LOS VOLCANES,,812210,Lavanderías y tintorerías,0 a 5 personas,CALLE,AGUSTIN LARA,AVENIDA,AVENIDA DE LA JUVENTUD,CALLE,CUAUHTEMOC,CALLE,JUAN CRISOSTOMO BONILLA,104,,,,,,COLONIA,LOS DICIOS,,,,74080,21,PUEBLA,132,San Martín Texmelucan,0001,San Martín Texmelucan de Labastida,0406,020,,,,Fijo,19.28108384,-98.43878216,2019-11,True,True,False,False,False,True,False,False,False,False,False,True,REVISAR,REVISAR,REVISAR,FILTRO_DENUE,REGLAS_DENUE,
9986772,21114812210022111000000000U6,LAVANDERIA LOS VOLCANES,,812210,Lavanderías y tintorerías,0 a 5 personas,CALLE,17 SUR,CALLE,AVENIDA 35 PONIENTE,AVENIDA,33 PONIENTE,CALLE,19 SUR,3305,,,,,,COLONIA,VOLCANES,,,,72410,21,PUEBLA,114,Puebla,0001,Heroica Puebla de Zaragoza,3722,027,2211836410,LAVANDERIALOSVOLCANES3303@GMAIL.COM,,Fijo,19.03760427,-98.21783834,2024-11,True,True,False,False,False,True,False,False,False,False,False,True,REVISAR,REVISAR,REVISAR,FILTRO_DENUE,REGLAS_DENUE,
11559564,21053812210000371000000000U2,LAVANDERIA LR,,812210,Lavanderías y tintorerías,0 a 5 personas,CALLE,MIGUEL GASCA,CERRADA,MIGUEL GASCA,DIAGONAL,REVOLUCION,PRIVADA,PRIMERA PRIVADA DE GASCA,,SN,,,,,BARRIO,TOLTEMPAN,,,,73300,21,PUEBLA,053,Chignahuapan,0001,Ciudad de Chignahuapan,0398,019,7971312515,,,Fijo,19.83833202,-98.03993367,2024-11,True,True,False,False,False,True,False,False,False,False,False,True,REVISAR,REVISAR,REVISAR,FILTRO_DENUE,REGLAS_DENUE,
8703733,21015812210000221000000000U8,LAVANDERIA LUCY,,812210,Lavanderías y tintorerías,0 a 5 personas,CALLE,3 SUR,CALLE,5 PONIENTE,CARRETERA,FEDERAL PUEBLA-TEHUACAN,AVENIDA,REFORMA SUR,503,,,,,,COLONIA,CHACHAPA CENTRO,,,,72990,21,PUEBLA,015,Amozoc,0001,Amozoc de Mota,0467,015,,,,Fijo,19.04579095,-98.09585619,2019-11,True,True,False,False,False,True,False,False,False,False,False,True,REVISAR,REVISAR,REVISAR,FILTRO_DENUE,REGLAS_DENUE,
10539281,21114812210020271000000000U0,LAVANDERIA LUKY,,812210,Lavanderías y tintorerías,0 a 5 personas,AVENIDA,133 PONIENTE O DE LOS PINOS,CALLE,ANTIGUO CAMINO REAL A CASTILLOTLA,PRIVADA,D,PROLONGACION,PINOS,1538,7,,,,,COLONIA,SAN ISIDRO CASTILLOTLA,,,,72498,21,PUEBLA,114,Puebla,0001,Heroica Puebla de Zaragoza,5428,043,,,,Fijo,18.9804033,-98.26040538,2024-11,True,True,False,False,False,True,False,False,False,False,False,True,REVISAR,REVISAR,REVISAR,FILTRO_DENUE,REGLAS_DENUE,
3325286,21132812210000521000000000U4,LAVANDERIA LULU,,812210,Lavanderías y tintorerías,0 a 5 personas,CALLE,FRANCISCO I MADERO SUR,CALLE,JOSE MARIA MORELOS ORIENTE,AVENIDA,BENITO JUAREZ ORIENTE,CALLE,JOSEFA ORTIZ DE DOMINGUEZ NORTE,15,,,,,,COLONIA,DOMINGO ARENAS,,,,74050,21,PUEBLA,132,San Martín Texmelucan,0001,San Martín Texmelucan de Labastida,0054,022,,,,Fijo,19.28159693,-98.43067763,2014-12,True,True,False,False,False,True,False,False,False,False,False,True,REVISAR,REVISAR,REVISAR,FILTRO_DENUE,REGLAS_DENUE,
10615496,21114812210019591000000000U4,LAVANDERIA LUNA,,812210,Lavanderías y tintorerías,0 a 5 personas,PRIVADA,PRIMERA DE FRESNOS,CALLE,CAMINO REAL A ARENILLAS,AVENIDA,PANTEON,AVENIDA,PANTEON,,SN,,,,,COLONIA,ARENILLAS,,,,72595,21,PUEBLA,114,Puebla,0001,Heroica Puebla de Zaragoza,5502,016,,,,Fijo,18.9561539,-98.17010523,2024-11,True,True,False,False,False,True,False,False,False,False,False,True,REVISAR,REVISAR,REVISAR,FILTRO_DENUE,REGLAS_DENUE,
10213903,21114812210020101000000000U9,LAVANDERIA LUNA,,812210,Lavanderías y tintorerías,0 a 5 personas,CALLE,LAS HARAS,CALLE,NINGUNO,PRIVADA,LAS HARAS,CALLE,LA CANTERA,,SN,,,,,COLONIA,AMALUQUILLA,,,,72360,21,PUEBLA,114,Puebla,0001,Heroica Puebla de Zaragoza,677A,026,,,,Fijo,19.03910734,-98.13069534,2024-11,True,True,False,False,False,True,False,False,False,False,False,True,REVISAR,REVISAR,REVISAR,FILTRO_DENUE,REGLAS_DENUE,
7535943,21134812210000181000000000U3,LAVANDERIA LUPITA,,812210,Lavanderías y tintorerías,0 a 5 personas,CALLE,GUADALUPE,CALLE,CONCEPCION,CALLE,COLON,CALLE,CALLE DE LA CAMPANA,207,,,,,,LOCALIDAD,SAN MATIAS TLALANCALECA,,,,74110,21,PUEBLA,134,San Matías Tlalancaleca,0001,San Matías Tlalancaleca,003A,003,2481870093,,,Fijo,19.32566478,-98.49882743,2019-11,True,True,False,False,False,True,False,False,False,False,False,True,REVISAR,REVISAR,REVISAR,FILTRO_DENUE,REGLAS_DENUE,
11628828,21132812210001291000000000U3,LAVANDERIA LUPITA,,812210,Lavanderías y tintorerías,0 a 5 personas,AVENIDA,FLORENCIO ESPINOZA ORIENTE,CALLE,VICENTE GUERRERO NORTE,CALLE,CRISTOBAL COLON NORTE,AVENIDA,BENITO JUAREZ ORIENTE,610,,,,,,COLONIA,DOMINGO ARENAS,,,,74050,21,PUEBLA,132,San Martín Texmelucan,0001,San Martín Texmelucan de Labastida,0340,011,2481625123,,,Fijo,19.28280232,-98.42851553,2024-11,True,True,False,False,False,True,False,False,False,False,False,True,REVISAR,REVISAR,REVISAR,FILTRO_DENUE,REGLAS_DENUE,
3454452,21114812210001551000000000U8,LAVANDERIA LUPITA,,812210,Lavanderías y tintorerías,0 a 5 personas,AVENIDA,JUAREZ,CALLE,2 NORTE,CALLE,5 DE MAYO,AVENIDA,MANUEL AVILA CAMACHO,24,,,,,,COLONIA,EL SALVADOR,,,,72320,21,PUEBLA,114,Puebla,0001,Heroica Puebla de Zaragoza,3953,003,2212706618,,,Fijo,19.0407575,-98.14347533,2010-07,True,True,False,False,False,True,False,False,False,False,False,True,REVISAR,REVISAR,REVISAR,FILTRO_DENUE,REGLAS_DENUE,
9573427,21132812210001171000000000U7,LAVANDERIA LUPITA,,812210,Lavanderías y tintorerías,0 a 5 personas,PRIVADA,ISMAEL RONDEROS LOPEZ,CALLE,CARRILLO PUERTO,CALLE,ITURBIDE,CALLE,CARRILLO PUERTO,,SN,,,,,COLONIA,CENTRO,,,,74120,21,PUEBLA,132,San Martín Texmelucan,0001,San Martín Texmelucan de Labastida,0529,004,,,,Fijo,19.30511111,-98.44946228,2024-11,True,True,False,False,False,True,False,False,False,False,False,True,REVISAR,REVISAR,REVISAR,FILTRO_DENUE,REGLAS_DENUE,
8214747,21114812210017411100000000U7,LAVANDERIA LUPITA,,812210,Lavanderías y tintorerías,0 a 5 personas,PROLONGACION,14 SUR,PRIVADA,63 B ORIENTE,PRIVADA,63 C ORIENTE,PRIVADA,12 A SUR,6331,,,,,,COLONIA,LOMA LINDA,,,,72477,21,PUEBLA,114,Puebla,0001,Heroica Puebla de Zaragoza,5324,026,2224222076,,,Fijo,19.00321267,-98.20759226,2019-11,True,True,False,False,False,True,False,False,False,False,False,True,REVISAR,REVISAR,REVISAR,FILTRO_DENUE,REGLAS_DENUE,
8776533,21114812210015091100000000U9,LAVANDERIA LUPITA,,812210,Lavanderías y tintorerías,0 a 5 personas,CALLE,BRINDISI,CALLE,ACUEDUCTO,CALLE,MESINAS,CALLE,XALTIPAN O BARRANQUILLA,,SN,,,,,COLONIA,BRINDISI,,,,72210,21,PUEBLA,114,Puebla,0001,Heroica Puebla de Zaragoza,3351,034,2214238008,,,Fijo,19.07724478,-98.17640408,2019-11,True,True,False,False,False,True,False,False,False,False,False,True,REVISAR,REVISAR,REVISAR,FILTRO_DENUE,REGLAS_DENUE,
8121076,21074812210000511000000000U9,LAVANDERIA LUPITA,,812210,Lavanderías y tintorerías,0 a 5 personas,CALLE,NEZAHUALCOYOTL,AVENIDA,INSURGENTES,AVENIDA,EL CARMEN,CALLE,MOCTEZUMA,,SN,,,,,LOCALIDAD,HUEJOTZINGO,,,,74160,21,PUEBLA,074,Huejotzingo,0001,Huejotzingo,0063,043,,,,Fijo,19.1478766,-98.40352832,2019-11,True,True,False,False,False,True,False,False,False,False,False,True,REVISAR,REVISAR,REVISAR,FILTRO_DENUE,REGLAS_DENUE,
10354086,21114812210022011000000000U8,LAVANDERIA LYPAC,,812210,Lavanderías y tintorerías,0 a 5 personas,CALLE,13 SUR,AVENIDA,111 PONIENTE,CALLE,NINGUNO,ANDADOR,11 B SUR,11102,,,,,,FRACCIONAMIENTO,ECLIPSE,,,,72480,21,PUEBLA,114,Puebla,0001,Heroica Puebla de Zaragoza,6318,003,,,,Fijo,18.99496247,-98.245972,2024-11,True,True,False,False,False,True,False,False,False,False,False,True,REVISAR,REVISAR,REVISAR,FILTRO_DENUE,REGLAS_DENUE,
10964436,21119812210001991000000000U5,LAVANDERIA M,,812210,Lavanderías y tintorerías,0 a 5 personas,CALLE,2 ORIENTE,PRIVADA,2 ORIENTE,CALLE,2 NORTE,AVENIDA,MAXIMINO AVILA CAMACHO,7,,,,,,COLONIA,CENTRO,,,,72810,21,PUEBLA,119,San Andrés Cholula,0001,San Andrés Cholula,0207,017,,,,Fijo,19.05143139,-98.29816394,2024-11,True,True,False,False,False,True,False,False,False,False,False,True,REVISAR,REVISAR,REVISAR,FILTRO_DENUE,REGLAS_DENUE,
3475732,21114812210011691000000000U0,LAVANDERIA M.R.,,812210,Lavanderías y tintorerías,0 a 5 personas,PROLONGACION,LOPEZ RAYON,CALLE,XOLOC,CALLE,FUNDADORES,PROLONGACION,MELCHOR OCAMPO,2,,,,5,,COLONIA,IGNACIO ROMERO VARGAS,,,,72120,21,PUEBLA,114,Puebla,0001,Heroica Puebla de Zaragoza,3313,019,,,,Fijo,19.08323596,-98.24859906,2010-07,True,True,False,False,False,True,False,False,False,False,False,True,REVISAR,REVISAR,REVISAR,FILTRO_DENUE,REGLAS_DENUE,
10876257,21074812210000751000000000U1,LAVANDERIA MA & MA,,812210,Lavanderías y tintorerías,0 a 5 personas,CALLE,EL REBOZO,CALLE,VIOLETAS PONIENTE,CALLE,DOMINGO ARENAS,CALLE,PERITAS,4,,,,,,LOCALIDAD,SANTA ANA XALMIMILULCO,,,,74169,21,PUEBLA,074,Huejotzingo,0029,Santa Ana Xalmimilulco,0190,017,2271099351,,,Fijo,19.21136579,-98.38497712,2024-11,True,True,False,False,False,True,False,False,False,False,False,True,REVISAR,REVISAR,REVISAR,FILTRO_DENUE,REGLAS_DENUE,
9824246,21114812210020731000000000U3,LAVANDERIA MAESTRO LIMPIO,,812210,Lavanderías y tintorerías,0 a 5 personas,CALLE,PRINCIPAL DE LA RESURRECCION,CALLE,DURAZNO,CALLE,CHIRIMOYA,AVENIDA,LOS LAURELES,,SN,,,,,COLONIA,BOSQUES DE MANZANILLA,,,,72307,21,PUEBLA,114,Puebla,0001,Heroica Puebla de Zaragoza,1675,003,2224734493,,,Fijo,19.0611663,-98.14736397,2024-11,True,True,False,False,False,True,False,False,False,False,False,True,REVISAR,REVISAR,REVISAR,FILTRO_DENUE,REGLAS_DENUE,
3427213,21074812210000342001000000U9,LAVANDERIA MAGALY,,812210,Lavanderías y tintorerías,0 a 5 personas,CALLE,IXTACUIXTLA SUR,CALLE,PALMA,CALLE,VENUSTIANO CARRANZA,CALLE,PORFIRIO DIAZ,,SN,,,,,COLONIA,CENTRO,,,,74169,21,PUEBLA,074,Huejotzingo,0029,Santa Ana Xalmimilulco,0025,002,,,,Fijo,19.20645951,-98.37919106,2010-07,True,True,False,False,False,True,False,False,False,False,False,True,REVISAR,REVISAR,REVISAR,FILTRO_DENUE,REGLAS_DENUE,
10185110,21132812210001541000000000U1,LAVANDERIA MAGIC CLEAN,,812210,Lavanderías y tintorerías,0 a 5 personas,CALLE,JOSEFA ORTIZ DE DOMINGUEZ,AVENIDA,REFORMA,CALLE,MEXICO,PRIVADA,NINGUNO,,SN,,,,,PUEBLO,SAN LUCAS ATOYATENCO,,,,74120,21,PUEBLA,132,San Martín Texmelucan,0001,San Martín Texmelucan de Labastida,0389,003,2482167644,,,Fijo,19.27536684,-98.41589511,2024-11,True,True,False,False,False,True,False,False,False,False,False,True,REVISAR,REVISAR,REVISAR,FILTRO_DENUE,REGLAS_DENUE,
10036184,21119812210002101000000000U0,LAVANDERIA MAGIC CLEAN,LAVANDERIA MAGIC CLEAN,812210,Lavanderías y tintorerías,0 a 5 personas,CALLE,MANZANA O EDIFICACION CONTIGUA,PRIVADA,ATLIXCO,PRIVADA,PRIVADA DE LA CONCEPCION,PRIVADA,PRIVADA DE LA CONCEPCION,,SN,,,,,COLONIA,CONCEPCION LA CRUZ,,,,72836,21,PUEBLA,119,San Andrés Cholula,0013,San Bernardino Tlaxcalancingo,057A,037,2216450367,MAGIC.CLAEAN83@GMAIL.COM,,Fijo,19.0372025,-98.24821175,2024-11,True,True,False,False,False,True,False,False,False,False,False,True,REVISAR,REVISAR,REVISAR,FILTRO_DENUE,REGLAS_DENUE,
10289854,21119812210002091000000000U3,LAVANDERIA MAGIC CLEAN,,812210,Lavanderías y tintorerías,0 a 5 personas,CALLE,ANDROMEDA,CALLE,HACIENDA LA CAVIA,CALLE,HACIENDA ZOTOLUCA,CALLE,HACIENDA ZOTOLUCA,1013,,,,,,FRACCIONAMIENTO,GEOVILLAS LA HACIENDA,,,,72197,21,PUEBLA,119,San Andrés Cholula,0013,San Bernardino Tlaxcalancingo,0599,020,2227763339,JOSEFINAAMARO593@GMAIL.COM,,Fijo,19.02845363,-98.24834825,2024-11,True,True,False,False,False,True,False,False,False,False,False,True,REVISAR,REVISAR,REVISAR,FILTRO_DENUE,REGLAS_DENUE,
11407141,21143812210000081000000000U6,LAVANDERIA MAGIC WACH,,812210,Lavanderías y tintorerías,0 a 5 personas,CALLE,5 DE FEBRERO,CALLE,MIGUEL NEGRETE,CALLE,PARQUE CUAUHTEMOC,CALLE,RODOLFO M. BENAVIDES,,SN,,,,,LOCALIDAD,SAN SALVADOR EL VERDE,,,,74130,21,PUEBLA,143,San Salvador el Verde,0001,San Salvador el Verde,0062,014,,,,Fijo,19.27009175,-98.51748299,2024-11,True,True,False,False,False,True,False,False,False,False,False,True,REVISAR,REVISAR,REVISAR,FILTRO_DENUE,REGLAS_DENUE,
3463414,21114812210007371000000000U5,LAVANDERIA MAGO,,812210,Lavanderías y tintorerías,0 a 5 personas,AVENIDA,CHAPALA,CALLE,ZEMPOALA,PROLONGACION,AVENIDA BUGAMBILIAS,CALLE,LAGUNA TAMIAHUA,201,A,,,,,COLONIA,LAGULEÑA,,,,72580,21,PUEBLA,114,Puebla,0001,Heroica Puebla de Zaragoza,5339,036,2222334020,,,Fijo,19.00542439,-98.21527054,2010-07,True,True,False,False,False,True,False,False,False,False,False,True,REVISAR,REVISAR,REVISAR,FILTRO_DENUE,REGLAS_DENUE,
3366762,21114812210010761000000000U2,LAVANDERIA MAGY,,812210,Lavanderías y tintorerías,0 a 5 personas,CIRCUITO,JUAN PABLO II,AVENIDA,AQUILES SERDAN,CALLE,INDEPENDENCIA,PRIVADA,BENITO JUAREZ,438,,,,,,COLONIA,SAN BALTAZAR CAMPECHE,,,,72550,21,PUEBLA,114,Puebla,0001,Heroica Puebla de Zaragoza,0751,007,2213632937,,,Fijo,19.02007507,-98.20673895,2014-12,True,True,False,False,False,True,False,False,False,False,False,True,REVISAR,REVISAR,REVISAR,FILTRO_DENUE,REGLAS_DENUE,
11520682,21132812210001331000000000U7,LAVANDERIA MAJO,,812210,Lavanderías y tintorerías,0 a 5 personas,AVENIDA,REFORMA,CALLE,EMILIANO ZAPATA NORTE,AVENIDA,GENERAL FRANCISCO VILLA,CALLE,PRIMERA CERRADA DE EMILIANO ZAPATA NORTE,,SN,,,,,LOCALIDAD,SAN LUCAS ATOYATENCO,,,,74120,21,PUEBLA,132,San Martín Texmelucan,0001,San Martín Texmelucan de Labastida,0393,035,,,,Fijo,19.27789302,-98.42063924,2024-11,True,True,False,False,False,True,False,False,False,False,False,True,REVISAR,REVISAR,REVISAR,FILTRO_DENUE,REGLAS_DENUE,
8187417,21114812210018511000000000U3,LAVANDERIA MAJO,,812210,Lavanderías y tintorerías,0 a 5 personas,CALLE,133 ORIENTE,PRIVADA,2 C SUR,CALLE,2 B SUR,CALLE,2 C SUR,,SN,,,,,COLONIA,PEDREGAL DE GUADALUPE HIDALGO,,,,72494,21,PUEBLA,114,Puebla,0001,Heroica Puebla de Zaragoza,5733,014,2224454232,,,Fijo,18.96924875,-98.23562337,2019-11,True,True,False,False,False,True,False,False,False,False,False,True,REVISAR,REVISAR,REVISAR,FILTRO_DENUE,REGLAS_DENUE,
10601783,21114812210020991000000000U3,LAVANDERIA MALENSHY,,812210,Lavanderías y tintorerías,0 a 5 personas,CALLE,PRIMERO DE MAYO,CALLE,NINGUNO,CALLE,16 DE SEPTIEMBRE,CALLE,20 DE NOVIEMBRE,40,,,,,,COLONIA,3 DE MAYO,,,,72228,21,PUEBLA,114,Puebla,0001,Heroica Puebla de Zaragoza,1641,008,,,,Fijo,19.0859666,-98.16108886,2024-11,True,True,False,False,False,True,False,False,False,False,False,True,REVISAR,REVISAR,REVISAR,FILTRO_DENUE,REGLAS_DENUE,
3255960,21114812210006681100000000U8,LAVANDERIA MANCHITAS,,812210,Lavanderías y tintorerías,0 a 5 personas,PROLONGACION,2 NORTE,PRIVADA,NINGUNO,CALLE,PRIVADA 14 B PONIENTE,PRIVADA,5 DE MAYO,620,,,,,,COLONIA,TLANESSE,,,,72100,21,PUEBLA,114,Puebla,0001,Heroica Puebla de Zaragoza,5201,010,2215861668,,,Fijo,19.1044823,-98.22498389,2010-07,True,True,False,False,False,True,False,False,False,False,False,True,REVISAR,REVISAR,REVISAR,FILTRO_DENUE,REGLAS_DENUE,
8106485,21041812210000901000000000U1,LAVANDERIA MANHATTAN,,812210,Lavanderías y tintorerías,0 a 5 personas,CALLE,URANGA,CALLE,URANGA,CALLE,ALDAMA,CALLE,NINGUNO,,SN,,,,,LOCALIDAD,SANCTORUM,,,,72730,21,PUEBLA,041,Cuautlancingo,0008,Sanctorum,0151,001,,,,Fijo,19.09851854,-98.26400888,2019-11,True,True,False,False,False,True,False,False,False,False,False,True,REVISAR,REVISAR,REVISAR,FILTRO_DENUE,REGLAS_DENUE,
3335453,21119812210000841000000000U3,LAVANDERIA MANTOK,,812210,Lavanderías y tintorerías,0 a 5 personas,CALLE,13 ORIENTE,CALLE,2 SUR,AVENIDA,16 DE SEPTIEMBRE,CALLE,15 ORIENTE,1,3,,,,,BARRIO,SANTO NIÑO,,,,72810,21,PUEBLA,119,San Andrés Cholula,0001,San Andrés Cholula,0194,034,2226994098,,,Fijo,19.0454788,-98.30177352,2014-12,True,True,False,False,False,True,False,False,False,False,False,True,REVISAR,REVISAR,REVISAR,FILTRO_DENUE,REGLAS_DENUE,
3452827,21140812210000341000000000U0,LAVANDERIA MAR,,812210,Lavanderías y tintorerías,0 a 5 personas,AVENIDA,FORJADORES DE PUEBLA,CERRADA,CERRADA DE SAN JUAN II,PRIVADA,PRIVADA DE MENDOZA,PRIVADA,SEGUNDA DE SAN JUDAS,,SN,,,,,COLONIA,LOMAS DE SAN JUAN CUAUTLANCINGO,,,,72700,21,PUEBLA,140,San Pedro Cholula,0001,Cholula de Rivadavia,0319,003,,,,Fijo,19.07595682,-98.28295985,2010-07,True,True,False,False,False,True,False,False,False,False,False,True,REVISAR,REVISAR,REVISAR,FILTRO_DENUE,REGLAS_DENUE,
3472173,21114812210009771000000000U4,LAVANDERIA MAR,,812210,Lavanderías y tintorerías,0 a 5 personas,CALLE,JOSEFA ORTIZ DE DOMINGUEZ PONIENTE,CALLE,CUAUHTEMOC PONIENTE,CALLE,5 DE FEBRERO PONIENTE,CALLE,NINGUNO,127,,,,,,COLONIA,SAN FELIPE HUEYOTLIPAN,,,,72030,21,PUEBLA,114,Puebla,0001,Heroica Puebla de Zaragoza,2550,017,,,,Fijo,19.08874902,-98.2206791,2014-12,True,True,False,False,False,True,False,False,False,False,False,True,REVISAR,REVISAR,REVISAR,FILTRO_DENUE,REGLAS_DENUE,
10547936,21114812210021961000000000U5,LAVANDERIA MAR,KARINA RODRIGUEZ,812210,Lavanderías y tintorerías,0 a 5 personas,ANDADOR,SEGUNDA PLAZA DEL ROBLE,ANDADOR,SEGUNDA PLAZA DEL ROBLE,ANDADOR,SEGUNDA PLAZA DEL ROBLE,CALLE,RAFAEL CAÑEDO BENITEZ,3,B,,,2,,UNIDAD HABITACIONAL,SAN BARTOLO,,,,72470,21,PUEBLA,114,Puebla,0001,Heroica Puebla de Zaragoza,410A,020,2227422174,,,Fijo,18.99324774,-98.24028237,2024-11,True,True,False,False,False,True,False,False,False,False,False,True,REVISAR,REVISAR,REVISAR,FILTRO_DENUE,REGLAS_DENUE,
8150100,21114812210014871000000000U5,LAVANDERIA MAR BET,,812210,Lavanderías y tintorerías,0 a 5 personas,CALLE,21 SUR,CALLE,PRIVADA DE LA 27 PONIENTE,AVENIDA,31 PONIENTE,PRIVADA,CITLALTEPETL,2726,,,,,,COLONIA,VOLCANES,,,,72000,21,PUEBLA,114,Puebla,0001,Heroica Puebla de Zaragoza,3722,007,2226648710,,,Fijo,19.04073487,-98.21991991,2019-11,True,True,False,False,False,True,False,False,False,False,False,True,REVISAR,REVISAR,REVISAR,FILTRO_DENUE,REGLAS_DENUE,
3256905,21114812210004161000000000U3,LAVANDERIA MARAVILLAS,,812210,Lavanderías y tintorerías,0 a 5 personas,CALLE,CORDILLERA CENTRAL,CALLE,SIERRA MONTES URALES,CALLE,SIERRA NEVADA,CALLE,CORDILLERA DE LAS CASCADAS,2234,,,,,,FRACCIONAMIENTO,MARAVILLAS,,,,72220,21,PUEBLA,114,Puebla,0001,Heroica Puebla de Zaragoza,3440,001,,,,Fijo,19.07209904,-98.16700756,2010-07,True,True,False,False,False,True,False,False,False,False,False,True,REVISAR,REVISAR,REVISAR,FILTRO_DENUE,REGLAS_DENUE,
3408295,21114812210002901000000000U4,LAVANDERIA MARCLEAN,,812210,Lavanderías y tintorerías,0 a 5 personas,AVENIDA,21 PONIENTE,CALLE,5 SUR,PRIVADA,5 SUR A,AVENIDA,23 PONIENTE,505,,,,1,,COLONIA,CENTRO HISTORICO,,,,72423,21,PUEBLA,114,Puebla,0001,Heroica Puebla de Zaragoza,3741,020,,MARCLEAN@GMAIL.COM,,Fijo,19.03849284,-98.20641716,2010-07,True,True,False,False,False,True,False,False,False,False,False,True,REVISAR,REVISAR,REVISAR,FILTRO_DENUE,REGLAS_DENUE,
10045917,21119812210001961000000000U8,LAVANDERIA MARELY,,812210,Lavanderías y tintorerías,0 a 5 personas,CALLE,4 SUR,CALLE,TLATLAUQUITEPEC,PRIVADA,COMAC,CALLE,TETELA,,SN,,,,,PUEBLO,SAN RAFAEL COMAC,,,,72840,21,PUEBLA,119,San Andrés Cholula,0001,San Andrés Cholula,0086,029,2213919414,,,Fijo,19.03448619,-98.30730786,2024-11,True,True,False,False,False,True,False,False,False,False,False,True,REVISAR,REVISAR,REVISAR,FILTRO_DENUE,REGLAS_DENUE,
10199301,21015812210000471000000000U9,LAVANDERIA MARFE,,812210,Lavanderías y tintorerías,0 a 5 personas,AVENIDA,NACIONAL,CALLE,7 SUR,CALLE,3 DE MAYO,PRIVADA,PRIMERO DE MAYO,8,,,,,,COLONIA,SAN JUAN,,,,72990,21,PUEBLA,015,Amozoc,0001,Amozoc de Mota,0471,001,,,,Fijo,19.04205412,-98.10202811,2024-11,True,True,False,False,False,True,False,False,False,False,False,True,REVISAR,REVISAR,REVISAR,FILTRO_DENUE,REGLAS_DENUE,
7445395,21140812210001441000000000U7,LAVANDERIA MARGARITA,,812210,Lavanderías y tintorerías,0 a 5 personas,CALLE,16 ORIENTE,CALLE,8 NORTE,CALLE,6 NORTE,CALLE,14 ORIENTE,610,1,,,,,BARRIO,DE JESUS TLATEMPA,,,,72770,21,PUEBLA,140,San Pedro Cholula,0001,Cholula de Rivadavia,0501,009,,,,Fijo,19.06615769,-98.2989244,2019-11,True,True,False,False,False,True,False,False,False,False,False,True,REVISAR,REVISAR,REVISAR,FILTRO_DENUE,REGLAS_DENUE,
10656950,21143812210000111000000000U1,LAVANDERIA MARI,,812210,Lavanderías y tintorerías,0 a 5 personas,CALLE,CAMINO REAL IZTACCIHUATL,CALLE,CAMINO REAL IZTACCIHUATL,PRIVADA,NINGUNO,PRIVADA,NINGUNO,,SN,,,,,LOCALIDAD,ANALCO DE PONCIANO ARRIAGA,,,,74137,21,PUEBLA,143,San Salvador el Verde,0008,Analco de Ponciano Arriaga (Santa Cruz Analco),0170,015,,,,Fijo,19.26193187,-98.504543,2024-11,True,True,False,False,False,True,False,False,False,False,False,True,REVISAR,REVISAR,REVISAR,FILTRO_DENUE,REGLAS_DENUE,
10790146,21114812210019681000000000U3,LAVANDERIA MARIA LUISA,,812210,Lavanderías y tintorerías,0 a 5 personas,AVENIDA,GUADALUPE,CALLE,LADRILLERA,CALLE,SAN IGNACIO,CALLE,PINO SUAREZ,332,,,,,,COLONIA,GUADALUPE HIDALGO,,,,72490,21,PUEBLA,114,Puebla,0001,Heroica Puebla de Zaragoza,1942,032,2211904589,,,Fijo,18.96988134,-98.24257267,2024-11,True,True,False,False,False,True,False,False,False,False,False,True,REVISAR,REVISAR,REVISAR,FILTRO_DENUE,REGLAS_DENUE,
3370349,21114812210010931000000000U1,LAVANDERIA MARIANN,,812210,Lavanderías y tintorerías,0 a 5 personas,CALLE,LA MORA,PRIVADA,77 A ORIENTE,CALLE,UNIVERSIDAD AUTONOMA DE YUCATAN,CALLE,NINGUNO,7702,2,,,,,COLONIA,GRANJAS SAN ISIDRO,,,,72587,21,PUEBLA,114,Puebla,0001,Heroica Puebla de Zaragoza,5837,031,2225215458,,,Fijo,18.99466117,-98.21188704,2014-12,True,True,False,False,False,True,False,False,False,False,False,True,REVISAR,REVISAR,REVISAR,FILTRO_DENUE,REGLAS_DENUE,
11506157,21114812210022161000000000U1,LAVANDERIA MARLA,,812210,Lavanderías y tintorerías,0 a 5 personas,CALLE,CHABACANO,AVENIDA,BOSQUE DE MANZANILLA,AVENIDA,LOS LAURELES,CALLE,CIRUELO,,SN,,,,,COLONIA,BOSQUES DE MANZANILLA,,,,72307,21,PUEBLA,114,Puebla,0001,Heroica Puebla de Zaragoza,1675,021,2227435914,,,Fijo,19.06273782,-98.15012867,2024-11,True,True,False,False,False,True,False,False,False,False,False,True,REVISAR,REVISAR,REVISAR,FILTRO_DENUE,REGLAS_DENUE,
11241345,21114812210019251000000000U5,LAVANDERIA MARTINEZ,,812210,Lavanderías y tintorerías,0 a 5 personas,CALLE,NICOLAS BRAVO,CALLE,MIGUEL DE LA MADRID HURTADO,CALLE,VICENTE FOX QUESADA,CALLE,VENUSTIANO CARRANZA,,SN,,,,,COLONIA,SAN MIGUEL XONACATEPEC,,,,72940,21,PUEBLA,114,Puebla,0218,Santa María Xonacatepec,6248,009,,,,Fijo,19.07758932,-98.11618053,2024-11,True,True,False,False,False,True,False,False,False,False,False,True,REVISAR,REVISAR,REVISAR,FILTRO_DENUE,REGLAS_DENUE,
8803664,21114812210016841000000000U6,LAVANDERIA MARY,,812210,Lavanderías y tintorerías,0 a 5 personas,AVENIDA,22 ORIENTE,CALLE,40 NORTE,CALLE,NINGUNO,AVENIDA,22 ORIENTE,4003,A,,,,,COLONIA,ITURBIDE,,,,72270,21,PUEBLA,114,Puebla,0001,Heroica Puebla de Zaragoza,0446,051,,,,Fijo,19.05102985,-98.17008945,2019-11,True,True,False,False,False,True,False,False,False,False,False,True,REVISAR,REVISAR,REVISAR,FILTRO_DENUE,REGLAS_DENUE,
10714811,21140812210001751000000000U9,LAVANDERIA MARY,,812210,Lavanderías y tintorerías,0 a 5 personas,CALLE,27 PONIENTE,CALLE,3 SUR,AVENIDA,MIGUEL ALEMAN VALDES,AVENIDA,29 PONIENTE,105,A,,,,,BARRIO,LA MAGDALENA COAPA,,,,72762,21,PUEBLA,140,San Pedro Cholula,0001,Cholula de Rivadavia,0427,026,2223918028,,,Fijo,19.05079388,-98.31342225,2024-11,True,True,False,False,False,True,False,False,False,False,False,True,REVISAR,REVISAR,REVISAR,FILTRO_DENUE,REGLAS_DENUE,
9799052,21119812210002071000000000U5,LAVANDERIA MARY,ANTONIO VAZQUEZ,812210,Lavanderías y tintorerías,0 a 5 personas,CALLE,5 DE MAYO,CALLE,REFORMA,PRIVADA,5 DE MAYO,CALLE,2 PONIENTE,,SN,,,,,LOCALIDAD,SAN LUIS TEHUIYOLOCAN,,,,72848,21,PUEBLA,119,San Andrés Cholula,0009,San Luis Tehuiloyocan,0033,001,2223918028,,,Fijo,19.03912501,-98.33817193,2024-11,True,True,False,False,False,True,False,False,False,False,False,True,REVISAR,REVISAR,REVISAR,FILTRO_DENUE,REGLAS_DENUE,
8776900,21074812210000521000000000U8,LAVANDERIA MARY,,812210,Lavanderías y tintorerías,0 a 5 personas,CALLE,REAL DE PUEBLA,OTRO(ESPECIFIQUE),CULTIVO,CALLE,IXTACUIXTLA SUR,CALLE,NARCISO MENDOZA,10,,,,,,LOCALIDAD,SANTA ANA XALMIMILULCO,,,,74169,21,PUEBLA,074,Huejotzingo,0029,Santa Ana Xalmimilulco,0025,025,,,,Fijo,19.20780984,-98.37742389,2019-11,True,True,False,False,False,True,False,False,False,False,False,True,REVISAR,REVISAR,REVISAR,FILTRO_DENUE,REGLAS_DENUE,
3456357,21114812210007801000000000U1,LAVANDERIA MARYALE,,812210,Lavanderías y tintorerías,0 a 5 personas,CIRCUITO,CIRCUITO JUAN PABLO II,CALLE,SALTO DE AGUA,CALLE,CALLE DE BALVANERA,PRIVADA,COVADONGA,2429,,,,,,COLONIA,LA HACIENDA,,,,72570,21,PUEBLA,114,Puebla,0001,Heroica Puebla de Zaragoza,0821,019,2223660245,,,Fijo,19.01301267,-98.19195632,2010-07,True,True,False,False,False,True,False,False,False,False,False,True,REVISAR,REVISAR,REVISAR,FILTRO_DENUE,REGLAS_DENUE,
10547918,21114812210022051000000000U4,LAVANDERIA MAS CLEAN,,812210,Lavanderías y tintorerías,0 a 5 personas,CALLE,JOSE MARIA LAFRAGUA,CALLE,ALEJANDRO HUMBOLDT,PROLONGACION,24 SUR,CALLE,ALEJANDRO HUMBOLDT,,SN,,,,,BARRIO,SANTA CLARA LA VENTA,,,,72595,21,PUEBLA,114,Puebla,0001,Heroica Puebla de Zaragoza,2673,042,,,,Fijo,18.96814875,-98.19936043,2024-11,True,True,False,False,False,True,False,False,False,False,False,True,REVISAR,REVISAR,REVISAR,FILTRO_DENUE,REGLAS_DENUE,
3506367,21053812210000091000000000U6,LAVANDERIA MAS QUE LAVADO,,812210,Lavanderías y tintorerías,0 a 5 personas,BOULEVARD,GUSTAVO DIAZ ORDAZ,CALLE,PRIMERA CALLE DE HERMANOS MARQUEZ,CALLE,FRANCISCO MARQUEZ,CALLE,SEGUNDA CALLE DE GONZALO BAUTISTA,,SN,,,,,BARRIO,TEOTLALPAN,,,,73300,21,PUEBLA,053,Chignahuapan,0001,Ciudad de Chignahuapan,0275,026,,AIZIP_AXEL@HOTMAIL.COM,,Fijo,19.83374533,-98.03273989,2010-07,True,True,False,False,False,True,False,False,False,False,False,True,REVISAR,REVISAR,REVISAR,FILTRO_DENUE,REGLAS_DENUE,
8328970,21114812210015341000000000U8,LAVANDERIA MASTER,,812210,Lavanderías y tintorerías,0 a 5 personas,CALLE,CARRIL DE LA ROSA,AVENIDA,AVENIDA DE LA ROSA,ANDADOR,CARRIL DE LA ROSA,CERRADA,CERRADA DE LAS ROSAS,5008,,,,,,COLONIA,10 DE MAYO,,,,72270,21,PUEBLA,114,Puebla,0001,Heroica Puebla de Zaragoza,2279,008,2226705003,,,Fijo,19.05475555,-98.16698845,2019-11,True,True,False,False,False,True,False,False,False,False,False,True,REVISAR,REVISAR,REVISAR,FILTRO_DENUE,REGLAS_DENUE,
3366711,21114812210012851000000000U9,LAVANDERIA MAVI,,812210,Lavanderías y tintorerías,0 a 5 personas,AVENIDA,VICENTE GUERRERO,CALLE,2 SUR,CALLE,MIGUEL HIDALGO,AVENIDA,GUADALUPE VICTORIA,203,,,,,,COLONIA,GUADALUPE VICTORIA,,,,72550,21,PUEBLA,114,Puebla,0001,Heroica Puebla de Zaragoza,0747,045,2212624753,,,Fijo,19.02014053,-98.21073638,2014-12,True,True,False,False,False,True,False,False,False,False,False,True,REVISAR,REVISAR,REVISAR,FILTRO_DENUE,REGLAS_DENUE,
8825995,21114812210013962001000000U3,LAVANDERIA MAX,LAVANDERIA MAX,812210,Lavanderías y tintorerías,11 a 30 personas,CALLE,MIGUEL HIDALGO,AVENIDA,3 SUR,PRIVADA,NIÑO ARTILLERO,CALLE,INDEPENDENCIA,326,,,,,,COLONIA,GUADALUPE HIDALGO,,,,72490,21,PUEBLA,114,Puebla,0001,Heroica Puebla de Zaragoza,1942,002,,,,Fijo,18.9737308,-98.2413704,2019-11,True,True,False,False,False,True,False,False,False,False,False,True,REVISAR,REVISAR,REVISAR,FILTRO_DENUE,REGLAS_DENUE,
3336281,21119812210000741000000000U5,LAVANDERIA MAX,JESSICA LAVANDERIA,812210,Lavanderías y tintorerías,0 a 5 personas,CALLE,4 NORTE,AVENIDA,14 ORIENTE,CALLE,12 ORIENTE,CALLE,2 NORTE,1203,,,,,,COLONIA,SAN ANDRES CHOLULA,,,,72810,21,PUEBLA,119,San Andrés Cholula,0001,San Andrés Cholula,0207,044,2213776889,,,Fijo,19.05499761,-98.29374169,2014-12,True,True,False,False,False,True,False,False,False,False,False,True,REVISAR,REVISAR,REVISAR,FILTRO_DENUE,REGLAS_DENUE,
11538051,21114812210020871000000000U7,LAVANDERIA MAXI CLEAN,,812210,Lavanderías y tintorerías,0 a 5 personas,CALLE,24 DE MAYO,PRIVADA,2 DE ABRIL,PRIVADA,24 DE MAYO,AVENIDA,CIUDAD MILITAR,12,,,,,,COLONIA,IGNACIO ZARAGOZA,,,,72380,21,PUEBLA,114,Puebla,0001,Heroica Puebla de Zaragoza,3830,003,2229788835,,,Fijo,19.0300588,-98.17592985,2024-11,True,True,False,False,False,True,False,False,False,False,False,True,REVISAR,REVISAR,REVISAR,FILTRO_DENUE,REGLAS_DENUE,
3329934,21041812210000371000000000U7,LAVANDERIA MAYLEN,,812210,Lavanderías y tintorerías,0 a 5 personas,CALLE,URANGA,CALLE,NINGUNO,CALLE,SAN ISIDRO,CALLE,URANGA,,SN,,,,,BARRIO,DEL CALVARIO,,,,72700,21,PUEBLA,041,Cuautlancingo,0001,San Juan Cuautlancingo,0109,032,,,,Fijo,19.10180221,-98.26742485,2014-12,True,True,False,False,False,True,False,False,False,False,False,True,REVISAR,REVISAR,REVISAR,FILTRO_DENUE,REGLAS_DENUE,
8234288,21114812210016561000000000U0,LAVANDERIA MAYO,,812210,Lavanderías y tintorerías,0 a 5 personas,AVENIDA,B CHUMACERO,CALLE,57 ORIENTE,ANDADOR,ANDADOR DE LOS REMEDIOS,ANDADOR,ANDADOR DE LOS REMEDIOS,,SN,,,,,CONJUNTO HABITACIONAL,LA MARGARITA,,,,72560,21,PUEBLA,114,Puebla,0001,Heroica Puebla de Zaragoza,2052,023,,,,Fijo,19.00684537,-98.18731929,2019-11,True,True,False,False,False,True,False,False,False,False,False,True,REVISAR,REVISAR,REVISAR,FILTRO_DENUE,REGLAS_DENUE,
10745637,21114812210019621000000000U9,LAVANDERIA MAYTEY,,812210,Lavanderías y tintorerías,0 a 5 personas,CALLE,DIAGONAL BENITO JUAREZ,AVENIDA,68 PONIENTE,AVENIDA,66 PONIENTE,CALLE,7 NORTE,6603,,,,,,COLONIA,GUADALUPE VICTORIA,,,,72230,21,PUEBLA,114,Puebla,0001,Heroica Puebla de Zaragoza,3510,031,,,,Fijo,19.07119244,-98.18823836,2024-11,True,True,False,False,False,True,False,False,False,False,False,True,REVISAR,REVISAR,REVISAR,FILTRO_DENUE,REGLAS_DENUE,
10547070,21114812210022531000000000U5,LAVANDERIA MEGA,,812210,Lavanderías y tintorerías,0 a 5 personas,CALLE,MAMEY,AVENIDA,BOSQUE DE MANZANILLA,AVENIDA,LOS LAURELES,CALLE,MANZANO,,SN,,,,,COLONIA,BOSQUES DE MANZANILLA,,,,72307,21,PUEBLA,114,Puebla,0001,Heroica Puebla de Zaragoza,442A,002,2216704688,,,Fijo,19.06638645,-98.14618676,2024-11,True,True,False,False,False,True,False,False,False,False,False,True,REVISAR,REVISAR,REVISAR,FILTRO_DENUE,REGLAS_DENUE,
3443856,21114812210005091000000000U1,LAVANDERIA MELI,LAVANDERIA MELI,812210,Lavanderías y tintorerías,0 a 5 personas,AVENIDA,ROBLE,AVENIDA,AVENIDA DE LAS TORRES,RETORNO,AHUEHUETE,CALLE,NINGUNO,72,B,,,,,COLONIA,INFONAVIT AMALUCAN,,,,72310,21,PUEBLA,114,Puebla,0001,Heroica Puebla de Zaragoza,2419,035,2212204936,,,Fijo,19.05106943,-98.14798833,2010-07,True,True,False,False,False,True,False,False,False,False,False,True,REVISAR,REVISAR,REVISAR,FILTRO_DENUE,REGLAS_DENUE,
3431232,21140812210000391000000000U5,LAVANDERIA METROPOLIS,,812210,Lavanderías y tintorerías,0 a 5 personas,CALLE,3 SUR,AVENIDA,17 PONIENTE,AVENIDA,15 PONIENTE,CALLE,5 SUR,1516,A,,,,,BARRIO,SANTA MARIA XIXITLA,,,,72762,21,PUEBLA,140,San Pedro Cholula,0001,Cholula de Rivadavia,0060,014,,,,Fijo,19.05579787,-98.31194644,2010-07,True,True,False,False,False,True,False,False,False,False,False,True,REVISAR,REVISAR,REVISAR,FILTRO_DENUE,REGLAS_DENUE,
10086701,21074812210000601000000000U8,LAVANDERIA MEXICO,,812210,Lavanderías y tintorerías,0 a 5 personas,CALLE,AQUILES SERDAN NORTE,CALLE,SAN MARTIN,CALLE,CALLE DEL PRADO,CALLE,SAN MARTIN,8,,,,,,PUEBLO,SANTA ANA XALMIMINULCO,,,,74169,21,PUEBLA,074,Huejotzingo,0029,Santa Ana Xalmimilulco,0190,018,2229026114,,,Fijo,19.21429934,-98.38564064,2024-11,True,True,False,False,False,True,False,False,False,False,False,True,REVISAR,REVISAR,REVISAR,FILTRO_DENUE,REGLAS_DENUE,
10822412,21119812210002011000000000U1,LAVANDERIA MI ANYDY,CRISTIAN MINTO,812210,Lavanderías y tintorerías,0 a 5 personas,CALLE,29 ORIENTE,CALLE,9 SUR,CALLE,PRIMERA PRIVADA DE LA 17 PONIENTE,AVENIDA,17 PONIENTE,404,,,,,,LOCALIDAD,SAN ANDRES CHOLULA,,,,72800,21,PUEBLA,119,San Andrés Cholula,0001,San Andrés Cholula,0160,006,2212369004,,,Fijo,19.04802524,-98.30969916,2024-11,True,True,False,False,False,True,False,False,False,False,False,True,REVISAR,REVISAR,REVISAR,FILTRO_DENUE,REGLAS_DENUE,
3513531,21114812210010021000000000U1,LAVANDERIA MI LUPITA,,812210,Lavanderías y tintorerías,0 a 5 personas,DIAGONAL,16 A SUR,PRIVADA,93 B ORIENTE,CALLE,91 ORIENTE,CERRADA,16 C SUR,9109,,,,,,COLONIA,GRANJAS DE SAN ISIDRO,,,,72587,21,PUEBLA,114,Puebla,0001,Heroica Puebla de Zaragoza,5841,005,2221501949,,,Fijo,18.98900137,-98.21016758,2014-12,True,True,False,False,False,True,False,False,False,False,False,True,REVISAR,REVISAR,REVISAR,FILTRO_DENUE,REGLAS_DENUE,
10377212,21041812210001431000000000U8,LAVANDERIA MI NINA,,812210,Lavanderías y tintorerías,0 a 5 personas,AVENIDA,PUEBLA,CALLE,JOSEFA ORTIZ DE DOMINGUEZ,PRIVADA,NINGUNO,OTRO(ESPECIFIQUE),RIO,,SN,,,,,LOCALIDAD,SANTORUM,,,,72730,21,PUEBLA,041,Cuautlancingo,0008,Sanctorum,0221,019,2221613194,,,Fijo,19.09369438,-98.24264087,2024-11,True,True,False,False,False,True,False,False,False,False,False,True,REVISAR,REVISAR,REVISAR,FILTRO_DENUE,REGLAS_DENUE,
7583736,21132434211000621110000000U8,LAVANDERIA MIA,,812210,Lavanderías y tintorerías,0 a 5 personas,CALLE,FRANCISCO I. MADERO NORTE,CALLE,Xicohténcatl,BOULEVARD,Progreso Oriente,CALLE,Josefa Ortiz de Domínguez Norte,207,,,,,,COLONIA,DOMINGO ARENAS,,,,74050,21,PUEBLA,132,San Martín Texmelucan,0001,San Martín Texmelucan de Labastida,0020,039,2486881872,,,Fijo,19.28457607,-98.43017458,2019-11,True,True,False,False,False,True,False,False,False,False,False,True,REVISAR,REVISAR,REVISAR,FILTRO_DENUE,REGLAS_DENUE,
11818488,21114812210022791000000000U5,LAVANDERIA MIAMI LAUNDRY,,812210,Lavanderías y tintorerías,0 a 5 personas,AVENIDA,GRAN AVENIDA,AVENIDA,15 de Mayo,AVENIDA,Enrique Rébsamen,AVENIDA,Luis Casarrubias,2234,,,,10,,COLONIA,DEL MAESTRO FEDERAL,,,,72080,21,PUEBLA,114,Puebla,0001,Heroica Puebla de Zaragoza,4237,007,2228644770,,,Fijo,19.06345417,-98.20895183,2025-04,True,True,False,False,False,True,False,False,False,False,False,True,REVISAR,REVISAR,REVISAR,FILTRO_DENUE,REGLAS_DENUE,
3458592,21114812210003021000000000U0,LAVANDERIA MILI,,812210,Lavanderías y tintorerías,0 a 5 personas,CALLE,IGNACIO ALDAMA,CALLE,JOSEFA ORTIZ DE DOMINGUEZ,PRIVADA,JOSE MARIANO JIMENEZ,CALLE,MIGUEL HIDALGO,,SN,,,,,COLONIA,VILLA LAS FLORES,,,,72560,21,PUEBLA,114,Puebla,0001,Heroica Puebla de Zaragoza,3987,018,2223734684,,,Fijo,19.01529869,-98.18208222,2010-07,True,True,False,False,False,True,False,False,False,False,False,True,REVISAR,REVISAR,REVISAR,FILTRO_DENUE,REGLAS_DENUE,
3369976,21114461190010441010000000U9,LAVANDERIA MILLAN,,812210,Lavanderías y tintorerías,0 a 5 personas,BOULEVARD,JOSE MARIA LAFRAGUA,CALLE,FRAY ANDRES TOMAS DE CASILLAS,CALLE,FRAY PEDRO DE GANTE,CALLE,SANTO TOMAS DE AQUINO,7904,,,,,,COLONIA,TRES CRUCES,,,,72595,21,PUEBLA,114,Puebla,0001,Heroica Puebla de Zaragoza,1798,006,,,,Fijo,18.99394809,-98.19546337,2026-04,True,True,False,False,False,True,False,False,False,False,False,True,REVISAR,REVISAR,REVISAR,FILTRO_DENUE,REGLAS_DENUE,
3263505,21132812210000241000000000U9,LAVANDERIA MILY,,812210,Lavanderías y tintorerías,0 a 5 personas,CALLE,5 DE MAYO NORTE,CALLE,MANUEL AVILA CAMACHO,AVENIDA,FLORENCIO ESPINOSA ORIENTE,CALLE,16 DE SEPTIEMBRE NORTE,104,,,,,,COLONIA,CENTRO,,,,74000,21,PUEBLA,132,San Martín Texmelucan,0001,San Martín Texmelucan de Labastida,0020,019,2481145604,,,Fijo,19.28398394,-98.43351687,2010-07,True,True,False,False,False,True,False,False,False,False,False,True,REVISAR,REVISAR,REVISAR,FILTRO_DENUE,REGLAS_DENUE,
3457624,21114812210003971000000000U6,LAVANDERIA MINI,,812210,Lavanderías y tintorerías,0 a 5 personas,BOULEVARD,GENERAL GUADALUPE VICTORIA,CALLE,SECCION E,CALLE,24 SUR,CIRCUITO,GUADALUPE SUR,1,B,,,,,COLONIA,UNIDAD GUADALUPE,,,,72560,21,PUEBLA,114,Puebla,0001,Heroica Puebla de Zaragoza,0785,043,2225199198,,,Fijo,19.01582096,-98.19227854,2010-07,True,True,False,False,False,True,False,False,False,False,False,True,REVISAR,REVISAR,REVISAR,FILTRO_DENUE,REGLAS_DENUE,
11429037,21132812210001211000000000U1,LAVANDERIA MINY,,812210,Lavanderías y tintorerías,0 a 5 personas,BOULEVARD,LICENCIADO B G PEREZ DE A,PRIVADA,ZARAGOZA NORTE,CALLE,ESTADO DE VERACRUZ,PRIVADA,ALVARO LECHUGA,115,B,,,,,COLONIA,MORELOS,,,,74020,21,PUEBLA,132,San Martín Texmelucan,0001,San Martín Texmelucan de Labastida,0321,037,2481663368,,,Fijo,19.28823911,-98.43605521,2024-11,True,True,False,False,False,True,False,False,False,False,False,True,REVISAR,REVISAR,REVISAR,FILTRO_DENUE,REGLAS_DENUE,
3463935,21114812210012421000000000U1,LAVANDERIA MIRIAM,,812210,Lavanderías y tintorerías,0 a 5 personas,CALLE,29 SUR,PRIVADA,131 A PONIENTE,AVENIDA,131 PONIENTE,AVENIDA,27 SUR,2717,B,,,0,A,FRACCIONAMIENTO,HACIENDA SANTA CLARA,,,,72422,21,PUEBLA,114,Puebla,0001,Heroica Puebla de Zaragoza,6337,002,2223223054,,,Fijo,18.98890253,-98.27013324,2010-07,True,True,False,False,False,True,False,False,False,False,False,True,REVISAR,REVISAR,REVISAR,FILTRO_DENUE,REGLAS_DENUE,
10257614,21114812210019661000000000U5,LAVANDERIA MIS PRINCESAS,,812210,Lavanderías y tintorerías,0 a 5 personas,CALLE,16 DE SEPTIEMBRE,CALLE,21 DE MARZO,CALLE,6 DE ENERO,CALLE,INDEPENDENCIA,,SN,,,,,COLONIA,3 DE MAYO,,,,72228,21,PUEBLA,114,Puebla,0001,Heroica Puebla de Zaragoza,2762,021,,,,Fijo,19.08846218,-98.16007016,2024-11,True,True,False,False,False,True,False,False,False,False,False,True,REVISAR,REVISAR,REVISAR,FILTRO_DENUE,REGLAS_DENUE,
11349499,21114812210019971000000000U8,LAVANDERIA MONA,,812210,Lavanderías y tintorerías,0 a 5 personas,CALLE,17 DE ENERO,CALLE,SAN ANTONIO,AVENIDA,16 DE SEPTIEMBRE,CALLE,15 DE MAYO,7,,,,,,COLONIA,SAN ANTONIO ABAD,,,,72314,21,PUEBLA,114,Puebla,0001,Heroica Puebla de Zaragoza,4468,005,2227787389,,,Fijo,19.06163684,-98.14274677,2024-11,True,True,False,False,False,True,False,False,False,False,False,True,REVISAR,REVISAR,REVISAR,FILTRO_DENUE,REGLAS_DENUE,
3419353,21114812210004771000000000U9,LAVANDERIA MONSE,,812210,Lavanderías y tintorerías,0 a 5 personas,AVENIDA,3 DE MAYO,CALLE,25 DE NOVIEMBRE,AVENIDA,AQUILES SERDAN,AVENIDA,GUADALUPE VICTORIA,604,,,,,,COLONIA,SAN BALTAZAR CAMPECHE,,,,72550,21,PUEBLA,114,Puebla,0001,Heroica Puebla de Zaragoza,0751,020,2212473962,,,Fijo,19.01658795,-98.20764761,2010-07,True,True,False,False,False,True,False,False,False,False,False,True,REVISAR,REVISAR,REVISAR,FILTRO_DENUE,REGLAS_DENUE,
8214548,21114812210017351000000000U5,LAVANDERIA MONSERRAT,,812210,Lavanderías y tintorerías,0 a 5 personas,ANDADOR,ANDADOR DEL ALCANFOR,ANDADOR,PLAZA DEL ALCANFOR,CIRCUITO,SAN BARTOLO SUR A,ANDADOR,PLAZA DEL ALCANFOR,34,C,,,1,,UNIDAD HABITACIONAL,SAN BARTOLO,,,,72470,21,PUEBLA,114,Puebla,0001,Heroica Puebla de Zaragoza,410A,028,2224370222,,WWW.SKRDOM.COM,Fijo,18.99116307,-98.23811342,2019-11,True,True,False,False,False,True,False,False,False,False,False,True,REVISAR,REVISAR,REVISAR,FILTRO_DENUE,REGLAS_DENUE,
3374491,21114812210010711000000000U7,LAVANDERIA MONY,,812210,Lavanderías y tintorerías,0 a 5 personas,CALLE,LAZARO CARDENAS,PRIVADA,5 DE FEBRERO,CALLE,5 DE MAYO,CALLE,FRANCISCO I. MADERO,1531,A,,,,,COLONIA,TRES CERRITOS,,,,72480,21,PUEBLA,114,Puebla,0001,Heroica Puebla de Zaragoza,4650,018,,,,Fijo,18.99573309,-98.24948889,2014-12,True,True,False,False,False,True,False,False,False,False,False,True,REVISAR,REVISAR,REVISAR,FILTRO_DENUE,REGLAS_DENUE,
3356168,21114812210012381000000000U7,LAVANDERIA MORA,,812210,Lavanderías y tintorerías,0 a 5 personas,BOULEVARD,MARGARITAS,OTRO(ESPECIFIQUE),NINGUNO,BOULEVARD,HACIENDAS,PRIVADA,PORTALES PONIENTE,,SN,,,,,FRACCIONAMIENTO,LOS CAPULINES II,,,,72310,21,PUEBLA,114,Puebla,0001,Heroica Puebla de Zaragoza,6286,013,2223168054,,,Fijo,19.05752934,-98.13072523,2014-12,True,True,False,False,False,True,False,False,False,False,False,True,REVISAR,REVISAR,REVISAR,FILTRO_DENUE,REGLAS_DENUE,
8271627,21132812210000851000000000U5,LAVANDERIA MORELOS,,812210,Lavanderías y tintorerías,0 a 5 personas,CALLE,REFORMA SUR,PRIVADA,NINGUNO,CALLEJON,GUERRERO,CALLE,SOLA (VERACRUZ),,SN,,,,,PUEBLO,SAN BALTAZAR TEMAXCALAC,,,,74126,21,PUEBLA,132,San Martín Texmelucan,0015,Santa María Moyotzingo,0497,017,,,,Fijo,19.26269995,-98.40829928,2019-11,True,True,False,False,False,True,False,False,False,False,False,True,REVISAR,REVISAR,REVISAR,FILTRO_DENUE,REGLAS_DENUE,
3267977,21132812210000261000000000U7,LAVANDERIA MORMAC,,812210,Lavanderías y tintorerías,0 a 5 personas,BOULEVARD,XICOHTENCATL,CALLE,11 DE NOVIEMBRE,AVENIDA,7 DE NOVIEMBRE,AVENIDA,LUIS N MORONES,612,,,9,,,COLONIA,SAN DAMIAN,CENTRO Y PLAZA COMERCIAL,PLAZA CRYSTAL,84,74059,21,PUEBLA,132,San Martín Texmelucan,0001,San Martín Texmelucan de Labastida,0355,003,2481122406,MORMAC2010@HOTMAIL.COM,,Fijo,19.28813142,-98.42299439,2010-07,True,True,False,False,False,True,False,False,False,False,False,True,REVISAR,REVISAR,REVISAR,FILTRO_DENUE,REGLAS_DENUE,
8804107,21114812210016881000000000U2,LAVANDERIA MOTEL EL PARAISO,,812210,Lavanderías y tintorerías,0 a 5 personas,CALLE,BUGAMBILIAS,CALLE,FRESNO,CALLE,FLOR DEL BOSQUE,CALLE,TULIPANES,,SN,,,,,COLONIA,EL PARAISO,,,,72350,21,PUEBLA,114,Puebla,0001,Heroica Puebla de Zaragoza,677A,029,2225858585,,,Fijo,19.03837505,-98.12466132,2019-11,True,True,False,False,False,True,False,False,False,False,False,True,REVISAR,REVISAR,REVISAR,FILTRO_DENUE,REGLAS_DENUE,
11643058,21114812210020771000000000U9,LAVANDERIA MR,,812210,Lavanderías y tintorerías,0 a 5 personas,CALLE,FUNDADORES,PROLONGACION,MELCHOR OCAMPO,PROLONGACION,LOPEZ RAYON,CALLE,XOLOC,,SN,,,,,COLONIA,IGNACIO ROMERO VARGAS,,,,72120,21,PUEBLA,114,Puebla,0001,Heroica Puebla de Zaragoza,3313,019,,,,Fijo,19.08327074,-98.24790623,2024-11,True,True,False,False,False,True,False,False,False,False,False,True,REVISAR,REVISAR,REVISAR,FILTRO_DENUE,REGLAS_DENUE,
9978507,21132812210001391000000000U1,LAVANDERIA MR BUBBLES,,812210,Lavanderías y tintorerías,0 a 5 personas,CALLE,CUARTA DE EMILIANO ZAPATA,CALLE,CUAUHTEMOC,PRIVADA,NINGUNO,BOULEVARD,AUTOPISTA MEXICO PUEBLA,60,,,,,,PUEBLO,SANTA CATARINA HUEYATZACOALCO,,,,74125,21,PUEBLA,132,San Martín Texmelucan,0001,San Martín Texmelucan de Labastida,0247,009,2481566894,,,Fijo,19.28252054,-98.45606256,2024-11,True,True,False,False,False,True,False,False,False,False,False,True,REVISAR,REVISAR,REVISAR,FILTRO_DENUE,REGLAS_DENUE,
7596190,21114812210016941000000000U4,LAVANDERIA MR BURBUJA,,812210,Lavanderías y tintorerías,0 a 5 personas,CALLE,7 NORTE,CALLE,14 PONIENTE,CALLE,12 PONIENTE,CALLE,5 NORTE,,SN,,,,,COLONIA,LA LIBERTAD,,,,72130,21,PUEBLA,114,Puebla,0001,Heroica Puebla de Zaragoza,3370,017,2216313168,,,Fijo,19.07660863,-98.23648727,2019-11,True,True,False,False,False,True,False,False,False,False,False,True,REVISAR,REVISAR,REVISAR,FILTRO_DENUE,REGLAS_DENUE,
10467023,21041812210001411000000000U0,LAVANDERIA MR CLEAN,,812210,Lavanderías y tintorerías,0 a 5 personas,CALLE,PRIVADA LAZARO CARDENAS,CALLE,PRIVADA LAZARO CARDENAS,CALLE,PRIVADA LAZARO CARDENAS,CALLE,NINGUNO,,SN,,,,,FRACCIONAMIENTO,NINGUNO,,,,72680,21,PUEBLA,041,Cuautlancingo,0027,San Jacinto,0382,035,,,,Fijo,19.14894238,-98.26607325,2024-11,True,True,False,False,False,True,False,False,False,False,False,True,REVISAR,REVISAR,REVISAR,FILTRO_DENUE,REGLAS_DENUE,
9537198,21132812210001381000000000U2,LAVANDERIA MR CLEAN,,812210,Lavanderías y tintorerías,0 a 5 personas,CALLE,BENITO JUAREZ,CALLE,GUADALUPE VICTORIA,CALLE,CAMINO REAL NORTE,CALLE,NINGUNO,14,,,,,,PUEBLO,SAN BALTAZAR TEMAXCALAC,,,,74126,21,PUEBLA,132,San Martín Texmelucan,0015,Santa María Moyotzingo,0618,004,2481724697,,,Fijo,19.26468071,-98.40554813,2024-11,True,True,False,False,False,True,False,False,False,False,False,True,REVISAR,REVISAR,REVISAR,FILTRO_DENUE,REGLAS_DENUE,
10945679,21114812210022571000000000U1,LAVANDERIA MUNDO AZUL,,812210,Lavanderías y tintorerías,0 a 5 personas,CALLE,46 PONIENTE,CALLE,5 NORTE,CALLE,7 NORTE,DIAGONAL,DEFENSORES DE LA REPUBLICA,514,A,,,,,COLONIA,SANTA MARIA,,,,72080,21,PUEBLA,114,Puebla,0001,Heroica Puebla de Zaragoza,3578,027,,,,Fijo,19.06429547,-98.19266738,2024-11,True,True,False,False,False,True,False,False,False,False,False,True,REVISAR,REVISAR,REVISAR,FILTRO_DENUE,REGLAS_DENUE,
11255589,21074812210000961000000000U6,LAVANDERIA NATALI,,812210,Lavanderías y tintorerías,0 a 5 personas,CALLE,TECAYAHUATZIN,CALLE,FRAY JUAN DE ALAMEDA,CALLE,CAMINO,OTRO(ESPECIFIQUE),CULTIVO,240,,,,,A,FRACCIONAMIENTO,VALLE SAN MIGUEL,,,,74160,21,PUEBLA,074,Huejotzingo,0115,Valle de San Miguel,0400,023,2271381162,,,Fijo,19.14298651,-98.41374356,2024-11,True,True,False,False,False,True,False,False,False,False,False,True,REVISAR,REVISAR,REVISAR,FILTRO_DENUE,REGLAS_DENUE,
8666237,21015812210000261000000000U4,LAVANDERIA NEW METROPOLITAN,,812210,Lavanderías y tintorerías,0 a 5 personas,CALLE,CARRETERA FEDERAL PUEBLA A TEHUACAN,PRIVADA,NINGUNO,CALLE,5 SUR,PRIVADA,PROLONGACION 7 PONIENTE,525,C,,,,,BARRIO,SANTIAGO,,,,72980,21,PUEBLA,015,Amozoc,0001,Amozoc de Mota,0293,030,2224617294,CLARAMARIACG@HOTMAIL.COM,,Fijo,19.04212971,-98.04784047,2019-11,True,True,False,False,False,True,False,False,False,False,False,True,REVISAR,REVISAR,REVISAR,FILTRO_DENUE,REGLAS_DENUE,
11667221,21114812210020701000000000U6,LAVANDERIA NICTE,,812210,Lavanderías y tintorerías,0 a 5 personas,CALLE,8 SUR,PRIVADA,8 SUR,CALLE,5 ORIENTE,PRIVADA,8 SUR,305,,,,,,COLONIA,LA LIBERTAD,,,,72130,21,PUEBLA,114,Puebla,0001,Heroica Puebla de Zaragoza,0198,039,,,,Fijo,19.06669109,-98.23151067,2024-11,True,True,False,False,False,True,False,False,False,False,False,True,REVISAR,REVISAR,REVISAR,FILTRO_DENUE,REGLAS_DENUE,
3428103,21074812210000192001000000U8,LAVANDERIA NOVALAV,,812210,Lavanderías y tintorerías,11 a 30 personas,CALLE,LINDA VISTA,CALLE,SAN BARTOLO,CALLE,JOSEFA ORTIZ DE DOMINGUEZ,CALLE,DIVISION DEL NORTE,3,,,,,,COLONIA,SANTA CRUZ,,,,74196,21,PUEBLA,074,Huejotzingo,0029,Santa Ana Xalmimilulco,0203,011,2211141002,,,Fijo,19.21681889,-98.38075285,2010-07,True,True,False,False,False,True,False,False,False,False,False,True,REVISAR,REVISAR,REVISAR,FILTRO_DENUE,REGLAS_DENUE,
11744835,21119812210002441000000000U0,LAVANDERIA NUEVA GENERACION,,812210,Lavanderías y tintorerías,0 a 5 personas,CALLE,10 ORIENTE,CALLE,4 Norte,CALLE,6 Norte,CALLE,12 Oriente,402,,,,,,BARRIO,SANTIAGO XICOTENCO,,,,72810,21,PUEBLA,119,San Andrés Cholula,0001,San Andrés Cholula,0207,038,,,,Fijo,19.0538152,-98.29379312,2025-04,True,True,False,False,False,True,False,False,False,False,False,True,REVISAR,REVISAR,REVISAR,FILTRO_DENUE,REGLAS_DENUE,
9131206,21114812210018791000000000U1,LAVANDERIA NUEVA SANTA,,812210,Lavanderías y tintorerías,0 a 5 personas,BOULEVARD,SAN APARICIO SUR,CALLE,NINGUNO,CALLE,NINGUNO,CALLE,NINGUNO,10000,6,,,,,UNIDAD HABITACIONAL,RINCON SAN APARICIO,,,,72228,21,PUEBLA,114,Puebla,0001,Heroica Puebla de Zaragoza,588A,024,,,,Fijo,19.08922418,-98.16781249,2019-11,True,True,False,False,False,True,False,False,False,False,False,True,REVISAR,REVISAR,REVISAR,FILTRO_DENUE,REGLAS_DENUE,
3363191,21114812210009742001000000U5,LAVANDERIA OCTOPUSY,,812210,Lavanderías y tintorerías,0 a 5 personas,CALLE,RUA DE JADE,BOULEVARD,BOULEVARD DE LA PERLA,CALLE,RUA DE DIAMANTE,CALLE,RUA DE ESMERALDA,13519,A,,,,,FRACCIONAMIENTO,LA JOYA,,,,72520,21,PUEBLA,114,Puebla,0001,Heroica Puebla de Zaragoza,1779,008,,,,Fijo,19.01777388,-98.17817768,2014-12,True,True,False,False,False,True,False,False,False,False,False,True,REVISAR,REVISAR,REVISAR,FILTRO_DENUE,REGLAS_DENUE,
3514899,21114812210009591000000000U6,LAVANDERIA OKEY,,812210,Lavanderías y tintorerías,0 a 5 personas,CALLE,CAMINO A XILOTZINGO,CALLE,GAVILANES,PRIVADA,XILOTZINGO,PRIVADA,EL PARRAL,2231,,,,8,,BARRIO,SAN JUAN,,,,72583,21,PUEBLA,114,Puebla,0001,Heroica Puebla de Zaragoza,4580,014,,,,Fijo,18.98529522,-98.20188569,2014-12,True,True,False,False,False,True,False,False,False,False,False,True,REVISAR,REVISAR,REVISAR,FILTRO_DENUE,REGLAS_DENUE,
11154206,21132812210001251000000000U7,LAVANDERIA OLE,,812210,Lavanderías y tintorerías,0 a 5 personas,CALLE,PRIMAVERA,AVENIDA,20 DE NOVIEMBRE,CALLE,NINGUNO,CALLE,URSULO GALVAN,33,,,,,,LOCALIDAD,SANTA MARIA MOYOTZINGO,,,,74129,21,PUEBLA,132,San Martín Texmelucan,0015,Santa María Moyotzingo,0463,043,,,,Fijo,19.24253081,-98.40193378,2024-11,True,True,False,False,False,True,False,False,False,False,False,True,REVISAR,REVISAR,REVISAR,FILTRO_DENUE,REGLAS_DENUE,
10913706,21114812210020421000000000U1,LAVANDERIA OLIMPIA,,812210,Lavanderías y tintorerías,0 a 5 personas,CALLE,ANTONIO ARELLANO,BOULEVARD,CLAVIJERO,CALLE,GREGORIO DE GANTE,CALLE,ENRIQUE CORDERO,,SN,,,,,COLONIA,FCO JAVIER CLAVIJERO,,,,72390,21,PUEBLA,114,Puebla,0001,Heroica Puebla de Zaragoza,1533,004,2223356121,,,Fijo,19.02878834,-98.14167205,2024-11,True,True,False,False,False,True,False,False,False,False,False,True,REVISAR,REVISAR,REVISAR,FILTRO_DENUE,REGLAS_DENUE,
3438395,21114812210006151000000000U2,LAVANDERIA OLIN,,812210,Lavanderías y tintorerías,0 a 5 personas,CALLE,YELIZTLI,CALLE,OLIN,CALLE,CEMMANCA,AVENIDA,EJIDO,15,A,,,,,CONJUNTO HABITACIONAL,OLIN,,,,72735,21,PUEBLA,114,Puebla,0001,Heroica Puebla de Zaragoza,3084,016,2224095027,,,Fijo,19.06080981,-98.26546038,2010-07,True,True,False,False,False,True,False,False,False,False,False,True,REVISAR,REVISAR,REVISAR,FILTRO_DENUE,REGLAS_DENUE,
10550259,21119812210002171000000000U3,LAVANDERIA OLMOS,LETICIA CORREA,812210,Lavanderías y tintorerías,0 a 5 personas,AVENIDA,CENTRAL SUR,AVENIDA,CENTRAL SUR,CALLE,CONSTITUCION,CALLE,LAS MARIAS,,SN,,,,,BARRIO,SAN DIEGO XOCHILTEPEC,,,,72821,21,PUEBLA,119,San Andrés Cholula,0013,San Bernardino Tlaxcalancingo,0353,008,2212882053,,,Fijo,19.02351315,-98.27996704,2024-11,True,True,False,False,False,True,False,False,False,False,False,True,REVISAR,REVISAR,REVISAR,FILTRO_DENUE,REGLAS_DENUE,
8214594,21114812210017371000000000U3,LAVANDERIA OLYPAC,,812210,Lavanderías y tintorerías,0 a 5 personas,PRIVADA,NINGUNO,PRIVADA,NINGUNO,PRIVADA,NINGUNO,OTRO(ESPECIFIQUE),NINGUNO,904,D,EDIFICIO SIN NOMBRE,1,1,,UNIDAD HABITACIONAL,AGUA SANTA,OTRO,SIN NOMBRE,SN,72490,21,PUEBLA,114,Puebla,0001,Heroica Puebla de Zaragoza,4152,029,2214400572,,,Fijo,18.98884147,-98.24449149,2019-11,True,True,False,False,False,True,False,False,False,False,False,True,REVISAR,REVISAR,REVISAR,FILTRO_DENUE,REGLAS_DENUE,
8186355,21114812210018311000000000U8,LAVANDERIA OMICLIN,,812210,Lavanderías y tintorerías,0 a 5 personas,CERRADA,OCTAVA CERRADA SANTA ELENA,CALLE,SANTA ROSA,CALLE,SANTA ELENA,CERRADA,NOVENA SANTA ELENA,4,D,,,,,FRACCIONAMIENTO,JARDINES DE SANTA ROSA,,,,72495,21,PUEBLA,114,Puebla,0001,Heroica Puebla de Zaragoza,5930,007,,,,Fijo,18.96847396,-98.24597083,2019-11,True,True,False,False,False,True,False,False,False,False,False,True,REVISAR,REVISAR,REVISAR,FILTRO_DENUE,REGLAS_DENUE,
11090303,21114812210022151000000000U2,LAVANDERIA ONE CLEAN,,812210,Lavanderías y tintorerías,0 a 5 personas,CALLE,SAN LUIS POTOSI,PRIVADA,VIOLETA,AVENIDA,27 SUR,CALLE,SAN LUIS POTOSI,,SN,,,2,,COLONIA,LAS CARMELITAS,,,,72498,21,PUEBLA,114,Puebla,0001,Heroica Puebla de Zaragoza,5589,036,2227655260,,,Fijo,18.98832062,-98.26872774,2024-11,True,True,False,False,False,True,False,False,False,False,False,True,REVISAR,REVISAR,REVISAR,FILTRO_DENUE,REGLAS_DENUE,
3321879,21132812210000611000000000U3,LAVANDERIA ORION,,812210,Lavanderías y tintorerías,0 a 5 personas,CALLE,ORION,AVENIDA,ALVARO OBREGON,CALLE,LLANO GRANDE,PRIVADA,ALVARO OBREGON,17,,,,,,FRACCIONAMIENTO,ESTRELLA,,,,74120,21,PUEBLA,132,San Martín Texmelucan,0013,San Rafael Tlanalapan,029A,043,2481141958,,,Fijo,19.28833736,-98.45336334,2014-12,True,True,False,False,False,True,False,False,False,False,False,True,REVISAR,REVISAR,REVISAR,FILTRO_DENUE,REGLAS_DENUE,
10073930,21015812210000541000000000U9,LAVANDERIA ORQUIDEA,,812210,Lavanderías y tintorerías,0 a 5 personas,CALLE,VILLA RICA,CALLE,VILLA LAS FLORES,CALLE,MIXCOATL,CALLE,VILLA LAZARO CARDENAS,15,,,,,,COLONIA,VILLAS AMOZOC,,,,72980,21,PUEBLA,015,Amozoc,0001,Amozoc de Mota,0113,053,2224874686,,,Fijo,19.02928548,-98.03651125,2024-11,True,True,False,False,False,True,False,False,False,False,False,True,REVISAR,REVISAR,REVISAR,FILTRO_DENUE,REGLAS_DENUE,
3411356,21114812210003901000000000U3,LAVANDERIA OSGUISURA,,812210,Lavanderías y tintorerías,0 a 5 personas,CALLE,2 J,CALLE,4 J,CALLE,3 J,BOULEVARD,LATERAL AUTOPISTA,,SN,,,,,FRACCIONAMIENTO,COLON,,,,72310,21,PUEBLA,114,Puebla,0001,Heroica Puebla de Zaragoza,481A,041,,,,Fijo,19.06623396,-98.1213072,2010-07,True,True,False,False,False,True,False,False,False,False,False,True,REVISAR,REVISAR,REVISAR,FILTRO_DENUE,REGLAS_DENUE,
7568837,21119812210001591000000000U3,LAVANDERIA PA LAVAR,,812210,Lavanderías y tintorerías,0 a 5 personas,CALLE,POLUX ORIENTE,CALLE,CHABACANOS,CALLE,ORION NORTE,PRIVADA,ROBLE,5666,,,,,,COLONIA,EMILIANO ZAPATA,,,,72842,21,PUEBLA,119,San Andrés Cholula,0013,San Bernardino Tlaxcalancingo,0419,023,2229598959,,,Fijo,19.02768642,-98.25876895,2019-11,True,True,False,False,False,True,False,False,False,False,False,True,REVISAR,REVISAR,REVISAR,FILTRO_DENUE,REGLAS_DENUE,
7610535,21140812210001291000000000U6,LAVANDERIA PANCHITO,,812210,Lavanderías y tintorerías,0 a 5 personas,AVENIDA,23 ORIENTE,CALLE,4 SUR,CALLE,6 SUR,AVENIDA,25 ORIENTE,414,A,,,,,BARRIO,MEXICALTZINGO,,,,72762,21,PUEBLA,140,San Pedro Cholula,0001,Cholula de Rivadavia,0412,003,2221611579,,,Fijo,19.0505825,-98.30837762,2019-11,True,True,False,False,False,True,False,False,False,False,False,True,REVISAR,REVISAR,REVISAR,FILTRO_DENUE,REGLAS_DENUE,
8154990,21140812210001221000000000U3,LAVANDERIA PAPAQUI,,812210,Lavanderías y tintorerías,0 a 5 personas,CALLE,PRIMERA DE REVOLUCION,CALLE,FRANCISCO VILLA,PRIVADA,NINGUNO,CALLE,FRANCISCO VILLA,,SN,,,,,LOCALIDAD,C PRIMERA DE REVOLUCION,,,,72750,21,PUEBLA,140,San Pedro Cholula,0001,Cholula de Rivadavia,015A,001,,,,Fijo,19.09607595,-98.30538261,2019-11,True,True,False,False,False,True,False,False,False,False,False,True,REVISAR,REVISAR,REVISAR,FILTRO_DENUE,REGLAS_DENUE,
3505952,21053812210000021000000000U3,LAVANDERIA PATY,,812210,Lavanderías y tintorerías,0 a 5 personas,CALLE,TERCERA CALLE DE ALDAMA,CALLE,TERCERA CALLE DE CUAUHTEMOC,CALLE,7 ORIENTE,CALLE,2 SUR,,SN,,,,,COLONIA,CENTRO,,,,73300,21,PUEBLA,053,Chignahuapan,0001,Ciudad de Chignahuapan,0275,001,,,,Fijo,19.83636479,-98.02958278,2010-07,True,True,False,False,False,True,False,False,False,False,False,True,REVISAR,REVISAR,REVISAR,FILTRO_DENUE,REGLAS_DENUE,
9500940,21041812210001291000000000U6,LAVANDERIA PAU,,812210,Lavanderías y tintorerías,0 a 5 personas,CALLE,FRANCISCO I MADERO,PRIVADA,NINGUNO,AVENIDA,AYUNTAMIENTO,AVENIDA,AYUNTAMIENTO,3,A,,,,,BARRIO,BAJIO,,,,72700,21,PUEBLA,041,Cuautlancingo,0001,San Juan Cuautlancingo,0062,025,2218283102,,,Fijo,19.08789268,-98.27273846,2024-11,True,True,False,False,False,True,False,False,False,False,False,True,REVISAR,REVISAR,REVISAR,FILTRO_DENUE,REGLAS_DENUE,
7743034,21136812210000041000000000U4,LAVANDERIA PAVON,,812210,Lavanderías y tintorerías,0 a 5 personas,AVENIDA,BENITO JUAREZ,CALLE,ARBOLEDAS DEL RIO PRIETO,PRIVADA,NINGUNO,CALLE,ARBOLEDAS DEL RIO PRIETO,69,,,,,,LOCALIDAD,SAN MIGUEL XOXTLA,,,,72620,21,PUEBLA,136,San Miguel Xoxtla,0001,San Miguel Xoxtla,0034,006,2213768147,,,Fijo,19.17304314,-98.30836328,2019-11,True,True,False,False,False,True,False,False,False,False,False,True,REVISAR,REVISAR,REVISAR,FILTRO_DENUE,REGLAS_DENUE,
8155042,21140461110016301010000000U2,LAVANDERIA PEPES,,812210,Lavanderías y tintorerías,0 a 5 personas,CALLE,NINGUNO,CALLE,PENSADOR MEXICANO (REAL A HUEJOTZINGO),CALLE,BRECHA CAMINO A OCOTLAN,CALLE,BRECHA CAMINO A OCOTLAN,,SN,,,,,LOCALIDAD,NUEVO LEÓN,,,,72750,21,PUEBLA,140,San Pedro Cholula,0001,Cholula de Rivadavia,0234,004,,,,Fijo,19.09984557,-98.29776047,2019-11,True,True,False,False,False,True,False,False,False,False,False,True,REVISAR,REVISAR,REVISAR,FILTRO_DENUE,REGLAS_DENUE,
8077118,21132812210000941000000000U4,LAVANDERIA PEREZ,,812210,Lavanderías y tintorerías,0 a 5 personas,CALLE,IGNACIO ZARAGOZA SUR,CALLE,JUAN ALDAMA,CALLE,JUAN CRISOSTOMO BONILLA,CALLE,INDEPENDENCIA SUR,410,,,,,,COLONIA,LOS DICIOS,,,,74080,21,PUEBLA,132,San Martín Texmelucan,0001,San Martín Texmelucan de Labastida,0374,014,2481658894,,,Fijo,19.2792291,-98.4367317,2019-11,True,True,False,False,False,True,False,False,False,False,False,True,REVISAR,REVISAR,REVISAR,FILTRO_DENUE,REGLAS_DENUE,
8800796,21114812210014661000000000U0,LAVANDERIA PILY,,812210,Lavanderías y tintorerías,0 a 5 personas,CALLE,27 SUR,AVENIDA,35 PONIENTE,CALLE,AVENIDA 37 PONIENTE,CALLE,25 SUR,3502,,,,,,COLONIA,BENITO JUAREZ,,,,72310,21,PUEBLA,114,Puebla,0001,Heroica Puebla de Zaragoza,2461,016,,,,Fijo,19.04082756,-98.22577654,2019-11,True,True,False,False,False,True,False,False,False,False,False,True,REVISAR,REVISAR,REVISAR,FILTRO_DENUE,REGLAS_DENUE,
3340145,21114812210013051000000000U9,LAVANDERIA PINK WASH,,812210,Lavanderías y tintorerías,0 a 5 personas,CALLE,14 SUR,CALLE,2 ORIENTE,CALLE,CAMINO REAL A SAN JERONIMO,CALLE,16 SUR,22,,,,3,,COLONIA,GUADALUPE CALERAS,,,,72100,21,PUEBLA,114,Puebla,0001,Heroica Puebla de Zaragoza,4824,004,,,,Fijo,19.0997275,-98.22193735,2014-12,True,True,False,False,False,True,False,False,False,False,False,True,REVISAR,REVISAR,REVISAR,FILTRO_DENUE,REGLAS_DENUE,
10325840,21015812210000501000000000U3,LAVANDERIA PISCIS,,812210,Lavanderías y tintorerías,0 a 5 personas,CALLE,3 PONIENTE,CALLE,3 SUR,AVENIDA,REFORMA SUR,CALLE,5 PONIENTE,103,,,,,,COLONIA,CHACHAPA CENTRO,,,,72990,21,PUEBLA,015,Amozoc,0001,Amozoc de Mota,0467,010,,,,Fijo,19.04681114,-98.095128,2024-11,True,True,False,False,False,True,False,False,False,False,False,True,REVISAR,REVISAR,REVISAR,FILTRO_DENUE,REGLAS_DENUE,
11580049,21074812210000901000000000U2,LAVANDERIA PLANCHADO Y TINTORERIA BUDY 24,,812210,Lavanderías y tintorerías,0 a 5 personas,CALLE,AVENIDA LAS HUERTAS,CALLE,ALDAMA,CALLE,JOSE MARIA MORELOS,AVENIDA,VICENTE GUERRERO,,SN,,,,,BARRIO,CUARTO BARRIO,,,,74160,21,PUEBLA,074,Huejotzingo,0001,Huejotzingo,0044,020,2227176165,,,Fijo,19.16172427,-98.40434779,2024-11,True,True,False,False,True,True,False,False,True,False,False,True,REVISAR,REVISAR,REVISAR,FILTRO_DENUE,REGLAS_DENUE,
8325090,21114812210017861000000000U3,LAVANDERIA PLANCHADURIA Y TINTORERIA CLOUNDRY,,812210,Lavanderías y tintorerías,0 a 5 personas,AVENIDA,AVENIDA DE LOS EDUCADORES,CALLE,ROSAURA ZAPATA,CALLE,JOSE MARIA LAFRAGUA,CALLE,ENRIQUE REBSAMEN,5663,,,,,,COLONIA,SATELITE,,,,72320,21,PUEBLA,114,Puebla,0001,Heroica Puebla de Zaragoza,3648,037,,,,Fijo,19.04441663,-98.14773545,2019-11,True,True,False,False,True,True,False,False,False,False,False,True,REVISAR,REVISAR,REVISAR,FILTRO_DENUE,REGLAS_DENUE,
9061594,21114812210018661000000000U6,LAVANDERIA POLAR,,812210,Lavanderías y tintorerías,0 a 5 personas,AVENIDA,MATAMOROS,PRIVADA,LA VILLA,CALLE,MORELOS,CALLE,SEGUNDA DE BENITO JUAREZ,,SN,,,,,COLONIA,LEONARDO COCA,,,,72450,21,PUEBLA,114,Puebla,0001,Heroica Puebla de Zaragoza,2423,023,2224974227,,,Fijo,19.01149098,-98.22808729,2019-11,True,True,False,False,False,True,False,False,False,False,False,True,REVISAR,REVISAR,REVISAR,FILTRO_DENUE,REGLAS_DENUE,
10408842,21114812210021071000000000U3,LAVANDERIA POLIWASH,,812210,Lavanderías y tintorerías,0 a 5 personas,CALLE,CAMINO LA PILA,PRIVADA,EMILIANO ZAPATA,CALLE,TULIPANES,CALLE,CRISANTEMO,,SN,,,,,COLONIA,VALLE DE LAS FLORES,,,,72229,21,PUEBLA,114,Puebla,0001,Heroica Puebla de Zaragoza,5894,001,2227757503,,,Fijo,19.07550731,-98.1284749,2024-11,True,True,False,False,False,True,False,False,False,False,False,True,REVISAR,REVISAR,REVISAR,FILTRO_DENUE,REGLAS_DENUE,
11700757,21114812210019771000000000U2,LAVANDERIA POSEIDON,MONICA SANCHEZ,812210,Lavanderías y tintorerías,0 a 5 personas,CALLE,HOMERO,CALLE,ORQUIDEA,CALLE,GLADIOLA,CALLE,PLATON,10830,A,,,,,COLONIA,REAL DE GUADALUPE,,,,72016,21,PUEBLA,114,Puebla,0001,Heroica Puebla de Zaragoza,6144,005,,,,Fijo,19.09059459,-98.17889976,2024-11,True,True,False,False,False,True,False,False,False,False,False,True,REVISAR,REVISAR,REVISAR,FILTRO_DENUE,REGLAS_DENUE,
10561044,21180812210000051000000000U1,LAVANDERIA POWER CLEAN,,812210,Lavanderías y tintorerías,0 a 5 personas,AVENIDA,REVOLUCION,CALLE,ENRIQUE SANCHEZ DIAZ,AVENIDA,REVOLUCION,CALLE,ENRIQUE SANCHEZ DIAZ,,SN,,,,,LOCALIDAD,SANTA RITA,,,,74100,21,PUEBLA,180,Tlahuapan,0001,Santa Rita Tlahuapan,0070,026,2223552554,,,Fijo,19.34129713,-98.5720163,2024-11,True,True,False,False,False,True,False,False,False,False,False,True,REVISAR,REVISAR,REVISAR,FILTRO_DENUE,REGLAS_DENUE,
10603356,21119812210002031000000000U9,LAVANDERIA POWER CLEAN,,812210,Lavanderías y tintorerías,0 a 5 personas,CALLE,4 ORIENTE,PRIVADA,NINGUNO,CALLE,12 NORTE,CALLE,2 ORIENTE,1003,,,,,,BARRIO,SANTIAGO XICOTENCO,,,,72810,21,PUEBLA,119,San Andrés Cholula,0001,San Andrés Cholula,0207,031,,,,Fijo,19.04881453,-98.29027809,2024-11,True,True,False,False,False,True,False,False,False,False,False,True,REVISAR,REVISAR,REVISAR,FILTRO_DENUE,REGLAS_DENUE,
3410578,21134812210000051000000000U8,LAVANDERIA POWER WASH,,812210,Lavanderías y tintorerías,0 a 5 personas,CALLE,LA CATOLICA,CALLE,ACCION CATOLICA,CALLE,SAN PEDRO,CALLE,SANTA ANITA,12,,,,,,COLONIA,CENTRO,,,,74110,21,PUEBLA,134,San Matías Tlalancaleca,0001,San Matías Tlalancaleca,0044,004,2481785452,,,Fijo,19.32169021,-98.49853443,2010-07,True,True,False,False,False,True,False,False,False,False,False,True,REVISAR,REVISAR,REVISAR,FILTRO_DENUE,REGLAS_DENUE,
11363666,21114812210020501000000000U0,LAVANDERIA PRADS,,812210,Lavanderías y tintorerías,0 a 5 personas,CALLE,LA MORA,PRIVADA,73 A ORIENTE,PRIVADA,73 B ORIENTE,PRIVADA,A 14 SUR,7315,,,,,,COLONIA,LOMA LINDA,,,,72477,21,PUEBLA,114,Puebla,0001,Heroica Puebla de Zaragoza,2654,006,5512343604,,,Fijo,18.99702975,-98.20898919,2024-11,True,True,False,False,False,True,False,False,False,False,False,True,REVISAR,REVISAR,REVISAR,FILTRO_DENUE,REGLAS_DENUE,
10734696,21114812210021621000000000U5,LAVANDERIA PREMIER,,812210,Lavanderías y tintorerías,0 a 5 personas,BOULEVARD,MUNICIPIO LIBRE,CALLE,JOSE MARIA MORELOS Y PAVON,BOULEVARD,CARLOS CAMACHO ESPIRITU,CALLE,GUILLERMO PRIETO,1873,A,,,,,COLONIA,UNIVERSITARIA,,,,72590,21,PUEBLA,114,Puebla,0001,Heroica Puebla de Zaragoza,1798,038,2226317997,,,Fijo,18.99405314,-98.20098179,2024-11,True,True,False,False,False,True,False,False,False,False,False,True,REVISAR,REVISAR,REVISAR,FILTRO_DENUE,REGLAS_DENUE,
8811012,21114812210015991000000000U0,LAVANDERIA PRINSSES,,812210,Lavanderías y tintorerías,0 a 5 personas,AVENIDA,16 DE SEPTIEMBRE,CALLE,ROSENDO MARQUEZ,CALLE,FRANCISCO VILLA,AVENIDA,DEFENSORES DE LA REPUBLICA,,SN,,,,,COLONIA,MIGUEL HIDALGO,,,,72314,21,PUEBLA,114,Puebla,0001,Heroica Puebla de Zaragoza,4434,020,,,,Fijo,19.06761329,-98.13722909,2019-11,True,True,False,False,False,True,False,False,False,False,False,True,REVISAR,REVISAR,REVISAR,FILTRO_DENUE,REGLAS_DENUE,
9781404,21119812210002151000000000U5,LAVANDERIA PRONTO,,812210,Lavanderías y tintorerías,0 a 5 personas,CALLE,5 DE MAYO,PRIVADA,SEXTA PRIVADA DE LA 5 DE MAYO,PRIVADA,SEXTA PRIVADA 5 DE MAYO,PRIVADA,NINGUNO,,SN,,,,,LOCALIDAD,SAN LUIS TEHOILOYOCAN,,,,72848,21,PUEBLA,119,San Andrés Cholula,0009,San Luis Tehuiloyocan,0137,016,2215928947,,,Fijo,19.04210027,-98.33230328,2024-11,True,True,False,False,False,True,False,False,False,False,False,True,REVISAR,REVISAR,REVISAR,FILTRO_DENUE,REGLAS_DENUE,
3374513,21114812210009881000000000U1,LAVANDERIA PRONTO LAVAGGIO,,812210,Lavanderías y tintorerías,0 a 5 personas,CALLE,15 SUR,BOULEVARD,LAS CARMELITAS,CALLE,SAN MIGUEL,OTRO(ESPECIFIQUE),15 SUR,,SN,,,2,C,COLONIA,GRANJAS MAYORAZGO,,,,72480,21,PUEBLA,114,Puebla,0001,Heroica Puebla de Zaragoza,4650,034,,,,Fijo,18.99384035,-98.25302619,2014-12,True,True,False,False,False,True,False,False,False,False,False,True,REVISAR,REVISAR,REVISAR,FILTRO_DENUE,REGLAS_DENUE,
10070336,21041812210001331000000000U0,LAVANDERIA PUEBLA,,812210,Lavanderías y tintorerías,0 a 5 personas,CALLE,LA RAZA,CALLE,CATALUÑA,CALLE,CALASPARRA,OTRO(ESPECIFIQUE),BARDA,5,B,,,,,FRACCIONAMIENTO,SECCION 11,,,,72680,21,PUEBLA,041,Cuautlancingo,0027,San Jacinto,0378,058,2229310973,,,Semifijo,19.14904279,-98.25752819,2024-11,True,True,False,False,False,True,False,False,False,False,False,True,REVISAR,REVISAR,REVISAR,FILTRO_DENUE,REGLAS_DENUE,
10776806,21114812210021101000000000U8,LAVANDERIA PURPLE WASH,,812210,Lavanderías y tintorerías,0 a 5 personas,PROLONGACION,4 SUR,AVENIDA,VENUSTIANO CARRANZA,AVENIDA,TIERRA Y LIBERTAD,PRIVADA,PRIVADA DE LA 2 SUR,6503,,,,,,COLONIA,LOMAS DEL SUR,,,,72470,21,PUEBLA,114,Puebla,0001,Heroica Puebla de Zaragoza,2438,017,2214008914,,,Fijo,19.00161901,-98.21703837,2024-11,True,True,False,False,False,True,False,False,False,False,False,True,REVISAR,REVISAR,REVISAR,FILTRO_DENUE,REGLAS_DENUE,
11300183,21114812210019241000000000U6,LAVANDERIA QUETZAL,,812210,Lavanderías y tintorerías,0 a 5 personas,CALLE,BENITO JUAREZ PONIENTE,PRIVADA,PRIMERA BENITO JUAREZ,PRIVADA,TEZOQUIAPAN,CALLE,NICOLAS BRAVO PONIENTE,,SN,,,,,COLONIA,SAN FELIPE HUEYOTLIPAN,,,,72030,21,PUEBLA,114,Puebla,0001,Heroica Puebla de Zaragoza,2550,009,2228514715,,,Fijo,19.08395142,-98.21326289,2024-11,True,True,False,False,False,True,False,False,False,False,False,True,REVISAR,REVISAR,REVISAR,FILTRO_DENUE,REGLAS_DENUE,
9942071,21114812210021651000000000U2,LAVANDERIA QUIROZ,,812210,Lavanderías y tintorerías,0 a 5 personas,CALLE,NINGUNO,CALLE,16 SUR,CALLE,GUADALUPE VICTORIA,CALLE,GUADALUPE VICTORIA,,SN,,,,,COLONIA,EX HACIENDA CHAPULCO,,,,72590,21,PUEBLA,114,Puebla,0001,Heroica Puebla de Zaragoza,2917,007,,,,Fijo,18.97787721,-98.21659873,2024-11,True,True,False,False,False,True,False,False,False,False,False,True,REVISAR,REVISAR,REVISAR,FILTRO_DENUE,REGLAS_DENUE,
10501043,21074812210000801000000000U4,LAVANDERIA RAPIDI WUASH,,812210,Lavanderías y tintorerías,0 a 5 personas,AVENIDA,LA SOLEDAD,AVENIDA,ANAYA,CALLE,MOCTEZUMA,AVENIDA,CARRIZAL,,SN,,,,,BARRIO,SEGUNDO,,,,74160,21,PUEBLA,074,Huejotzingo,0001,Huejotzingo,0152,011,,,,Fijo,19.14960063,-98.40921251,2024-11,True,True,False,False,False,True,False,False,False,False,False,True,REVISAR,REVISAR,REVISAR,FILTRO_DENUE,REGLAS_DENUE,
10664588,21074812210000821000000000U2,LAVANDERIA RAPIDIWASH,,812210,Lavanderías y tintorerías,0 a 5 personas,AVENIDA,MIGUEL HIDALGO,CALLE,CAMELIA,CALLE,AMADO NERVO,AVENIDA,LA SOLEDAD,,SN,,,,,LOCALIDAD,HUEJOTZINGO,,,,74160,21,PUEBLA,074,Huejotzingo,0001,Huejotzingo,0059,014,,,,Fijo,19.15452388,-98.40785828,2024-11,True,True,False,False,False,True,False,False,False,False,False,True,REVISAR,REVISAR,REVISAR,FILTRO_DENUE,REGLAS_DENUE,
3251796,21114812210000311000000000U8,LAVANDERIA REAL,,812210,Lavanderías y tintorerías,0 a 5 personas,PRIVADA,112 ORIENTE,CALLE,CAMINO A TLALTEPANGO,PRIVADA,CONSTITUCION,PRIVADA,NINGUNO,516,,,,,,CONJUNTO HABITACIONAL,REAL DE GUADALUPE,,,,72016,21,PUEBLA,114,Puebla,0001,Heroica Puebla de Zaragoza,6144,011,2226792019,,,Fijo,19.09070521,-98.17689137,2010-07,True,True,False,False,False,True,False,False,False,False,False,True,REVISAR,REVISAR,REVISAR,FILTRO_DENUE,REGLAS_DENUE,
3348659,21114812210012011000000000U0,LAVANDERIA RECOBA,,812210,Lavanderías y tintorerías,0 a 5 personas,CALLE,74 PONIENTE,CALLE,21 NORTE,CALLE,23 NORTE,CALLE,76 PONIENTE,2116,,,,,,COLONIA,LA LOMA NORTE,,,,72230,21,PUEBLA,114,Puebla,0001,Heroica Puebla de Zaragoza,3421,005,2225432942,,,Fijo,19.0784756,-98.19488225,2014-12,True,True,False,False,False,True,False,False,False,False,False,True,REVISAR,REVISAR,REVISAR,FILTRO_DENUE,REGLAS_DENUE,
11834008,21119812210002481000000000U6,LAVANDERIA RECSOL,,812210,Lavanderías y tintorerías,0 a 5 personas,CALLE,ORIÓN NORTE,CALLE,Arcángeles,CALLE,Tronos,CALLE,Ninguno,,SN,,,,,COLONIA,VILLA FLORESTA,,,,72825,21,PUEBLA,119,San Andrés Cholula,0013,San Bernardino Tlaxcalancingo,0423,014,7471859986,,,Fijo,19.02382684,-98.26147259,2025-04,True,True,False,False,False,True,False,False,False,False,False,True,REVISAR,REVISAR,REVISAR,FILTRO_DENUE,REGLAS_DENUE,
3454593,21114812210005581000000000U1,LAVANDERIA REFORMA,,812210,Lavanderías y tintorerías,0 a 5 personas,AVENIDA,REFORMA,CALLE,7 SUR,CALLE,5 SUR,CALLE,3 PONIENTE,102,,,,0,B,COLONIA,EL SALVADOR,,,,72365,21,PUEBLA,114,Puebla,0001,Heroica Puebla de Zaragoza,3968,034,2225573767,,,Fijo,19.03818436,-98.14439645,2010-07,True,True,False,False,False,True,False,False,False,False,False,True,REVISAR,REVISAR,REVISAR,FILTRO_DENUE,REGLAS_DENUE,
9570072,21114812210019221000000000U8,LAVANDERIA REINO BURBUJA,,812210,Lavanderías y tintorerías,0 a 5 personas,CALLE,JOSEFA ORTIZ DE DOMINGUEZ,AVENIDA,5 DE MAYO,CALLE,10 DE MAYO,CALLE,AQUILES SERDAN,,SN,,,,,COLONIA,UNION ANTORCHISTA,,,,72490,21,PUEBLA,114,Puebla,0001,Heroica Puebla de Zaragoza,5080,032,,,,Fijo,18.95531596,-98.27125206,2024-11,True,True,False,False,False,True,False,False,False,False,False,True,REVISAR,REVISAR,REVISAR,FILTRO_DENUE,REGLAS_DENUE,
8324668,21114812210017781000000000U3,LAVANDERIA RELIMPIA,,812210,Lavanderías y tintorerías,0 a 5 personas,CALLE,9 A,CALLE,4 A,CALLE,5 A,CALLE,4 A,35,C,,,,,FRACCIONAMIENTO,BOSQUES DE SAN SEBASTIAN,,,,72310,21,PUEBLA,114,Puebla,0001,Heroica Puebla de Zaragoza,1711,017,,,,Fijo,19.05798729,-98.1363575,2019-11,True,True,False,False,False,True,False,False,False,False,False,True,REVISAR,REVISAR,REVISAR,FILTRO_DENUE,REGLAS_DENUE,
8089261,21074812210000431000000000U0,LAVANDERIA REY,,812210,Lavanderías y tintorerías,0 a 5 personas,PRIVADA,10 DE MAYO,CALLE,PRIMERO DE MAYO,PRIVADA,PRIMERO DE MAYO,PRIVADA,PRIVADA DE IXTACUIXTLA,,SN,,,,,LOCALIDAD,SANTA ANA XALMIMILULCO,,,,74169,21,PUEBLA,074,Huejotzingo,0029,Santa Ana Xalmimilulco,0190,039,,,,Fijo,19.21125165,-98.37655998,2019-11,True,True,False,False,False,True,False,False,False,False,False,True,REVISAR,REVISAR,REVISAR,FILTRO_DENUE,REGLAS_DENUE,
7445790,21140812210001491000000000U2,LAVANDERIA RODRIGUEZ,,812210,Lavanderías y tintorerías,0 a 5 personas,CALLE,7 NORTE,AVENIDA,12 PONIENTE,AVENIDA,10 PONIENTE,CALLE,9 NORTE,1011,,,,,,BARRIO,SAN JUAN CALVARIO,,,,72760,21,PUEBLA,140,San Pedro Cholula,0001,Cholula de Rivadavia,0499,005,2224979909,,,Fijo,19.06852609,-98.30930875,2019-11,True,True,False,False,False,True,False,False,False,False,False,True,REVISAR,REVISAR,REVISAR,FILTRO_DENUE,REGLAS_DENUE,
9607547,21114812210020131000000000U6,LAVANDERIA RODRIGUEZ,,812210,Lavanderías y tintorerías,0 a 5 personas,CALLE,17 NORTE,CALLE,76 PONIENTE,CALLE,74 PONIENTE,CALLE,15 NORTE,7404,,,,,,COLONIA,LA LOMA NORTE,,,,72230,21,PUEBLA,114,Puebla,0001,Heroica Puebla de Zaragoza,3421,011,2225427277,,,Fijo,19.07728249,-98.19224748,2024-11,True,True,False,False,False,True,False,False,False,False,False,True,REVISAR,REVISAR,REVISAR,FILTRO_DENUE,REGLAS_DENUE,
11448908,21132812210001591000000000U6,LAVANDERIA ROLMI,,812210,Lavanderías y tintorerías,0 a 5 personas,CALLE,COFRE DE PEROTE,CALLE,JAZMIN,CALLE,CAMELIA,CALLE,AJUSCO,19,,,,,,COLONIA,SAN MIGUEL LARDIZABAL,,,,74040,21,PUEBLA,132,San Martín Texmelucan,0001,San Martín Texmelucan de Labastida,0213,001,5645090087,,,Fijo,19.28628579,-98.445773,2024-11,True,True,False,False,False,True,False,False,False,False,False,True,REVISAR,REVISAR,REVISAR,FILTRO_DENUE,REGLAS_DENUE,
9554656,21090812210000171000000000U8,LAVANDERIA ROMERO,NAYELI,812210,Lavanderías y tintorerías,0 a 5 personas,AVENIDA,IGNACIO ALLENDE,PRIVADA,NINGUNO,CALLE,BENITO JUAREZ,AVENIDA,HIDALGO,,SN,,,,,LOCALIDAD,SAN MATEO CUANALA,,,,72640,21,PUEBLA,090,Juan C. Bonilla,0001,Cuanalá,0118,017,2223171055,,,Fijo,19.1078056,-98.31925998,2024-11,True,True,False,False,False,True,False,False,False,False,False,True,REVISAR,REVISAR,REVISAR,FILTRO_DENUE,REGLAS_DENUE,
6218403,21114812210010601000000000U0,LAVANDERIA ROSAS,,812210,Lavanderías y tintorerías,0 a 5 personas,CALLE,11 SUR,CALLE,TABASCOS,CALLE,NINGUNO,AVENIDA,NACIONAL,10124,,,,,,COLONIA,SAN JOSE LOS PINOS,,,,72480,21,PUEBLA,114,Puebla,0001,Heroica Puebla de Zaragoza,4330,014,,,,Fijo,19.00171884,-98.23943206,2014-12,True,True,False,False,False,True,False,False,False,False,False,True,REVISAR,REVISAR,REVISAR,FILTRO_DENUE,REGLAS_DENUE,
7546742,21114812210015541000000000U3,LAVANDERIA ROSE,,812210,Lavanderías y tintorerías,0 a 5 personas,CALLE,CAMINO REAL A SAN JERONIMO,PRIVADA,12 SUR,CALLE,PRIVADA 12 B SUR,CALLE,NINGUNO,1208,,,,,,COLONIA,GUADALUPE CALERAS,,,,72100,21,PUEBLA,114,Puebla,0001,Heroica Puebla de Zaragoza,5235,013,2297361250,,,Fijo,19.09906416,-98.22344148,2019-11,True,True,False,False,False,True,False,False,False,False,False,True,REVISAR,REVISAR,REVISAR,FILTRO_DENUE,REGLAS_DENUE,
8221991,21083812210000011000000000U1,LAVANDERIA ROSE,,812210,Lavanderías y tintorerías,0 a 5 personas,CALLE,LA PALMA,CALLE,NARCISO MENDOZA,AVENIDA,REFORMA,CALLE,ABASOLO,4,,,,,,COLONIA,CENTRO,,,,73720,21,PUEBLA,083,Ixtacamaxtitlán,0001,Ixtacamaxtitlán,0077,005,2412219546,,,Fijo,19.62433452,-97.81628059,2019-11,True,True,False,False,False,True,False,False,False,False,False,True,REVISAR,REVISAR,REVISAR,FILTRO_DENUE,REGLAS_DENUE,
10680868,21114812210020751000000000U1,LAVANDERIA ROSITA,,812210,Lavanderías y tintorerías,0 a 5 personas,CALLE,GABRIELA MISTRAL,CALLE,SOR JUANA INES DE LA CRUZ,CALLE,SANTA CRUZ LA IXTLA,CALLE,SOR JUANA INES DE LA CRUZ,,SN,,,,,COLONIA,AMPLIACION BALCONES DEL SUR,,,,72497,21,PUEBLA,114,Puebla,0001,Heroica Puebla de Zaragoza,6074,039,,,,Fijo,18.94639396,-98.23371943,2024-11,True,True,False,False,False,True,False,False,False,False,False,True,REVISAR,REVISAR,REVISAR,FILTRO_DENUE,REGLAS_DENUE,
10655974,21114812210021851000000000U8,LAVANDERIA ROSY,,812210,Lavanderías y tintorerías,0 a 5 personas,CALLE,IGNACIO COMONFORT,PRIVADA,IGNACIO COMONFORT,CALLE,SAN CRISTOBAL,PRIVADA,PRIVADA CUAUHTEMOC,,SN,,,,,COLONIA,SAN JERONIMO CALERAS,,,,72100,21,PUEBLA,114,Puebla,0001,Heroica Puebla de Zaragoza,3309,025,2271070733,,,Fijo,19.09114609,-98.21360565,2024-11,True,True,False,False,False,True,False,False,False,False,False,True,REVISAR,REVISAR,REVISAR,FILTRO_DENUE,REGLAS_DENUE,
8326061,21114812210018021000000000U3,LAVANDERIA ROSY,,812210,Lavanderías y tintorerías,0 a 5 personas,CALLE,5 ORIENTE,CALLE,30 SUR,CALLE,24 SUR,CALLE,3 ORIENTE,2416,,,,,,COLONIA,EL SALVADOR,,,,72365,21,PUEBLA,114,Puebla,0001,Heroica Puebla de Zaragoza,4491,057,2223225292,,,Fijo,19.03586981,-98.13572504,2019-11,True,True,False,False,False,True,False,False,False,False,False,True,REVISAR,REVISAR,REVISAR,FILTRO_DENUE,REGLAS_DENUE,
8213484,21114812210017151100000000U9,LAVANDERIA ROSY,,812210,Lavanderías y tintorerías,0 a 5 personas,AVENIDA,NARANJOS,DIAGONAL,DIAGONAL DE LA 15 SUR,CALLE,NOGALES,AVENIDA,151 PONIENTE,,SN,,,,,COLONIA,BOSQUES DE LA CAÑADA,,,,72498,21,PUEBLA,114,Puebla,0001,Heroica Puebla de Zaragoza,5752,022,2213690259,,,Fijo,18.96690127,-98.26971449,2019-11,True,True,False,False,False,True,False,False,False,False,False,True,REVISAR,REVISAR,REVISAR,FILTRO_DENUE,REGLAS_DENUE,
8121190,21090812210000131000000000U2,LAVANDERIA ROSY CLEAN,,812210,Lavanderías y tintorerías,0 a 5 personas,AVENIDA,SANTA CRUZ ANALCO,CALLE,CALLE DE LA CURVA,AVENIDA,NIÑOS HEROES,AVENIDA,MANZANARES,,SN,,,,,LOCALIDAD,SAN MATEO CUANALA,,,,72640,21,PUEBLA,090,Juan C. Bonilla,0001,Cuanalá,0122,019,,,,Fijo,19.10529102,-98.33582791,2019-11,True,True,False,False,False,True,False,False,False,False,False,True,REVISAR,REVISAR,REVISAR,FILTRO_DENUE,REGLAS_DENUE,
3460825,21114812210008001000000000U7,LAVANDERIA ROYAL CLEAN,,812210,Lavanderías y tintorerías,0 a 5 personas,AVENIDA,33 PONIENTE,CALLE,PRIVADA 33 PONIENTE,CALLE,31 SUR,AVENIDA,35 PONIENTE,3103,B,,,,,COLONIA,SANTA CRUZ LOS ANGELES,,,,72400,21,PUEBLA,114,Puebla,0001,Heroica Puebla de Zaragoza,2480,001,2226375262,,,Fijo,19.04348195,-98.22892007,2010-07,True,True,False,False,False,True,False,False,False,False,False,True,REVISAR,REVISAR,REVISAR,FILTRO_DENUE,REGLAS_DENUE,
9624257,21114812210020291000000000U8,LAVANDERIA ROYAL CLEAN,ADELINA CORDAS,812210,Lavanderías y tintorerías,0 a 5 personas,CALLE,NORUEGA,CALLE,SAN MARINO,BOULEVARD,EL PILAR,CALLE,POLONIA,22,,,,,,FRACCIONAMIENTO,BOSQUES DEL PILAR,,,,72310,21,PUEBLA,114,Puebla,0001,Heroica Puebla de Zaragoza,6290,046,,,,Fijo,19.05535919,-98.12329425,2024-11,True,True,False,False,False,True,False,False,False,False,False,True,REVISAR,REVISAR,REVISAR,FILTRO_DENUE,REGLAS_DENUE,
8089452,21074812210000451001000000U8,LAVANDERIA RUGLAS,,812210,Lavanderías y tintorerías,6 a 10 personas,CALLE,ADOLFO LOPEZ MATEOS,CALLE,IXTACUIXTLA SUR,CALLE,PORFIRIO DIAZ,CALLE,SAN ISIDRO,18,,,,,,LOCALIDAD,SANTA ANA XALMIMILULCO,,,,74169,21,PUEBLA,074,Huejotzingo,0029,Santa Ana Xalmimilulco,0167,006,2481771786,,,Fijo,19.20291914,-98.3807764,2019-11,True,True,False,False,False,True,False,False,False,False,False,True,REVISAR,REVISAR,REVISAR,FILTRO_DENUE,REGLAS_DENUE,
10914124,21114812210020391000000000U6,LAVANDERIA S&T,,812210,Lavanderías y tintorerías,0 a 5 personas,CALLE,AVENIDA 32 PONIENTE,PRIVADA,30 PONIENTE,CALLE,5 NORTE,CALLE,30 PONIENTE,325,B,,,,,COLONIA,SANTA MARIA,,,,72080,21,PUEBLA,114,Puebla,0001,Heroica Puebla de Zaragoza,5199,028,2214243930,,,Fijo,19.05777699,-98.19411417,2024-11,True,True,False,False,False,True,False,False,False,False,False,True,REVISAR,REVISAR,REVISAR,FILTRO_DENUE,REGLAS_DENUE,
3343965,21114812210009121000000000U2,LAVANDERIA SAID,,812210,Lavanderías y tintorerías,0 a 5 personas,CALLE,VLADIMIR ILICH ILIANOV,CALLE,UNION,CALLE,AGUASCALIENTES,CALLE,TLAXCALA,,SN,,,,,COLONIA,15 DE SEPTIEMBRE,,,,72920,21,PUEBLA,114,Puebla,0001,Heroica Puebla de Zaragoza,6642,011,,,,Fijo,19.08574133,-98.12405752,2014-12,True,True,False,False,False,True,False,False,False,False,False,True,REVISAR,REVISAR,REVISAR,FILTRO_DENUE,REGLAS_DENUE,
3362135,21114812210009071000000000U9,LAVANDERIA SAKIL,,812210,Lavanderías y tintorerías,0 a 5 personas,AVENIDA,19 ORIENTE,CALLE,20 SUR,AVENIDA,24 SUR,AVENIDA,21 ORIENTE,2029,1,,,,,COLONIA,AZCARATE,,,,72501,21,PUEBLA,114,Puebla,0001,Heroica Puebla de Zaragoza,0696,054,,,,Fijo,19.03007765,-98.1884575,2014-12,True,True,False,False,False,True,False,False,False,False,False,True,REVISAR,REVISAR,REVISAR,FILTRO_DENUE,REGLAS_DENUE,
9650678,21053812210000351000000000U4,LAVANDERIA SALINAS,,812210,Lavanderías y tintorerías,0 a 5 personas,CALLE,PRIMERA DE IGNACIO ZARAGOZA,CALLE,ALVARO OBREGON,CALLE,ZARAGOZA,CALLE,CUARTA CALLE DE MORELOS,14,,,,,,BARRIO,TOLTEMPAN,,,,73300,21,PUEBLA,053,Chignahuapan,0001,Ciudad de Chignahuapan,028A,006,7971054303,,,Fijo,19.83769513,-98.03543602,2024-11,True,True,False,False,False,True,False,False,False,False,False,True,REVISAR,REVISAR,REVISAR,FILTRO_DENUE,REGLAS_DENUE,
3459761,21114531113003281000000000U6,LAVANDERIA SAN ALEJANDRO,,812210,Lavanderías y tintorerías,0 a 5 personas,AVENIDA,GRAN AVENIDA,CALLE,25 NORTE,CALLE,AVENIDA 12 PONIENTE,CALLE,25 NORTE,1204,,,,,,COLONIA,TIERRA Y LIBERTAD,,,,72090,21,PUEBLA,114,Puebla,0001,Heroica Puebla de Zaragoza,2283,042,2228374832,,,Fijo,19.0585503,-98.21410807,2010-07,True,True,False,False,False,True,False,False,False,False,False,True,REVISAR,REVISAR,REVISAR,FILTRO_DENUE,REGLAS_DENUE,
8187202,21114812210018491000000000U8,LAVANDERIA SAN ANTONIO,,812210,Lavanderías y tintorerías,0 a 5 personas,PRIVADA,105 A ORIENTE,PROLONGACION,2 SUR,CALLE,4 SUR,PRIVADA,105 B ORIENTE,205,,,,,,COLONIA,ARBOLEDAS DE LOMA BELLA,,,,72474,21,PUEBLA,114,Puebla,0001,Heroica Puebla de Zaragoza,5470,030,,,,Fijo,18.98970344,-98.22636153,2019-11,True,True,False,False,False,True,False,False,False,False,False,True,REVISAR,REVISAR,REVISAR,FILTRO_DENUE,REGLAS_DENUE,
3346872,21114812210012831000000000U1,LAVANDERIA SAN FELIPE,,812210,Lavanderías y tintorerías,0 a 5 personas,BOULEVARD,BOULEVARD DE LA PEDRERA,PRIVADA,NINGUNO,PROLONGACION,NICOLAS BRAVO,PROLONGACION,BENITO JUAREZ,7637,,,,4,,COLONIA,SAN FELIPE HUEYOTLIPAN,,,,72050,21,PUEBLA,114,Puebla,0001,Heroica Puebla de Zaragoza,0126,033,2221988533,CASTORES_@1LIVE.COM.MX,,Fijo,19.08114027,-98.20768817,2014-12,True,True,False,False,False,True,False,False,False,False,False,True,REVISAR,REVISAR,REVISAR,FILTRO_DENUE,REGLAS_DENUE,
8724894,21114812210016291000000000U4,LAVANDERIA SAN ISIDRO,,812210,Lavanderías y tintorerías,0 a 5 personas,CALLE,16 SUR,CALLE,115 C ORIENTE,CALLE,115 A ORIENTE,PROLONGACION,PROLONGACION DE LA 14 SUR,11521,4,,,,,FRACCIONAMIENTO,LOS HEROES PUEBLA 2,,,,72590,21,PUEBLA,114,Puebla,0001,Heroica Puebla de Zaragoza,6356,004,2223088705,,,Fijo,18.97199357,-98.2164202,2019-11,True,True,False,False,False,True,False,False,False,False,False,True,REVISAR,REVISAR,REVISAR,FILTRO_DENUE,REGLAS_DENUE,
10866423,21074812210000943000000000U4,LAVANDERIA SAN JOSE,,812210,Lavanderías y tintorerías,11 a 30 personas,CALLE,ZAYAS,OTRO(ESPECIFIQUE),NINGUNO,OTRO(ESPECIFIQUE),NINGUNO,OTRO(ESPECIFIQUE),NINGUNO,,SN,,,,,BARRIO,CUARTO,,,,74160,21,PUEBLA,074,Huejotzingo,0001,Huejotzingo,010A,800,2271212571,,,Fijo,19.17149897,-98.40465013,2024-11,True,True,False,False,False,True,False,False,False,False,False,True,REVISAR,REVISAR,REVISAR,FILTRO_DENUE,REGLAS_DENUE,
8811303,21114812210016051000000000U2,LAVANDERIA SAN JOSE,,812210,Lavanderías y tintorerías,0 a 5 personas,CALLE,4 NORTE,AVENIDA,18 ORIENTE,PRIVADA,TERCERA CENTRAL,CALLE,6 NORTE,1608,,,,,,COLONIA,CENTRO,,,,72000,21,PUEBLA,114,Puebla,0001,Heroica Puebla de Zaragoza,3629,033,2221632626,MARTHA_MOLI@HOTMAIL.COM,,Fijo,19.04950944,-98.1916694,2019-11,True,True,False,False,False,True,False,False,False,False,False,True,REVISAR,REVISAR,REVISAR,FILTRO_DENUE,REGLAS_DENUE,
10283600,21015812210000381000000000U0,LAVANDERIA SAN JOSE,,812210,Lavanderías y tintorerías,0 a 5 personas,CALLE,11 ORIENTE,CALLE,12 SUR,CALLE,16 SUR,CALLE,CARRETERA FEDERAL PUEBLA-TEHUACAN,1223,,,,,,BARRIO,SAN JOSE VICTORIA,,,,72980,21,PUEBLA,015,Amozoc,0001,Amozoc de Mota,0113,041,,,,Fijo,19.03788133,-98.03642547,2024-11,True,True,False,False,False,True,False,False,False,False,False,True,REVISAR,REVISAR,REVISAR,FILTRO_DENUE,REGLAS_DENUE,
9951033,21034812210000151000000000U8,LAVANDERIA SAN JOSE,,812210,Lavanderías y tintorerías,0 a 5 personas,AVENIDA,ZARAGOZA,PRIVADA,NINGUNO,PROLONGACION,JOSE MARIA MORELOS,CALLE,HIDALGO,,SN,,,,,COLONIA,SAN FRANCISCO OCOTLAN,,,,72680,21,PUEBLA,034,Coronango,0003,San Francisco Ocotlán (Ocotlán),0227,001,2212986251,,,Fijo,19.13808953,-98.28513301,2024-11,True,True,False,False,False,True,False,False,False,False,False,True,REVISAR,REVISAR,REVISAR,FILTRO_DENUE,REGLAS_DENUE,
8791094,21114812210014201000000000U5,LAVANDERIA SAN JUDAS TADEO,,812210,Lavanderías y tintorerías,0 a 5 personas,AVENIDA,AQUILES SERDAN,AVENIDA,AYUNTAMIENTO,CALLE,2 NORTE,CALLE,2 ORIENTE,12,,,,,,COLONIA,LA LIBERTAD,,,,72130,21,PUEBLA,114,Puebla,0001,Heroica Puebla de Zaragoza,0198,009,2212481076,,,Fijo,19.06911231,-98.23417108,2019-11,True,True,False,False,False,True,False,False,False,False,False,True,REVISAR,REVISAR,REVISAR,FILTRO_DENUE,REGLAS_DENUE,
11529201,21114812210020331000000000U2,LAVANDERIA SAN JUDITAS,,812210,Lavanderías y tintorerías,0 a 5 personas,CALLE,ZARAGOZA SUR,CALLE,NINGUNO,CALLE,NINGUNO,PROLONGACION,ZARAGOZA SUR,,SN,,,,,COLONIA,RANCHO GUADALUPE,,,,72016,21,PUEBLA,114,Puebla,0001,Heroica Puebla de Zaragoza,3154,012,,,,Fijo,19.10538964,-98.16699813,2024-11,True,True,False,False,False,True,False,False,False,False,False,True,REVISAR,REVISAR,REVISAR,FILTRO_DENUE,REGLAS_DENUE,
10772502,21114812210021801000000000U3,LAVANDERIA SAN JUDITAS,,812210,Lavanderías y tintorerías,0 a 5 personas,CALLE,JORGE MURAD,CALLE,NINGUNO,CALLE,NINGUNO,PRIVADA,JORGE MURAD,13,LT,,,,,COLONIA,SAN SEBASTIAN APARICIO,,,,72016,21,PUEBLA,114,Puebla,0001,Heroica Puebla de Zaragoza,6144,024,2223644193,,,Fijo,19.08743386,-98.1807853,2024-11,True,True,False,False,False,True,False,False,False,False,False,True,REVISAR,REVISAR,REVISAR,FILTRO_DENUE,REGLAS_DENUE,
10203275,21114812210019441000000000U2,LAVANDERIA SAN JUDITAS,,812210,Lavanderías y tintorerías,0 a 5 personas,CALLE,115 B ORIENTE,CALLE,16 SUR,CALLE,18 SUR,CALLE,115 A ORIENTE,1602,3,,,,,FRACCIONAMIENTO,LOS HEROES PUEBLA 2,,,,72590,21,PUEBLA,114,Puebla,0001,Heroica Puebla de Zaragoza,6356,001,2212751333,,,Fijo,18.97250984,-98.21614919,2024-11,True,True,False,False,False,True,False,False,False,False,False,True,REVISAR,REVISAR,REVISAR,FILTRO_DENUE,REGLAS_DENUE,
9748985,21114812210022311000000000U2,LAVANDERIA SAN JUDITAS,,812210,Lavanderías y tintorerías,0 a 5 personas,CALLE,CABO BAJO,CALLE,CABO SAN LUCAS,CALLE,SEVILLA,OTRO(ESPECIFIQUE),NINGUNO,,SN,,,228,,COLONIA,NUEVA SAN SALVADOR,,,,72017,21,PUEBLA,114,Puebla,0001,Heroica Puebla de Zaragoza,4383,010,,,,Fijo,19.08703786,-98.17000063,2024-11,True,True,False,False,False,True,False,False,False,False,False,True,REVISAR,REVISAR,REVISAR,FILTRO_DENUE,REGLAS_DENUE,
10603581,21134812210000231000000000U6,LAVANDERIA SAN JUDITAS,,812210,Lavanderías y tintorerías,0 a 5 personas,CALLE,ACCION CATOLICA,CALLE,SAN PEDRO,PRIVADA,PRIMERA ACCION CATOLICA,CALLE,SANTA ANITA,35,,,,,,LOCALIDAD,SAN MATIAS TLALANCALECA,,,,74110,21,PUEBLA,134,San Matías Tlalancaleca,0001,San Matías Tlalancaleca,0044,003,2482843029,,,Fijo,19.3201221,-98.49817996,2024-11,True,True,False,False,False,True,False,False,False,False,False,True,REVISAR,REVISAR,REVISAR,FILTRO_DENUE,REGLAS_DENUE,
10499350,21143812210000102000000000U0,LAVANDERIA SAN LUCAS,,812210,Lavanderías y tintorerías,6 a 10 personas,PRIVADA,NINGUNO,CALLE,AQUILES SERDAN,PRIVADA,NINGUNO,CALLE,CALLE A LA EXHACIENDA,,SN,,,,,LOCALIDAD,SAN LUCAS EL GRANDE,,,,74135,21,PUEBLA,143,San Salvador el Verde,0011,San Lucas el Grande,0113,014,2481826692,,,Fijo,19.31038906,-98.47323998,2024-11,True,True,False,False,False,True,False,False,False,False,False,True,REVISAR,REVISAR,REVISAR,FILTRO_DENUE,REGLAS_DENUE,
7569687,21119812210001641000000000U6,LAVANDERIA SAN LUIS,,812210,Lavanderías y tintorerías,0 a 5 personas,AVENIDA,MIGUEL HIDALGO,PRIVADA,17 SUR,PRIVADA,MIGUEL HIDALGO,CALLE,IGNACIO ZARAGOZA,,SN,,,,,LOCALIDAD,SAN LUIS TEHUILOYOCAN,,,,72848,21,PUEBLA,119,San Andrés Cholula,0009,San Luis Tehuiloyocan,0137,008,,,,Fijo,19.03698792,-98.34329106,2019-11,True,True,False,False,False,True,False,False,False,False,False,True,REVISAR,REVISAR,REVISAR,FILTRO_DENUE,REGLAS_DENUE,
3431852,21114812210004181000000000U1,LAVANDERIA SAN MANUEL,,812210,Lavanderías y tintorerías,0 a 5 personas,AVENIDA,LAGO CHAPALA,AVENIDA,LAGO MANITOBA,CALLE,LAGO HURON,AVENIDA,LAGO PATZCUARO,50,1,,,,,FRACCIONAMIENTO,CLUB DE GOLF,,,,72460,21,PUEBLA,114,Puebla,0001,Heroica Puebla de Zaragoza,321A,030,2222283216,,,Fijo,19.00870041,-98.23948276,2010-07,True,True,False,False,False,True,False,False,False,False,False,True,REVISAR,REVISAR,REVISAR,FILTRO_DENUE,REGLAS_DENUE,
8077093,21132812210000931100000000U5,LAVANDERIA SAN MARTIN,,812210,Lavanderías y tintorerías,0 a 5 personas,CALLE,MIGUEL NAJERA,CALLE,AQUILES SERDAN,AVENIDA,LIBERTAD NORTE,CALLE,FERROCARRIL,117,,,,,,LOCALIDAD,SAN MARTIN TEXMELUCAN,,,,74000,21,PUEBLA,132,San Martín Texmelucan,0001,San Martín Texmelucan de Labastida,0321,039,2481018530,,,Fijo,19.28655787,-98.44063478,2019-11,True,True,False,False,False,True,False,False,False,False,False,True,REVISAR,REVISAR,REVISAR,FILTRO_DENUE,REGLAS_DENUE,
8777150,21132812210001111000000000U3,LAVANDERIA SAN MARTIN,,812210,Lavanderías y tintorerías,0 a 5 personas,CALLE,MANUEL AVILA CAMACHO,CALLE,16 DE SEPTIEMBRE NORTE,CALLE,JOSEFA ORTIZ DE DOMINGUEZ NORTE,BOULEVARD,XICOHTENCATL,108,,,,,,COLONIA,CENTRO,,,,74000,21,PUEBLA,132,San Martín Texmelucan,0001,San Martín Texmelucan de Labastida,0020,026,2481721004,,,Fijo,19.28456307,-98.43153331,2019-11,True,True,False,False,False,True,False,False,False,False,False,True,REVISAR,REVISAR,REVISAR,FILTRO_DENUE,REGLAS_DENUE,
3326451,21074812210000281000000000U9,LAVANDERIA SAN MIGUEL,,812210,Lavanderías y tintorerías,0 a 5 personas,CALLE,FRANCISCO SARABIA,CALLE,16 DE SEPTIEMBRE,CALLE,MARIANO ESCOBEDO,AVENIDA,PABLO L SIDAR,9,,,,,,BARRIO,SEGUNDO,,,,74160,21,PUEBLA,074,Huejotzingo,0001,Huejotzingo,0059,023,,,,Fijo,19.15846229,-98.41079496,2014-12,True,True,False,False,False,True,False,False,False,False,False,True,REVISAR,REVISAR,REVISAR,FILTRO_DENUE,REGLAS_DENUE,
10772217,21074812210000761000000000U0,LAVANDERIA SAN MIGUELITO,,812210,Lavanderías y tintorerías,0 a 5 personas,CALLE,20 DE NOVIEMBRE,CALLE,LEONA VICARIO,CALLE,JUVENTINO ROSAS,AVENIDA,12 DE OCTUBRE,,SN,,,,,BARRIO,TERCER BARRIO,,,,74160,21,PUEBLA,074,Huejotzingo,0001,Huejotzingo,0114,007,2271157448,,,Fijo,19.16578262,-98.41156165,2024-11,True,True,False,False,False,True,False,False,False,False,False,True,REVISAR,REVISAR,REVISAR,FILTRO_DENUE,REGLAS_DENUE,
8826922,21125812210000051000000000U6,LAVANDERIA SAN PEDRO,,812210,Lavanderías y tintorerías,0 a 5 personas,AVENIDA,16 DE SEPTIEMBRE,CALLE,NINGUNO,PRIVADA,17 ORIENTE,CARRETERA,FEDERAL PUEBLA A ATLIXCO,1509,,,,,,LOCALIDAD,CHIPILO DE FRANCISCO JAVIER MINA,,,,74325,21,PUEBLA,125,San Gregorio Atzompa,0002,Chipilo de Francisco Javier Mina,0045,030,,,,Fijo,19.00258998,-98.33817273,2019-11,True,True,False,False,False,True,False,False,False,False,False,True,REVISAR,REVISAR,REVISAR,FILTRO_DENUE,REGLAS_DENUE,
11654135,21132812210001571000000000U8,LAVANDERIA SAN RAFAEL,,812210,Lavanderías y tintorerías,0 a 5 personas,AVENIDA,NACIONAL,CALLE,NINGUNO,CALLE,VICENTE GUERRERO,CALLE,INDEPENDENCIA,1,,,,,,LOCALIDAD,SAN RAFAEL TLANALAPAN,,,,74122,21,PUEBLA,132,San Martín Texmelucan,0013,San Rafael Tlanalapan,043A,022,2482020542,,,Fijo,19.29512796,-98.4656408,2024-11,True,True,False,False,False,True,False,False,False,False,False,True,REVISAR,REVISAR,REVISAR,FILTRO_DENUE,REGLAS_DENUE,
3360605,21114812210011831000000000U9,LAVANDERIA SANCHEZ,,812210,Lavanderías y tintorerías,0 a 5 personas,CALLE,PRIVADA 15 PONIENTE,CALLE,NINGUNO,CALLE,31 SUR,PRIVADA,NINGUNO,2919,,,,,,COLONIA,BELISARIO DOMINGUEZ,,,,72180,21,PUEBLA,114,Puebla,0001,Heroica Puebla de Zaragoza,0376,013,2229270472,,,Fijo,19.05045511,-98.22432874,2014-12,True,True,False,False,False,True,False,False,False,False,False,True,REVISAR,REVISAR,REVISAR,FILTRO_DENUE,REGLAS_DENUE,
8825776,21114812210013891000000000U4,LAVANDERIA SANDY,ANTONIA FLORES,812210,Lavanderías y tintorerías,0 a 5 personas,CALLE,CAMINO A BALCONES,PRIVADA,ALFA,CALLE,SANTA ELVIRA,CALLE,BETA,,SN,,,,,COLONIA,CONSTITUCION MEXICANA,,,,72499,21,PUEBLA,114,Puebla,0001,Heroica Puebla de Zaragoza,4932,053,,,,Fijo,18.9577224,-98.23143076,2019-11,True,True,False,False,False,True,False,False,False,False,False,True,REVISAR,REVISAR,REVISAR,FILTRO_DENUE,REGLAS_DENUE,
3428125,21074812210000182000000000U9,LAVANDERIA SANTA CECILIA,,812210,Lavanderías y tintorerías,0 a 5 personas,CALLE,JOSEFA ORTIZ DE DOMINGUEZ,PRIVADA,NINGUNO,CALLE,SAN ANTONIO,BOULEVARD,RIO XOCHIAC,5,,,,,,PUEBLO,SANTA ANA XALMIMINULCO,,,,74169,21,PUEBLA,074,Huejotzingo,0029,Santa Ana Xalmimilulco,0203,018,2225619194,,,Fijo,19.21684215,-98.38284012,2010-07,True,True,False,False,False,True,False,False,False,False,False,True,REVISAR,REVISAR,REVISAR,FILTRO_DENUE,REGLAS_DENUE,
3257908,21114812210000611000000000U1,LAVANDERIA SANTA MARIA,,812210,Lavanderías y tintorerías,0 a 5 personas,AVENIDA,36 PONIENTE,CALLE,11 NORTE,CALLE,9 NORTE,AVENIDA,38 PONIENTE,904,A,,,,,COLONIA,SANTA MARIA,,,,72080,21,PUEBLA,114,Puebla,0001,Heroica Puebla de Zaragoza,3578,023,2221249568,,,Fijo,19.0617689,-98.19677337,2010-07,True,True,False,False,False,True,False,False,False,False,False,True,REVISAR,REVISAR,REVISAR,FILTRO_DENUE,REGLAS_DENUE,
10240745,21140812210001641000000000U2,LAVANDERIA SANTA MARIA,,812210,Lavanderías y tintorerías,0 a 5 personas,AVENIDA,21 PONIENTE,AVENIDA,MIGUEL ALEMAN VALDES,CALLE,3 SUR,CALLE,23 PONIENTE,117,,,,,,BARRIO,LA MAGDALENA COAPA,,,,72762,21,PUEBLA,140,San Pedro Cholula,0001,Cholula de Rivadavia,0427,019,,,,Fijo,19.05357027,-98.31256693,2024-11,True,True,False,False,False,True,False,False,False,False,False,True,REVISAR,REVISAR,REVISAR,FILTRO_DENUE,REGLAS_DENUE,
3428134,21074812210000223001000000U1,LAVANDERIA SANTA MONICA,,812210,Lavanderías y tintorerías,31 a 50 personas,CALLE,ALAMOS,CALLE,NINGUNO,CALLE,EMILIANO ZAPATA,BOULEVARD,RIO XOCHIAC,46,,,,,,PUEBLO,SANTA ANA XALMIMINULCO,,,,74169,21,PUEBLA,074,Huejotzingo,0029,Santa Ana Xalmimilulco,0190,037,,LAVADOSANTAMONICA@YAHOO.COM.MX,,Fijo,19.21429432,-98.38863919,2010-07,True,True,False,False,False,True,False,False,False,False,False,True,REVISAR,REVISAR,REVISAR,FILTRO_DENUE,REGLAS_DENUE,
10897834,21114812210021421000000000U0,LAVANDERIA SANTI,,812210,Lavanderías y tintorerías,0 a 5 personas,CALLE,41 SUR,CALLE,AVENIDA 19 PONIENTE,CALLE,PRIVADA DE LA 19 PONIENTE,CALLE,39 SUR,3921,,,,,,COLONIA,BELISARIO DOMINGUEZ,,,,72180,21,PUEBLA,114,Puebla,0001,Heroica Puebla de Zaragoza,3652,005,,,,Fijo,19.05264106,-98.23269837,2024-11,True,True,False,False,False,True,False,False,False,False,False,True,REVISAR,REVISAR,REVISAR,FILTRO_DENUE,REGLAS_DENUE,
8089562,21074812210000471000000000U6,LAVANDERIA SANTY,,812210,Lavanderías y tintorerías,0 a 5 personas,CALLE,PORFIRIO DIAZ,PRIVADA,JUAREZ,PRIVADA,NINGUNO,CALLE,IXTACUIXTLA SUR,36,,,,,,PUEBLO,SANTA ANA XALMIMINULCO,,,,74169,21,PUEBLA,074,Huejotzingo,0029,Santa Ana Xalmimilulco,0167,017,,,,Fijo,19.20207742,-98.38492676,2019-11,True,True,False,False,False,True,False,False,False,False,False,True,REVISAR,REVISAR,REVISAR,FILTRO_DENUE,REGLAS_DENUE,
8234818,21114812210016671000000000U7,LAVANDERIA SATR WHASH,,812210,Lavanderías y tintorerías,0 a 5 personas,CALLE,18 SUR,AVENIDA,39 ORIENTE,PRIVADA,37 ORIENTE,CALLE,20 SUR,,SN,,,,,COLONIA,EL MIRADOR,,,,72530,21,PUEBLA,114,Puebla,0001,Heroica Puebla de Zaragoza,3807,032,2225319697,,WWW.STARWHASH.COM,Fijo,19.02329342,-98.19536014,2019-11,True,True,False,False,False,True,False,False,False,False,False,True,REVISAR,REVISAR,REVISAR,FILTRO_DENUE,REGLAS_DENUE,
10353101,21114812210022461000000000U5,LAVANDERIA SEÑORA LAVADORA,,812210,Lavanderías y tintorerías,0 a 5 personas,CALLE,FRAMBUESO,CALLE,ANTIGUO CAMINO A MANZANILLA O ANTIGUO CAMINO A LA RESURRECION,AVENIDA,BOSQUE DE MANZANILLA,CALLE,FRESNO,5018,,,,,,COLONIA,BOSQUES DE MANZANILLA,,,,72307,21,PUEBLA,114,Puebla,0001,Heroica Puebla de Zaragoza,1675,017,2228292444,OSCARF.REYESD@GMAIL.COM,SENORALAVADORA.SITES.COM,Fijo,19.06534689,-98.14980763,2024-11,True,True,False,False,False,True,False,False,False,False,False,True,REVISAR,REVISAR,REVISAR,FILTRO_DENUE,REGLAS_DENUE,
8082186,21114812210016401000000000U9,LAVANDERIA SENSORIA,,812210,Lavanderías y tintorerías,0 a 5 personas,AVENIDA,AVENIDA DE LAS ROSAS,CALLE,DALIAS,AVENIDA,BUGAMBILIAS,AVENIDA,AVENIDA DE LAS ROSAS,218,A,,,,,COLONIA,BUGAMBILIAS,,,,75082,21,PUEBLA,114,Puebla,0001,Heroica Puebla de Zaragoza,086A,032,,,,Fijo,19.00857362,-98.21326743,2019-11,True,True,False,False,False,True,False,False,False,False,False,True,REVISAR,REVISAR,REVISAR,FILTRO_DENUE,REGLAS_DENUE,
9624559,21074812210000681000000000U0,LAVANDERIA SERGIO,,812210,Lavanderías y tintorerías,0 a 5 personas,CALLE,AVENIDA ALBA,BOULEVARD,HUEJOTZINGO AEROPUERTO,AVENIDA,ALBA,CALLE,AVENIDA FLORIDANA,6,C,,,,,FRACCIONAMIENTO,PASEO DE LOS SAUCES,,,,74160,21,PUEBLA,074,Huejotzingo,0095,Rancho de los Caballos,0326,005,9514659273,,,Fijo,19.17696831,-98.39106949,2024-11,True,True,False,False,False,True,False,False,False,False,False,True,REVISAR,REVISAR,REVISAR,FILTRO_DENUE,REGLAS_DENUE,
8187588,21114812210018541000000000U0,LAVANDERIA SERRANO,,812210,Lavanderías y tintorerías,0 a 5 personas,CALLE,NINGUNO,CALLE,NINGUNO,AVENIDA,12 SUR,AVENIDA,12 SUR,5,,,,,,FRACCIONAMIENTO,LOS HEROES PUEBLA PRIMERA SECCION,,,,72590,21,PUEBLA,114,Puebla,0001,Heroica Puebla de Zaragoza,5409,098,2213305939,,,Fijo,18.97573993,-98.22295236,2019-11,True,True,False,False,False,True,False,False,False,False,False,True,REVISAR,REVISAR,REVISAR,FILTRO_DENUE,REGLAS_DENUE,
3359687,21114812210003231000000000U5,LAVANDERIA SERVI CLEAN,,812210,Lavanderías y tintorerías,0 a 5 personas,CALLE,JALPAN,CALLE,CHIGNAHUAPAN,CALLE,TLACOMULCO,CALLE,ALJOJUCA,76,A,,,,,COLONIA,LA PAZ,,,,72160,21,PUEBLA,114,Puebla,0001,Heroica Puebla de Zaragoza,2508,004,2222302152,,,Fijo,19.05842201,-98.23346177,2010-07,True,True,False,False,False,True,False,False,False,False,False,True,REVISAR,REVISAR,REVISAR,FILTRO_DENUE,REGLAS_DENUE,
9532991,21119812210001951000000000U9,LAVANDERIA SHIRO,,812210,Lavanderías y tintorerías,0 a 5 personas,AVENIDA,EMILIANO ZAPATA,CALLE,LEONA VICARIO,CALLE,VICENTE SUAREZ,AVENIDA,AQUILES SERDAN,254,2,,,,,COLONIA,CONCEPCION LA CRUZ,,,,72197,21,PUEBLA,119,San Andrés Cholula,0013,San Bernardino Tlaxcalancingo,0635,021,2212608548,,,Fijo,19.02424751,-98.25068428,2024-11,True,True,False,False,False,True,False,False,False,False,False,True,REVISAR,REVISAR,REVISAR,FILTRO_DENUE,REGLAS_DENUE,
3456560,21114812210005961000000000U5,LAVANDERIA SILVIA,,812210,Lavanderías y tintorerías,0 a 5 personas,CALLE,2 NORTE,ANDADOR,BENITO JUAREZ,CALLE,8 ORIENTE,CALLE,18 PONIENTE,804,,,,,,COLONIA,LA LIBERTAD,,,,72130,21,PUEBLA,114,Puebla,0001,Heroica Puebla de Zaragoza,3370,021,2222312805,,,Fijo,19.0738362,-98.23321742,2010-07,True,True,False,False,False,True,False,False,False,False,False,True,REVISAR,REVISAR,REVISAR,FILTRO_DENUE,REGLAS_DENUE,
10433849,21114812210021821000000000U1,LAVANDERIA SIN,,812210,Lavanderías y tintorerías,0 a 5 personas,CALLE,3 DE ENERO,CALLE,BENITO JUAREZ,PRIVADA,NINGUNO,OTRO(ESPECIFIQUE),ARROYO,,SN,,,,,COLONIA,NUEVA SAN SALVADOR,,,,72017,21,PUEBLA,114,Puebla,0001,Heroica Puebla de Zaragoza,588A,042,,,,Fijo,19.09206683,-98.17045781,2024-11,True,True,False,False,False,True,False,False,False,False,False,True,REVISAR,REVISAR,REVISAR,FILTRO_DENUE,REGLAS_DENUE,
9738041,21119812210002261000000000U2,LAVANDERIA SIN NOMBRE,,812210,Lavanderías y tintorerías,0 a 5 personas,BOULEVARD,GUSTAVO DIAZ ORDAZ,CALLE,QUERUBINES,CALLE,ARCANGELES,CALLE,NINGUNO,2,,,,,,COLONIA,VILLA FLORESTA,,,,72825,21,PUEBLA,119,San Andrés Cholula,0013,San Bernardino Tlaxcalancingo,0423,013,,,,Fijo,19.02247129,-98.26112719,2024-11,True,True,False,False,False,True,False,False,False,False,False,True,REVISAR,REVISAR,REVISAR,FILTRO_DENUE,REGLAS_DENUE,
10476667,21114812210021721000000000U3,LAVANDERIA SIN NOMBRE,,812210,Lavanderías y tintorerías,0 a 5 personas,CALLE,LAZARO CARDENAS,PRIVADA,NINGUNO,BOULEVARD,CARLOS CAMACHO ESPIRITU,BOULEVARD,CARLOS CAMACHO ESPIRITU,,SN,,,,,COLONIA,SAN FRANCISCO TOTIMEHUACAN,,,,72595,21,PUEBLA,114,Puebla,0001,Heroica Puebla de Zaragoza,6483,012,,,,Fijo,18.9748842,-98.19206632,2024-11,True,True,False,False,False,True,False,False,False,False,False,True,REVISAR,REVISAR,REVISAR,FILTRO_DENUE,REGLAS_DENUE,
11281382,21119812210001921000000000U2,LAVANDERIA SIN NOMBRE,,812210,Lavanderías y tintorerías,0 a 5 personas,CALLE,REVOLUCION,CALLE,CARRIL A MORILLOTLA,PROLONGACION,FRANCISCO I MADERO,CALLE,FRANCISCO I MADERO,,SN,,,,,COLONIA,RINCÓN MORILLOTLA,,,,72813,21,PUEBLA,119,San Andrés Cholula,0013,San Bernardino Tlaxcalancingo,0368,002,,,,Fijo,19.03751765,-98.26125715,2024-11,True,True,False,False,False,True,False,False,False,False,False,True,REVISAR,REVISAR,REVISAR,FILTRO_DENUE,REGLAS_DENUE,
10226034,21114812210019891000000000U8,LAVANDERIA SIN NOMBRE,,812210,Lavanderías y tintorerías,0 a 5 personas,ANDADOR,NINGUNO,CALLE,CAMINO LA PILA,ANDADOR,NINGUNO,ANDADOR,NINGUNO,1,S,,,,,COLONIA,FRACCIONAMIENTO VILLAS MANZANILLA,,,,72227,21,PUEBLA,114,Puebla,0001,Heroica Puebla de Zaragoza,5894,055,,,,Fijo,19.07731682,-98.1302528,2024-11,True,True,False,False,False,True,False,False,False,False,False,True,REVISAR,REVISAR,REVISAR,FILTRO_DENUE,REGLAS_DENUE,
10008398,21180812210000101000000000U4,LAVANDERIA SIN NOMBRE,,812210,Lavanderías y tintorerías,0 a 5 personas,AVENIDA,MEXICO,CALLE,OAXACA,CALLE,BAJA CALIFORNIA,AVENIDA,PUEBLA,,SN,,,32,,LOCALIDAD,SAN RAFAEL IXTAPALUCAN,,,,74100,21,PUEBLA,180,Tlahuapan,0015,San Rafael Ixtapalucan,0174,022,2226349720,,,Fijo,19.29169017,-98.55952181,2024-11,True,True,False,False,False,True,False,False,False,False,False,True,REVISAR,REVISAR,REVISAR,FILTRO_DENUE,REGLAS_DENUE,
11108879,21132812210001501000000000U5,LAVANDERIA SIN NOMBRE,,812210,Lavanderías y tintorerías,0 a 5 personas,AVENIDA,FLORENCIO ESPINOSA ORIENTE,CALLE,CRISTOBAL COLON NORTE,CALLE,ATOYAC NORTE,CALLE,PROGRESO ORIENTE,713,,,,,,COLONIA,DOMINGO ARENAS,,,,74050,21,PUEBLA,132,San Martín Texmelucan,0001,San Martín Texmelucan de Labastida,0340,003,,,,Fijo,19.28273396,-98.42746738,2024-11,True,True,False,False,False,True,False,False,False,False,False,True,REVISAR,REVISAR,REVISAR,FILTRO_DENUE,REGLAS_DENUE,
10829276,21114812210021541000000000U5,LAVANDERIA SIN NOMBRE,,812210,Lavanderías y tintorerías,0 a 5 personas,CALLE,9 NORTE,CALLE,74 PONIENTE,CALLE,72 PONIENTE,CALLE,DIAGONAL BENITO JUAREZ,,SN,,,,,COLONIA,20 DE NOVIEMBRE,,,,72230,21,PUEBLA,114,Puebla,0001,Heroica Puebla de Zaragoza,5004,005,,,,Fijo,19.07488476,-98.18846308,2024-11,True,True,False,False,False,True,False,False,False,False,False,True,REVISAR,REVISAR,REVISAR,FILTRO_DENUE,REGLAS_DENUE,
3311147,21163812210000021000000000U0,LAVANDERIA SIN NOMBRE,,812210,Lavanderías y tintorerías,0 a 5 personas,PRIVADA,2 SUR,CALLE,7 ORIENTE,CALLE,5 ORIENTE,CALLE,4 SUR,510,,,,,,SECCION,TERCERA,,,,75100,21,PUEBLA,163,Tepatlaxco de Hidalgo,0001,Tepatlaxco de Hidalgo,0154,015,,,,Fijo,19.0796074,-97.96835943,2014-12,True,True,False,False,False,True,False,False,False,False,False,True,REVISAR,REVISAR,REVISAR,FILTRO_DENUE,REGLAS_DENUE,
8801667,21114812210014741000000000U0,LAVANDERIA SIN NOMBRE,,812210,Lavanderías y tintorerías,0 a 5 personas,CALLE,6 SUR,CALLE,VENUSTIANO CARRANZA,CALLE,EMILIANO ZAPATA,CALLE,4 SUR,,SN,,,,,PUEBLO,SAN PEDRO ZACACHIMALPA,,,,72960,21,PUEBLA,114,Puebla,0232,San Pedro Zacachimalpa,5659,003,,,,Fijo,18.94180011,-98.15836059,2019-11,True,True,False,False,False,True,False,False,False,False,False,True,REVISAR,REVISAR,REVISAR,FILTRO_DENUE,REGLAS_DENUE,
10794777,21114812210022671000000000U9,LAVANDERIA SIN NOMBRE,,812210,Lavanderías y tintorerías,0 a 5 personas,CALLE,72 PONIENTE,CALLE,GINEBRA,CALLE,BARRANQUILLA,CALLE,72 PONIENTE,,SN,,,,,COLONIA,NACIONES UNIDAS,,,,72210,21,PUEBLA,114,Puebla,0001,Heroica Puebla de Zaragoza,150A,035,,,,Fijo,19.07153176,-98.18384003,2024-11,True,True,False,False,False,True,False,False,False,False,False,True,REVISAR,REVISAR,REVISAR,FILTRO_DENUE,REGLAS_DENUE,
10900036,21140812210000161000000000U2,LAVANDERIA SIN NOMBRE,,812210,Lavanderías y tintorerías,0 a 5 personas,CALLE,2 SUR,AVENIDA,3 ORIENTE,AVENIDA,5 ORIENTE,AVENIDA,MIGUEL ALEMAN VALDES,304,C,,,,,COLONIA,CENTRO,,,,72760,21,PUEBLA,140,San Pedro Cholula,0001,Cholula de Rivadavia,0056,027,,,,Fijo,19.05992049,-98.30613289,2024-11,True,True,False,False,False,True,False,False,False,False,False,True,REVISAR,REVISAR,REVISAR,FILTRO_DENUE,REGLAS_DENUE,
10534718,21132812210001311000000000U9,LAVANDERIA SIN NOMBRE,,812210,Lavanderías y tintorerías,0 a 5 personas,CALLE,RETORNO 3,CALLE,RETORNO 3,CALLE,MAGISTERIAL,ANDADOR,NINGUNO,303,,,,3,,CONJUNTO HABITACIONAL,SAN JUAN,,,,74030,21,PUEBLA,132,San Martín Texmelucan,0001,San Martín Texmelucan de Labastida,0336,067,2481560415,,,Fijo,19.29227474,-98.4338496,2024-11,True,True,False,False,False,True,False,False,False,False,False,True,REVISAR,REVISAR,REVISAR,FILTRO_DENUE,REGLAS_DENUE,
8214241,21114812210017281000000000U4,LAVANDERIA SIN NOMBRE,,812210,Lavanderías y tintorerías,0 a 5 personas,CALLE,AQUILES SERDAN,CALLE,CUAUHTEMOC,CALLE,REVOLUCION MEXICANA,CALLE,JOSEFA ORTIZ DE DOMINGUEZ,,SN,,,,,COLONIA,UNION ANTORCHISTA,,,,72490,21,PUEBLA,114,Puebla,0001,Heroica Puebla de Zaragoza,6093,015,2227867824,,,Fijo,18.95814334,-98.2699324,2019-11,True,True,False,False,False,True,False,False,False,False,False,True,REVISAR,REVISAR,REVISAR,FILTRO_DENUE,REGLAS_DENUE,
11113561,21140812210001941000000000U6,LAVANDERIA SIN NOMBRE,,812210,Lavanderías y tintorerías,0 a 5 personas,AVENIDA,15 ORIENTE,DIAGONAL,DIAGONAL DEL FERROCARRIL,CALLE,4 SUR,AVENIDA,15 ORIENTE,203,,,,,,BARRIO,SAN PABLO TECAMAC,,,,72750,21,PUEBLA,140,San Pedro Cholula,0001,Cholula de Rivadavia,0060,033,,,,Fijo,19.05477545,-98.30798823,2024-11,True,True,False,False,False,True,False,False,False,False,False,True,REVISAR,REVISAR,REVISAR,FILTRO_DENUE,REGLAS_DENUE,
10934763,21136812210000081000000000U0,LAVANDERIA SIN NOMBRE,,812210,Lavanderías y tintorerías,0 a 5 personas,AVENIDA,BERRIOZABAL,CALLE,FRANCISCO I MADERO,PRIVADA,NINGUNO,AVENIDA,AGUSTIN DE ITURBIDE,,SN,,,,,LOCALIDAD,SAN MIGUEL XOXTLA,,,,72620,21,PUEBLA,136,San Miguel Xoxtla,0001,San Miguel Xoxtla,0049,003,,,,Semifijo,19.16436691,-98.30676255,2024-11,True,True,False,False,False,True,False,False,False,False,False,True,REVISAR,REVISAR,REVISAR,FILTRO_DENUE,REGLAS_DENUE,
8214604,21114812210017381000000000U2,LAVANDERIA SIN NOMBRE,,812210,Lavanderías y tintorerías,0 a 5 personas,ANDADOR,ANDADOR DEL TRUENO,CIRCUITO,SAN BARTOLO SUR A,ANDADOR,PLAZA DEL ALMENDRO,ANDADOR,PLAZA DEL ALMENDRO,22,E,,,1,,UNIDAD HABITACIONAL,SAN BARTOLO,,,,72470,21,PUEBLA,114,Puebla,0001,Heroica Puebla de Zaragoza,4129,007,,,,Fijo,18.98992478,-98.23939151,2019-11,True,True,False,False,False,True,False,False,False,False,False,True,REVISAR,REVISAR,REVISAR,FILTRO_DENUE,REGLAS_DENUE,
7445718,21140337110000062011000000U0,LAVANDERIA SIN NOMBRE,,812210,Lavanderías y tintorerías,0 a 5 personas,PRIVADA,COAPA,AVENIDA,CHOLULA,CALLE,PERIFERICO ECOLOGICO,PRIVADA,COAPA,7,,,,,,COLONIA,SANTIAGO MOMOXPAN,,,,72464,21,PUEBLA,140,San Pedro Cholula,0001,Cholula de Rivadavia,0319,104,,,,Fijo,19.06868466,-98.27462618,2019-11,True,True,False,False,False,True,False,False,False,False,False,True,REVISAR,REVISAR,REVISAR,FILTRO_DENUE,REGLAS_DENUE,
10701786,21132812210001341000000000U6,LAVANDERIA SIN NOMBRE,,812210,Lavanderías y tintorerías,0 a 5 personas,PRIVADA,TABASCO,PRIVADA,NINGUNO,CALLE,TABASCO,CALLE,CHIHUAHUA,3,,,,,,COLONIA,TLANALAPAN,,,,74122,21,PUEBLA,132,San Martín Texmelucan,0013,San Rafael Tlanalapan,0459,009,,,,Fijo,19.28324,-98.46581338,2024-11,True,True,False,False,False,True,False,False,False,False,False,True,REVISAR,REVISAR,REVISAR,FILTRO_DENUE,REGLAS_DENUE,
10591061,21114812210021871000000000U6,LAVANDERIA SIN NOMBRE,,812210,Lavanderías y tintorerías,0 a 5 personas,CALLE,46 A NORTE,AVENIDA,20 ORIENTE,PRIVADA,NINGUNO,CALLE,42 NORTE,,SN,,,,,COLONIA,10 DE MAYO,,,,72327,21,PUEBLA,114,Puebla,0001,Heroica Puebla de Zaragoza,1389,055,2214527568,,,Fijo,19.05042309,-98.16417726,2024-11,True,True,False,False,False,True,False,False,False,False,False,True,REVISAR,REVISAR,REVISAR,FILTRO_DENUE,REGLAS_DENUE,
11074514,21140812210001691000000000U7,LAVANDERIA SIN NOMBRE,,812210,Lavanderías y tintorerías,0 a 5 personas,AVENIDA,5 PONIENTE,PRIVADA,5 PONIENTE,CALLE,15 SUR,AVENIDA,7 PONIENTE,1317,,,,,,BARRIO,LA SANTÍSIMA,,,,72762,21,PUEBLA,140,San Pedro Cholula,0001,Cholula de Rivadavia,0056,040,,,,Fijo,19.0652855,-98.31907873,2024-11,True,True,False,False,False,True,False,False,False,False,False,True,REVISAR,REVISAR,REVISAR,FILTRO_DENUE,REGLAS_DENUE,
10994072,21132812210001601000000000U3,LAVANDERIA SIN NOMBRE,,812210,Lavanderías y tintorerías,0 a 5 personas,PRIVADA,NINGUNO,CALLE,EMILIANO ZAPATA,CALLE,FRANCISCO VILLA,CALLE,JUAREZ,,SN,,,,,LOCALIDAD,SAN RAFAEL TLANALAPA,,,,74120,21,PUEBLA,132,San Martín Texmelucan,0013,San Rafael Tlanalapan,0285,014,5561463129,,,Fijo,19.30189385,-98.45986129,2024-11,True,True,False,False,False,True,False,False,False,False,False,True,REVISAR,REVISAR,REVISAR,FILTRO_DENUE,REGLAS_DENUE,
8121090,21090812210000111000000000U4,LAVANDERIA SIN NOMBRE,,812210,Lavanderías y tintorerías,0 a 5 personas,AVENIDA,AVENIDA DEL BOSQUE,PROLONGACION,16 DE SEPTIEMBRE,PRIVADA,NINGUNO,CALLE,XOCHIMILCO,,SN,,,,,LOCALIDAD,SAN MATEO CUANALA,,,,72640,21,PUEBLA,090,Juan C. Bonilla,0001,Cuanalá,0118,012,,,,Fijo,19.11000667,-98.32996852,2019-11,True,True,False,False,False,True,False,False,False,False,False,True,REVISAR,REVISAR,REVISAR,FILTRO_DENUE,REGLAS_DENUE,
11102708,21114812210019911000000000U4,LAVANDERIA SIN NOMBRE,,812210,Lavanderías y tintorerías,0 a 5 personas,CALLE,51 NORTE,AVENIDA,20 PONIENTE,AVENIDA,18 PONIENTE,CALLE,53 NORTE,1811,,,,,,AMPLIACION,AQUILES SERDAN,,,,72140,21,PUEBLA,114,Puebla,0001,Heroica Puebla de Zaragoza,3474,026,2225190263,,,Fijo,19.07201794,-98.22758929,2024-11,True,True,False,False,False,True,False,False,False,False,False,True,REVISAR,REVISAR,REVISAR,FILTRO_DENUE,REGLAS_DENUE,
8148498,21140812210001301000000000U3,LAVANDERIA SIN NOMBRE,,812210,Lavanderías y tintorerías,0 a 5 personas,CALLE,29 PONIENTE,CALLE,21 SUR,PRIVADA,21 SUR,PRIVADA,21 SUR,2106,A,,,,,LOCALIDAD,CHOLULA DE RIVADAVIA,,,,72764,21,PUEBLA,140,San Pedro Cholula,0001,Cholula de Rivadavia,0431,059,,,,Fijo,19.05658717,-98.32809925,2019-11,True,True,False,False,False,True,False,False,False,False,False,True,REVISAR,REVISAR,REVISAR,FILTRO_DENUE,REGLAS_DENUE,
9978459,21114812210020301000000000U5,LAVANDERIA SIN NOMBRE,,812210,Lavanderías y tintorerías,0 a 5 personas,CALLE,MORELOS,CALLE,INSURGENTES,CALLE,NINGUNO,CALLE,MORELOS,,SN,,,,,COLONIA,PRIMERO DE MAYO,,,,72260,21,PUEBLA,114,Puebla,0478,Primero de Mayo,0037,009,,,,Fijo,19.08092865,-98.09822327,2024-11,True,True,False,False,False,True,False,False,False,False,False,True,REVISAR,REVISAR,REVISAR,FILTRO_DENUE,REGLAS_DENUE,
10279073,21074812210000841000000000U0,LAVANDERIA SIN NOMBRE,,812210,Lavanderías y tintorerías,0 a 5 personas,AVENIDA,AUREA,AVENIDA,FLORIDANA,BOULEVARD,HUEJOTZINGO AEROPUERTO,CALLE,PASEO EUCALIPTO,10,D,,,,,FRACCIONAMIENTO,PASEO DE LOS SAUCES,,,,74160,21,PUEBLA,074,Huejotzingo,0095,Rancho de los Caballos,0326,004,2211070272,,,Fijo,19.17748238,-98.39006779,2024-11,True,True,False,False,False,True,False,False,False,False,False,True,REVISAR,REVISAR,REVISAR,FILTRO_DENUE,REGLAS_DENUE,
9133565,21114722518016371010000000U9,LAVANDERIA SIN NOMBRE,,812210,Lavanderías y tintorerías,0 a 5 personas,CALLE,VENUSTIANO CARRANZA,PRIVADA,CARRILLO PUERTO,CALLE,FRANCISCO I MADERO,CALLE,CORREGIDORA,,SN,,,,,COLONIA,MIRAVALLE,,,,72014,21,PUEBLA,114,Puebla,0001,Heroica Puebla de Zaragoza,435A,015,,,,Fijo,19.10395171,-98.19630716,2019-11,True,True,False,False,False,True,False,False,False,False,False,True,REVISAR,REVISAR,REVISAR,FILTRO_DENUE,REGLAS_DENUE,
8148986,21140461110017781010000000U4,LAVANDERIA SIN NOMBRE,,812210,Lavanderías y tintorerías,0 a 5 personas,CALLE,3 NORTE,CALLE,28 PONIENTE,PRIVADA,PRIVADA DE LA 3 NORTE,CALLE,5 NORTE,2311,,,,,,BARRIO,SANTIAGO MIXQUITLA,,,,72760,21,PUEBLA,140,San Pedro Cholula,0001,Cholula de Rivadavia,0376,009,,,,Fijo,19.07472423,-98.30239237,2019-11,True,True,False,False,False,True,False,False,False,False,False,True,REVISAR,REVISAR,REVISAR,FILTRO_DENUE,REGLAS_DENUE,
10551167,21114812210019841000000000U3,LAVANDERIA SIN NOMBRE,,812210,Lavanderías y tintorerías,0 a 5 personas,CALLE,AYUNTAMIENTO,CALLE,SANTUARIO,CALLE,INDEPENDENCIA,CALLE,SAN DIEGO BUENA VISTA,,SN,,,,,LOCALIDAD,SAN APARICIO,,,,72219,21,PUEBLA,114,Puebla,0194,San Sebastián de Aparicio,3258,001,,,,Fijo,19.10038955,-98.164855,2024-11,True,True,False,False,False,True,False,False,False,False,False,True,REVISAR,REVISAR,REVISAR,FILTRO_DENUE,REGLAS_DENUE,
9492182,21074812210000691000000000U9,LAVANDERIA SIN NOMBRE,,812210,Lavanderías y tintorerías,0 a 5 personas,AVENIDA,EL CARMEN,CALLE,MOCTEZUMA,CALLE,RANCHO PALACIOS,AVENIDA,LA PERLA,1805,,,,,,LOCALIDAD,HUEJOTZINGO,,,,74160,21,PUEBLA,074,Huejotzingo,0001,Huejotzingo,0148,013,,,,Fijo,19.14598604,-98.40430462,2024-11,True,True,False,False,False,True,False,False,False,False,False,True,REVISAR,REVISAR,REVISAR,FILTRO_DENUE,REGLAS_DENUE,
10922531,21114812210021491000000000U3,LAVANDERIA SIN NOMBRE,LAS MARAVILLAS,812210,Lavanderías y tintorerías,0 a 5 personas,OTRO(ESPECIFIQUE),BARDA,CALLE,PINO SUAREZ,CALLE,NUESTRA SEÑORA DE LA ASUNCION,CALLE,NUESTRA SEÑORA DE LA ASUNCION,,SN,,,,,COLONIA,LA GUADALUPANA,,,,72595,21,PUEBLA,114,Puebla,0001,Heroica Puebla de Zaragoza,6407,008,,,,Fijo,18.97086184,-98.17448208,2024-11,True,True,False,False,False,True,False,False,False,False,False,True,REVISAR,REVISAR,REVISAR,FILTRO_DENUE,REGLAS_DENUE,
9671608,21114812210019421000000000U4,LAVANDERIA SIN NOMBRE,,812210,Lavanderías y tintorerías,0 a 5 personas,AVENIDA,BENITO JUAREZ,AVENIDA,MARIANO ABASOLO,AVENIDA,ADOLFO LOPEZ MATEOS,AVENIDA,ADOLFO LOPEZ MATEOS,,SN,,,,,MANZANA,SAN BALTAZAR TETELA,,,,72960,21,PUEBLA,114,Puebla,0196,San Baltazar Tetela,3239,030,,,,Fijo,18.9054726,-98.17565861,2024-11,True,True,False,False,False,True,False,False,False,False,False,True,REVISAR,REVISAR,REVISAR,FILTRO_DENUE,REGLAS_DENUE,
9883208,21114812210020311000000000U4,LAVANDERIA SIN NOMBRE,PENDIENTE,812210,Lavanderías y tintorerías,0 a 5 personas,CALLE,5 DE MAYO,PRIVADA,NINGUNO,CALLE,SAN DIEGO BUENA VISTA,CALLE,SANTUARIO,,SN,,,,,LOCALIDAD,SAN APARICIO,,,,72219,21,PUEBLA,114,Puebla,0194,San Sebastián de Aparicio,3258,090,,,,Fijo,19.10019342,-98.16216963,2024-11,True,True,False,False,False,True,False,False,False,False,False,True,REVISAR,REVISAR,REVISAR,FILTRO_DENUE,REGLAS_DENUE,
11074737,21114812210021441000000000U8,LAVANDERIA SIN NOMBRE,,812210,Lavanderías y tintorerías,0 a 5 personas,CALLE,VADO,PRIVADA,AZUCENAS,CALLE,AZUCENAS,CALLE,CEDROS,,SN,,,,,COLONIA,AMPLIACION CUARTA DE SAN RAMON,,,,72490,21,PUEBLA,114,Puebla,0001,Heroica Puebla de Zaragoza,6089,029,,,,Fijo,18.96009534,-98.26914659,2024-11,True,True,False,False,False,True,False,False,False,False,False,True,REVISAR,REVISAR,REVISAR,FILTRO_DENUE,REGLAS_DENUE,
11432676,21053812210000381000000000U1,LAVANDERIA SIN NOMBRE,,812210,Lavanderías y tintorerías,0 a 5 personas,CALLE,CUARTA CALLE DE MORELOS,CALLE,ALVARO OBREGON,CALLE,ZARAGOZA,CALLE,PRIMERA DE IGNACIO ZARAGOZA,,SN,,,,,BARRIO,TOLTEMPAN,,,,73300,21,PUEBLA,053,Chignahuapan,0001,Ciudad de Chignahuapan,028A,006,,,,Fijo,19.83734126,-98.03517009,2024-11,True,True,False,False,False,True,False,False,False,False,False,True,REVISAR,REVISAR,REVISAR,FILTRO_DENUE,REGLAS_DENUE,
10362454,21114812210022191000000000U8,LAVANDERIA SIN NOMBRE,MARTHA CAMPOS,812210,Lavanderías y tintorerías,0 a 5 personas,CALLE,LORENZO RAMOS,PRIVADA,LORENZO RAMOS Z,PRIVADA,NINGUNO,PRIVADA,JERUSALEN,20,A,,,,,COLONIA,SAN JERONIMO CALERAS,,,,72104,21,PUEBLA,114,Puebla,0001,Heroica Puebla de Zaragoza,1603,022,2225359265,,,Fijo,19.09552881,-98.21462565,2024-11,True,True,False,False,False,True,False,False,False,False,False,True,REVISAR,REVISAR,REVISAR,FILTRO_DENUE,REGLAS_DENUE,
10235450,21140812210001891000000000U3,LAVANDERIA SIN NOMBRE,IMELDA SANTOYLTL,812210,Lavanderías y tintorerías,0 a 5 personas,CALLE,5 NORTE,CALLE,28 PONIENTE,PRIVADA,28 PONIENTE,CALLE,3 NORTE,2806,,,,,A,BARRIO,SANTIAGO MIXQUITLA,,,,72760,21,PUEBLA,140,San Pedro Cholula,0001,Cholula de Rivadavia,0376,009,,,,Fijo,19.07513067,-98.30392844,2024-11,True,True,False,False,False,True,False,False,False,False,False,True,REVISAR,REVISAR,REVISAR,FILTRO_DENUE,REGLAS_DENUE,
10365182,21114812210019521000000000U1,LAVANDERIA SIN NOMBRE,,812210,Lavanderías y tintorerías,0 a 5 personas,AVENIDA,25 PONIENTE,CALLE,7 SUR,PRIVADA,5 SUR B,AVENIDA,23 PONIENTE,524,A,,,,,COLONIA,CHULAVISTA,,,,72410,21,PUEBLA,114,Puebla,0001,Heroica Puebla de Zaragoza,3741,006,,,,Fijo,19.03755235,-98.20833004,2024-11,True,True,False,False,False,True,False,False,False,False,False,True,REVISAR,REVISAR,REVISAR,FILTRO_DENUE,REGLAS_DENUE,
10370581,21114812210021051000000000U5,LAVANDERIA SIN NOMBRE,,812210,Lavanderías y tintorerías,0 a 5 personas,PRIVADA,FRANCISCO VILLA,BOULEVARD,CLAVIJERO,PROLONGACION,ABASOLO,CALLE,NAZARETH,32,,,,,,COLONIA,HERMOSA PROVINCIA,,,,72350,21,PUEBLA,114,Puebla,0001,Heroica Puebla de Zaragoza,4523,010,2213659741,,,Fijo,19.03006817,-98.14280633,2024-11,True,True,False,False,False,True,False,False,False,False,False,True,REVISAR,REVISAR,REVISAR,FILTRO_DENUE,REGLAS_DENUE,
9599199,21114812210022061000000000U3,LAVANDERIA SIN NOMBRE,ERIKA ZAMORA,812210,Lavanderías y tintorerías,0 a 5 personas,CALLE,TONANTZIN,CALLE,TENOCHTITLAN,BOULEVARD,CAMINO AL BATAN,CALLE,JUAN ROJAS FLORES,,SN,,,,,COLONIA,LOMAS DE SAN MIGUEL,,,,72573,21,PUEBLA,114,Puebla,0001,Heroica Puebla de Zaragoza,4025,003,2211005437,,,Fijo,18.99436011,-98.17828057,2024-11,True,True,False,False,False,True,False,False,False,False,False,True,REVISAR,REVISAR,REVISAR,FILTRO_DENUE,REGLAS_DENUE,
10635911,21114812210022331000000000U0,LAVANDERIA SIN NOMBRE,,812210,Lavanderías y tintorerías,0 a 5 personas,CALLE,LA LUZ,CALLE,VICENTE GUERRERO,CALLE,HOMBRES ILUSTRES,CALLE,MOCTEZUMA,3,,,,,,COLONIA,IGNACIO ROMERO VARGAS,,,,72120,21,PUEBLA,114,Puebla,0001,Heroica Puebla de Zaragoza,4792,019,,,,Fijo,19.0766153,-98.24353085,2024-11,True,True,False,False,False,True,False,False,False,False,False,True,REVISAR,REVISAR,REVISAR,FILTRO_DENUE,REGLAS_DENUE,
3329957,21041812210000211000000000U5,LAVANDERIA SIN NOMBRE,,812210,Lavanderías y tintorerías,0 a 5 personas,AVENIDA,URANGA,AVENIDA,URANGA,AVENIDA,URANGA,PRIVADA,BACHILLERES,,SN,,,,,LOCALIDAD,DEL CALVARIO,,,,72700,21,PUEBLA,041,Cuautlancingo,0001,San Juan Cuautlancingo,0109,036,,,,Fijo,19.0973754,-98.26842532,2014-12,True,True,False,False,False,True,False,False,False,False,False,True,REVISAR,REVISAR,REVISAR,FILTRO_DENUE,REGLAS_DENUE,
10004686,21114812210019391000000000U9,LAVANDERIA SIN NOMBRE,,812210,Lavanderías y tintorerías,0 a 5 personas,CALLE,BARRANCA GUADALUPE,CALLE,BARRANCA CHICA,OTRO(ESPECIFIQUE),BARDA,CALLE,BARRANCA DE LOS CIENTIFICOS,39,A,,,,,CONJUNTO HABITACIONAL,LOMA LINDA,,,,72014,21,PUEBLA,114,Puebla,0001,Heroica Puebla de Zaragoza,5771,042,,,,Fijo,19.10947455,-98.20428699,2024-11,True,True,False,False,False,True,False,False,False,False,False,True,REVISAR,REVISAR,REVISAR,FILTRO_DENUE,REGLAS_DENUE,
9768672,21114812210009471000000000U1,LAVANDERIA SIN NOMBRE,,812210,Lavanderías y tintorerías,0 a 5 personas,CALLE,DIAGONAL SAN ANTONIO,PRIVADA,ROSALITO,CALLE,CRISANTEMOS,CALLE,SAN ANTONIO,,SN,,,,,COLONIA,SAN ANTONIO ABAD,,,,72314,21,PUEBLA,114,Puebla,0001,Heroica Puebla de Zaragoza,442A,046,,,,Fijo,19.06454667,-98.14196685,2024-11,True,True,False,False,False,True,False,False,False,False,False,True,REVISAR,REVISAR,REVISAR,FILTRO_DENUE,REGLAS_DENUE,
10126402,21015812210000561000000000U7,LAVANDERIA SIN NOMBRE,,812210,Lavanderías y tintorerías,0 a 5 personas,CALLE,12 SUR,AVENIDA,3 ORIENTE,AVENIDA,5 ORIENTE,CALLE,10 SUR,320,,,,,,BARRIO,SANTO ANGEL,,,,72980,21,PUEBLA,015,Amozoc,0001,Amozoc de Mota,0310,033,2225048320,,,Fijo,19.04176538,-98.03736081,2024-11,True,True,False,False,False,True,False,False,False,False,False,True,REVISAR,REVISAR,REVISAR,FILTRO_DENUE,REGLAS_DENUE,
9979555,21114812210021991000000000U2,LAVANDERIA SIN NOMBRE,,812210,Lavanderías y tintorerías,0 a 5 personas,AVENIDA,AZALEAS,CALLE,TULIPANES,CALLE,NARDOS,AVENIDA,MAGNOLIAS,970,,,,,,COLONIA,SAN RAMON PRIMERA SECCION,,,,72490,21,PUEBLA,114,Puebla,0001,Heroica Puebla de Zaragoza,4716,005,,,,Fijo,18.97494491,-98.25708601,2024-11,True,True,False,False,False,True,False,False,False,False,False,True,REVISAR,REVISAR,REVISAR,FILTRO_DENUE,REGLAS_DENUE,
7516344,21015812210000171000000000U5,LAVANDERIA SIN NOMBRE,,812210,Lavanderías y tintorerías,0 a 5 personas,PRIVADA,ZERENE,PROLONGACION,16 DE SEPTIEMBRE,CALLE,NINGUNO,CIRCUITO,AURORA,6,,,,,,FRACCIONAMIENTO,LA CRUZ,,,,72980,21,PUEBLA,015,Amozoc,0001,Amozoc de Mota,026A,078,,,,Fijo,19.04254376,-98.02631481,2019-11,True,True,False,False,False,True,False,False,False,False,False,True,REVISAR,REVISAR,REVISAR,FILTRO_DENUE,REGLAS_DENUE,
11139884,21114812210022431000000000U8,LAVANDERIA SIN NOMBRE,,812210,Lavanderías y tintorerías,0 a 5 personas,PRIVADA,NINGUNO,PRIVADA,NINGUNO,OTRO(ESPECIFIQUE),BARDA,CALLE,NUESTRA SEÑORA DE LA ASUNCION,,SN,,,,,COLONIA,LA GUADALUPANA,,,,72595,21,PUEBLA,114,Puebla,0001,Heroica Puebla de Zaragoza,6407,008,,,,Fijo,18.97135216,-98.17490206,2024-11,True,True,False,False,False,True,False,False,False,False,False,True,REVISAR,REVISAR,REVISAR,FILTRO_DENUE,REGLAS_DENUE,
10973562,21114812210021301000000000U4,LAVANDERIA SIN NOMBRE,,812210,Lavanderías y tintorerías,0 a 5 personas,AVENIDA,119 PONIENTE,CALLE,7 A SUR,AVENIDA,3 SUR,AVENIDA,3 SUR,305,A,,,1,,COLONIA,GUADALUPE HIDALGO,,,,72490,21,PUEBLA,114,Puebla,0001,Heroica Puebla de Zaragoza,4186,014,2226747760,,,Fijo,18.98127592,-98.23909056,2024-11,True,True,False,False,False,True,False,False,False,False,False,True,REVISAR,REVISAR,REVISAR,FILTRO_DENUE,REGLAS_DENUE,
10460850,21114812210022391000000000U4,LAVANDERIA SIN NOMBRE,,812210,Lavanderías y tintorerías,0 a 5 personas,CALLE,TEPEXI,CALLE,ALLENDE,CALLE,GUERRERO,CALLE,TEPETITLAN,536,,,,,,COLONIA,VICENTE GUERRERO,,,,72470,21,PUEBLA,114,Puebla,0001,Heroica Puebla de Zaragoza,3900,031,,,,Fijo,19.00304623,-98.22947696,2024-11,True,True,False,False,False,True,False,False,False,False,False,True,REVISAR,REVISAR,REVISAR,FILTRO_DENUE,REGLAS_DENUE,
10512913,21114812210020261000000000U1,LAVANDERIA SIN NOMBRE,,812210,Lavanderías y tintorerías,0 a 5 personas,CALLE,FRAY ANDRES DE CORDOBA,AVENIDA,FRESNOS,CALLE,FRAY ANDRES TOMAS DE CASILLAS,CALLE,FRAY FRANCISCO JIMENEZ,7930,,,,,,COLONIA,TRES CRUCES,,,,72595,21,PUEBLA,114,Puebla,0001,Heroica Puebla de Zaragoza,2141,038,,,,Fijo,18.99259249,-98.18984113,2024-11,True,True,False,False,False,True,False,False,False,False,False,True,REVISAR,REVISAR,REVISAR,FILTRO_DENUE,REGLAS_DENUE,
8998301,21114812210017492000000000U7,LAVANDERIA SIN NOMBRE,,812210,Lavanderías y tintorerías,6 a 10 personas,PRIVADA,TERCERA PRIVADA LA CAÑADA,PRIVADA,PRIMERA PRIVADA LA CAÑADA,PRIVADA,CUARTA PRIVADA LA CAÑADA,CALLE,NINGUNO,,SN,,,,,BARRIO,SANTA CLARA LA VENTA,,,,72595,21,PUEBLA,114,Puebla,0001,Heroica Puebla de Zaragoza,6252,001,,,,Fijo,18.96371113,-98.20202062,2019-11,True,True,False,False,False,True,False,False,False,False,False,True,REVISAR,REVISAR,REVISAR,FILTRO_DENUE,REGLAS_DENUE,
9560716,21114812210019791000000000U0,LAVANDERIA SIN NOMBRE,,812210,Lavanderías y tintorerías,0 a 5 personas,CALLE,HELIOTROPOS,AVENIDA,ROSALES,PRIVADA,NINGUNO,CALLE,NINGUNO,14114,,,,,,COLONIA,SAN RAMON,,,,72490,21,PUEBLA,114,Puebla,0001,Heroica Puebla de Zaragoza,4720,001,,,,Fijo,18.97177072,-98.25799372,2024-11,True,True,False,False,False,True,False,False,False,False,False,True,REVISAR,REVISAR,REVISAR,FILTRO_DENUE,REGLAS_DENUE,
8825889,21114812210013911000000000U0,LAVANDERIA SIN NOMBRE,,812210,Lavanderías y tintorerías,0 a 5 personas,BOULEVARD,CARRARA,CALLE,BARDIGGLIO,CALLE,SANTO TOMAS,CALLE,NINGUNO,25,1,,,,,FRACCIONAMIENTO,LOMAS DEL MARMOL 1,,,,72574,21,PUEBLA,114,Puebla,0001,Heroica Puebla de Zaragoza,4006,006,2228198923,,,Fijo,19.0055041,-98.18203388,2019-11,True,True,False,False,False,True,False,False,False,False,False,True,REVISAR,REVISAR,REVISAR,FILTRO_DENUE,REGLAS_DENUE,
11473176,21114812210022621000000000U4,LAVANDERIA SIN NOMBRE,,812210,Lavanderías y tintorerías,0 a 5 personas,CALLE,24 SUR,BOULEVARD,CIRCUNVALACION,CALLE,RIO SABINAS,CALLE,24 SUR,5911,,,,,,FRACCION,JARDINES DE SAN MANUEL,,,,72570,21,PUEBLA,114,Puebla,0001,Heroica Puebla de Zaragoza,0821,041,,,,Fijo,19.00611009,-98.19421431,2024-11,True,True,False,False,False,True,False,False,False,False,False,True,REVISAR,REVISAR,REVISAR,FILTRO_DENUE,REGLAS_DENUE,
9937990,21114812210022171000000000U0,LAVANDERIA SIN NOMBRE,,812210,Lavanderías y tintorerías,0 a 5 personas,BOULEVARD,LAS CARMELITAS,AVENIDA,95 PONIENTE,CALLE,20 DE OCTUBRE,BOULEVARD,LAS CARMELITAS,8902,,,,,,COLONIA,EX RANCHO VAQUERIAS,,,,72464,21,PUEBLA,114,Puebla,0001,Heroica Puebla de Zaragoza,6021,022,,,,Fijo,19.00651925,-98.24558529,2024-11,True,True,False,False,False,True,False,False,False,False,False,True,REVISAR,REVISAR,REVISAR,FILTRO_DENUE,REGLAS_DENUE,
10015831,21114812210022491000000000U2,LAVANDERIA SIN NOMBRE,EDUARDO HERNANDEZ,812210,Lavanderías y tintorerías,0 a 5 personas,AVENIDA,123 PONIENTE,CALLE,BENITO JUAREZ,PRIVADA,9 A SUR,CALLE,BENITO JUAREZ,,SN,,,,,COLONIA,GUADALUPE HIDALGO,,,,72490,21,PUEBLA,114,Puebla,0001,Heroica Puebla de Zaragoza,4186,021,,,,Fijo,18.98323157,-98.24825229,2024-11,True,True,False,False,False,True,False,False,False,False,False,True,REVISAR,REVISAR,REVISAR,FILTRO_DENUE,REGLAS_DENUE,
7828000,21114812210013851000000000U8,LAVANDERIA SIN NOMBRE,,812210,Lavanderías y tintorerías,0 a 5 personas,CALLE,5 DE MAYO,PRIVADA,5 DE MAYO,CARRETERA,FEDERAL PUEBLA TLAXCALA,AVENIDA,AVENIDA DE LAS HUERTAS,95,,,,,,COLONIA,SAN PABLO XOCHIMEHUACAN,,,,72014,21,PUEBLA,114,Puebla,0001,Heroica Puebla de Zaragoza,257A,019,2221022960,,,Fijo,19.09133733,-98.20615211,2019-11,True,True,False,False,False,True,False,False,False,False,False,True,REVISAR,REVISAR,REVISAR,FILTRO_DENUE,REGLAS_DENUE,
7828002,21114812210013861000000000U7,LAVANDERIA SIN NOMBRE,,812210,Lavanderías y tintorerías,0 a 5 personas,PRIVADA,PRINCIPAL AMANALCO,PRIVADA,PROLONGACION AMANALCO,CERRADA,5 DE MAYO,PRIVADA,PROLONGACION AMANALCO,2,,,,,,COLONIA,SAN PABLO XOCHIMEHUACAN,,,,72014,21,PUEBLA,114,Puebla,0001,Heroica Puebla de Zaragoza,257A,001,,,,Fijo,19.09180729,-98.20312419,2019-11,True,True,False,False,False,True,False,False,False,False,False,True,REVISAR,REVISAR,REVISAR,FILTRO_DENUE,REGLAS_DENUE,
7547473,21114812210015721100000000U1,LAVANDERIA SIN NOMBRE,,812210,Lavanderías y tintorerías,0 a 5 personas,CALLE,CUAUHTEMOC PONIENTE,PRIVADA,DUODECIMA CUAUHTEMOC,PRIVADA,NOVENA CUAUHTEMOC,PROLONGACION,BENITO JUAREZ,135,A,,,,,COLONIA,SAN FELIPE HUEYOTLIPAN,,,,72030,21,PUEBLA,114,Puebla,0001,Heroica Puebla de Zaragoza,2550,015,2221287062,,,Fijo,19.08788183,-98.21926098,2019-11,True,True,False,False,False,True,False,False,False,False,False,True,REVISAR,REVISAR,REVISAR,FILTRO_DENUE,REGLAS_DENUE,
10234746,21114812210020091000000000U2,LAVANDERIA SIN NOMBRE,,812210,Lavanderías y tintorerías,0 a 5 personas,PRIVADA,117 B PONIENTE,CALLE,NINGUNO,CALLE,NINGUNO,PRIVADA,117 A PONIENTE,1710,,,,,,FRACCIONAMIENTO,PASEOS DEL RIO,,,,72484,21,PUEBLA,114,Puebla,0001,Heroica Puebla de Zaragoza,5023,034,2225668098,,,Fijo,18.99368302,-98.25547465,2024-11,True,True,False,False,False,True,False,False,False,False,False,True,REVISAR,REVISAR,REVISAR,FILTRO_DENUE,REGLAS_DENUE,
8308071,21114812210014461100000000U5,LAVANDERIA SIN NOMBRE,,812210,Lavanderías y tintorerías,0 a 5 personas,CALLE,40 NORTE,CALLE,NINGUNO,CALLE,6 ORIENTE,CALLE,42 NORTE,,SN,,,,,COLONIA,SANTA BARBARA,,,,72380,21,PUEBLA,114,Puebla,0001,Heroica Puebla de Zaragoza,0624,020,,,,Fijo,19.03595126,-98.17324148,2019-11,True,True,False,False,False,True,False,False,False,False,False,True,REVISAR,REVISAR,REVISAR,FILTRO_DENUE,REGLAS_DENUE,
8792059,21114812210014291000000000U6,LAVANDERIA SIN NOMBRE,,812210,Lavanderías y tintorerías,0 a 5 personas,CALLE,16 DE SEPTIEMBRE,CALLE,NINGUNO,CALLE,NINGUNO,CALLE,EJIDO,43,,,,,,COLONIA,GONZALO BAUTISTA,,,,72350,21,PUEBLA,114,Puebla,0001,Heroica Puebla de Zaragoza,3686,035,2227477846,,,Fijo,19.03535323,-98.15002871,2019-11,True,True,False,False,False,True,False,False,False,False,False,True,REVISAR,REVISAR,REVISAR,FILTRO_DENUE,REGLAS_DENUE,
8327943,21114812210015251000000000U9,LAVANDERIA SIN NOMBRE,,812210,Lavanderías y tintorerías,0 a 5 personas,CALLE,CAMELIAS,CALLE,TULIPANES,CALLE,16 DE SEPTIEMBRE,CALLE,VIOLETA,13,,,,,,COLONIA,VALLE DE LAS FLORES,,,,72229,21,PUEBLA,114,Puebla,0001,Heroica Puebla de Zaragoza,5894,007,,,,Fijo,19.07352794,-98.13069366,2019-11,True,True,False,False,False,True,False,False,False,False,False,True,REVISAR,REVISAR,REVISAR,FILTRO_DENUE,REGLAS_DENUE,
11201837,21114812210022321000000000U1,LAVANDERIA SIN NOMBRE,,812210,Lavanderías y tintorerías,0 a 5 personas,CALLE,OTOMI,CALLE,CALLE DE LAS MESAS,CALLE,NINGUNO,CALLE,ARBOLILLO,7,B,,,,,COLONIA,BELLO HORIZONTE,,,,72730,21,PUEBLA,114,Puebla,0001,Heroica Puebla de Zaragoza,5983,015,,,,Fijo,19.05684612,-98.26236559,2024-11,True,True,False,False,False,True,False,False,False,False,False,True,REVISAR,REVISAR,REVISAR,FILTRO_DENUE,REGLAS_DENUE,
11068444,21114812210020081000000000U3,LAVANDERIA SIN NOMBRE,,812210,Lavanderías y tintorerías,0 a 5 personas,PRIVADA,COVADONGA,CALLE,CALLE DE BALVANERA,CALLE,COCOYOC,CIRCUITO,CIRCUITO JUAN PABLO II,2424,,,,,,COLONIA,LA HACIENDA,,,,72570,21,PUEBLA,114,Puebla,0001,Heroica Puebla de Zaragoza,0821,019,2223259444,,,Fijo,19.0114223,-98.19233423,2024-11,True,True,False,False,False,True,False,False,False,False,False,True,REVISAR,REVISAR,REVISAR,FILTRO_DENUE,REGLAS_DENUE,
8743460,21114812210017631000000000U0,LAVANDERIA SIN NOMBRE,,812210,Lavanderías y tintorerías,0 a 5 personas,PRIVADA,6 B SUR,CALLE,LAGUNA TAMIAHUA,AVENIDA,67 ORIENTE,PRIVADA,PRIMERA 6 A SUR,6510,,,,,,COLONIA,LOMA LINDA,,,,72477,21,PUEBLA,114,Puebla,0001,Heroica Puebla de Zaragoza,2669,033,2233552469,,,Fijo,19.0025792,-98.21339847,2019-11,True,True,False,False,False,True,False,False,False,False,False,True,REVISAR,REVISAR,REVISAR,FILTRO_DENUE,REGLAS_DENUE,
9538799,21114812210013101000000000U8,LAVANDERIA SIN NOMBRE,,812210,Lavanderías y tintorerías,0 a 5 personas,AVENIDA,ANTURIOS,CALLE,NARDOS,CALLE,TULIPANES,AVENIDA,ROSALES,,SN,,,,B,COLONIA,SAN RAMON TERCERA SECCION,,,,72498,21,PUEBLA,114,Puebla,0001,Heroica Puebla de Zaragoza,5447,027,2212376447,,,Fijo,18.96661644,-98.2617908,2024-11,True,True,False,False,False,True,False,False,False,False,False,True,REVISAR,REVISAR,REVISAR,FILTRO_DENUE,REGLAS_DENUE,
9744453,21114812210021641000000000U3,LAVANDERIA SIN NOMBRE,,812210,Lavanderías y tintorerías,0 a 5 personas,PROLONGACION,JOSE MARIA LAFRAGUA,PRIVADA,ROSAS,CALLE,109 ORIENTE O YERMO Y PARRES,PRIVADA,ROSAS,,SN,,,,,BARRIO,SAN JUAN,,,,72960,21,PUEBLA,114,Puebla,0001,Heroica Puebla de Zaragoza,4580,037,2226066885,,,Fijo,18.97677725,-98.19709307,2024-11,True,True,False,False,False,True,False,False,False,False,False,True,REVISAR,REVISAR,REVISAR,FILTRO_DENUE,REGLAS_DENUE,
3443930,21114812210006951000000000U5,LAVANDERIA SIN NOMBRE,ELEAZAR CORTES,812210,Lavanderías y tintorerías,0 a 5 personas,AVENIDA,XONACATEPEC,CALLE,NINGUNO,CARRETERA,18 DE NOVIEMBRE (FEDERAL PUEBLA-TEHUACAN),OTRO(ESPECIFIQUE),NINGUNO,1813,,,,,,COLONIA,XONACATEPEC,,,,72229,21,PUEBLA,114,Puebla,0001,Heroica Puebla de Zaragoza,2404,047,,,,Fijo,19.04962608,-98.15290672,2010-07,True,True,False,False,False,True,False,False,False,False,False,True,REVISAR,REVISAR,REVISAR,FILTRO_DENUE,REGLAS_DENUE,
11271472,21114812210022471000000000U4,LAVANDERIA SIN NOMBRE,,812210,Lavanderías y tintorerías,0 a 5 personas,PRIVADA,FRANCISCO VILLA,BOULEVARD,CLAVIJERO,PROLONGACION,ABASOLO,CALLE,NAZARETH,32,,,,,,COLONIA,HERMOSA PROVINCIA,,,,72350,21,PUEBLA,114,Puebla,0001,Heroica Puebla de Zaragoza,4523,010,,,,Fijo,19.03006817,-98.14280633,2024-11,True,True,False,False,False,True,False,False,False,False,False,True,REVISAR,REVISAR,REVISAR,FILTRO_DENUE,REGLAS_DENUE,
11285541,21114812210021701000000000U5,LAVANDERIA SIN NOMBRE,,812210,Lavanderías y tintorerías,0 a 5 personas,PRIVADA,NINGUNO,PRIVADA,NINGUNO,PRIVADA,NINGUNO,CALLE,LIRIO,,SN,,,,,BARRIO,SANTA CLARA LA VENTA,,,,72595,21,PUEBLA,114,Puebla,0001,Heroica Puebla de Zaragoza,2902,075,2221649315,ORIENTE1981@GMAIL.COM,,Fijo,18.96842182,-98.19977711,2024-11,True,True,False,False,False,True,False,False,False,False,False,True,REVISAR,REVISAR,REVISAR,FILTRO_DENUE,REGLAS_DENUE,
9647643,21114812210021021000000000U8,LAVANDERIA SIN NOMBRE,LAVANDERIA,812210,Lavanderías y tintorerías,0 a 5 personas,CALLE,18 DE NOVIEMBRE,CALLE,REVOLUCION MEXICANA,CALLE,PUEBLA,CALLE,AQUILES SERDAN,,SN,,,,,COLONIA,AQUILES SERDAN SUR,,,,72140,21,PUEBLA,114,Puebla,0001,Heroica Puebla de Zaragoza,6680,006,,,,Fijo,18.95755958,-98.25189737,2024-11,True,True,False,False,False,True,False,False,False,False,False,True,REVISAR,REVISAR,REVISAR,FILTRO_DENUE,REGLAS_DENUE,
11477368,21114812210020811000000000U3,LAVANDERIA SIN NOMBRE,,812210,Lavanderías y tintorerías,0 a 5 personas,CALLE,5 NORTE,PRIVADA,78 PONIENTE,AVENIDA,80 PONIENTE,CALLE,7 NORTE,,SN,,,,,COLONIA,16 DE SEPTIEMBRE,,,,72230,21,PUEBLA,114,Puebla,0001,Heroica Puebla de Zaragoza,2334,030,,,,Fijo,19.07537094,-98.18433659,2024-11,True,True,False,False,False,True,False,False,False,False,False,True,REVISAR,REVISAR,REVISAR,FILTRO_DENUE,REGLAS_DENUE,
11444576,21114812210022341000000000U9,LAVANDERIA SIN NOMBRE,,812210,Lavanderías y tintorerías,0 a 5 personas,AVENIDA,16 DE SEPTIEMBRE,CALLE,11 ORIENTE,CALLE,13 ORIENTE,CALLE,DIVISION DEL NORTE,54,B,,,,,COLONIA,FRANCISCO VILLA,,,,72020,21,PUEBLA,114,Puebla,0001,Heroica Puebla de Zaragoza,2546,004,2226290938,,,Fijo,19.0835034,-98.22672175,2024-11,True,True,False,False,False,True,False,False,False,False,False,True,REVISAR,REVISAR,REVISAR,FILTRO_DENUE,REGLAS_DENUE,
11781502,21114812210022751000000000U9,LAVANDERIA SIN NOMBRE,,812210,Lavanderías y tintorerías,0 a 5 personas,CALLE,55 SUR,CALLE,Reforma Sur,AVENIDA,Privada 3 Poniente,CALLE,57 Sur,135,3,,,,,COLONIA,REFORMA SUR,,,,72160,21,PUEBLA,114,Puebla,0001,Heroica Puebla de Zaragoza,360A,031,,,,Fijo,19.06254981,-98.23476069,2025-04,True,True,False,False,False,True,False,False,False,False,False,True,REVISAR,REVISAR,REVISAR,FILTRO_DENUE,REGLAS_DENUE,
3253438,21114812210004421000000000U1,LAVANDERIA SIN NOMBRE,,812210,Lavanderías y tintorerías,0 a 5 personas,CALLE,VERACRUZ,CALLE,MORELOS,PRIVADA,QUERETARO,CALLE,HIDALGO,10229,,,,,,COLONIA,MEXICO 83,,,,72017,21,PUEBLA,114,Puebla,0001,Heroica Puebla de Zaragoza,4379,008,,,,Fijo,19.08362243,-98.16893163,2010-07,True,True,False,False,False,True,False,False,False,False,False,True,REVISAR,REVISAR,REVISAR,FILTRO_DENUE,REGLAS_DENUE,
3254094,21114812210009751000000000U6,LAVANDERIA SIN NOMBRE,,812210,Lavanderías y tintorerías,0 a 5 personas,PRIVADA,ADOLFO RUIZ CORTINES,AVENIDA,MORELOS,CALZADA,IGNACIO ZARAGOZA,CALLE,ADOLFO RUIZ CORTINES,60,A,,,,,COLONIA,SAN PEDRO,,,,72210,21,PUEBLA,114,Puebla,0001,Heroica Puebla de Zaragoza,3351,035,,,,Fijo,19.07282069,-98.17493992,2014-12,True,True,False,False,False,True,False,False,False,False,False,True,REVISAR,REVISAR,REVISAR,FILTRO_DENUE,REGLAS_DENUE,
8329286,21114812210015381000000000U4,LAVANDERIA SIN NOMBRE,,812210,Lavanderías y tintorerías,0 a 5 personas,AVENIDA,MIGUEL HIDALGO,AVENIDA,ADOLFO LOPEZ MATEOS,BOULEVARD,JUEGO DE PELOTA,AVENIDA,ADOLFO LOPEZ MATEOS,5010,A,,,,,COLONIA,UNIDAD MAGISTERIAL MEXICO 68,,,,72300,21,PUEBLA,114,Puebla,0001,Heroica Puebla de Zaragoza,2279,029,,,,Fijo,19.05221457,-98.16077595,2019-11,True,True,False,False,False,True,False,False,False,False,False,True,REVISAR,REVISAR,REVISAR,FILTRO_DENUE,REGLAS_DENUE,
8628377,21114812210014841000000000U8,LAVANDERIA SIN NOMBRE,,812210,Lavanderías y tintorerías,0 a 5 personas,AVENIDA,68 PONIENTE,CALLE,15 NORTE,PRIVADA,17 NORTE,CERRADA,70 PONIENTE,1510,,,,,,COLONIA,LA LOMA,,,,72230,21,PUEBLA,114,Puebla,0001,Heroica Puebla de Zaragoza,3417,006,2221848383,,,Fijo,19.07469177,-98.19316727,2019-11,True,True,False,False,False,True,False,False,False,False,False,True,REVISAR,REVISAR,REVISAR,FILTRO_DENUE,REGLAS_DENUE,
3367494,21114812210013161000000000U2,LAVANDERIA SIN NOMBRE,,812210,Lavanderías y tintorerías,0 a 5 personas,CALLE,ABASOLO,CALLE,ALLENDE,PRIVADA,NINGUNO,AVENIDA,HERMENEGILDO GALEANA,533,,,,,,COLONIA,EL PATRIMONIO,,,,72450,21,PUEBLA,114,Puebla,0001,Heroica Puebla de Zaragoza,2423,011,,,,Fijo,19.01453694,-98.2233525,2014-12,True,True,False,False,False,True,False,False,False,False,False,True,REVISAR,REVISAR,REVISAR,FILTRO_DENUE,REGLAS_DENUE,
3363113,21114812210011401100000000U4,LAVANDERIA SIN NOMBRE,,812210,Lavanderías y tintorerías,0 a 5 personas,AVENIDA,MIGUEL NEGRETE,CALLE,GENERAL CARLOS PACHECO,CALLE,CORONEL GABRIEL CORONA,AVENIDA,GENERAL JOSE RAZO CAMANO,58,A,,,,,COLONIA,HEROES DE PUEBLA,,,,72520,21,PUEBLA,114,Puebla,0001,Heroica Puebla de Zaragoza,0728,024,,,,Fijo,19.02066937,-98.18017303,2014-12,True,True,False,False,False,True,False,False,False,False,False,True,REVISAR,REVISAR,REVISAR,FILTRO_DENUE,REGLAS_DENUE,
3253414,21114812210005131000000000U5,LAVANDERIA SIN NOMBRE,,812210,Lavanderías y tintorerías,0 a 5 personas,AVENIDA,YUCATAN,CALLE,MARAVILLAS,PRIVADA,YUCATAN,OTRO(ESPECIFIQUE),NINGUNO,,SN,,,,,COLONIA,FUENTES DE SAN APARICIO SEGUNDA SECCION,,,,72228,21,PUEBLA,114,Puebla,0001,Heroica Puebla de Zaragoza,4379,021,,,,Fijo,19.08594928,-98.16459077,2010-07,True,True,False,False,False,True,False,False,False,False,False,True,REVISAR,REVISAR,REVISAR,FILTRO_DENUE,REGLAS_DENUE,
9152800,21114812210018811000000000U7,LAVANDERIA SIN NOMBRE,,812210,Lavanderías y tintorerías,0 a 5 personas,AVENIDA,16 ORIENTE,CALLE,2 NORTE,CALLE,5 DE MAYO,AVENIDA,14 ORIENTE,1407,,,,5,,COLONIA,CENTRO,,,,72000,21,PUEBLA,114,Puebla,0001,Heroica Puebla de Zaragoza,0412,024,,,,Fijo,19.049782,-98.19372074,2019-11,True,True,False,False,False,True,False,False,False,False,False,True,REVISAR,REVISAR,REVISAR,FILTRO_DENUE,REGLAS_DENUE,
3371720,21114812210012321000000000U3,LAVANDERIA SIN NOMBRE,,812210,Lavanderías y tintorerías,0 a 5 personas,CALLE,18 SUR,CALLE,115 ORIENTE,CALLE,115 ORIENTE,CALLE,16 SUR,11505,2,,,,,FRACCIONAMIENTO,LOS HEROES PUEBLA 2,,,,72590,21,PUEBLA,114,Puebla,0001,Heroica Puebla de Zaragoza,6356,005,2213311902,,,Fijo,18.9733789,-98.21429418,2014-12,True,True,False,False,False,True,False,False,False,False,False,True,REVISAR,REVISAR,REVISAR,FILTRO_DENUE,REGLAS_DENUE,
3372225,21114812210009531000000000U2,LAVANDERIA SIN NOMBRE,,812210,Lavanderías y tintorerías,0 a 5 personas,AVENIDA,3 SUR,AVENIDA,CUAUHTEMOC,CALLE,NICOLAS BRAVO,PRIVADA,G DE LA 16 DE SEPTIEMBRE PONIENTE,,SN,,,,,COLONIA,GUADALUPE HIDALGO,,,,72490,21,PUEBLA,114,Puebla,0001,Heroica Puebla de Zaragoza,4909,026,,,,Fijo,18.97629271,-98.2398789,2014-12,True,True,False,False,False,True,False,False,False,False,False,True,REVISAR,REVISAR,REVISAR,FILTRO_DENUE,REGLAS_DENUE,
8514390,21114722513029521010000000U5,LAVANDERIA SIN NOMBRE,,812210,Lavanderías y tintorerías,0 a 5 personas,CALLE,DOCTOR GONZALO BAUTISTA CASTILLO,CALLE,MIGUEL HIDALGO,CALLE,PRIMERO DE MAYO,CALLE,EMILIANO ZAPATA,34,,,,,,COLONIA,IGNACIO ZARAGOZA,,,,72380,21,PUEBLA,114,Puebla,0001,Heroica Puebla de Zaragoza,3830,014,7441813208,,,Fijo,19.02953732,-98.17925387,2019-11,True,True,False,False,False,True,False,False,False,False,False,True,REVISAR,REVISAR,REVISAR,FILTRO_DENUE,REGLAS_DENUE,
3251845,21114722212028481020000000U2,LAVANDERIA SIN NOMBRE,,812210,Lavanderías y tintorerías,0 a 5 personas,CALLE,15 NORTE,AVENIDA,114 PONIENTE,AVENIDA,112 PONIENTE,PRIVADA,I DE LA 13 NORTE,11218,,,,,,CONJUNTO HABITACIONAL,REAL DE GUADALUPE,,,,72016,21,PUEBLA,114,Puebla,0001,Heroica Puebla de Zaragoza,5362,029,,,,Fijo,19.09322601,-98.18099931,2010-07,True,True,False,False,False,True,False,False,False,False,False,True,REVISAR,REVISAR,REVISAR,FILTRO_DENUE,REGLAS_DENUE,
3352393,21114812210010011000000000U2,LAVANDERIA SIN NOMBRE,,812210,Lavanderías y tintorerías,0 a 5 personas,AVENIDA,14 ORIENTE,CALLE,34 NORTE,CALLE,36 NORTE,CALLE,PANAMA,3404,A,,,,,COLONIA,AMERICA NORTE,,,,72340,21,PUEBLA,114,Puebla,0001,Heroica Puebla de Zaragoza,0520,025,2214158281,,,Fijo,19.04349258,-98.17093956,2014-12,True,True,False,False,False,True,False,False,False,False,False,True,REVISAR,REVISAR,REVISAR,FILTRO_DENUE,REGLAS_DENUE,
3344979,21114812210010081000000000U5,LAVANDERIA SIN NOMBRE,,812210,Lavanderías y tintorerías,0 a 5 personas,CALLE,SANTA MARTHA,AVENIDA,YUCATAN,CALZADA,ALFREDO TOXQUI,AVENIDA,YUCATAN,13,,,,,,COLONIA,SANTA ROSA,,,,72228,21,PUEBLA,114,Puebla,0001,Heroica Puebla de Zaragoza,1641,026,,,,Fijo,19.0855695,-98.16371237,2014-12,True,True,False,False,False,True,False,False,False,False,False,True,REVISAR,REVISAR,REVISAR,FILTRO_DENUE,REGLAS_DENUE,
3416265,21114812210001751000000000U4,LAVANDERIA SIN NOMBRE,,812210,Lavanderías y tintorerías,0 a 5 personas,BOULEVARD,BOULEVARD DEL GASODUCTO,CALLE,6 E,CALLE,7 E,BOULEVARD,BOULEVARD DEL GASODUCTO,,SN,,1,,,COLONIA,BOSQUES DE SAN SEBASTIAN,MERCADO PUBLICO,GASEODUCTO 2DA SECCIONES N,122,72310,21,PUEBLA,114,Puebla,0001,Heroica Puebla de Zaragoza,4472,025,2211751606,,,Fijo,19.06499224,-98.12467667,2010-07,True,True,False,False,False,True,False,False,False,False,False,True,REVISAR,REVISAR,REVISAR,FILTRO_DENUE,REGLAS_DENUE,
3341237,21114812210011911000000000U2,LAVANDERIA SIN NOMBRE,,812210,Lavanderías y tintorerías,0 a 5 personas,PRIVADA,D DE LA 13 NORTE,PRIVADA,C DE LA 13 NORTE,PRIVADA,E DE LA 13 NORTE,PRIVADA,A DE LA 13 NORTE,,SN,,,,,CONJUNTO HABITACIONAL,REAL DE GUADALUPE,,,,72016,21,PUEBLA,114,Puebla,0001,Heroica Puebla de Zaragoza,5362,029,,,,Fijo,19.09236912,-98.17906708,2014-12,True,True,False,False,False,True,False,False,False,False,False,True,REVISAR,REVISAR,REVISAR,FILTRO_DENUE,REGLAS_DENUE,
10025914,21119812210002141000000000U6,LAVANDERIA SIN NOMBRE,,812210,Lavanderías y tintorerías,0 a 5 personas,CALLE,2 SUR,CALLE,3 ORIENTE,AVENIDA,TLATLAUQUITEPEC,AVENIDA,16 DE SEPTIEMBRE,,SN,,,,,PUEBLO,SAN RAFAEL COMAC,,,,72840,21,PUEBLA,119,San Andrés Cholula,0001,San Andrés Cholula,0086,002,2229121083,,,Fijo,19.03347579,-98.30781717,2024-11,True,True,False,False,False,True,False,False,False,False,False,True,REVISAR,REVISAR,REVISAR,FILTRO_DENUE,REGLAS_DENUE,
10385660,21119812210002371000000000U9,LAVANDERIA SIN NOMBRE,,812210,Lavanderías y tintorerías,0 a 5 personas,CALLE,10 ORIENTE,CALLE,4 NORTE,CALLE,2 NORTE,CALLE,8 ORIENTE,203,,,,,,COLONIA,CENTRO,,,,72810,21,PUEBLA,119,San Andrés Cholula,0001,San Andrés Cholula,0207,028,,,,Fijo,19.0544917,-98.29543142,2024-11,True,True,False,False,False,True,False,False,False,False,False,True,REVISAR,REVISAR,REVISAR,FILTRO_DENUE,REGLAS_DENUE,
8725042,21114812210016331000000000U8,LAVANDERIA SIN NOMBRE,,812210,Lavanderías y tintorerías,0 a 5 personas,AVENIDA,LIBERTAD,CALLE,PORFIRIO DIAZ,CALLE,PORFIRIO DIAZ,CALLE,PORFIRIO DIAZ,,SN,,,,,FRACCIONAMIENTO,SAN PATRICIO,,,,72595,21,PUEBLA,114,Puebla,0359,Santa Catarina,6430,033,,,,Fijo,18.96983838,-98.16662088,2019-11,True,True,False,False,False,True,False,False,False,False,False,True,REVISAR,REVISAR,REVISAR,FILTRO_DENUE,REGLAS_DENUE,
11575232,21114812210021891000000000U4,LAVANDERIA SIN NOMBRE,,812210,Lavanderías y tintorerías,0 a 5 personas,CALLE,ENCINO,CALLE,ROBLE,CALLE,TULE,CALLE,ALAMO,,SN,,,,,COLONIA,VALLE DEL PARAISO,,,,72498,21,PUEBLA,114,Puebla,0001,Heroica Puebla de Zaragoza,5574,019,2211218031,,,Fijo,18.97714764,-98.27508782,2024-11,True,True,False,False,False,True,False,False,False,False,False,True,REVISAR,REVISAR,REVISAR,FILTRO_DENUE,REGLAS_DENUE,
3337441,21119812210001031000000000U0,LAVANDERIA SIN NOMBRE,,812210,Lavanderías y tintorerías,0 a 5 personas,AVENIDA,MAXIMINO AVILA CAMACHO,CALLE,4 NORTE,CALLE,2 NORTE,CALLE,2 ORIENTE,204,,,,,,COLONIA,CENTRO,,,,72810,21,PUEBLA,119,San Andrés Cholula,0001,San Andrés Cholula,0207,005,2223423806,,,Fijo,19.05000783,-98.29770682,2014-12,True,True,False,False,False,True,False,False,False,False,False,True,REVISAR,REVISAR,REVISAR,FILTRO_DENUE,REGLAS_DENUE,
11060467,21053812210000211000000000U0,LAVANDERIA SIN NOMBRE,,812210,Lavanderías y tintorerías,0 a 5 personas,CALLE,BENITO JUAREZ,CALLE,2 DE NOVIEMBRE,CALLE,MIGUEL HIDALGO,CALLE,MIGUEL HIDALGO,,SN,,,,,LOCALIDAD,EL PAREDON,,,,73302,21,PUEBLA,053,Chignahuapan,0028,El Paredón,0152,006,,,,Fijo,19.86659921,-98.25045059,2024-11,True,True,False,False,False,True,False,False,False,False,False,True,REVISAR,REVISAR,REVISAR,FILTRO_DENUE,REGLAS_DENUE,
3465959,21034327121005371000000000U4,LAVANDERIA SIN NOMBRE,,812210,Lavanderías y tintorerías,0 a 5 personas,CALLE,CAMINO NACIONAL,PROLONGACION,JOSE MARIA MORELOS,PRIVADA,NINGUNO,BOULEVARD,AUTOPISTA MEXICO-PUEBLA,,SN,,,,SN,COLONIA,SAN FRANCISCO OCOTLAN,,,,72680,21,PUEBLA,034,Coronango,0003,San Francisco Ocotlán (Ocotlán),0212,024,,,,Fijo,19.142131,-98.28072251,2010-07,True,True,False,False,False,True,False,False,False,False,False,True,REVISAR,REVISAR,REVISAR,FILTRO_DENUE,REGLAS_DENUE,
10801837,21074812210000772000000000U7,LAVANDERIA SIN NOMBRE,,812210,Lavanderías y tintorerías,6 a 10 personas,CALLE,REAL DE PUEBLA,OTRO(ESPECIFIQUE),CULTIVO,CALLE,IXTACUIXTLA SUR,CALLE,NARCISO MENDOZA,81,,,,,,LOCALIDAD,SANTA ANA XALMIMILULCO,,,,74169,21,PUEBLA,074,Huejotzingo,0029,Santa Ana Xalmimilulco,0025,025,,,,Fijo,19.20672151,-98.37428614,2024-11,True,True,False,False,False,True,False,False,False,False,False,True,REVISAR,REVISAR,REVISAR,FILTRO_DENUE,REGLAS_DENUE,
3427993,21074812210000213002000000U2,LAVANDERIA SIN NOMBRE,,812210,Lavanderías y tintorerías,0 a 5 personas,CALLE,SAN ANTONIO,CALLE,AQUILES SERDAN SUR,CALLE,CAMINO REAL SAN MATEO,CALLE,MUCIO MARTINEZ,,SN,,,,,COLONIA,SAN ANTONIO,,,,74169,21,PUEBLA,074,Huejotzingo,0029,Santa Ana Xalmimilulco,0025,019,,,,Fijo,19.20916815,-98.386831,2010-07,True,True,False,False,False,True,False,False,False,False,False,True,REVISAR,REVISAR,REVISAR,FILTRO_DENUE,REGLAS_DENUE,
11802358,21134812210000281000000000U1,LAVANDERIA SIN NOMBRE,,812210,Lavanderías y tintorerías,0 a 5 personas,CERRADA,CUAUHTÉMOC,CALLE,Morelos,CALLE,Ninguno,CALLE,Ninguno,,SN,,,,,LOCALIDAD,SAN MATIAS TLALANCALECA,,,,74110,21,PUEBLA,134,San Matías Tlalancaleca,0001,San Matías Tlalancaleca,0044,019,2481602254,,,Fijo,19.32340299,-98.49350666,2025-04,True,True,False,False,False,True,False,False,False,False,False,True,REVISAR,REVISAR,REVISAR,FILTRO_DENUE,REGLAS_DENUE,
3319929,21134314991000192011000000U8,LAVANDERIA SIN NOMBRE,,812210,Lavanderías y tintorerías,0 a 5 personas,CALLE,SAN MARTIN,PRIVADA,TERCERA PRIVADA SAN PEDRO,CALLE,SAN PEDRO,CALLE,SAN PEDRO,328,,,,,,COLONIA,CENTRO,,,,74110,21,PUEBLA,134,San Matías Tlalancaleca,0001,San Matías Tlalancaleca,0044,010,,,,Fijo,19.32120324,-98.49533954,2014-12,True,True,False,False,False,True,False,False,False,False,False,True,REVISAR,REVISAR,REVISAR,FILTRO_DENUE,REGLAS_DENUE,
3273826,21132812210000332000000000U6,LAVANDERIA SIN NOMBRE,,812210,Lavanderías y tintorerías,0 a 5 personas,CALLE,CAMINO REAL NORTE,CALLE,IGNACIO ZARAGOZA,PRIVADA,NINGUNO,CALLE,BENITO JUAREZ,,SN,,,,,PUEBLO,SAN BALTAZAR TEMAXCALAC,,,,74126,21,PUEBLA,132,San Martín Texmelucan,0015,Santa María Moyotzingo,0482,035,,,,Fijo,19.26647142,-98.40648207,2010-07,True,True,False,False,False,True,False,False,False,False,False,True,REVISAR,REVISAR,REVISAR,FILTRO_DENUE,REGLAS_DENUE,
8950595,21132812210000921000000000U6,LAVANDERIA SIN NOMBRE,,812210,Lavanderías y tintorerías,0 a 5 personas,CALLE,CAMINO REAL SUR,CALLE,VENUSTIANO CARRANZA,CALLE,16 DE SEPTIEMBRE,CALLE,SEGUNDA DE REFORMA,13,,,,,,COLONIA,CENTRO,,,,74126,21,PUEBLA,132,San Martín Texmelucan,0015,Santa María Moyotzingo,0497,008,,,,Fijo,19.26170072,-98.40742815,2019-11,True,True,False,False,False,True,False,False,False,False,False,True,REVISAR,REVISAR,REVISAR,FILTRO_DENUE,REGLAS_DENUE,
11594301,21132812210001451000000000U3,LAVANDERIA SIN NOMBRE,,812210,Lavanderías y tintorerías,0 a 5 personas,CALLE,EMILIANO ZAPATA,CALLE,CAMINO REAL SUR,CALLE,SEGUNDA DE REFORMA,CALLE,CAMINO A MOYOTZINGO,28,,,,,,COLONIA,SAN BALTAZAR TEMAXCALAC,,,,74126,21,PUEBLA,132,San Martín Texmelucan,0015,Santa María Moyotzingo,0497,010,2482070126,,,Fijo,19.26037166,-98.40695897,2024-11,True,True,False,False,False,True,False,False,False,False,False,True,REVISAR,REVISAR,REVISAR,FILTRO_DENUE,REGLAS_DENUE,
11414186,21132812210001621000000000U1,LAVANDERIA SIN NOMBRE,LETICIA,812210,Lavanderías y tintorerías,0 a 5 personas,AVENIDA,MIGUEL HIDALGO,CALLE,5 DE MAYO,CALLE,LEONA VICARIO,CALLE,LA PAZ,,SN,,,,,LOCALIDAD,SANTA MARIA MOYOTZINGO,,,,74129,21,PUEBLA,132,San Martín Texmelucan,0015,Santa María Moyotzingo,0571,004,,,,Fijo,19.25066996,-98.4042469,2024-11,True,True,False,False,False,True,False,False,False,False,False,True,REVISAR,REVISAR,REVISAR,FILTRO_DENUE,REGLAS_DENUE,
9976591,21114812210021711000000000U4,LAVANDERIA SM,,812210,Lavanderías y tintorerías,0 a 5 personas,AVENIDA,DIAGONAL 18 A SUR,CALLE,125 ORIENTE,CALLE,127 ORIENTE,PRIVADA,NINGUNO,12502,,,1,,,FRACCIONAMIENTO,LOS HEROES PUEBLA 2,CENTRO Y PLAZA COMERCIAL,PLAZA DE LA 18 A SUR,7,72590,21,PUEBLA,114,Puebla,0001,Heroica Puebla de Zaragoza,6356,029,,,,Fijo,18.96221104,-98.2164271,2024-11,True,True,False,False,False,True,False,False,False,False,False,True,REVISAR,REVISAR,REVISAR,FILTRO_DENUE,REGLAS_DENUE,
8774453,21114812210013501000000000U9,LAVANDERIA SMART CLEAN,,812210,Lavanderías y tintorerías,0 a 5 personas,AVENIDA,102 PONIENTE,CALLE,PROLONGACION DE LA 5 NORTE,CALLE,NINGUNO,ANDADOR,ANDADOR DE LA AVENIDA 102 PONIENTE,,SN,,,,,COLONIA,INFONAVIT VILLA FRONTERA,,,,72200,21,PUEBLA,114,Puebla,0001,Heroica Puebla de Zaragoza,5803,024,7571053705,,,Fijo,19.08406526,-98.1803151,2019-11,True,True,False,False,False,True,False,False,False,False,False,True,REVISAR,REVISAR,REVISAR,FILTRO_DENUE,REGLAS_DENUE,
8724591,21114812210016222001000000U9,LAVANDERIA SMART WASH,,812210,Lavanderías y tintorerías,0 a 5 personas,AVENIDA,AVENIDA DEL JARDIN,CALLE,NINGUNO,BOULEVARD,JOSE MARIA LAFRAGUA,BOULEVARD,CARLOS CAMACHO ESPIRITU,8301,,,1,,,COLONIA,SAN JOSE XILOTZINGO,CENTRO Y PLAZA COMERCIAL,UNIDAD COMERCIAL XILOTZINGO,SN,72520,21,PUEBLA,114,Puebla,0001,Heroica Puebla de Zaragoza,4561,013,2216050559,,,Fijo,18.9887882,-98.1974797,2019-11,True,True,False,False,False,True,False,False,False,False,False,True,REVISAR,REVISAR,REVISAR,FILTRO_DENUE,REGLAS_DENUE,
11144181,21132812210001221000000000U0,LAVANDERIA SOFT Y CLEAN,ERICKA OLGUIN,812210,Lavanderías y tintorerías,0 a 5 personas,CALLE,NINGUNO,PRIVADA,GUADALUPE,CALLE,VILLA HERMOSA,CALLE,TABASCO,,SN,,,,,LOCALIDAD,SAN RAFAEL TLANALAPAN,,,,74122,21,PUEBLA,132,San Martín Texmelucan,0013,San Rafael Tlanalapan,029A,002,2224747867,,,Fijo,19.27212692,-98.4606276,2024-11,True,True,False,False,False,True,False,False,False,False,False,True,REVISAR,REVISAR,REVISAR,FILTRO_DENUE,REGLAS_DENUE,
9887643,21114812210019541000000000U9,LAVANDERIA SOL,SOLEDAD SANCHEZ,812210,Lavanderías y tintorerías,0 a 5 personas,AVENIDA,LIBERTAD,CALLE,XALTONATL,AVENIDA,MORELOS,CALLE,27 DE SEPTIEMBRE,6,3,,,,,COLONIA,TEPEYAC,,,,72210,21,PUEBLA,114,Puebla,0001,Heroica Puebla de Zaragoza,150A,012,,,,Fijo,19.06967594,-98.1830997,2024-11,True,True,False,False,False,True,False,False,False,False,False,True,REVISAR,REVISAR,REVISAR,FILTRO_DENUE,REGLAS_DENUE,
9358409,21114812210019011000000000U3,LAVANDERIA SOL,,812210,Lavanderías y tintorerías,0 a 5 personas,CALLE,RAFAEL AVILA CAMACHO,CALLE,CAPULINES,AVENIDA,SAN JUDAS TADEO,CALLE,BUGAMBILIAS,32,,,,,,COLONIA,SANTA CRUZ BUENAVISTA,,,,72150,21,PUEBLA,114,Puebla,0001,Heroica Puebla de Zaragoza,4627,015,2224084100,,,Fijo,19.05063687,-98.24562,2021-05,True,True,False,False,False,True,False,False,False,False,False,True,REVISAR,REVISAR,REVISAR,FILTRO_DENUE,REGLAS_DENUE,
10986129,21119812210001981000000000U6,LAVANDERIA SOL,,812210,Lavanderías y tintorerías,0 a 5 personas,CALLE,3 SUR,CALLE,15 PONIENTE,PRIVADA,NINGUNO,CALLE,5 SUR,,SN,,,,,LOCALIDAD,SAN ANDRES CHOLULA,,,,72800,21,PUEBLA,119,San Andrés Cholula,0001,San Andrés Cholula,0160,004,2225868968,LTT1997@HOTMAIL.COM,WWW.LAVANDERIASSOL.COM,Fijo,19.04537176,-98.30417155,2024-11,True,True,False,False,False,True,False,False,False,False,False,True,REVISAR,REVISAR,REVISAR,FILTRO_DENUE,REGLAS_DENUE,
9813565,21140812210001791000000000U5,LAVANDERIA SOPHIA,PATRICIA BARRIENTOS,812210,Lavanderías y tintorerías,0 a 5 personas,AVENIDA,LA CAÑADA,PRIVADA,CAÑADA,PRIVADA,CAÑADA,AVENIDA,PROGRESO,5,B,,,,,COLONIA,MANANTIALES,,,,72756,21,PUEBLA,140,San Pedro Cholula,0014,Santiago Momoxpan,0446,006,2211030981,,,Fijo,19.08009911,-98.28535859,2024-11,True,True,False,False,False,True,False,False,False,False,False,True,REVISAR,REVISAR,REVISAR,FILTRO_DENUE,REGLAS_DENUE,
11680692,21114812210021781000000000U7,LAVANDERIA SOPHIAS,LAVANDERIA SOPHIAS,812210,Lavanderías y tintorerías,0 a 5 personas,CALLE,2 NORTE,CALLE,40 ORIENTE,CALLE,38 ORIENTE,PRIVADA,5 DE MAYO B ORIENTE,3819,,,,,,COLONIA,HIDALGO,,,,72260,21,PUEBLA,114,Puebla,0001,Heroica Puebla de Zaragoza,5199,016,,,,Fijo,19.05915882,-98.18815023,2024-11,True,True,False,False,False,True,False,False,False,False,False,True,REVISAR,REVISAR,REVISAR,FILTRO_DENUE,REGLAS_DENUE,
3328298,21090812210000061000000000U1,LAVANDERIA SPEED CLEAR,,812210,Lavanderías y tintorerías,0 a 5 personas,CARRETERA,FEDERAL PUEBLA MEXICO,CALLE,HIDALGO,CALLE,ZACATLAN,CALLE,NEXTETELCO,,SN,,,,,LOCALIDAD,SANTA MARIA ZACATEPEC,,,,72660,21,PUEBLA,090,Juan C. Bonilla,0005,Santa María Zacatepec,0137,026,,,,Fijo,19.12075933,-98.36340466,2014-12,True,True,False,False,False,True,False,False,False,False,False,True,REVISAR,REVISAR,REVISAR,FILTRO_DENUE,REGLAS_DENUE,
11117660,21114812210022101000000000U7,LAVANDERIA SPEED WASH,,812210,Lavanderías y tintorerías,0 a 5 personas,AVENIDA,AVENIDA DE LOS EDUCADORES,CALLE,PLAZUELA DEL CALVARIO,CALLE,PLAZUELA EL CARMEN,AVENIDA,INDEPENDENCIA,5829,3,,,,,COLONIA,PLAZAS AMALUCAN,,,,72310,21,PUEBLA,114,Puebla,0001,Heroica Puebla de Zaragoza,5273,004,2225905613,,,Fijo,19.0443484,-98.14482232,2024-11,True,True,False,False,False,True,False,False,False,False,False,True,REVISAR,REVISAR,REVISAR,FILTRO_DENUE,REGLAS_DENUE,
8308315,21114812210014501000000000U8,LAVANDERIA SPEED WASH,,812210,Lavanderías y tintorerías,0 a 5 personas,CALLE,8 B,BOULEVARD,OAXACA,CERRADA,5 B,RETORNO,5 B,6,B,,,,,COLONIA,BOSQUES DE SAN SEBASTIAN,,,,72310,21,PUEBLA,114,Puebla,0001,Heroica Puebla de Zaragoza,1711,012,2225241404,,,Fijo,19.06015256,-98.13303894,2019-11,True,True,False,False,False,True,False,False,False,False,False,True,REVISAR,REVISAR,REVISAR,FILTRO_DENUE,REGLAS_DENUE,
11179323,21106812210000041000000000U7,LAVANDERIA SPEEDY,,812210,Lavanderías y tintorerías,0 a 5 personas,CALLE,HIDALGO,PRIVADA,NINGUNO,CALLE,MORELOS,CALLE,MORELOS,,SN,,,,,LOCALIDAD,CHAZACATLA,,,,72850,21,PUEBLA,106,Ocoyucan,0003,San Bernardino Chalchihuapan,0139,006,2222830853,,,Fijo,18.97222934,-98.33565951,2024-11,True,True,False,False,False,True,False,False,False,False,False,True,REVISAR,REVISAR,REVISAR,FILTRO_DENUE,REGLAS_DENUE,
8308817,21114812210014581000000000U0,LAVANDERIA SPLAS,,812210,Lavanderías y tintorerías,0 a 5 personas,AVENIDA,CAMPESTRE,PRIVADA,13,BOULEVARD,PUEBLA,PRIVADA,NINGUNO,92,,,,,,FRACCIONAMIENTO,REAL CAMPESTRE,,,,72310,21,PUEBLA,114,Puebla,0001,Heroica Puebla de Zaragoza,6290,022,2226523360,,,Fijo,19.06074244,-98.12360946,2019-11,True,True,False,False,False,True,False,False,False,False,False,True,REVISAR,REVISAR,REVISAR,FILTRO_DENUE,REGLAS_DENUE,
7596300,21114812210016971000000000U1,LAVANDERIA SPLASH,,812210,Lavanderías y tintorerías,0 a 5 personas,CALLE,6 PONIENTE,CALLE,5 NORTE,CALLE,3 NORTE,CALLE,8 PONIENTE,,SN,,,,,COLONIA,LA LIBERTAD,,,,72130,21,PUEBLA,114,Puebla,0001,Heroica Puebla de Zaragoza,3370,004,2211783028,,,Fijo,19.07277359,-98.23532767,2019-11,True,True,False,False,False,True,False,False,False,False,False,True,REVISAR,REVISAR,REVISAR,FILTRO_DENUE,REGLAS_DENUE,
3353044,21114812210013091000000000U1,LAVANDERIA SPLASH,,812210,Lavanderías y tintorerías,0 a 5 personas,CALLE,26 NORTE,PRIVADA,6 ORIENTE,CALLE,6 ORIENTE,CALLE,6 ORIENTE,610,,,,,,COLONIA,RESURGIMIENTO,,,,72373,21,PUEBLA,114,Puebla,0001,Heroica Puebla de Zaragoza,0624,034,2228388293,,,Fijo,19.03904306,-98.18084266,2014-12,True,True,False,False,False,True,False,False,False,False,False,True,REVISAR,REVISAR,REVISAR,FILTRO_DENUE,REGLAS_DENUE,
3471485,21114812210003791000000000U8,LAVANDERIA SPLASH,,812210,Lavanderías y tintorerías,0 a 5 personas,CALLE,JOSEFA ORTIZ DE DOMINGUEZ PONIENTE,CALLE,1,CALLE,2,CALLE,2,4,D,,,,,COLONIA,SAN FELIPE HUEYOTLIPAN,,,,72030,21,PUEBLA,114,Puebla,0001,Heroica Puebla de Zaragoza,428A,048,2227280206,,,Fijo,19.08889026,-98.22133263,2010-07,True,True,False,False,False,True,False,False,False,False,False,True,REVISAR,REVISAR,REVISAR,FILTRO_DENUE,REGLAS_DENUE,
8271635,21132812210000861000000000U4,LAVANDERIA SPLASH,,812210,Lavanderías y tintorerías,0 a 5 personas,CALLE,BENITO JUAREZ,CALLE,GALEANA,CALLE,ABASOLO,CALLE,CAMINO A MOYOTZINGO,,SN,,,,,PUEBLO,SAN BALTAZAR TEMAXCALAC,,,,74126,21,PUEBLA,132,San Martín Texmelucan,0015,Santa María Moyotzingo,0497,028,2481534577,,,Fijo,19.26423006,-98.41055833,2019-11,True,True,False,False,False,True,False,False,False,False,False,True,REVISAR,REVISAR,REVISAR,FILTRO_DENUE,REGLAS_DENUE,
9939011,21132812210001661000000000U7,LAVANDERIA SPLASH EL ESPUMOSO,,812210,Lavanderías y tintorerías,0 a 5 personas,CALLE,TLAHUICOLE,CALLE,NINGUNO,CALLE,AZTECA,CARRETERA,FEDERAL MEXICO PUEBLA,1,,,,,,COLONIA,BUENA VISTA,,,,74122,21,PUEBLA,132,San Martín Texmelucan,0001,San Martín Texmelucan de Labastida,0552,034,,,,Fijo,19.29158579,-98.44853128,2024-11,True,True,False,False,False,True,False,False,False,False,False,True,REVISAR,REVISAR,REVISAR,FILTRO_DENUE,REGLAS_DENUE,
11666077,21114812210019991000000000U6,LAVANDERIA SPRYM WASH,,812210,Lavanderías y tintorerías,0 a 5 personas,CALLE,ANTIGUO CAMINO REAL A CASTILLOTLA,CALLE,SAN ISIDRO,CALLE,137 A PONIENTE,CALLE,ANTIGUO CAMINO REAL A CASTILLOTLA,,SN,,,,,COLONIA,SAN ISIDRO CASTILLOTLA,,,,72498,21,PUEBLA,114,Puebla,0001,Heroica Puebla de Zaragoza,6267,033,,,,Fijo,18.97969004,-98.26267493,2024-11,True,True,False,False,False,True,False,False,False,False,False,True,REVISAR,REVISAR,REVISAR,FILTRO_DENUE,REGLAS_DENUE,
9918803,21140812210001921000000000U8,LAVANDERIA SPUMOSA,,812210,Lavanderías y tintorerías,0 a 5 personas,CALLE,3 NORTE,AVENIDA,10 PONIENTE,AVENIDA,8 PONIENTE,CALLE,5 NORTE,811,,,,0,A,COLONIA,CHOLULA DE RIVADAVIA,,,,72764,21,PUEBLA,140,San Pedro Cholula,0001,Cholula de Rivadavia,0499,014,,,,Fijo,19.06645603,-98.30657999,2024-11,True,True,False,False,False,True,False,False,False,False,False,True,REVISAR,REVISAR,REVISAR,FILTRO_DENUE,REGLAS_DENUE,
9633372,21053812210000251000000000U6,LAVANDERIA SRA LAVANDERIA,,812210,Lavanderías y tintorerías,0 a 5 personas,CALLE,JUSTO SIERRA,CALLE,SERDAN,CALLE,GALEANA,CALLE,AQUILES SERDAN,,SN,,,,,BARRIO,TEOCONCHILA,,,,73300,21,PUEBLA,053,Chignahuapan,0001,Ciudad de Chignahuapan,0256,002,7971178035,,,Fijo,19.8414506,-98.02847737,2024-11,True,True,False,False,False,True,False,False,False,False,False,True,REVISAR,REVISAR,REVISAR,FILTRO_DENUE,REGLAS_DENUE,
10214543,21143812210000131000000000U9,LAVANDERIA SUAREZ,,812210,Lavanderías y tintorerías,0 a 5 personas,PRIVADA,NINGUNO,PRIVADA,NINGUNO,CALLE,NICOLAS BRAVO,CALLE,NICOLAS BRAVO,13,,,,,,LOCALIDAD,SAN LUCAS EL GRANDE,,,,74135,21,PUEBLA,143,San Salvador el Verde,0011,San Lucas el Grande,0128,010,,,,Fijo,19.30495625,-98.48116167,2024-11,True,True,False,False,False,True,False,False,False,False,False,True,REVISAR,REVISAR,REVISAR,FILTRO_DENUE,REGLAS_DENUE,
10099552,21114812210020441000000000U9,LAVANDERIA SUAVECITA,,812210,Lavanderías y tintorerías,0 a 5 personas,CALLE,6 ORIENTE,CALLE,38 NORTE,CALLE,36 NORTE,AVENIDA,4 ORIENTE,3611,A,,,,,COLONIA,SANTA BARBARA,,,,72380,21,PUEBLA,114,Puebla,0001,Heroica Puebla de Zaragoza,0624,007,2226717407,,,Fijo,19.03614449,-98.17441127,2024-11,True,True,False,False,False,True,False,False,False,False,False,True,REVISAR,REVISAR,REVISAR,FILTRO_DENUE,REGLAS_DENUE,
8592165,21074812210000571000000000U3,LAVANDERIA SUNNY CLEAN,,812210,Lavanderías y tintorerías,0 a 5 personas,AVENIDA,LA SOLEDAD,CALLE,CAMELIA,CALLE,AMADO NERVO,AVENIDA,COMONFORT,515,,,,,,BARRIO,SEGUNDO,,,,74160,21,PUEBLA,074,Huejotzingo,0001,Huejotzingo,0059,015,2276880461,,,Fijo,19.15472383,-98.40865163,2019-11,True,True,False,False,False,True,False,False,False,False,False,True,REVISAR,REVISAR,REVISAR,FILTRO_DENUE,REGLAS_DENUE,
3325844,21074812210000321000000000U3,LAVANDERIA SUNY CLEAN,,812210,Lavanderías y tintorerías,0 a 5 personas,CALLE,JOSE MARIA MORELOS,CALLE,AVENIDA LAS HUERTAS,AVENIDA,VICENTE GUERRERO,CALLE,ALDAMA,,SN,,,,,BARRIO,CUARTO BARRIO,,,,74160,21,PUEBLA,074,Huejotzingo,0001,Huejotzingo,0044,020,,,,Fijo,19.16115304,-98.40450336,2014-12,True,True,False,False,False,True,False,False,False,False,False,True,REVISAR,REVISAR,REVISAR,FILTRO_DENUE,REGLAS_DENUE,
8186959,21114812210018411000000000U6,LAVANDERIA SUPER CLEAN,,812210,Lavanderías y tintorerías,0 a 5 personas,CALLE,GAVILANES,CALLEJON,CALLEJON DEL MARQUEZ,PRIVADA,NINGUNO,CALZADA,SAN IGNACIO SUR,2046,,,,,,FRACCIONAMIENTO,VISTA ALEGRE,,,,72594,21,PUEBLA,114,Puebla,0001,Heroica Puebla de Zaragoza,4576,026,2221132876,,,Fijo,18.98607235,-98.20439079,2019-11,True,True,False,False,False,True,False,False,False,False,False,True,REVISAR,REVISAR,REVISAR,FILTRO_DENUE,REGLAS_DENUE,
3320863,21180611121000041020000000U4,LAVANDERIA SUPER CLEAN,,812210,Lavanderías y tintorerías,0 a 5 personas,CALLE,HIDALGO,AVENIDA,Michoacán,AVENIDA,Puebla,CALLE,Jalisco,10,,,,,,LOCALIDAD,SAN RAFAEL IXTAPALUCAN,,,,74100,21,PUEBLA,180,Tlahuapan,0015,San Rafael Ixtapalucan,0174,024,2482265444,LAVANDERIASC12@GMAIL.COM,,Fijo,19.29417361,-98.55229012,2014-12,True,True,False,False,False,True,False,False,False,False,False,True,REVISAR,REVISAR,REVISAR,FILTRO_DENUE,REGLAS_DENUE,
3336638,21119812210000701000000000U9,LAVANDERIA SUPER CLEAN,,812210,Lavanderías y tintorerías,0 a 5 personas,AVENIDA,REFORMA NORTE,CALLE,CARMATEX,PRIVADA,NINGUNO,CALLE,ALVARO OBREGON,15,,,,,,PUEBLO,SANTA MARIA TONANZINTLA,,,,72840,21,PUEBLA,119,San Andrés Cholula,0001,San Andrés Cholula,0052,004,2214164164,,,Fijo,19.03186349,-98.31900263,2014-12,True,True,False,False,False,True,False,False,False,False,False,True,REVISAR,REVISAR,REVISAR,FILTRO_DENUE,REGLAS_DENUE,
10795531,21134812210000251000000000U4,LAVANDERIA SUPER CLEAN,,812210,Lavanderías y tintorerías,0 a 5 personas,CALLE,SANTA CECILIA,CERRADA,QUINTA DE SANTA CECILIA,CALLE,IGNACIO ZARAGOZA,CALLE,MORELOS,,SN,,,,,LOCALIDAD,SAN MATIAS TLALANCALECA,,,,74110,21,PUEBLA,134,San Matías Tlalancaleca,0001,San Matías Tlalancaleca,0044,019,2481825424,,,Fijo,19.32498459,-98.49537454,2024-11,True,True,False,False,False,True,False,False,False,False,False,True,REVISAR,REVISAR,REVISAR,FILTRO_DENUE,REGLAS_DENUE,
9761106,21114812210020561000000000U4,LAVANDERIA SUPER WASH,,812210,Lavanderías y tintorerías,0 a 5 personas,CALLE,CANAL DEL RIEGO,PROLONGACION,PROLONGACION DE LA 14 SUR,CALLE,NINGUNO,CALLE,PRIVADA 115 B ORIENTE,,SN,,,,,COLONIA,SAN JOSE CHAPULCO,,,,72590,21,PUEBLA,114,Puebla,0001,Heroica Puebla de Zaragoza,6661,035,,,,Fijo,18.97454109,-98.21919847,2024-11,True,True,False,False,False,True,False,False,False,False,False,True,REVISAR,REVISAR,REVISAR,FILTRO_DENUE,REGLAS_DENUE,
3264877,21114812210002091000000000U4,LAVANDERIA SUPREME,,812210,Lavanderías y tintorerías,0 a 5 personas,AVENIDA,JUAREZ,CALLE,19 SUR,CALLE,21 SUR,CALLE,21 SUR,1902,B,,,,,BARRIO,SAN SEBASTIAN,,,,72090,21,PUEBLA,114,Puebla,0001,Heroica Puebla de Zaragoza,0499,010,2223836153,,,Fijo,19.04924596,-98.21329193,2010-07,True,True,False,False,False,True,False,False,False,False,False,True,REVISAR,REVISAR,REVISAR,FILTRO_DENUE,REGLAS_DENUE,
8811746,21015812210000251000000000U5,LAVANDERIA SUROPITA,,812210,Lavanderías y tintorerías,0 a 5 personas,CARRETERA,FEDERAL PUEBLA A TEHUACAN,AVENIDA,SAN LORENZO,CALLE,15 DE SEPTIEMBRE,CALLE,VICENTE SUAREZ,7,,,,,,COLONIA,CASA BLANCA,,,,72995,21,PUEBLA,015,Amozoc,0031,Casa Blanca,0359,011,2227090590,,,Fijo,19.04604451,-98.1131756,2019-11,True,True,False,False,False,True,False,False,False,False,False,True,REVISAR,REVISAR,REVISAR,FILTRO_DENUE,REGLAS_DENUE,
8234829,21114812210016681000000000U6,LAVANDERIA SWEET LAVANDA,SWEET LAVANDA,812210,Lavanderías y tintorerías,0 a 5 personas,CALLE,RIO CONCHOS,AVENIDA,SAN CLAUDIO,BOULEVARD,CIRCUNVALACION,CALLE,RIO PAPALOAPAN,6115,,,,,,COLONIA,CORONEL MIGUEL AUZA,,,,72570,21,PUEBLA,114,Puebla,0001,Heroica Puebla de Zaragoza,2635,024,,,,Fijo,19.00442059,-98.19691151,2019-11,True,True,False,False,False,True,False,False,False,False,False,True,REVISAR,REVISAR,REVISAR,FILTRO_DENUE,REGLAS_DENUE,
10450577,21114812210020851000000000U9,LAVANDERIA SWEET LAVANDA,,812210,Lavanderías y tintorerías,0 a 5 personas,CALLE,FRAY ANDRES TOMAS DE CASILLAS,CALLE,DIAGONAL RIO PAPAGAYO,CALLE,FRAY ANDRES DE CORDOBA,PRIVADA,GARCIA DE CISNEROS,3009,,,,,,COLONIA,TRES CRUCES,,,,72595,21,PUEBLA,114,Puebla,0001,Heroica Puebla de Zaragoza,2141,035,,,,Fijo,18.99283759,-98.191035,2024-11,True,True,False,False,False,True,False,False,False,False,False,True,REVISAR,REVISAR,REVISAR,FILTRO_DENUE,REGLAS_DENUE,
11728091,21119812210002451000000000U9,LAVANDERIA TAFOLLA,,812210,Lavanderías y tintorerías,0 a 5 personas,CALLE,12 ORIENTE,PRIVADA,4 Norte,CALLE,6 Norte,CALLE,10 Oriente,,SN,,,401,B,BARRIO,SANTIAGO XICOTENCO,,,,72810,21,PUEBLA,119,San Andrés Cholula,0001,San Andrés Cholula,0207,038,,,,Fijo,19.05471919,-98.29375383,2025-04,True,True,False,False,False,True,False,False,False,False,False,True,REVISAR,REVISAR,REVISAR,FILTRO_DENUE,REGLAS_DENUE,
7568979,21119812210001601000000000U0,LAVANDERIA TENDEDERO,,812210,Lavanderías y tintorerías,0 a 5 personas,CALLE,15 PONIENTE,CALLE,5 SUR,PRIVADA,NINGUNO,CALLE,13 PONIENTE,532,A,,,,,BARRIO,SANTA MARIA CUACO,,,,72810,21,PUEBLA,119,San Andrés Cholula,0001,San Andrés Cholula,0194,037,2221941184,,,Fijo,19.04691741,-98.30708639,2019-11,True,True,False,False,False,True,False,False,False,False,False,True,REVISAR,REVISAR,REVISAR,FILTRO_DENUE,REGLAS_DENUE,
10581833,21132812210001261000000000U6,LAVANDERIA TERE,,812210,Lavanderías y tintorerías,0 a 5 personas,CALLE,REFORMA,CERRADA,REFORMA,PRIVADA,REFORMA,CALLE,NINGUNO,,SN,,,,,LOCALIDAD,SAN RAFAEL TLANALAPAN,,,,74122,21,PUEBLA,132,San Martín Texmelucan,0013,San Rafael Tlanalapan,0459,017,,,,Fijo,19.28118874,-98.46627946,2024-11,True,True,False,False,False,True,False,False,False,False,False,True,REVISAR,REVISAR,REVISAR,FILTRO_DENUE,REGLAS_DENUE,
3522834,21114812210002271000000000U2,LAVANDERIA TERE,,812210,Lavanderías y tintorerías,0 a 5 personas,CALLE,MIGUEL HIDALGO,CALLE,CARMELITAS,PRIVADA,5 DE FEBRERO,CALLE,JOSEFA ORTIZ DE DOMINGUEZ,1504,,,,,,COLONIA,TRES CERRITOS,,,,72480,21,PUEBLA,114,Puebla,0001,Heroica Puebla de Zaragoza,4650,002,,,,Fijo,18.99377234,-98.24926626,2010-07,True,True,False,False,False,True,False,False,False,False,False,True,REVISAR,REVISAR,REVISAR,FILTRO_DENUE,REGLAS_DENUE,
9864317,21114812210021401000000000U2,LAVANDERIA TERESITA,,812210,Lavanderías y tintorerías,0 a 5 personas,CALLE,BENITO JUAREZ,PRIVADA,BENITO JUAREZ,CERRADA,LICENCIADO BENITO JUAREZ,OTRO(ESPECIFIQUE),ARROYO,15,2,,,,,COLONIA,IGNACIO ZARAGOZA,,,,72380,21,PUEBLA,114,Puebla,0001,Heroica Puebla de Zaragoza,3826,009,2225292228,,,Fijo,19.0277437,-98.18138218,2024-11,True,True,False,False,False,True,False,False,False,False,False,True,REVISAR,REVISAR,REVISAR,FILTRO_DENUE,REGLAS_DENUE,
8950830,21114812210015221000000000U2,LAVANDERIA TIC TAC,,812210,Lavanderías y tintorerías,0 a 5 personas,AVENIDA,EDUARDO CUE MERLO,AVENIDA,EMILIANO ZAPATA,PRIVADA,15 B DE ENERO,CERRADA,15 DE ENERO,625,,,,,,COLONIA,SAN BALTAZAR CAMPECHE,,,,72550,21,PUEBLA,114,Puebla,0001,Heroica Puebla de Zaragoza,0766,043,2222056752,,,Fijo,19.02159,-98.20262162,2019-11,True,True,False,False,False,True,False,False,False,False,False,True,REVISAR,REVISAR,REVISAR,FILTRO_DENUE,REGLAS_DENUE,
3456185,21114812210003981000000000U5,LAVANDERIA TIDY,,812210,Lavanderías y tintorerías,0 a 5 personas,CALLE,DALIAS,CALLE,DALIAS,CALLE,CALLE DEL LAGO,AVENIDA,MARGARITAS,5916,,,,,,COLONIA,BUGAMBILIAS,,,,72580,21,PUEBLA,114,Puebla,0001,Heroica Puebla de Zaragoza,086A,036,2221558968,,,Fijo,19.01140885,-98.21198353,2010-07,True,True,False,False,False,True,False,False,False,False,False,True,REVISAR,REVISAR,REVISAR,FILTRO_DENUE,REGLAS_DENUE,
11454522,21114812210019711000000000U8,LAVANDERIA TINKERBELL LA BURBUJA,,812210,Lavanderías y tintorerías,0 a 5 personas,AVENIDA,101 ORIENTE,PRIVADA,16 D SUR,DIAGONAL,16 A SUR,CERRADA,99 ORIENTE,1642,,,,,,COLONIA,GRANJAS DE SAN ISIDRO,,,,72587,21,PUEBLA,114,Puebla,0001,Heroica Puebla de Zaragoza,5841,014,2213911033,,,Fijo,18.98601175,-98.21071701,2024-11,True,True,False,False,False,True,False,False,False,False,False,True,REVISAR,REVISAR,REVISAR,FILTRO_DENUE,REGLAS_DENUE,
3337186,21119812210001201000000000U9,LAVANDERIA TINTO ANGEL,,812210,Lavanderías y tintorerías,0 a 5 personas,CALLE,LA MESA,CALLE,NINGUNO,CALLE,ATZALA,CARRETERA,ANILLO PERIFERICO ECOLOGICO,,SN,,,,,COLONIA,SAN ANDRES CHOLULA,,,,72775,21,PUEBLA,119,San Andrés Cholula,0001,San Andrés Cholula,0279,007,,,,Fijo,19.04905878,-98.28515437,2014-12,True,True,False,False,False,True,False,False,False,False,False,True,REVISAR,REVISAR,REVISAR,FILTRO_DENUE,REGLAS_DENUE,
8827010,21114812210014091000000000U0,LAVANDERIA TINTO MAS,,812210,Lavanderías y tintorerías,0 a 5 personas,CALLE,BENITO JUAREZ,CALLE,JOSE MARIA MORELOS Y PAVON,CALLE,EMILIANO ZAPATA,CALLE,CANAL DEL RIEGO,6,,,,,,COLONIA,SAN JOSE CHAPULCO,,,,72590,21,PUEBLA,114,Puebla,0001,Heroica Puebla de Zaragoza,2917,023,2212232285,,,Fijo,18.97629693,-98.21938111,2019-11,True,True,False,False,False,True,False,False,False,False,False,True,REVISAR,REVISAR,REVISAR,FILTRO_DENUE,REGLAS_DENUE,
3358889,21114812210012251000000000U2,LAVANDERIA TINTO SOL MAYA NORTE,,812210,Lavanderías y tintorerías,0 a 5 personas,CALLE,MAYA NORTE,CALLE,TIERRA BLANCA,CALLE,CIRCUITO COYOACAN,PRIVADA,CALLE ARBOLLILLO,8,C,,,,,COLONIA,BELLO HORIZONTE,,,,72735,21,PUEBLA,114,Puebla,0001,Heroica Puebla de Zaragoza,5983,044,2211677729,,,Fijo,19.05534754,-98.26393266,2014-12,True,True,False,False,False,True,False,False,False,False,False,True,REVISAR,REVISAR,REVISAR,FILTRO_DENUE,REGLAS_DENUE,
3515465,21114812210008171000000000U8,LAVANDERIA TINTOFRANK,,812210,Lavanderías y tintorerías,0 a 5 personas,CALLE,NARDOS,AVENIDA,ORQUIDEAS,AVENIDA,NARANJOS,CALLE,HELIOTROPOS,,SN,,,,,COLONIA,SAN RAMON CASTILLOTLA CUARTA SECCION,,,,72490,21,PUEBLA,114,Puebla,0001,Heroica Puebla de Zaragoza,2033,022,2221521026,,,Fijo,18.96430562,-98.26298161,2010-07,True,True,False,False,False,True,False,False,False,False,False,True,REVISAR,REVISAR,REVISAR,FILTRO_DENUE,REGLAS_DENUE,
11724505,21119812210002471000000000U7,LAVANDERIA TINTORELLO,,812210,Lavanderías y tintorerías,0 a 5 personas,CALLE,LA ESCONDIDA,PRIVADA,Paseo de la Escondida,CALLE,San Miguel,CALLE,Ninguno,4802,C,,,,,COLONIA,SANTA CRUZ GUADALUPE,,,,72140,21,PUEBLA,119,San Andrés Cholula,0013,San Bernardino Tlaxcalancingo,057A,003,,,,Fijo,19.04392634,-98.25513974,2025-04,True,True,False,False,False,True,False,False,False,False,False,True,REVISAR,REVISAR,REVISAR,FILTRO_DENUE,REGLAS_DENUE,
3410293,21114812210004011000000000U0,LAVANDERIA TINTORERIA JP,,812210,Lavanderías y tintorerías,0 a 5 personas,CALLE,16 DE SEPTIEMBRE,AVENIDA,29 PONIENTE,AVENIDA,31 PONIENTE,CALLE,3 SUR,2901,,,,,,COLONIA,CHULA VISTA,,,,72420,21,PUEBLA,114,Puebla,0001,Heroica Puebla de Zaragoza,3737,018,2225565833,KAGUAR021953@GMAIL.COM,,Fijo,19.0334779,-98.2050273,2010-07,True,True,False,False,True,True,False,False,False,False,False,True,REVISAR,REVISAR,REVISAR,FILTRO_DENUE,REGLAS_DENUE,
10746110,21114812210021751000000000U0,LAVANDERIA TINTORERIA LEON,,812210,Lavanderías y tintorerías,0 a 5 personas,CALLE,CORDILLERA CENTRAL,CALLE,SIERRA MONTES URALES,CALLE,SIERRA DE LOS PIRINEOS,CALLE,CORDILLERA ACONCAGUA,2231,,,,,,FRACCIONAMIENTO,MARAVILLAS,,,,72220,21,PUEBLA,114,Puebla,0001,Heroica Puebla de Zaragoza,3440,004,2212050603,,,Fijo,19.07213242,-98.16726416,2024-11,True,True,False,False,True,True,False,False,False,False,False,True,REVISAR,REVISAR,REVISAR,FILTRO_DENUE,REGLAS_DENUE,
3431531,21119812210000441000000000U2,LAVANDERIA TINTORERIA MEXICO 68,,812210,Lavanderías y tintorerías,0 a 5 personas,AVENIDA,16 DE SEPTIEMBRE,CALLE,7 ORIENTE,CALLE,5 ORIENTE,CALLE,2 SUR,503,A,,,,,COLONIA,CENTRO,,,,72810,21,PUEBLA,119,San Andrés Cholula,0001,San Andrés Cholula,0194,012,2221817182,,,Fijo,19.04879388,-98.30042786,2010-07,True,True,False,False,True,True,False,False,False,False,False,True,REVISAR,REVISAR,REVISAR,FILTRO_DENUE,REGLAS_DENUE,
9443327,21114812210019161000000000U6,LAVANDERIA TINTORERIA SMOKING,,812210,Lavanderías y tintorerías,0 a 5 personas,AVENIDA,GUADALUPE,PRIVADA,5 B SUR,CALLE,7 SUR,AVENIDA,137 PONIENTE,,SN,,,,,COLONIA,SAN JUAN BAUTISTA,,,,72495,21,PUEBLA,114,Puebla,0001,Heroica Puebla de Zaragoza,2029,025,2229556721,,,Fijo,18.97220447,-98.24696246,2023-11,True,True,False,False,True,True,False,False,False,False,False,True,REVISAR,REVISAR,REVISAR,FILTRO_DENUE,REGLAS_DENUE,
10958244,21041812210001441000000000U7,LAVANDERIA TINTORERIA Y PLANCHADURIA AROME,,812210,Lavanderías y tintorerías,0 a 5 personas,AVENIDA,MEXICO PUEBLA,CALLE,NINGUNO,PRIVADA,NINGUNO,CALLE,MOLINO DE LA ASUNCION,46,A,,,,,BARRIO,DEL BAJIO,,,,72700,21,PUEBLA,041,Cuautlancingo,0001,San Juan Cuautlancingo,0255,021,2223371896,,,Fijo,19.08014444,-98.26232372,2024-11,True,True,False,False,True,True,False,False,False,False,False,True,REVISAR,REVISAR,REVISAR,FILTRO_DENUE,REGLAS_DENUE,
7852222,21114812210015841000000000U7,LAVANDERIA TINTOSOL,,812210,Lavanderías y tintorerías,0 a 5 personas,CALLE,CAMINO REAL A CHOLULA,AVENIDA,AVENIDA DEL TRABAJO,PROLONGACION,47 SUR,CALLE,ALBORADA,5616,,,17,,,COLONIA,SANTA CRUZ BUENAVISTA,CENTRO Y PLAZA COMERCIAL,PABELLON REAL,5616,72150,21,PUEBLA,114,Puebla,0001,Heroica Puebla de Zaragoza,4627,031,2226839111,,,Fijo,19.04354069,-98.24172604,2019-11,True,True,False,False,False,True,False,False,False,False,False,True,REVISAR,REVISAR,REVISAR,FILTRO_DENUE,REGLAS_DENUE,
3434073,21119812210000171000000000U5,LAVANDERIA TINTOSOL,ALBERTO LOZANO,812210,Lavanderías y tintorerías,0 a 5 personas,BOULEVARD,GUSTAVO DIAZ ORDAZ,CALLE,ARCANGELES,CALLE,ORION NORTE,CALLE,ORION NORTE,,SN,,,,,COLONIA,VILLA FLORESTA,,,,72825,21,PUEBLA,119,San Andrés Cholula,0013,San Bernardino Tlaxcalancingo,0423,022,,,,Fijo,19.02258696,-98.26132283,2010-07,True,True,False,False,False,True,False,False,False,False,False,True,REVISAR,REVISAR,REVISAR,FILTRO_DENUE,REGLAS_DENUE,
10314860,21114812210021211000000000U5,LAVANDERIA TOMI,,812210,Lavanderías y tintorerías,0 a 5 personas,CALLE,SEGUNDA DE BENITO JUAREZ,AVENIDA,20 DE NOVIEMBRE,AVENIDA,TECAMACHALCO,CALLE,ALLENDE,6514,,,,,,COLONIA,VICENTE GUERRERO,,,,75470,21,PUEBLA,114,Puebla,0001,Heroica Puebla de Zaragoza,385A,012,2225441707,,,Fijo,19.00705694,-98.22906351,2024-11,True,True,False,False,False,True,False,False,False,False,False,True,REVISAR,REVISAR,REVISAR,FILTRO_DENUE,REGLAS_DENUE,
10953107,21114812210021681000000000U9,LAVANDERIA TOMS,,812210,Lavanderías y tintorerías,0 a 5 personas,AVENIDA,3 SUR,PRIVADA,MATAMOROS,CALLE,NIÑOS HEROES,PRIVADA,NINGUNO,,SN,,1,,,COLONIA,2 AMPLIACION GUADALUPE HIDALGO,CENTRO Y PLAZA COMERCIAL,PLAZA PATLALI,8,72490,21,PUEBLA,114,Puebla,0001,Heroica Puebla de Zaragoza,4909,006,2228149632,,,Fijo,18.97804227,-98.23918786,2024-11,True,True,False,False,False,True,False,False,False,False,False,True,REVISAR,REVISAR,REVISAR,FILTRO_DENUE,REGLAS_DENUE,
9751436,21114812210019551000000000U8,LAVANDERIA TONITA,,812210,Lavanderías y tintorerías,0 a 5 personas,CALLE,DOCTOR GONZALO BAUTISTA CASTILLO,CALLE,MIGUEL HIDALGO,CALLE,PRIMERO DE MAYO,CALLE,EMILIANO ZAPATA,32,A,,,,,COLONIA,IGNACIO ZARAGOZA,,,,72380,21,PUEBLA,114,Puebla,0001,Heroica Puebla de Zaragoza,3830,014,2221116653,,,Fijo,19.0291959,-98.17942192,2024-11,True,True,False,False,False,True,False,False,False,False,False,True,REVISAR,REVISAR,REVISAR,FILTRO_DENUE,REGLAS_DENUE,
9143358,21114812210018761000000000U4,LAVANDERIA TOÑITA,,812210,Lavanderías y tintorerías,0 a 5 personas,CALLE,DOCTOR GONZALO BAUTISTA CASTILLO,PRIVADA,G BAUTISTA,CALLE,AVENIDA DE LA LIBERTAD,CALLE,ARROYO,51,,,,,,COLONIA,IGNACIO ZARAGOZA,,,,72380,21,PUEBLA,114,Puebla,0001,Heroica Puebla de Zaragoza,3830,015,2224773332,,,Fijo,19.03037307,-98.17896515,2019-11,True,True,False,False,False,True,False,False,False,False,False,True,REVISAR,REVISAR,REVISAR,FILTRO_DENUE,REGLAS_DENUE,
10408987,21074812210000652000000000U1,LAVANDERIA TORRES,,812210,Lavanderías y tintorerías,6 a 10 personas,AVENIDA,SAN ANTONIO,CALLE,AYALA,CALLE,16 DE SEPTIEMBRE,CALLE,16 DE SEPTIEMBRE,307,,,,,,COLONIA,SANTA ELENA,,,,74160,21,PUEBLA,074,Huejotzingo,0001,Huejotzingo,0044,044,2272762891,,,Fijo,19.16014431,-98.4175128,2024-11,True,True,False,False,False,True,False,False,False,False,False,True,REVISAR,REVISAR,REVISAR,FILTRO_DENUE,REGLAS_DENUE,
9788790,21114812210022221000000000U3,LAVANDERIA TORRES,,812210,Lavanderías y tintorerías,0 a 5 personas,AVENIDA,UNIVERSIDAD,CALLE,MARIANO ESCOBEDO,CALLE,JUAN N. MENDEZ,CALLE,MIGUEL HIDALGO,,SN,,,,,COLONIA,PATRIA NUEVA,,,,72595,21,PUEBLA,114,Puebla,0001,Heroica Puebla de Zaragoza,2156,036,,,,Fijo,18.95577549,-98.16183886,2024-11,True,True,False,False,False,True,False,False,False,False,False,True,REVISAR,REVISAR,REVISAR,FILTRO_DENUE,REGLAS_DENUE,
8106306,21041812210000871000000000U6,LAVANDERIA TOWY S,,812210,Lavanderías y tintorerías,0 a 5 personas,AVENIDA,VICENTE GUERRERO,PRIVADA,PRIVADA DE LOS ANGELES,CALLE,ALDAMA,AVENIDA,VICENTE GUERRERO,,SN,,,,,PUEBLO,LA TRINIDAD SANCTORUM,,,,72730,21,PUEBLA,041,Cuautlancingo,0008,Sanctorum,0202,020,,,,Fijo,19.09857939,-98.25625575,2019-11,True,True,False,False,False,True,False,False,False,False,False,True,REVISAR,REVISAR,REVISAR,FILTRO_DENUE,REGLAS_DENUE,
8341063,21119812210001731000000000U5,LAVANDERIA TOYAC,,812210,Lavanderías y tintorerías,0 a 5 personas,BOULEVARD,BOULEVARD DEL NIÑO POBLANO,CALLE,IGNACIO ALLENDE,AVENIDA,CENTRAL,CALLE,MARIANO MATAMOROS,,SN,,,,,COLONIA,AMPLIACION CONCEPCION GUADALUPE,,,,72833,21,PUEBLA,119,San Andrés Cholula,0013,San Bernardino Tlaxcalancingo,0616,020,,,,Fijo,19.02756078,-98.22656321,2019-11,True,True,False,False,False,True,False,False,False,False,False,True,REVISAR,REVISAR,REVISAR,FILTRO_DENUE,REGLAS_DENUE,
10584367,21114812210020281000000000U9,LAVANDERIA TRAPITO,,812210,Lavanderías y tintorerías,0 a 5 personas,DIAGONAL,19 NORTE,BOULEVARD,CARMEN SERDAN,ANDADOR,ANDADOR A DE LA 19 NORTE,CALLE,PRIVADA 19 NORTE,3817,,,,,,COLONIA,26 DE MAYO FRANCISCO VILLA,,,,72050,21,PUEBLA,114,Puebla,0001,Heroica Puebla de Zaragoza,3506,014,2211402067,,,Fijo,19.06738408,-98.20025278,2024-11,True,True,False,False,False,True,False,False,False,False,False,True,REVISAR,REVISAR,REVISAR,FILTRO_DENUE,REGLAS_DENUE,
3521249,21114812210003111000000000U9,LAVANDERIA TRAPITOS,,812210,Lavanderías y tintorerías,0 a 5 personas,CALLE,4 SUR,CALLE,115 ORIENTE,PRIVADA,NINGUNO,CALLE,2 SUR,10000,,,,,,COLONIA,GRANJAS PUEBLA,,,,72490,21,PUEBLA,114,Puebla,0001,Heroica Puebla de Zaragoza,4190,009,,LAVANDERIA_TRAPITOS@OUTLOOK.COM,,Fijo,18.98104609,-98.22928708,2010-07,True,True,False,False,False,True,False,False,False,False,False,True,REVISAR,REVISAR,REVISAR,FILTRO_DENUE,REGLAS_DENUE,
11478063,21114812210022441000000000U7,LAVANDERIA TRAPITOS AL SOL,,812210,Lavanderías y tintorerías,0 a 5 personas,AVENIDA,20 DE NOVIEMBRE,AVENIDA,JOSE MARIA MORELOS,CALLE,BENITO JUAREZ,CALLE,MIGUEL HIDALGO,5109,,,,,,COLONIA,SAN BALTAZAR CAMPECHE,,,,72550,21,PUEBLA,114,Puebla,0001,Heroica Puebla de Zaragoza,0747,023,2221943528,MARITERECERON90@GMAIL.COM,,Fijo,19.02197892,-98.20787566,2024-11,True,True,False,False,False,True,False,False,False,False,False,True,REVISAR,REVISAR,REVISAR,FILTRO_DENUE,REGLAS_DENUE,
3434382,21114812210004401000000000U3,LAVANDERIA TRAPITOS LIMPIOS,,812210,Lavanderías y tintorerías,0 a 5 personas,CALLE,ANTIGUO CAMINO REAL A CHOLULA,CERRADA,SAN JUAN,PRIVADA,NINGUNO,PRIVADA,NINGUNO,4413,,,1,,,COLONIA,SANTA CRUZ BUENA VISTA,CENTRO Y PLAZA COMERCIAL,SIN NOMBRE,2,72810,21,PUEBLA,119,San Andrés Cholula,0013,San Bernardino Tlaxcalancingo,057A,011,2227760290,,,Fijo,19.0472093,-98.25606651,2010-07,True,True,False,False,False,True,False,False,False,False,False,True,REVISAR,REVISAR,REVISAR,FILTRO_DENUE,REGLAS_DENUE,
9737370,21136812210000051000000000U3,LAVANDERIA TRAPITOS SUCIOS,,812210,Lavanderías y tintorerías,0 a 5 personas,PRIVADA,IGNACIO ZARAGOZA,AVENIDA,BERRIOZABAL,AVENIDA,AGUSTIN DE ITURBIDE,CALLE,FRANCISCO I. MADERO,3,,,,,,LOCALIDAD,SAN MIGUEL XOXTLA,,,,72620,21,PUEBLA,136,San Miguel Xoxtla,0001,San Miguel Xoxtla,0049,003,2225437325,,,Fijo,19.16358281,-98.30821687,2024-11,True,True,False,False,False,True,False,False,False,False,False,True,REVISAR,REVISAR,REVISAR,FILTRO_DENUE,REGLAS_DENUE,
3447545,21140812210000651000000000U2,LAVANDERIA TRENDINESS DRY CLEANERS,,812210,Lavanderías y tintorerías,0 a 5 personas,PROLONGACION,AVENIDA JUAN BLANCA,PRIVADA,PRIMERA EUCALIPTO,AVENIDA,15 PONIENTE,AVENIDA,15 PONIENTE,1516,,,,,,LOCALIDAD,SAN CRISTOBAL TEPONTLA,,,,72765,21,PUEBLA,140,San Pedro Cholula,0001,Cholula de Rivadavia,0183,087,,,,Fijo,19.06196026,-98.32408163,2010-07,True,True,False,False,False,True,False,False,False,False,False,True,REVISAR,REVISAR,REVISAR,FILTRO_DENUE,REGLAS_DENUE,
9550482,21114812210019471000000000U9,LAVANDERIA TU HOGAR,,812210,Lavanderías y tintorerías,0 a 5 personas,PRIVADA,CAMPECHE,AVENIDA,YUCATAN,CALLE,MORELOS,CALLE,VERACRUZ,114,,,,,,COLONIA,MEXICO 83,,,,72017,21,PUEBLA,114,Puebla,0001,Heroica Puebla de Zaragoza,4379,013,2216410870,,,Fijo,19.08311284,-98.16900327,2024-11,True,True,False,False,False,True,False,False,False,False,False,True,REVISAR,REVISAR,REVISAR,FILTRO_DENUE,REGLAS_DENUE,
3256669,21114812210003581000000000U3,LAVANDERIA TURBO WASH,,812210,Lavanderías y tintorerías,0 a 5 personas,CALLE,VALLADOLID,AVENIDA,MORELOS,CALLE,FRANCISCO JAVIER MINA,AVENIDA,INDEPENDENCIA,,SN,,,,,COLONIA,TEPEYAC,,,,72210,21,PUEBLA,114,Puebla,0001,Heroica Puebla de Zaragoza,4307,028,,,,Fijo,19.07039647,-98.1777887,2010-07,True,True,False,False,False,True,False,False,False,False,False,True,REVISAR,REVISAR,REVISAR,FILTRO_DENUE,REGLAS_DENUE,
8423906,21119812210001291000000000U0,LAVANDERIA TURQUESA,,812210,Lavanderías y tintorerías,0 a 5 personas,CALLE,10 ORIENTE,CALLE,LA MESA,PRIVADA,12 ORIENTE,CALLE,4 ORIENTE,,SN,,,,,BARRIO,SANTIAGO XICOTENCO,,,,72810,21,PUEBLA,119,San Andrés Cholula,0001,San Andrés Cholula,0090,010,2215773927,,,Fijo,19.05031247,-98.28510508,2019-11,True,True,False,False,False,True,False,False,False,False,False,True,REVISAR,REVISAR,REVISAR,FILTRO_DENUE,REGLAS_DENUE,
8826865,21125812210000041000000000U7,LAVANDERIA ULTRA CLEAN,,812210,Lavanderías y tintorerías,0 a 5 personas,AVENIDA,16 DE SEPTIEMBRE,CALLE,11 PONIENTE,CALLE,5 PONIENTE,CALLE,5 PONIENTE,,SN,,,,,PUEBLO,CHIPILO DE FRANCISCO JAVIER MINA,,,,74325,21,PUEBLA,125,San Gregorio Atzompa,0002,Chipilo de Francisco Javier Mina,0045,005,,,,Fijo,19.0042438,-98.33497711,2019-11,True,True,False,False,False,True,False,False,False,False,False,True,REVISAR,REVISAR,REVISAR,FILTRO_DENUE,REGLAS_DENUE,
3408147,21114812210005611000000000U6,LAVANDERIA ULTRA CLEAN,,812210,Lavanderías y tintorerías,0 a 5 personas,AVENIDA,37 PONIENTE,CALLE,9 SUR,CALLE,11 SUR,AVENIDA,35 PONIENTE,920,,,,,,COLONIA,INSURGENTES CGULAVISTA,,,,72420,21,PUEBLA,114,Puebla,0001,Heroica Puebla de Zaragoza,0588,038,2222560078,,,Fijo,19.0345149,-98.21370159,2010-07,True,True,False,False,False,True,False,False,False,False,False,True,REVISAR,REVISAR,REVISAR,FILTRO_DENUE,REGLAS_DENUE,
3434649,21114812210006201000000000U5,LAVANDERIA ULTRA LAB,,812210,Lavanderías y tintorerías,0 a 5 personas,CALLE,ANZURES,CALLE,JURISPRUDENCIA PONIENTE,CALLE,ANTIGUO CAMINO REAL A CHOLULA,CALLE,UNION,849,A,,,,,COLONIA,SANTA CRUZ GUADALUPE,,,,72170,21,PUEBLA,114,Puebla,0001,Heroica Puebla de Zaragoza,5998,036,2223797713,,,Fijo,19.04871315,-98.26335303,2014-12,True,True,False,False,False,True,False,False,False,False,False,True,REVISAR,REVISAR,REVISAR,FILTRO_DENUE,REGLAS_DENUE,
3369700,21114812210010331000000000U4,LAVANDERIA UNILAV,,812210,Lavanderías y tintorerías,0 a 5 personas,PRIVADA,UNIVERSIDAD AUTONOMA DE NUEVO LEON,BOULEVARD,CARLOS CAMACHO ESPIRITU,CALLE,UNIVERSIDAD AUTONOMA DE BAJA CALIFORNIA,CALLE,UNIVERSIDAD AUTONOMA DE NUEVO LEON,6704,,,,,,COLONIA,UNIVERSIDADES TERCERA SECCION,,,,72589,21,PUEBLA,114,Puebla,0001,Heroica Puebla de Zaragoza,264A,031,,,,Fijo,18.99831032,-98.20465222,2014-12,True,True,False,False,False,True,False,False,False,False,False,True,REVISAR,REVISAR,REVISAR,FILTRO_DENUE,REGLAS_DENUE,
3264328,21114812210009961000000000U4,LAVANDERIA UNIWASH,,812210,Lavanderías y tintorerías,0 a 5 personas,AVENIDA,19 PONIENTE,CALLE,17 SUR,CALLE,19 SUR,AVENIDA,17 PONIENTE,1730,B,,,,,COLONIA,RIVERA DE SANTIAGO,,,,72410,21,PUEBLA,114,Puebla,0001,Heroica Puebla de Zaragoza,0499,044,,,,Fijo,19.04435684,-98.21560962,2010-07,True,True,False,False,False,True,False,False,False,False,False,True,REVISAR,REVISAR,REVISAR,FILTRO_DENUE,REGLAS_DENUE,
3366683,21114812210011601000000000U9,LAVANDERIA VAL CLEAN,LINDALOPEZ UGARTE,812210,Lavanderías y tintorerías,0 a 5 personas,AVENIDA,20 DE NOVIEMBRE,CIRCUITO,JUAN PABLO II,CALLE,BENITO JUAREZ,CALLE,INDEPENDENCIA,5312,,,,,,COLONIA,SAN BALTAZAR CAMPECHE,,,,72550,21,PUEBLA,114,Puebla,0001,Heroica Puebla de Zaragoza,0751,006,,,,Fijo,19.02111038,-98.20820858,2014-12,True,True,False,False,False,True,False,False,False,False,False,True,REVISAR,REVISAR,REVISAR,FILTRO_DENUE,REGLAS_DENUE,
10163283,21114812210022241000000000U1,LAVANDERIA VALARI,,812210,Lavanderías y tintorerías,0 a 5 personas,AVENIDA,CONSTITUYENTES,CALLE,ARTICULO 28,CALLE,ARTICULO 30,AVENIDA,3 SUR,,SN,,,,,COLONIA,CONSTITUCION MEXICANA,,,,72499,21,PUEBLA,114,Puebla,0001,Heroica Puebla de Zaragoza,4951,025,,,,Fijo,18.95402392,-98.23527795,2024-11,True,True,False,False,False,True,False,False,False,False,False,True,REVISAR,REVISAR,REVISAR,FILTRO_DENUE,REGLAS_DENUE,
3369039,21114812210010201000000000U1,LAVANDERIA VALERIA,,812210,Lavanderías y tintorerías,0 a 5 personas,CALLE,NAYARIT,AVENIDA,MICHOACAN,AVENIDA,MEXICO,CALLE,NUEVO LEON,10000,,,,,,COLONIA,POPULAR EMILIANO ZAPATA,,,,72470,21,PUEBLA,114,Puebla,0001,Heroica Puebla de Zaragoza,4326,025,2228810009,,,Fijo,18.99802061,-98.23283792,2014-12,True,True,False,False,False,True,False,False,False,False,False,True,REVISAR,REVISAR,REVISAR,FILTRO_DENUE,REGLAS_DENUE,
7872516,21114812210014791000000000U5,LAVANDERIA VAPOR EXPRESS,,812210,Lavanderías y tintorerías,0 a 5 personas,CALLE,9 SUR,CALLE,39 PONIENTE,AVENIDA,37 PONIENTE,CALLE,9 A SUR,901,D,,,,,COLONIA,GABRIEL PASTOR PRIMERA SECCION,,,,72420,21,PUEBLA,114,Puebla,0001,Heroica Puebla de Zaragoza,0658,016,2227080563,VAPOREXPRE_@YAHOO.COM,,Fijo,19.0336906,-98.21279284,2019-11,True,True,False,False,False,True,False,False,False,False,False,True,REVISAR,REVISAR,REVISAR,FILTRO_DENUE,REGLAS_DENUE,
11375962,21132812210001151000000000U9,LAVANDERIA VC,,812210,Lavanderías y tintorerías,0 a 5 personas,AVENIDA,CAMINO REAL,PROLONGACION,FRANCISCO I. MADERO,PROLONGACION,BENITO JUAREZ,CALLE,VICTORIA,,SN,,,,,LOCALIDAD,SANT MARIA MOYOTZINGO,,,,74129,21,PUEBLA,132,San Martín Texmelucan,0015,Santa María Moyotzingo,0586,017,,,,Fijo,19.25161373,-98.4011195,2024-11,True,True,False,False,False,True,False,False,False,False,False,True,REVISAR,REVISAR,REVISAR,FILTRO_DENUE,REGLAS_DENUE,
10276195,21015812210000491000000000U7,LAVANDERIA VECINOS,,812210,Lavanderías y tintorerías,0 a 5 personas,CALLE,4 SUR,CALLE,4 ORIENTE,CALLE,2 SUR,CALLE,4 ORIENTE,,SN,,,,,COLONIA,SANTA CRUZ XONACATEPEC 3,,,,72992,21,PUEBLA,015,Amozoc,0001,Amozoc de Mota,0217,010,,,,Fijo,19.04473546,-98.07538367,2024-11,True,True,False,False,False,True,False,False,False,False,False,True,REVISAR,REVISAR,REVISAR,FILTRO_DENUE,REGLAS_DENUE,
3370096,21114812210013111000000000U7,LAVANDERIA VERGEL,,812210,Lavanderías y tintorerías,0 a 5 personas,BOULEVARD,CARLOS CAMACHO ESPIRITU,CALLE,PUEBLA,CALZADA,SAN IGNACIO NORTE,CALZADA,SAN IGNACIO NORTE,7911,,,,,,FRACCIONAMIENTO,VISTA ALEGRE,,,,72594,21,PUEBLA,114,Puebla,0001,Heroica Puebla de Zaragoza,4576,026,,,,Fijo,18.99076405,-98.2013063,2014-12,True,True,False,False,False,True,False,False,False,False,False,True,REVISAR,REVISAR,REVISAR,FILTRO_DENUE,REGLAS_DENUE,
3346568,21114812210010391000000000U8,LAVANDERIA VERO,,812210,Lavanderías y tintorerías,0 a 5 personas,ANDADOR,ORQUIDEAS,CALLE,ROBLE,CALLE,CHOPO,CALLE,CEDRO,10,,,,,,COLONIA,JESUS GONZALEZ ORTEGA,,,,72040,21,PUEBLA,114,Puebla,0001,Heroica Puebla de Zaragoza,339A,019,2229236487,,,Fijo,19.07720495,-98.21363814,2014-12,True,True,False,False,False,True,False,False,False,False,False,True,REVISAR,REVISAR,REVISAR,FILTRO_DENUE,REGLAS_DENUE,
3431173,21140812210000321000000000U4,LAVANDERIA VEROS,,812210,Lavanderías y tintorerías,0 a 5 personas,AVENIDA,13 PONIENTE,CALLE,15 SUR,CALLE,13 SUR,AVENIDA,11 PONIENTE,1516,,,,,,BARRIO,LA SANTÍSIMA,,,,72762,21,PUEBLA,140,San Pedro Cholula,0001,Cholula de Rivadavia,0060,036,2223214414,,,Fijo,19.06251197,-98.32206976,2010-07,True,True,False,False,False,True,False,False,False,False,False,True,REVISAR,REVISAR,REVISAR,FILTRO_DENUE,REGLAS_DENUE,
11544955,21140812210001591000000000U9,LAVANDERIA VEROS,,812210,Lavanderías y tintorerías,0 a 5 personas,AVENIDA,10 ORIENTE,CALLE,8 NORTE,CALLE,10 NORTE,CALLE,8 NORTE,808,,,,,,BARRIO,SAN MIGUEL TIANGUINAHUAC,,,,72760,21,PUEBLA,140,San Pedro Cholula,0001,Cholula de Rivadavia,0501,015,2226803335,,,Fijo,19.06282048,-98.29853037,2024-11,True,True,False,False,False,True,False,False,False,False,False,True,REVISAR,REVISAR,REVISAR,FILTRO_DENUE,REGLAS_DENUE,
7546949,21114812210015591000000000U8,LAVANDERIA VIC.EL & VIC.EM,VICTOR FORTANEL,812210,Lavanderías y tintorerías,0 a 5 personas,CALLE,5 DE FEBRERO PONIENTE,AVENIDA,MIGUEL HIDALGO SUR,AVENIDA,AQUILES SERDAN SUR,CALLE,CUAUHTEMOC PONIENTE,105,,,,,,COLONIA,SAN FELIPE HUEYOTLIPAN,,,,72030,21,PUEBLA,114,Puebla,0001,Heroica Puebla de Zaragoza,2550,021,,,,Fijo,19.08665008,-98.21275918,2019-11,True,True,False,False,False,True,False,False,False,False,False,True,REVISAR,REVISAR,REVISAR,FILTRO_DENUE,REGLAS_DENUE,
7568712,21119812210001561000000000U6,LAVANDERIA VICKY,,812210,Lavanderías y tintorerías,0 a 5 personas,CALLE,EL MOLINITO,CERRADA,CAFE,CALLE,CAÑA,PRIVADA,NINGUNO,266,,,,,,COLONIA,EMILIANO ZAPATA,,,,72824,21,PUEBLA,119,San Andrés Cholula,0013,San Bernardino Tlaxcalancingo,0457,002,,,,Fijo,19.03053948,-98.25378157,2019-11,True,True,False,False,False,True,False,False,False,False,False,True,REVISAR,REVISAR,REVISAR,FILTRO_DENUE,REGLAS_DENUE,
11054909,21015812210000451000000000U1,LAVANDERIA VIRGO,MINERVA CASARES,812210,Lavanderías y tintorerías,0 a 5 personas,PROLONGACION,12 SUR,PRIVADA,VICENTE SUAREZ,CALLE,NIÑOS HEROES,PRIVADA,NIÑOS HEROES,40,2,,,,,COLONIA,PINOS DEL SUR,,,,72980,21,PUEBLA,015,Amozoc,0001,Amozoc de Mota,0113,006,,,,Fijo,19.03374105,-98.03847972,2024-11,True,True,False,False,False,True,False,False,False,False,False,True,REVISAR,REVISAR,REVISAR,FILTRO_DENUE,REGLAS_DENUE,
8978344,21041812210000671000000000U0,LAVANDERIA WACHS Y CY,,812210,Lavanderías y tintorerías,0 a 5 personas,AVENIDA,TLAXCALA,CALLE,NINGUNO,PRIVADA,NINGUNO,PRIVADA,NINGUNO,,SN,,,6,,LOCALIDAD,SAN JUAN CUAUTLANCINGO,,,,72764,21,PUEBLA,041,Cuautlancingo,0001,San Juan Cuautlancingo,0109,078,,,,Fijo,19.10820134,-98.27668603,2019-11,True,True,False,False,False,True,False,False,False,False,False,True,REVISAR,REVISAR,REVISAR,FILTRO_DENUE,REGLAS_DENUE,
10396121,21119812210002221000000000U6,LAVANDERIA WASEHE & WESCH,,812210,Lavanderías y tintorerías,0 a 5 personas,CALLE,CARRIL A MORILLOTLA,PRIVADA,JUAN IXCOATL,PROLONGACION,REVOLUCION,PRIVADA,NINGUNO,0,SN,,1,,,COLONIA,EMILIANO ZAPATA,CENTRO Y PLAZA COMERCIAL,PLAZA COMERCIAL SIN NOMBRE,3,72824,21,PUEBLA,119,San Andrés Cholula,0013,San Bernardino Tlaxcalancingo,0368,025,,,,Fijo,19.03930152,-98.25904336,2024-11,True,True,False,False,False,True,False,False,False,False,False,True,REVISAR,REVISAR,REVISAR,FILTRO_DENUE,REGLAS_DENUE,
9601380,21114812210019491000000000U7,LAVANDERIA WASH,,812210,Lavanderías y tintorerías,0 a 5 personas,AVENIDA,FRESNOS,CALLE,TABACHINES,CALLE,ANTIGUO CAMINO REAL A CASTILLOTLA,AVENIDA,MANZANOS,1160,,,,,,COLONIA,LOMAS DE CASTILLOTLA,,,,72490,21,PUEBLA,114,Puebla,0001,Heroica Puebla de Zaragoza,5413,006,2225139224,,,Fijo,18.9842944,-98.25491387,2024-11,True,True,False,False,False,True,False,False,False,False,False,True,REVISAR,REVISAR,REVISAR,FILTRO_DENUE,REGLAS_DENUE,
7446079,21119812210001721000000000U6,LAVANDERIA WASH & WEAR,,812210,Lavanderías y tintorerías,0 a 5 personas,CALLE,ATZALA,PRIVADA,NINGUNO,CALLE,LA MESA,PROLONGACION,14 ORIENTE,,SN,,,,,COLONIA,SANTIAGO XICOTENCO,,,,72810,21,PUEBLA,119,San Andrés Cholula,0001,San Andrés Cholula,0279,006,2226826385,,,Fijo,19.04910774,-98.28309042,2019-11,True,True,False,False,False,True,False,False,False,False,False,True,REVISAR,REVISAR,REVISAR,FILTRO_DENUE,REGLAS_DENUE,
7568018,21119812210001441000000000U1,LAVANDERIA WASH INN,,812210,Lavanderías y tintorerías,0 a 5 personas,CALLE,GENERAL JUAN JOSE ANDRADE,CALLE,INGENIERO CARLOS BENTACOURT,CALLE,INGENIERO AARON MERINO FERNANDEZ,CALLE,GENERAL NICOLAS BRAVO,318,,,,,,FRACCIONAMIENTO,GOBERNADORES,,,,72810,21,PUEBLA,119,San Andrés Cholula,0013,San Bernardino Tlaxcalancingo,0438,019,,,,Fijo,19.02325299,-98.26449834,2019-11,True,True,False,False,False,True,False,False,False,False,False,True,REVISAR,REVISAR,REVISAR,FILTRO_DENUE,REGLAS_DENUE,
3408298,21114812210003881000000000U7,LAVANDERIA WASH MACHINE,,812210,Lavanderías y tintorerías,0 a 5 personas,AVENIDA,23 PONIENTE,CALLE,5 SUR,PRIVADA,5 SUR A,AVENIDA,21 PONIENTE,502,A,,,,,COLONIA,CENTRO HISTORICO,,,,72423,21,PUEBLA,114,Puebla,0001,Heroica Puebla de Zaragoza,3741,020,,,,Fijo,19.0378945,-98.20676718,2010-07,True,True,False,False,False,True,False,False,False,False,False,True,REVISAR,REVISAR,REVISAR,FILTRO_DENUE,REGLAS_DENUE,
8149798,21114812210014861000000000U6,LAVANDERIA WASH UP,,812210,Lavanderías y tintorerías,0 a 5 personas,CALLE,9 SUR,AVENIDA,55 PONIENTE,CALLE,9 SUR,AVENIDA,53 PONIENTE,5321,,,,,,COLONIA,PRADOS AGUA AZUL,,,,72470,21,PUEBLA,114,Puebla,0001,Heroica Puebla de Zaragoza,079A,033,2221843755,WASHUPLAVANDERIAYTINTORERIA@HOTMAIL.COM,,Fijo,19.02313751,-98.21907765,2019-11,True,True,False,False,False,True,False,False,False,False,False,True,REVISAR,REVISAR,REVISAR,FILTRO_DENUE,REGLAS_DENUE,
9584838,21053812210000281000000000U3,LAVANDERIA WHITE AND COLOR,,812210,Lavanderías y tintorerías,0 a 5 personas,CALLE,PRIMERA DE IGNACIO ZARAGOZA,CALLE,ZARAGOZA,CALLE,CUARTA CALLE DE CASTRO,AVENIDA,REVOLUCION,,SN,,,,,BARRIO,TOLTEMPAN,,,,73300,21,PUEBLA,053,Chignahuapan,0001,Ciudad de Chignahuapan,028A,014,,,,Fijo,19.83766213,-98.0356271,2024-11,True,True,False,False,False,True,False,False,False,False,False,True,REVISAR,REVISAR,REVISAR,FILTRO_DENUE,REGLAS_DENUE,
3345902,21114812210010141000000000U7,LAVANDERIA WORLD CLEAN,,812210,Lavanderías y tintorerías,0 a 5 personas,AVENIDA,INDEPENDENCIA,CALLE,GUADALAJARA,CALLE,CENTENARIO,CALLE,CAMINO NACIONAL,8902,,,,,,COLONIA,IGNACIO ROMERO VARGAS,,,,72120,21,PUEBLA,114,Puebla,0001,Heroica Puebla de Zaragoza,346A,006,,,,Fijo,19.07339982,-98.2550042,2014-12,True,True,False,False,False,True,False,False,False,False,False,True,REVISAR,REVISAR,REVISAR,FILTRO_DENUE,REGLAS_DENUE,
9956563,21041812210001231000000000U2,LAVANDERIA XIMERA,MAURICIO ORTEGA,812210,Lavanderías y tintorerías,0 a 5 personas,CALLE,MIGUEL HIDALGO,PRIVADA,NINGUNO,CALLE,FRANCISCO I  MADERO,AVENIDA,AYUNTAMIENTO,13,,,,,,BARRIO,BAJIO,,,,72700,21,PUEBLA,041,Cuautlancingo,0001,San Juan Cuautlancingo,0062,025,,,,Fijo,19.08418754,-98.271477,2024-11,True,True,False,False,False,True,False,False,False,False,False,True,REVISAR,REVISAR,REVISAR,FILTRO_DENUE,REGLAS_DENUE,
9537886,21114812210021001000000000U0,LAVANDERIA Y COSTURA YE - GI,,812210,Lavanderías y tintorerías,0 a 5 personas,CALLE,5 DE MAYO,AVENIDA,MAXIMO SERDAN,CALLE,FELIPE BERRIOZABAL,CALLE,GENERAL JOAQUIN COLOMBRES,79,,,,,,COLONIA,HEROES DE PUEBLA,,,,72520,21,PUEBLA,114,Puebla,0001,Heroica Puebla de Zaragoza,0728,020,5632208326,,,Fijo,19.02422897,-98.17844843,2024-11,True,True,True,False,False,True,False,False,True,False,False,True,REVISAR,REVISAR,REVISAR,FILTRO_DENUE,REGLAS_DENUE,
10203516,21041812210001321000000000U1,LAVANDERIA Y PLANCHADO CONY,,812210,Lavanderías y tintorerías,0 a 5 personas,AVENIDA,MEXICO PUEBLA,CALLE,18 DE MARZO,CALLE,NINGUNO,CALLE,18 DE MARZO,,SN,,,,,LOCALIDAD,SAN JUAN CUAUTLANCINGO,,,,72700,21,PUEBLA,041,Cuautlancingo,0001,San Juan Cuautlancingo,0240,033,,,,Fijo,19.08966393,-98.26705819,2024-11,True,True,False,False,False,True,False,False,True,False,False,True,REVISAR,REVISAR,REVISAR,FILTRO_DENUE,REGLAS_DENUE,
8341229,21114812210018161000000000U7,LAVANDERIA Y PLANCHADURIA,,812210,Lavanderías y tintorerías,0 a 5 personas,CALLE,9 SUR,CALLE,AVENIDA 11 PONIENTE,AVENIDA,9 PONIENTE,CALLE,11 SUR,905,B,,,,,COLONIA,CENTRO,,,,72000,21,PUEBLA,114,Puebla,0001,Heroica Puebla de Zaragoza,0501,019,,GRI_85@HOTMAIL.ES,,Fijo,19.04418065,-98.20667957,2019-11,True,True,False,False,False,True,False,False,False,False,False,True,REVISAR,REVISAR,REVISAR,FILTRO_DENUE,REGLAS_DENUE,
10892675,21119812210002321000000000U4,LAVANDERIA Y PLANCHADURIA GOTITA DE AGUA,,812210,Lavanderías y tintorerías,0 a 5 personas,CALLE,REFORMA,PRIVADA,ZARAGOZA,PRIVADA,TERCERA REFORMA,CALLE,ITURBIDE,,SN,,,,,LOCALIDAD,SAN LUIS TEHUILOYOCAN,,,,72848,21,PUEBLA,119,San Andrés Cholula,0009,San Luis Tehuiloyocan,0137,017,,,,Fijo,19.04463038,-98.34230221,2024-11,True,True,False,False,False,True,False,False,False,False,False,True,REVISAR,REVISAR,REVISAR,FILTRO_DENUE,REGLAS_DENUE,
8424072,21140812210001121000000000U5,LAVANDERIA Y PLANCHADURIA IN AND OUT,,812210,Lavanderías y tintorerías,0 a 5 personas,CALLE,7 SUR,AVENIDA,MIGUEL HIDALGO,AVENIDA,3 PONIENTE,CALLE,5 SUR,101,,,,,,BARRIO,SANTA MARIA XIXITLA,,,,72762,21,PUEBLA,140,San Pedro Cholula,0001,Cholula de Rivadavia,0056,008,2228130013,,,Fijo,19.06341413,-98.31183621,2019-11,True,True,False,False,False,True,False,False,False,False,False,True,REVISAR,REVISAR,REVISAR,FILTRO_DENUE,REGLAS_DENUE,
11424478,21119812210002381000000000U8,LAVANDERIA Y PLANCHADURIA KABAS,,812210,Lavanderías y tintorerías,0 a 5 personas,CALLE,ORION SUR,RETORNO,ORQUIDEAS,RETORNO,ROSAS,CALLE,ORION NORTE,1721,7,,17,,,FRACCIONAMIENTO,VILLA FLORESTA,CENTRO Y PLAZA COMERCIAL,PLAZA FLORESTA,102,72825,21,PUEBLA,119,San Andrés Cholula,0013,San Bernardino Tlaxcalancingo,0423,016,,,,Fijo,19.02611145,-98.25706867,2024-11,True,True,False,False,False,True,False,False,False,False,False,True,REVISAR,REVISAR,REVISAR,FILTRO_DENUE,REGLAS_DENUE,
8307829,21114812210014421000000000U9,LAVANDERIA Y PLANCHADURIA LAS TRES BURBUJAS,,812210,Lavanderías y tintorerías,0 a 5 personas,CERRADA,JUAN M ESCALANTE,CERRADA,NINGUNO,PRIVADA,NINGUNO,CERRADA,JUAN M ESCALANTE,6,,,,,,UNIDAD HABITACIONAL,MANUEL RIVERA ANAYA,,,,72309,21,PUEBLA,114,Puebla,0001,Heroica Puebla de Zaragoza,2368,025,,,,Fijo,19.05558644,-98.14825427,2019-11,True,True,False,False,False,True,False,False,False,False,False,True,REVISAR,REVISAR,REVISAR,FILTRO_DENUE,REGLAS_DENUE,
3333618,21140812210001071000000000U2,LAVANDERIA Y PLANCHADURIA LAVA EXPRESS,,812210,Lavanderías y tintorerías,0 a 5 personas,CALLE,9 NORTE,AVENIDA,12 PONIENTE,AVENIDA,10 PONIENTE,CALLE,7 NORTE,1004,A,,,,,BARRIO,SAN JUAN CALVARIO,,,,72760,21,PUEBLA,140,San Pedro Cholula,0001,Cholula de Rivadavia,0499,005,2221118117,,,Fijo,19.06876674,-98.31109739,2014-12,True,True,False,False,False,True,False,False,False,False,False,True,REVISAR,REVISAR,REVISAR,FILTRO_DENUE,REGLAS_DENUE,
10697192,21114812210020021000000000U9,LAVANDERIA Y PLANCHADURIA MONSI,,812210,Lavanderías y tintorerías,0 a 5 personas,PRIVADA,97 B ORIENTE,CALLE,4 SUR,PRIVADA,C 2 SUR ORIENTE,PRIVADA,97 C ORIENTE,241,,,,,,COLONIA,ARBOLEDAS DE LOMA BELLA,,,,72474,21,PUEBLA,114,Puebla,0001,Heroica Puebla de Zaragoza,5470,003,2215595847,,,Fijo,18.99155219,-98.22260874,2024-11,True,True,False,False,False,True,False,False,False,False,False,True,REVISAR,REVISAR,REVISAR,FILTRO_DENUE,REGLAS_DENUE,
7546762,21114812210015571000000000U0,LAVANDERIA Y REPARACION DE COSTURA,,812210,Lavanderías y tintorerías,0 a 5 personas,CALLE,REFUGIO RODRIGUEZ NORTE,CALLE,NINGUNO,CALLE,MONTE HIMALAYA,CALLE,116 PONIENTE A,11805,,,,,,COLONIA,LOMAS DE SA GERONIMO,,,,72103,21,PUEBLA,114,Puebla,0001,Heroica Puebla de Zaragoza,2705,003,,,,Fijo,19.10411171,-98.21398523,2019-11,True,True,True,False,False,True,False,False,True,False,False,True,REVISAR,REVISAR,REVISAR,FILTRO_DENUE,REGLAS_DENUE,
11093294,21114812210020011000000000U0,LAVANDERIA Y TINTIRERIA GRACE,,812210,Lavanderías y tintorerías,0 a 5 personas,CALLE,57 ORIENTE,ANDADOR,ANDADOR DE LA CAMELIA,AVENIDA,40 SUR,ANDADOR,ANDADOR A DE LAS PEÑAS,,SN,,,,,CONJUNTO HABITACIONAL,LA MARGARITA,,,,72560,21,PUEBLA,114,Puebla,0001,Heroica Puebla de Zaragoza,2052,037,2211749198,GRECIASPINOZA9403@GMAIL.COM,,Fijo,19.00663145,-98.18604781,2024-11,True,True,False,False,False,True,False,False,False,False,False,True,REVISAR,REVISAR,REVISAR,FILTRO_DENUE,REGLAS_DENUE,
11426712,21114812210020721000000000U4,LAVANDERIA Y TINTIRERIA LAUDRY,,812210,Lavanderías y tintorerías,0 a 5 personas,CALLE,SOL,CALLE,NUBE,CALLE,NINGUNO,CALLE,FUEGO,,SN,,,,,COLONIA,SAN ALFONSO,,,,72494,21,PUEBLA,114,Puebla,0001,Heroica Puebla de Zaragoza,5733,028,2219701418,,,Fijo,18.96642403,-98.23313104,2024-11,True,True,False,False,False,True,False,False,False,False,False,True,REVISAR,REVISAR,REVISAR,FILTRO_DENUE,REGLAS_DENUE,
8149056,21140812210001351000000000U8,LAVANDERIA Y TINTORERIA,,812210,Lavanderías y tintorerías,0 a 5 personas,AVENIDA,FORJADORES DE PUEBLA,CALLE,NINGUNO,CALLE,24 ORIENTE,PRIVADA,2 NORTE,2413,,,,,,BARRIO,SANTIAGO MIXQUITLA,,,,72760,21,PUEBLA,140,San Pedro Cholula,0001,Cholula de Rivadavia,0380,004,2225118415,,,Fijo,19.07192115,-98.29855203,2019-11,True,True,False,False,True,True,False,False,False,False,False,True,REVISAR,REVISAR,REVISAR,FILTRO_DENUE,REGLAS_DENUE,
7569769,21114812210015431000000000U7,LAVANDERIA Y TINTORERIA,,812210,Lavanderías y tintorerías,0 a 5 personas,AVENIDA,PABLO JUAREZ RUIZ,CALLE,FRANCISCO I. MADERO,CALLE,MARIANO MATAMOROS,CALLE,BENITO JUAREZ,2,,,,,,COLONIA,SAN CRISTOBAL TULCINGO,,,,72100,21,PUEBLA,114,Puebla,0001,Heroica Puebla de Zaragoza,2870,025,2211492401,,,Fijo,19.11633252,-98.2160314,2019-11,True,True,False,False,True,True,False,False,False,False,False,True,REVISAR,REVISAR,REVISAR,FILTRO_DENUE,REGLAS_DENUE,
11267020,21119812210002231000000000U5,LAVANDERIA Y TINTORERIA,GRUPO ANCILY,812210,Lavanderías y tintorerías,0 a 5 personas,CALLE,LATERAL NORTE VIA ATLIXCAYOTL,CALLE,NINGUNO,CALLE,NINGUNO,CALLE,LATERAL NORTE VIA ATLIXCAYOTL,6244,,,1,,,LOCALIDAD,SAN ANTONIO CACALOTEPEC,EDIFICIO COMERCIAL Y DE SERVICIOS,PLAZA OUTLET CITY CENTER,7,72825,21,PUEBLA,119,San Andrés Cholula,0013,San Bernardino Tlaxcalancingo,0527,022,,,,Fijo,19.00419293,-98.27314015,2024-11,True,True,False,False,True,True,False,False,False,False,False,True,REVISAR,REVISAR,REVISAR,FILTRO_DENUE,REGLAS_DENUE,
10174375,21114812210021221000000000U4,LAVANDERIA Y TINTORERIA,,812210,Lavanderías y tintorerías,0 a 5 personas,AVENIDA,CAMINO REAL A MANZANILLA,AVENIDA,CAMINO REAL A MANZANILLA,CALLE,NINGUNO,CALLE,ANTIGUO CAMINO A MANZANILLA,,SN,,,,,COLONIA,BOSQUES DE MANZANILLA,,,,72307,21,PUEBLA,114,Puebla,0001,Heroica Puebla de Zaragoza,1105,009,,,,Fijo,19.06597729,-98.1506123,2024-11,True,True,False,False,True,True,False,False,False,False,False,True,REVISAR,REVISAR,REVISAR,FILTRO_DENUE,REGLAS_DENUE,
10604968,21114812210019581000000000U5,LAVANDERIA Y TINTORERIA,EILS,812210,Lavanderías y tintorerías,0 a 5 personas,CALLE,5 SUR,AVENIDA,99 PONIENTE,PRIVADA,99 B PONIENTE,PROLONGACION,DE LA 3 SUR,,SN,,,,,COLONIA,ARBOLEDAS DE LOMA BELLA,,,,72474,21,PUEBLA,114,Puebla,0001,Heroica Puebla de Zaragoza,467A,016,2291450131,,,Fijo,18.99625075,-98.22830852,2024-11,True,True,False,False,True,True,False,False,False,False,False,True,REVISAR,REVISAR,REVISAR,FILTRO_DENUE,REGLAS_DENUE,
11405458,21114812210021261000000000U0,LAVANDERIA Y TINTORERIA,,812210,Lavanderías y tintorerías,0 a 5 personas,CALLE,AVENIDA LA CAÑADA,PRIVADA,PARAISO,PRIVADA,PARAISO,CALLE,5 DE MAYO,,SN,,,,,COLONIA,SANTA CRUZ BUENA VISTA,,,,72150,21,PUEBLA,114,Puebla,0001,Heroica Puebla de Zaragoza,3065,012,,,,Fijo,19.05477622,-98.25483597,2024-11,True,True,False,False,True,True,False,False,False,False,False,True,REVISAR,REVISAR,REVISAR,FILTRO_DENUE,REGLAS_DENUE,
3254160,21114812210006871000000000U5,LAVANDERIA Y TINTORERIA,,812210,Lavanderías y tintorerías,0 a 5 personas,AVENIDA,88 PONIENTE,ANDADOR,5 NORTE,CALLE,5 NORTE,AVENIDA,86 PONIENTE,507,,,,,,COLONIA,REVOLUCION MEXICANA,,,,72200,21,PUEBLA,114,Puebla,0001,Heroica Puebla de Zaragoza,5019,005,,,,Fijo,19.07851998,-98.18203184,2010-07,True,True,False,False,True,True,False,False,False,False,False,True,REVISAR,REVISAR,REVISAR,FILTRO_DENUE,REGLAS_DENUE,
3334239,21140812210001011000000000U8,LAVANDERIA Y TINTORERIA 5 ESTRELLAS,,812210,Lavanderías y tintorerías,0 a 5 personas,CALLE,16 DE SEPTIEMBRE,PRIVADA,NINGUNO,CALLE,IGNACIO ZARAGOZA,CALLE,RICARDO FLORES MAGON,3,,,,,,LOCALIDAD,SAN AGUSTIN CALVARIO,,,,72760,21,PUEBLA,140,San Pedro Cholula,0027,San Gregorio Zacapechpan,0342,004,2224550344,,,Fijo,19.04984414,-98.33273795,2014-12,True,True,False,False,True,True,False,False,False,False,False,True,REVISAR,REVISAR,REVISAR,FILTRO_DENUE,REGLAS_DENUE,
3342198,21114812210012441000000000U9,LAVANDERIA Y TINTORERIA 5 ESTRELLAS,,812210,Lavanderías y tintorerías,0 a 5 personas,CALLE,5 DE MAYO,PRIVADA,5 DE MAYO,CARRETERA,FEDERAL PUEBLA-TLAXCALA,AVENIDA,AVENIDA DE LAS HUERTAS,27,,,,,,COLONIA,SAN PABLO XOCHIMEHUACAN,,,,72014,21,PUEBLA,114,Puebla,0001,Heroica Puebla de Zaragoza,257A,019,2213491461,,,Fijo,19.09140154,-98.20580735,2014-12,True,True,False,False,True,True,False,False,False,False,False,True,REVISAR,REVISAR,REVISAR,FILTRO_DENUE,REGLAS_DENUE,
8657113,21041812210001061000000000U3,LAVANDERIA Y TINTORERIA AGUA AZUL,,812210,Lavanderías y tintorerías,0 a 5 personas,AVENIDA,MANZANARES,CALLE,20 DE NOVIEMBRE,PRIVADA,NINGUNO,CALLE,MANZANARES,,SN,,,,,BARRIO,PERDON,,,,72700,21,PUEBLA,041,Cuautlancingo,0001,San Juan Cuautlancingo,0240,041,,,,Fijo,19.08383736,-98.26916678,2019-11,True,True,False,False,True,True,False,False,False,False,False,True,REVISAR,REVISAR,REVISAR,FILTRO_DENUE,REGLAS_DENUE,
11372483,21119812210001861000000000U0,LAVANDERIA Y TINTORERIA AMERICAS,,812210,Lavanderías y tintorerías,0 a 5 personas,CALLE,NINGUNO,AVENIDA,INDEPENDENCIA,PRIVADA,NINGUNO,CALLE,NINGUNO,1802,H,,,,,COLONIA,LAZARO CARDENAS,,,,72776,21,PUEBLA,119,San Andrés Cholula,0001,San Andrés Cholula,0156,017,,,,Fijo,19.05997636,-98.2850809,2024-11,True,True,False,False,True,True,False,False,False,False,False,True,REVISAR,REVISAR,REVISAR,FILTRO_DENUE,REGLAS_DENUE,
10902660,21114812210020821000000000U2,LAVANDERIA Y TINTORERIA AMY,,812210,Lavanderías y tintorerías,0 a 5 personas,CALLE,RIVERA DEL ATOYAC SUR,CALLE,RIO NILO,CALLE,RIVERA DEL ATOYAC SUR,CALLE,RIVERA DEL ATOYAC SUR,7,,,,,,COLONIA,SANTA CRUZ BUENAVISTA,,,,72150,21,PUEBLA,114,Puebla,0001,Heroica Puebla de Zaragoza,392A,041,2212152528,,,Fijo,19.05686033,-98.2421866,2024-11,True,True,False,False,True,True,False,False,False,False,False,True,REVISAR,REVISAR,REVISAR,FILTRO_DENUE,REGLAS_DENUE,
10648105,21114812210020251000000000U2,LAVANDERIA Y TINTORERIA ANNY,,812210,Lavanderías y tintorerías,0 a 5 personas,CALLE,53 NORTE,AVENIDA,14 PONIENTE,AVENIDA,12 PONIENTE,CALLE,51 NORTE,5114,,,,,,COLONIA,AQUILES SERDAN,,,,72140,21,PUEBLA,114,Puebla,0001,Heroica Puebla de Zaragoza,3474,001,2226829029,,,Fijo,19.06970263,-98.23023765,2024-11,True,True,False,False,True,True,False,False,False,False,False,True,REVISAR,REVISAR,REVISAR,FILTRO_DENUE,REGLAS_DENUE,
11657228,21114812210020061000000000U5,LAVANDERIA Y TINTORERIA AROME,,812210,Lavanderías y tintorerías,0 a 5 personas,AVENIDA,PINOS,CALLE,RIVERA DEL ATOYAC SUR,CALLE,JACARANDAS,CALLE,PALMAS,6508,,,17,,,COLONIA,SANTA CRUZ BUENAVISTA,CENTRO Y PLAZA COMERCIAL,PLAZA PINOS,5,72170,21,PUEBLA,114,Puebla,0001,Heroica Puebla de Zaragoza,392A,031,,,,Fijo,19.05397472,-98.24361152,2024-11,True,True,False,False,True,True,False,False,False,False,False,True,REVISAR,REVISAR,REVISAR,FILTRO_DENUE,REGLAS_DENUE,
10033080,21114812210021271000000000U9,LAVANDERIA Y TINTORERIA AROMITA,,812210,Lavanderías y tintorerías,0 a 5 personas,AVENIDA,4 PONIENTE,CALLE,45 NORTE,CALLE,43 NORTE,CALLE,AVENIDA 2 PONIENTE,4309,,,,,,COLONIA,AQUILES SERDAN,,,,72140,21,PUEBLA,114,Puebla,0001,Heroica Puebla de Zaragoza,3489,003,2223737811,BLAN22306@HOTMAIL.COM,,Fijo,19.06321513,-98.22740531,2024-11,True,True,False,False,True,True,False,False,False,False,False,True,REVISAR,REVISAR,REVISAR,FILTRO_DENUE,REGLAS_DENUE,
3452756,21140722219002251000000000U9,LAVANDERIA Y TINTORERIA AZUL,,812210,Lavanderías y tintorerías,0 a 5 personas,CALLE,30 ORIENTE,CALLE,8 NORTE,CALLE,6 NORTE,CALLE,24 ORIENTE,628,,,,,,BARRIO,LLANO DE JESÚS TLATEMPA,,,,72770,21,PUEBLA,140,San Pedro Cholula,0001,Cholula de Rivadavia,0380,009,,,,Fijo,19.07200777,-98.2950874,2010-07,True,True,False,False,True,True,False,False,False,False,False,True,REVISAR,REVISAR,REVISAR,FILTRO_DENUE,REGLAS_DENUE,
3254157,21114812210002211000000000U8,LAVANDERIA Y TINTORERIA AZUL,,812210,Lavanderías y tintorerías,0 a 5 personas,AVENIDA,88 PONIENTE,CALLE,5 NORTE,ANDADOR,5 NORTE,PRIVADA,PRIVADA A 88 PONIENTE,514,,,,,,COLONIA,REVOLUCION MEXICANA,,,,72200,21,PUEBLA,114,Puebla,0001,Heroica Puebla de Zaragoza,5019,004,,,,Fijo,19.07871032,-98.18221025,2010-07,True,True,False,False,True,True,False,False,False,False,False,True,REVISAR,REVISAR,REVISAR,FILTRO_DENUE,REGLAS_DENUE,
8704163,21114812210013671000000000U0,LAVANDERIA Y TINTORERIA AZUL,,812210,Lavanderías y tintorerías,0 a 5 personas,CALLE,SEPTIMA DE I ZARAGOZA,CALLE,LA VIRGEN,CALLE,32 NORTE,CALLE,CALLE DE LA VIRGEN,,SN,,,,,COLONIA,XONACA,,,,72280,21,PUEBLA,114,Puebla,0001,Heroica Puebla de Zaragoza,0446,007,,,,Fijo,19.05062345,-98.1746848,2019-11,True,True,False,False,True,True,False,False,False,False,False,True,REVISAR,REVISAR,REVISAR,FILTRO_DENUE,REGLAS_DENUE,
3439835,21114812210004631000000000U5,LAVANDERIA Y TINTORERIA BONAMI,,812210,Lavanderías y tintorerías,0 a 5 personas,BOULEVARD,ATEMPAN,CALLE,7 A,CALLE,8 A,CALLE,18 A,,SN,,,,D,COLONIA,BOSQUES AMALUCAN,,,,72310,21,PUEBLA,114,Puebla,0001,Heroica Puebla de Zaragoza,2828,007,,,,Fijo,19.05493943,-98.13301391,2010-07,True,True,False,False,True,True,False,False,False,False,False,True,REVISAR,REVISAR,REVISAR,FILTRO_DENUE,REGLAS_DENUE,
3334517,21140812210001001000000000U9,LAVANDERIA Y TINTORERIA BURBUCLIN,,812210,Lavanderías y tintorerías,0 a 5 personas,AVENIDA,MIGUEL HIDALGO,CALLE,15 SUR,CALLE,13 SUR,AVENIDA,3 PONIENTE,1301,A,,,,,LOCALIDAD,CHOLULA DE RIVADAVIA,,,,72762,21,PUEBLA,140,San Pedro Cholula,0001,Cholula de Rivadavia,0056,042,2228498856,,,Fijo,19.06638931,-98.31692571,2014-12,True,True,False,False,True,True,False,False,False,False,False,True,REVISAR,REVISAR,REVISAR,FILTRO_DENUE,REGLAS_DENUE,
8774566,21114812210013511000000000U8,LAVANDERIA Y TINTORERIA BURBUJA,,812210,Lavanderías y tintorerías,0 a 5 personas,CALLE,PATRIOTISMO,CALLE,JUSTICIA SOCIAL,CALLE,SOBERANIA NACIONAL,CALLE,LIBERTAD,121,,,,,,COLONIA,SOLIDARIDAD,,,,72016,21,PUEBLA,114,Puebla,0001,Heroica Puebla de Zaragoza,5362,019,2222382847,,,Fijo,19.09844792,-98.17770135,2019-11,True,True,False,False,True,True,False,False,False,False,False,True,REVISAR,REVISAR,REVISAR,FILTRO_DENUE,REGLAS_DENUE,
9609335,21114812210022071000000000U2,LAVANDERIA Y TINTORERIA BURBUJAS,,812210,Lavanderías y tintorerías,0 a 5 personas,CALLE,LAS HARAS,CALLE,CERRO LA MALINTZI,OTRO(ESPECIFIQUE),BARRANCO,CALLE,LA CANTERA,,SN,,,,,COLONIA,AMALUQUILLA,,,,72360,21,PUEBLA,114,Puebla,0001,Heroica Puebla de Zaragoza,677A,022,,,,Fijo,19.03643774,-98.13082137,2024-11,True,True,False,False,True,True,False,False,False,False,False,True,REVISAR,REVISAR,REVISAR,FILTRO_DENUE,REGLAS_DENUE,
9762574,21034812210000131000000000U0,LAVANDERIA Y TINTORERIA BURBUJISTAS CLEAN,,812210,Lavanderías y tintorerías,0 a 5 personas,AVENIDA,TLAXCALA,AVENIDA,AVENIDA DE LAS FLORES,CALLE,BARDA,CALLE,FAUSTO ORTEGA,,SN,,,,,PUEBLO,SAN FRANCISCO OCOTLAN,,,,72680,21,PUEBLA,034,Coronango,0003,San Francisco Ocotlán (Ocotlán),0119,156,,,,Fijo,19.11492554,-98.27139942,2024-11,True,True,False,False,True,True,False,False,False,False,False,True,REVISAR,REVISAR,REVISAR,FILTRO_DENUE,REGLAS_DENUE,
3422194,21114812210005061100000000U4,LAVANDERIA Y TINTORERIA CLEAN PINK,,812210,Lavanderías y tintorerías,0 a 5 personas,AVENIDA,FRESNOS,BOULEVARD,JOSE MARIA LAFRAGUA,CALLE,SANTO TOMAS DE AQUINO,CALLE,FRAY SERVANDO TERESA DE MIER,,SN,,,,,COLONIA,TRES CRUCES,,,,72595,21,PUEBLA,114,Puebla,0001,Heroica Puebla de Zaragoza,1798,016,,,,Fijo,18.99221814,-98.1952804,2010-07,True,True,False,False,True,True,False,False,False,False,False,True,REVISAR,REVISAR,REVISAR,FILTRO_DENUE,REGLAS_DENUE,
3471115,21114812210012221000000000U5,LAVANDERIA Y TINTORERIA COLOR BUBBLES,,812210,Lavanderías y tintorerías,0 a 5 personas,CALLE,CAMINO REAL A SAN JERONIMO,CALLE,2 SUR,PRIVADA,NINGUNO,CALLE,3 ORIENTE,18,1,,,,,COLONIA,GUADALUPE CALERAS,,,,72100,21,PUEBLA,114,Puebla,0001,Heroica Puebla de Zaragoza,5216,016,,,,Fijo,19.10005975,-98.22722335,2010-07,True,True,False,False,True,True,False,False,False,False,False,True,REVISAR,REVISAR,REVISAR,FILTRO_DENUE,REGLAS_DENUE,
8308321,21114812210014511000000000U7,LAVANDERIA Y TINTORERIA CRISTAL,,812210,Lavanderías y tintorerías,0 a 5 personas,BOULEVARD,OAXACA,CALLE,8 B,CALLE,7 B,RETORNO,5 B,84,,,,,,COLONIA,BOSQUES DE SAN SEBASTIAN,,,,72310,21,PUEBLA,114,Puebla,0001,Heroica Puebla de Zaragoza,1711,012,2221246473,,,Fijo,19.05926903,-98.13180921,2019-11,True,True,False,False,True,True,False,False,False,False,False,True,REVISAR,REVISAR,REVISAR,FILTRO_DENUE,REGLAS_DENUE,
10154898,21143812210000061000000000U8,LAVANDERIA Y TINTORERIA CRUZ,,812210,Lavanderías y tintorerías,0 a 5 personas,CALLE,AQUILES SERDAN,CARRETERA,FEDERAL MEXICO-PUEBLA,CALLE,AQUILES SERDAN,PRIVADA,IGNACIO ZARAGOZA,1,,,,,,LOCALIDAD,SAN LUCAS EL GRANDE,,,,74135,21,PUEBLA,143,San Salvador el Verde,0011,San Lucas el Grande,0113,009,,,,Fijo,19.3081009,-98.47457904,2024-11,True,True,False,False,True,True,False,False,False,False,False,True,REVISAR,REVISAR,REVISAR,FILTRO_DENUE,REGLAS_DENUE,
10205043,21132812210001481000000000U0,LAVANDERIA Y TINTORERIA CUZ,,812210,Lavanderías y tintorerías,0 a 5 personas,CALLE,JUAN ALDAMA,CALLE,INDEPENDENCIA SUR,CALLE,IGNACIO ZARAGOZA SUR,CALLE,JUAN CRISOSTOMO BONILLA,,SN,,,,,COLONIA,LOS DICIOS,,,,74080,21,PUEBLA,132,San Martín Texmelucan,0001,San Martín Texmelucan de Labastida,0374,014,2484915251,,,Fijo,19.2789567,-98.43597257,2024-11,True,True,False,False,True,True,False,False,False,False,False,True,REVISAR,REVISAR,REVISAR,FILTRO_DENUE,REGLAS_DENUE,
3277144,21114812210000961000000000U0,LAVANDERIA Y TINTORERIA DON LAVADO,,812210,Lavanderías y tintorerías,0 a 5 personas,AVENIDA,13 PONIENTE,CALLE,3 SUR,CALLE,5 SUR,CALLE,AVENIDA 11 PONIENTE,302,B,,,,,COLONIA,CENTRO,,,,72000,21,PUEBLA,114,Puebla,0001,Heroica Puebla de Zaragoza,0501,003,2215843711,,,Fijo,19.04081399,-98.20298134,2010-07,True,True,False,False,True,True,False,False,False,False,False,True,REVISAR,REVISAR,REVISAR,FILTRO_DENUE,REGLAS_DENUE,
8774079,21119812210001331000000000U4,LAVANDERIA Y TINTORERIA EASY CLEAN,,812210,Lavanderías y tintorerías,0 a 5 personas,CALLE,ORION SUR,BOULEVARD,GUSTAVO DIAZ ORDAZ,CALLE,JUPITER,CIRCUITO,MARTE,,SN,,,,,COLONIA,VILLA FLORESTA,,,,72825,21,PUEBLA,119,San Andrés Cholula,0013,San Bernardino Tlaxcalancingo,0423,018,2221776436,,,Fijo,19.02140535,-98.26036262,2019-11,True,True,False,False,True,True,False,False,False,False,False,True,REVISAR,REVISAR,REVISAR,FILTRO_DENUE,REGLAS_DENUE,
10340326,21114812210021311000000000U3,LAVANDERIA Y TINTORERIA ECOMAX,,812210,Lavanderías y tintorerías,0 a 5 personas,AVENIDA,5 DE MAYO,AVENIDA,GENERAL JOSE RAZO CAMANO,CALLE,RUA DE DIAMANTE,CALLE,GENERAL MANUEL VARELA,,SN,,,153,,COLONIA,HEROES PUEBLA,,,,72520,21,PUEBLA,114,Puebla,0001,Heroica Puebla de Zaragoza,0728,014,,,,Fijo,19.02076684,-98.1769543,2024-11,True,True,False,False,True,True,False,False,False,False,False,True,REVISAR,REVISAR,REVISAR,FILTRO_DENUE,REGLAS_DENUE,
8150426,21114812210014921000000000U8,LAVANDERIA Y TINTORERIA EL CALCETIN PERDIDO,,812210,Lavanderías y tintorerías,0 a 5 personas,PRIVADA,59 A PONIENTE,CALLE,5 A SUR,CALLE,5 B SUR,CALLE,59 PONIENTE,506,A,,,,,COLONIA,VILLA ENCANTADA,,,,72440,21,PUEBLA,114,Puebla,0001,Heroica Puebla de Zaragoza,531A,020,,,,Fijo,19.01671971,-98.21986943,2019-11,True,True,False,False,True,True,False,False,False,False,False,True,REVISAR,REVISAR,REVISAR,FILTRO_DENUE,REGLAS_DENUE,
3333845,21140812210000831000000000U0,LAVANDERIA Y TINTORERIA EL JABONCITO LO,,812210,Lavanderías y tintorerías,0 a 5 personas,CALLE,8 NORTE,CALLE,14 ORIENTE,CALLE,12 ORIENTE,CALLE,10 NORTE,1202,,,,,,BARRIO,DE JESUS TLATEMPA,,,,72760,21,PUEBLA,140,San Pedro Cholula,0001,Cholula de Rivadavia,0501,002,,,,Fijo,19.06420329,-98.29863436,2014-12,True,True,False,False,True,True,False,False,False,False,False,True,REVISAR,REVISAR,REVISAR,FILTRO_DENUE,REGLAS_DENUE,
9850300,21015812210000431000000000U3,LAVANDERIA Y TINTORERIA ENRIQUE,,812210,Lavanderías y tintorerías,0 a 5 personas,BOULEVARD,SAN BARTOLO,AVENIDA,AVENIDA DE LAS TORRES,CALLE,FRESNO,CALLE,COLORINES,,SN,,,,,COLONIA,PARAISO,,,,72350,21,PUEBLA,114,Puebla,0001,Heroica Puebla de Zaragoza,6765,018,2214089407,,,Fijo,19.03912722,-98.122602,2024-11,True,True,False,False,True,True,False,False,False,False,False,True,REVISAR,REVISAR,REVISAR,FILTRO_DENUE,REGLAS_DENUE,
8826209,21114812210014011000000000U8,LAVANDERIA Y TINTORERIA ESNOM,,812210,Lavanderías y tintorerías,0 a 5 personas,BOULEVARD,MUNICIPIO LIBRE,PROLONGACION,16 SUR,PRIVADA,16 B SUR,PRIVADA,87 A ORIENTE,1601,,,,,,COLONIA,GRANJAS DE SAN ISIDRO,,,,72587,21,PUEBLA,114,Puebla,0001,Heroica Puebla de Zaragoza,5841,018,,,,Fijo,18.99329318,-98.21096103,2019-11,True,True,False,False,True,True,False,False,False,False,False,True,REVISAR,REVISAR,REVISAR,FILTRO_DENUE,REGLAS_DENUE,
3366553,21114812210012341000000000U1,LAVANDERIA Y TINTORERIA FRIGOSEC,,812210,Lavanderías y tintorerías,0 a 5 personas,CALLE,CALLE DE VALENCIA,CALLE,16 DE SEPTIEMBRE,BOULEVARD,CARLOS CAMACHO ESPIRITU,CALLE,CALLE DE SEVILLA,140,,,,,,COLONIA,GABRIEL PASTOR SEGUNDA SECCION,,,,72425,21,PUEBLA,114,Puebla,0001,Heroica Puebla de Zaragoza,0747,016,,,,Fijo,19.02400059,-98.21269867,2014-12,True,True,False,False,True,True,False,False,False,False,False,True,REVISAR,REVISAR,REVISAR,FILTRO_DENUE,REGLAS_DENUE,
11301847,21114812210021131000000000U5,LAVANDERIA Y TINTORERIA GARTYS,,812210,Lavanderías y tintorerías,0 a 5 personas,CALLE,119 PONIENTE,CALLE,12 DE OCTUBRE,AVENIDA,3 SUR,CALLE,117 PONIENTE,308,,,,,,COLONIA,GRANJAS PUEBLA,,,,72490,21,PUEBLA,114,Puebla,0001,Heroica Puebla de Zaragoza,4190,023,2224869391,,,Fijo,18.98184688,-98.23634858,2024-11,True,True,False,False,True,True,False,False,False,False,False,True,REVISAR,REVISAR,REVISAR,FILTRO_DENUE,REGLAS_DENUE,
11787505,21119812210002461000000000U8,LAVANDERIA Y TINTORERIA JABONZITO,,812210,Lavanderías y tintorerías,0 a 5 personas,CALLE,EJÉRCITO NACIONAL,CALLE,La Soledad,CALLE,Jardín de San Antonio,CALLE,San Miguel,,SN,,,205,,LOCALIDAD,SAN MIGUEL,,,,72828,21,PUEBLA,119,San Andrés Cholula,0013,San Bernardino Tlaxcalancingo,032A,001,2229175915,,,Fijo,19.00219248,-98.29318306,2025-04,True,True,False,False,True,True,False,False,False,False,False,True,REVISAR,REVISAR,REVISAR,FILTRO_DENUE,REGLAS_DENUE,
11215366,21041812210001341000000000U9,LAVANDERIA Y TINTORERIA JUSTO A TIEMPO,,812210,Lavanderías y tintorerías,0 a 5 personas,CALLE,MELCHOR OCAMPO,PRIVADA,NINGUNO,AVENIDA,PUEBLA,CALLE,MELCHOR OCAMPO,5,,,,,,COLONIA,SANCTORUM,,,,72730,21,PUEBLA,041,Cuautlancingo,0008,Sanctorum,0221,069,2228497464,,,Fijo,19.0989277,-98.24153996,2024-11,True,True,False,False,True,True,False,False,False,False,False,True,REVISAR,REVISAR,REVISAR,FILTRO_DENUE,REGLAS_DENUE,
7546591,21114812210015491000000000U1,LAVANDERIA Y TINTORERIA LA ESPUMA BLANCA,,812210,Lavanderías y tintorerías,0 a 5 personas,CALLE,CAMINO REAL A TLAXCALA,CERRADA,CAMINO REAL,CALLE,IGNACIO COMONFORT,CALLE,SAN CRISTOBAL,16,,,,,,COLONIA,SAN JERONIMO CALERAS,,,,72100,21,PUEBLA,114,Puebla,0001,Heroica Puebla de Zaragoza,3296,008,,,,Fijo,19.09242713,-98.21239931,2019-11,True,True,False,False,True,True,False,False,False,False,False,True,REVISAR,REVISAR,REVISAR,FILTRO_DENUE,REGLAS_DENUE,
3368920,21114812210012521000000000U8,LAVANDERIA Y TINTORERIA LA VELA VELOZ,,812210,Lavanderías y tintorerías,0 a 5 personas,BOULEVARD,MUNICIPIO LIBRE,PROLONGACION,DE LA 3 SUR,PRIVADA,PRIVADA DE LA 3 SUR,AVENIDA,89 PONIENTE,6726,,,,,,COLONIA,EL JARDIN,,,,72474,21,PUEBLA,114,Puebla,0001,Heroica Puebla de Zaragoza,3898,024,2294068573,,,Fijo,18.99911287,-98.22577549,2014-12,True,True,False,False,True,True,False,False,False,False,False,True,REVISAR,REVISAR,REVISAR,FILTRO_DENUE,REGLAS_DENUE,
8307337,21114463217002181010000000U0,LAVANDERIA Y TINTORERIA LARGO Y TENDIDO,,812210,Lavanderías y tintorerías,0 a 5 personas,CALLE,MAMEY,AVENIDA,BOSQUE DE MANZANILLA,AVENIDA,CAMINO REAL A MANZANILLA,CALLE,LIMON,,SN,,,,,COLONIA,BOSQUES DE MANZANILLA,,,,72307,21,PUEBLA,114,Puebla,0001,Heroica Puebla de Zaragoza,442A,011,,,,Fijo,19.06802185,-98.1480451,2019-11,True,True,False,False,True,True,False,False,False,False,False,True,REVISAR,REVISAR,REVISAR,FILTRO_DENUE,REGLAS_DENUE,
3331123,21041812210000151000000000U3,LAVANDERIA Y TINTORERIA LAS TORRES,,812210,Lavanderías y tintorerías,0 a 5 personas,CALLE,DIAZ ORDAZ,CALLE,DIAZ ORDAZ,PRIVADA,NINGUNO,CALLE,PRIMERO DE MAYO,,SN,,,,,LOCALIDAD,SAN LORENZO ALMECATLA,,,,72710,21,PUEBLA,041,Cuautlancingo,0012,San Lorenzo Almecatla,019A,040,2224648204,,,Fijo,19.1407138,-98.24301943,2014-12,True,True,False,False,True,True,False,False,False,False,False,True,REVISAR,REVISAR,REVISAR,FILTRO_DENUE,REGLAS_DENUE,
3335982,21140812210000521000000000U7,LAVANDERIA Y TINTORERIA LAS TORRES,,812210,Lavanderías y tintorerías,0 a 5 personas,AVENIDA,FORJADORES DE PUEBLA,CALLE,PLAN DE AYALA,CALLE,TORREON,CALLE,DOROTEO ARANGO,85,,,,,,COLONIA,AMPLIACION MOMOXPAN,,,,72760,21,PUEBLA,140,San Pedro Cholula,0014,Santiago Momoxpan,0287,031,,,,Fijo,19.07787241,-98.26642229,2010-07,True,True,False,False,True,True,False,False,False,False,False,True,REVISAR,REVISAR,REVISAR,FILTRO_DENUE,REGLAS_DENUE,
10639108,21015812210000411000000000U5,LAVANDERIA Y TINTORERIA LAVA BLANCA,,812210,Lavanderías y tintorerías,0 a 5 personas,PRIVADA,PRIMERA NACIONAL,AVENIDA,NACIONAL NORTE,CERRADA,FRANCISCO I. MADERO,CALLE,FRANCISCO I. MADERO,,SN,,,,,COLONIA,CASA BLANCA,,,,72361,21,PUEBLA,015,Amozoc,0031,Casa Blanca,0382,008,2214289382,,,Fijo,19.04311378,-98.12337527,2024-11,True,True,False,False,True,True,False,False,False,False,False,True,REVISAR,REVISAR,REVISAR,FILTRO_DENUE,REGLAS_DENUE,
3420506,21114812210003611000000000U8,LAVANDERIA Y TINTORERIA LAVA CLICK,,812210,Lavanderías y tintorerías,0 a 5 personas,CALLE,RIO CAZONES,AVENIDA,SAN MANUEL,CIRCUITO,JUAN PABLO II,CALLE,RIO BALSAS,1425,,,,,,COLONIA,JARDINES DE SAN MANUEL,,,,72570,21,PUEBLA,114,Puebla,0001,Heroica Puebla de Zaragoza,0802,030,,,,Fijo,19.01624765,-98.19970763,2010-07,True,True,False,False,True,True,False,False,False,False,False,True,REVISAR,REVISAR,REVISAR,FILTRO_DENUE,REGLAS_DENUE,
8743449,21114812210017621000000000U1,LAVANDERIA Y TINTORERIA LAVA LUX,,812210,Lavanderías y tintorerías,0 a 5 personas,PROLONGACION,PROLONGACION DE LA 14 SUR,CALLE,117 ORIENTE,CALLE,119 ORIENTE,CALLE,16 SUR,11704,4,,,,,FRACCIONAMIENTO,LOS HEROES 2,,,,72590,21,PUEBLA,114,Puebla,0001,Heroica Puebla de Zaragoza,6356,010,2223809511,,,Fijo,18.96961413,-98.21835836,2019-11,True,True,False,False,True,True,False,False,False,False,False,True,REVISAR,REVISAR,REVISAR,FILTRO_DENUE,REGLAS_DENUE,
10072052,21119812210002271000000000U1,LAVANDERIA Y TINTORERIA LAVA-HA EXPRESS,,812210,Lavanderías y tintorerías,0 a 5 personas,CALLE,CARRIL A MORILLOTLA,PROLONGACION,REVOLUCION,PRIVADA,PRIVADA DEL CARRIL,OTRO(ESPECIFIQUE),ARROYO,5,,EDIFICIO SIN NOMBRE,1,,D,COLONIA,EX HACIENDA MORILLOTLA,EDIFICIO COMERCIAL Y DE SERVICIOS,SIN NOMBRE,5D,72815,21,PUEBLA,119,San Andrés Cholula,0013,San Bernardino Tlaxcalancingo,0315,001,,,,Fijo,19.03983674,-98.26016263,2024-11,True,True,False,False,True,True,False,False,False,False,False,True,REVISAR,REVISAR,REVISAR,FILTRO_DENUE,REGLAS_DENUE,
3279515,21114812210006891000000000U3,LAVANDERIA Y TINTORERIA LAVAPLANCH,,812210,Lavanderías y tintorerías,0 a 5 personas,CALLE,25 SUR,AVENIDA,29 PONIENTE,AVENIDA,31 PONIENTE,AVENIDA,29 PONIENTE,2903,B,,,,,CIUDAD INDUSTRIAL,BENITO JUAREZ,,,,72410,21,PUEBLA,114,Puebla,0001,Heroica Puebla de Zaragoza,3718,020,2227526461,,,Fijo,19.04254003,-98.22283625,2010-07,True,True,False,False,True,True,False,False,False,False,False,True,REVISAR,REVISAR,REVISAR,FILTRO_DENUE,REGLAS_DENUE,
8234481,21114812210016582001000000U6,LAVANDERIA Y TINTORERIA LAVAPLUS,,812210,Lavanderías y tintorerías,0 a 5 personas,CALLE,22 DE SEPTIEMBRE,DIAGONAL,IGNACIO ZARAGOZA,CALLE,18 SUR,DIAGONAL,IGNACIO ZARAGOZA,1613,,,,,,COLONIA,SAN MANUEL,,,,72570,21,PUEBLA,114,Puebla,0001,Heroica Puebla de Zaragoza,1393,043,,,,Fijo,19.01835436,-98.19821001,2019-11,True,True,False,False,True,True,False,False,False,False,False,True,REVISAR,REVISAR,REVISAR,FILTRO_DENUE,REGLAS_DENUE,
8214544,21114812210017341000000000U6,LAVANDERIA Y TINTORERIA LAVAVANISH,,812210,Lavanderías y tintorerías,0 a 5 personas,ANDADOR,PLAZA DEL ALAMO,ANDADOR,PLAZA DEL ALAMO,CALLE,9 SUR E,BOULEVARD,PERIFERICO ECOLOGICO,5,F,,,1,,UNIDAD HABITACIONAL,SAN BARTOLO,,,,72470,21,PUEBLA,114,Puebla,0001,Heroica Puebla de Zaragoza,4129,020,2229415861,,,Fijo,18.99060522,-98.24158506,2019-11,True,True,False,False,True,True,False,False,False,False,False,True,REVISAR,REVISAR,REVISAR,FILTRO_DENUE,REGLAS_DENUE,
6450486,21114812210005251000000000U1,LAVANDERIA Y TINTORERIA LAVINCO,,812210,Lavanderías y tintorerías,0 a 5 personas,AVENIDA,15 DE MAYO,CALLE,NINGUNO,PRIVADA,SEGUNDA BENITO JUAREZ,PRIVADA,CARDENAS,45,,,,,,COLONIA,FRANCISCO I MADERO,,,,72130,21,PUEBLA,114,Puebla,0001,Heroica Puebla de Zaragoza,3347,053,2222246464,,,Fijo,19.08215302,-98.23122485,2010-07,True,True,False,False,True,True,False,False,False,False,False,True,REVISAR,REVISAR,REVISAR,FILTRO_DENUE,REGLAS_DENUE,
8082242,21114812210016411000000000U8,LAVANDERIA Y TINTORERIA LEO Y LAV,,812210,Lavanderías y tintorerías,0 a 5 personas,CALLE,CEDROS,CALLE,LIRIOS,CALLE,ALHELI,CALLE,CLAVELES,30,,,,,,COLONIA,BUGAMBILIAS,,,,72580,21,PUEBLA,114,Puebla,0001,Heroica Puebla de Zaragoza,2438,028,,,,Fijo,19.00640922,-98.21770836,2019-11,True,True,False,False,True,True,False,False,False,False,False,True,REVISAR,REVISAR,REVISAR,FILTRO_DENUE,REGLAS_DENUE,
3468437,21041812210000481100000000U4,LAVANDERIA Y TINTORERIA LEON,,812210,Lavanderías y tintorerías,0 a 5 personas,CIRCUITO,OBREROS INDEPENDIENTES NORTE,ANDADOR,NINGUNO,ANDADOR,NINGUNO,ANDADOR,VIENA,,SN,D,17,202,,UNIDAD HABITACIONAL,UNIDAD VOLKSWAGEN SUR,,,,72104,21,PUEBLA,041,Cuautlancingo,0008,Sanctorum,0236,049,,,,Fijo,19.10041357,-98.23814513,2010-07,True,True,False,False,True,True,False,False,False,False,False,True,REVISAR,REVISAR,REVISAR,FILTRO_DENUE,REGLAS_DENUE,
11187363,21114812210021191000000000U9,LAVANDERIA Y TINTORERIA LINAJE,,812210,Lavanderías y tintorerías,0 a 5 personas,CALLE,DOCTOR GONZALO BAUTISTA CASTILLO,CALLE,5 DE MAYO,CALLE,PRIMERO DE MAYO,CALLE,EMILIANO ZAPATA,,SN,,,,,COLONIA,IGNACIO ZARAGOZA,,,,72380,21,PUEBLA,114,Puebla,0001,Heroica Puebla de Zaragoza,3830,029,2212243313,,,Fijo,19.02806117,-98.17997246,2024-11,True,True,False,False,True,True,False,False,False,False,False,True,REVISAR,REVISAR,REVISAR,FILTRO_DENUE,REGLAS_DENUE,
11145351,21114812210022641000000000U2,LAVANDERIA Y TINTORERIA LOS GANCHITOS,,812210,Lavanderías y tintorerías,0 a 5 personas,CALLE,AVENIDA 2 PONIENTE,CALLE,47 NORTE,PRIVADA,NINGUNO,PROLONGACION,REFORMA,4701,,,,,,COLONIA,AQUILES SERDAN,,,,72140,21,PUEBLA,114,Puebla,0001,Heroica Puebla de Zaragoza,3474,034,,,,Fijo,19.06326735,-98.22988121,2024-11,True,True,False,False,True,True,False,False,False,False,False,True,REVISAR,REVISAR,REVISAR,FILTRO_DENUE,REGLAS_DENUE,
11192956,21034812210000161000000000U7,LAVANDERIA Y TINTORERIA LUX,,812210,Lavanderías y tintorerías,0 a 5 personas,CALLE,5 DE FEBRERO NORTE,PRIVADA,5 DE FEBRERO,PRIVADA,5 DE MAYO,AVENIDA,5 DE MAYO NORTE,1007,,,,,,BARRIO,ANALCO,,,,72670,21,PUEBLA,034,Coronango,0001,Santa María Coronango,0138,001,2222890456,,,Fijo,19.12334584,-98.29674668,2024-11,True,True,False,False,True,True,False,False,False,False,False,True,REVISAR,REVISAR,REVISAR,FILTRO_DENUE,REGLAS_DENUE,
10697249,21114812210020351000000000U0,LAVANDERIA Y TINTORERIA MARYHJANE,LAVANDERIA Y TINTORERIA MARYHJANE,812210,Lavanderías y tintorerías,0 a 5 personas,AVENIDA,95 PONIENTE,PRIVADA,PRIVADA DE LA 3 SUR,PROLONGACION,DE LA 3 SUR,AVENIDA,95 PONIENTE,303,,,,,,COLONIA,JARDIN,,,,72474,21,PUEBLA,114,Puebla,0001,Heroica Puebla de Zaragoza,3883,038,2213929841,,,Fijo,18.99721523,-98.22700829,2024-11,True,True,False,False,True,True,False,False,False,False,False,True,REVISAR,REVISAR,REVISAR,FILTRO_DENUE,REGLAS_DENUE,
10854548,21041812210001261000000000U9,LAVANDERIA Y TINTORERIA MAXICLEAN,,812210,Lavanderías y tintorerías,0 a 5 personas,AVENIDA,PROLONGACION SAN JOAQUIN,CALLE,ALCANFORES,CALLE,SAN ISIDRO,PRIVADA,PROLONGACION CORONILLA,10,,,,,,BARRIO,DEL CALVARIO,,,,72720,21,PUEBLA,041,Cuautlancingo,0001,San Juan Cuautlancingo,0109,024,2222389312,,,Fijo,19.10723333,-98.27122347,2024-11,True,True,False,False,True,True,False,False,False,False,False,True,REVISAR,REVISAR,REVISAR,FILTRO_DENUE,REGLAS_DENUE,
8658661,21106812210000031000000000U8,LAVANDERIA Y TINTORERIA MONTES,,812210,Lavanderías y tintorerías,0 a 5 personas,CALLE,MORELOS,CALLE,HIDALGO,PRIVADA,NINGUNO,AVENIDA,AGUSTIN PEREZ,,SN,,,,,LOCALIDAD,CEACATLA,,,,72850,21,PUEBLA,106,Ocoyucan,0003,San Bernardino Chalchihuapan,0139,001,,,,Fijo,18.97232558,-98.33629834,2019-11,True,True,False,False,True,True,False,False,False,False,False,True,REVISAR,REVISAR,REVISAR,FILTRO_DENUE,REGLAS_DENUE,
3452795,21140812210000911000000000U0,LAVANDERIA Y TINTORERIA OPEN CLEAN,,812210,Lavanderías y tintorerías,0 a 5 personas,CALLE,22 ORIENTE,PRIVADA,NINGUNO,CALLE,8 NORTE,CALLE,24 ORIENTE,609,,,,,,BARRIO,DE JESUS TLATEMPA,,,,72760,21,PUEBLA,140,San Pedro Cholula,0001,Cholula de Rivadavia,0408,008,2211666824,,,Fijo,19.06863603,-98.29731375,2010-07,True,True,False,False,True,True,False,False,False,False,False,True,REVISAR,REVISAR,REVISAR,FILTRO_DENUE,REGLAS_DENUE,
10880450,21114812210004591000000000U1,LAVANDERIA Y TINTORERIA PEDACITO DE CIELO,,812210,Lavanderías y tintorerías,0 a 5 personas,CALLE,5 ORIENTE,CALLE,6 SUR,CALLE,4 SUR,CALLE,7 ORIENTE,403,,,,,,COLONIA,LA LIBERTAD,,,,72130,21,PUEBLA,114,Puebla,0001,Heroica Puebla de Zaragoza,0198,027,2212864708,,,Fijo,19.06641403,-98.23305519,2024-11,True,True,False,False,True,True,False,False,False,False,False,True,REVISAR,REVISAR,REVISAR,FILTRO_DENUE,REGLAS_DENUE,
3313524,21015812210000151000000000U7,LAVANDERIA Y TINTORERIA PISCIS,,812210,Lavanderías y tintorerías,0 a 5 personas,BOULEVARD,CARRETERA FEDERAL PUEBLA TEHUACAN,CALLE,MIRTOS,CALLE,GUAYACAN,AVENIDA,NACIONAL,450,,,,,,COLONIA,EL ARENAL,,,,72990,21,PUEBLA,015,Amozoc,0001,Amozoc de Mota,033A,061,2227044758,,,Fijo,19.0443966,-98.08796631,2014-12,True,True,False,False,True,True,False,False,False,False,False,True,REVISAR,REVISAR,REVISAR,FILTRO_DENUE,REGLAS_DENUE,
10660025,21114812210019561000000000U7,LAVANDERIA Y TINTORERIA PISCIS,,812210,Lavanderías y tintorerías,0 a 5 personas,BOULEVARD,XONACA,PRIVADA,20 NORTE,AVENIDA,20 ORIENTE,PRIVADA,RANCHO DE LA ROSA,2039,,,,,,COLONIA,XONACA,,,,72280,21,PUEBLA,114,Puebla,0001,Heroica Puebla de Zaragoza,0431,022,2227106488,,,Fijo,19.04514688,-98.18183775,2024-11,True,True,False,False,True,True,False,False,False,False,False,True,REVISAR,REVISAR,REVISAR,FILTRO_DENUE,REGLAS_DENUE,
10774013,21114812210021031000000000U7,LAVANDERIA Y TINTORERIA PLANCHA EXPRESS,,812210,Lavanderías y tintorerías,0 a 5 personas,CALLE,OLMECA,CALLE,XOCOYOTZIN,CALLE,AHUITZOTL,CALLE,CUAUHTEMOC,,SN,,,,,COLONIA,BELLO HORIZONTE,,,,72754,21,PUEBLA,114,Puebla,0001,Heroica Puebla de Zaragoza,3050,049,2224475087,,,Fijo,19.05551971,-98.27232032,2024-11,True,True,False,False,True,True,False,False,False,False,False,True,REVISAR,REVISAR,REVISAR,FILTRO_DENUE,REGLAS_DENUE,
10003960,21015812210000591000000000U4,LAVANDERIA Y TINTORERIA QUICK WASH,,812210,Lavanderías y tintorerías,0 a 5 personas,CALLE,MIGUEL HIDALGO,CALLE,EMILIANO ZAPATA,CALLE,JORGE CASTAÑEDA AYALA,CALLE,FERNANDO MONTES DE OCA,,SN,,,,,COLONIA,CASA BLANCA,,,,72631,21,PUEBLA,015,Amozoc,0031,Casa Blanca,0397,005,2211682163,,,Fijo,19.03940458,-98.1186373,2024-11,True,True,False,False,True,True,False,False,False,False,False,True,REVISAR,REVISAR,REVISAR,FILTRO_DENUE,REGLAS_DENUE,
3422213,21114812210003161000000000U4,LAVANDERIA Y TINTORERIA RANAWASH,,812210,Lavanderías y tintorerías,0 a 5 personas,BOULEVARD,CIRCUNVALACION,BOULEVARD,22 SUR,CALLE,RIO PAPALOAPAN,AVENIDA,SAN IGNACIO,2408,,,,,,FRACCIONAMIENTO,JARDINES DE SAN MANUEL,,,,72570,21,PUEBLA,114,Puebla,0001,Heroica Puebla de Zaragoza,0817,018,,,,Fijo,19.00544873,-98.19744188,2010-07,True,True,False,False,True,True,False,False,False,False,False,True,REVISAR,REVISAR,REVISAR,FILTRO_DENUE,REGLAS_DENUE,
10424527,21015812210000611000000000U0,LAVANDERIA Y TINTORERIA ROMO,,812210,Lavanderías y tintorerías,0 a 5 personas,CALLE,CARRETERA FEDERAL PUEBLA TEHUACAN,CALLE,NINGUNO,CALLE,TRES,AVENIDA,FRANCISCO I MADERO,,SN,,,,,COLONIA,LAS ANIMAS,,,,72980,21,PUEBLA,015,Amozoc,0001,Amozoc de Mota,0132,048,,,,Fijo,19.04469333,-98.05999648,2024-11,True,True,False,False,True,True,False,False,False,False,False,True,REVISAR,REVISAR,REVISAR,FILTRO_DENUE,REGLAS_DENUE,
10825333,21114812210020001000000000U1,LAVANDERIA Y TINTORERIA ROMY,,812210,Lavanderías y tintorerías,0 a 5 personas,PROLONGACION,AVENIDA DE LOS MARTIRES,CALLE,9 NORTE,CALLE,13 NORTE,AVENIDA,REFORMA,,SN,,,,,COLONIA,EL SALVADOR,,,,72320,21,PUEBLA,114,Puebla,0001,Heroica Puebla de Zaragoza,3953,015,2821012966,,,Fijo,19.03953232,-98.14602532,2024-11,True,True,False,False,True,True,False,False,False,False,False,True,REVISAR,REVISAR,REVISAR,FILTRO_DENUE,REGLAS_DENUE,
3456613,21114812210004981100000000U4,LAVANDERIA Y TINTORERIA ROYAL CLEAN,,812210,Lavanderías y tintorerías,0 a 5 personas,PRIVADA,LAZARO CARDENAS,CALLE,ALAMEDAS,CALLE,BENITO JUAREZ,AVENIDA,15 DE MAYO,18,,,,,,FRACCIONAMIENTO,PRIVANZA,,,,72130,21,PUEBLA,114,Puebla,0001,Heroica Puebla de Zaragoza,3347,002,2214330002,,,Fijo,19.0804833,-98.23076851,2010-07,True,True,False,False,True,True,False,False,False,False,False,True,REVISAR,REVISAR,REVISAR,FILTRO_DENUE,REGLAS_DENUE,
3371419,21114812210009211000000000U1,LAVANDERIA Y TINTORERIA SAN FRANCISCO,,812210,Lavanderías y tintorerías,0 a 5 personas,CALLE,2 NORTE,CALLE,2 ORIENTE,PROLONGACION,BENITO JUAREZ,CALLE,IGNACIO ZARAGOZA,13,A,,1,,,BARRIO,SANTA CATARINA,CENTRO Y PLAZA COMERCIAL,PLAZA RAYITO DE LUNA,D,72960,21,PUEBLA,114,Puebla,0001,Heroica Puebla de Zaragoza,4260,015,,MAROLIGUEZE@HOTMAIL.COM,,Fijo,18.97053134,-98.18397111,2014-12,True,True,False,False,True,True,False,False,False,False,False,True,REVISAR,REVISAR,REVISAR,FILTRO_DENUE,REGLAS_DENUE,
11423289,21114812210021061000000000U4,LAVANDERIA Y TINTORERIA SERVI EXPRESS,,812210,Lavanderías y tintorerías,0 a 5 personas,CALZADA,ALFREDO TOXQUI,CALLE,SANTA ALEJANDRA,CALLE,SANTA MARTHA,CALLE,XALTONAC,,SN,,,4,,COLONIA,SANTA ROSA,,,,72228,21,PUEBLA,114,Puebla,0001,Heroica Puebla de Zaragoza,1641,069,2223487288,AMELIAGONZALEZ625@GMAIL.COM,,Fijo,19.08551232,-98.16342946,2024-11,True,True,False,False,True,True,False,False,False,False,False,True,REVISAR,REVISAR,REVISAR,FILTRO_DENUE,REGLAS_DENUE,
3337260,21119812210000781000000000U1,LAVANDERIA Y TINTORERIA SERVI EXPRESS,,812210,Lavanderías y tintorerías,0 a 5 personas,CALLE,ATZALA,PRIVADA,NINGUNO,PRIVADA,NINGUNO,PROLONGACION,14 ORIENTE,,SN,,,,,COLONIA,SANTIAGO XICOTENCO,,,,72810,21,PUEBLA,119,San Andrés Cholula,0001,San Andrés Cholula,0279,006,2221521226,,,Fijo,19.04903673,-98.28143489,2014-12,True,True,False,False,True,True,False,False,False,False,False,True,REVISAR,REVISAR,REVISAR,FILTRO_DENUE,REGLAS_DENUE,
10812093,21053812210000341000000000U5,LAVANDERIA Y TINTORERIA SIN NOMBRE,,812210,Lavanderías y tintorerías,0 a 5 personas,CALLE,QUINTA CALLE DE FRANCISCO SALINAS,CALLE,FRANCISCO SALINAS,PROLONGACION,JUAN NEPOMUCENO MENDEZ,CALLE,JAVIER MINA,,SN,,,,,BARRIO,TEOTLALPAN,,,,73300,21,PUEBLA,053,Chignahuapan,0001,Ciudad de Chignahuapan,0275,045,7971055482,,,Fijo,19.8336809,-98.03030281,2024-11,True,True,False,False,True,True,False,False,False,False,False,True,REVISAR,REVISAR,REVISAR,FILTRO_DENUE,REGLAS_DENUE,
11359489,21114812210021351000000000U9,LAVANDERIA Y TINTORERIA SIN NOMBRE,,812210,Lavanderías y tintorerías,0 a 5 personas,AVENIDA,MARIO BENEDETTI,AVENIDA,3 SUR,CALLE,AMADO NERVO,PRIVADA,ARTICULO 41,,SN,,,,,COLONIA,BALCONES DEL SUR,,,,72499,21,PUEBLA,114,Puebla,0001,Heroica Puebla de Zaragoza,1938,035,,,,Fijo,18.95118402,-98.23729352,2024-11,True,True,False,False,True,True,False,False,False,False,False,True,REVISAR,REVISAR,REVISAR,FILTRO_DENUE,REGLAS_DENUE,
9567306,21119812210002331000000000U3,LAVANDERIA Y TINTORERIA SIN NOMBRE,,812210,Lavanderías y tintorerías,0 a 5 personas,CALLE,ORION NORTE,CIRCUITO,MARTE,CALLE,JUPITER,CIRCUITO,MARTE,,SN,,,,,COLONIA,VILLA FLORESTA,,,,72825,21,PUEBLA,119,San Andrés Cholula,0013,San Bernardino Tlaxcalancingo,0423,037,,,,Fijo,19.01891166,-98.26202834,2024-11,True,True,False,False,True,True,False,False,False,False,False,True,REVISAR,REVISAR,REVISAR,FILTRO_DENUE,REGLAS_DENUE,
3461271,21114812210005321000000000U2,LAVANDERIA Y TINTORERIA SIN NOMBRE,,812210,Lavanderías y tintorerías,0 a 5 personas,CALLE,5 DE MAYO,AVENIDA,GENERAL IGNACIO ZARAGOZA,AVENIDA,MAXIMO SERDAN,CALLE,GENERAL JOAQUIN COLOMBRES,41,,,,,,COLONIA,HEROES DE PUEBLA,,,,72520,21,PUEBLA,114,Puebla,0001,Heroica Puebla de Zaragoza,0728,019,2223744817,,,Fijo,19.02564384,-98.17913807,2010-07,True,True,False,False,True,True,False,False,False,False,False,True,REVISAR,REVISAR,REVISAR,FILTRO_DENUE,REGLAS_DENUE,
10367086,21114812210021371000000000U7,LAVANDERIA Y TINTORERIA SMART BUBBLE,,812210,Lavanderías y tintorerías,0 a 5 personas,AVENIDA,DIAGONAL 18 A SUR,CALLE,121 ORIENTE,CALLE,121 A ORIENTE,PRIVADA,NINGUNO,12118,2,,,,,FRACCIONAMIENTO,LOS HEROES PUEBLA 2,,,,72590,21,PUEBLA,114,Puebla,0001,Heroica Puebla de Zaragoza,6356,009,2223582509,,,Fijo,18.96574932,-98.21494142,2024-11,True,True,False,False,True,True,False,False,False,False,False,True,REVISAR,REVISAR,REVISAR,FILTRO_DENUE,REGLAS_DENUE,
3337413,21119812210001111000000000U0,LAVANDERIA Y TINTORERIA SO CLEAN,,812210,Lavanderías y tintorerías,0 a 5 personas,AVENIDA,5 DE MAYO,CALLE,4 ORIENTE,CALLE,2 ORIENTE,CALLE,2 NORTE,208,E,,,,,COLONIA,CENTRO,,,,72810,21,PUEBLA,119,San Andrés Cholula,0001,San Andrés Cholula,0207,018,,,,Fijo,19.05260615,-98.29858626,2014-12,True,True,False,False,True,True,False,False,False,False,False,True,REVISAR,REVISAR,REVISAR,FILTRO_DENUE,REGLAS_DENUE,
10952603,21114812210020891000000000U5,LAVANDERIA Y TINTORERIA SPLASH,,812210,Lavanderías y tintorerías,0 a 5 personas,CALLE,LIBERTAD,AVENIDA,GUADALUPE VICTORIA,AVENIDA,3 DE MAYO,AVENIDA,EJIDO,5901,,,,,,COLONIA,JUNTA AUXILIAR SAN BALTAZAR CAMPECHE,,,,72550,21,PUEBLA,114,Puebla,0001,Heroica Puebla de Zaragoza,0766,003,,,,Fijo,19.01541029,-98.20372837,2024-11,True,True,False,False,True,True,False,False,False,False,False,True,REVISAR,REVISAR,REVISAR,FILTRO_DENUE,REGLAS_DENUE,
7445782,21119812210001681000000000U2,LAVANDERIA Y TINTORERIA STAR CLEAN,,812210,Lavanderías y tintorerías,0 a 5 personas,CALLE,CAMINO NACIONAL A MOMOXPAN,CALLE,PAULINA,PRIVADA,ZACATECAS,CALLE,NINGUNO,2,,,,,,COLONIA,LAZARO CARDENAS,,,,72776,21,PUEBLA,119,San Andrés Cholula,0001,San Andrés Cholula,0156,017,2227536919,,,Fijo,19.06672972,-98.28402142,2019-11,True,True,False,False,True,True,False,False,False,False,False,True,REVISAR,REVISAR,REVISAR,FILTRO_DENUE,REGLAS_DENUE,
9714996,21140812210001681000000000U8,LAVANDERIA Y TINTORERIA SUNNY DAY,,812210,Lavanderías y tintorerías,0 a 5 personas,CALLE,13 SUR,AVENIDA,13 PONIENTE,AVENIDA,11 PONIENTE,CALLE,15 SUR,1102,,,,,,BARRIO,LA SANTÍSIMA,,,,72762,21,PUEBLA,140,San Pedro Cholula,0001,Cholula de Rivadavia,0060,036,2224357961,,,Fijo,19.06194772,-98.31897139,2024-11,True,True,False,False,True,True,False,False,False,False,False,True,REVISAR,REVISAR,REVISAR,FILTRO_DENUE,REGLAS_DENUE,
9537285,21114812210019171000000000U5,LAVANDERIA Y TINTORERIA THE ROOM LAUNDRY AND DRY,,812210,Lavanderías y tintorerías,0 a 5 personas,CALLE,OJO DE AGUA,AVENIDA,15 DE MAYO,CALLE,AGUA CLARA,CALLE,AZABACHE,1025,,,,,,COLONIA,VILLA POSADAS,,,,72060,21,PUEBLA,114,Puebla,0001,Heroica Puebla de Zaragoza,4218,035,,THEROOMLAUNDRYANDDRY@GMAIL.COM,,Fijo,19.07192705,-98.22204147,2024-11,True,True,False,False,True,True,False,False,False,False,False,True,REVISAR,REVISAR,REVISAR,FILTRO_DENUE,REGLAS_DENUE,
8565209,21119812210001431000000000U2,LAVANDERIA Y TINTORERIA TINTO SOL,,812210,Lavanderías y tintorerías,0 a 5 personas,CALLE,NINGUNO,CALLE,CALLE DEL POZO,CALLE,NINGUNO,PRIVADA,AJALPAN,5515,,,,,,FRACCIONAMIENTO,GEOVILLAS ATLIXCAYOTL,,,,72836,21,PUEBLA,119,San Andrés Cholula,0013,San Bernardino Tlaxcalancingo,0584,012,2226406758,,,Fijo,19.03635529,-98.24949001,2019-11,True,True,False,False,True,True,False,False,False,False,False,True,REVISAR,REVISAR,REVISAR,FILTRO_DENUE,REGLAS_DENUE,
11182505,21114812210021471000000000U5,LAVANDERIA Y TINTORERIA TINTOSOL,,812210,Lavanderías y tintorerías,0 a 5 personas,CALLE,AZTECA NORTE,CALLE,YENUEM,CALLE,CAMECUARO,CALLE,ANGAGUAN,,SN,,,,,FRACCIONAMIENTO,FUENTES DEL CAMINO REAL,,,,72760,21,PUEBLA,114,Puebla,0001,Heroica Puebla de Zaragoza,3050,059,2229460160,,TINTOSOL.COM,Fijo,19.05132439,-98.27176932,2024-11,True,True,False,False,True,True,False,False,False,False,False,True,REVISAR,REVISAR,REVISAR,FILTRO_DENUE,REGLAS_DENUE,
3364573,21114812210009181000000000U6,LAVANDERIA Y TINTORERIA TINTOSOL,,812210,Lavanderías y tintorerías,0 a 5 personas,BOULEVARD,18 SUR,AVENIDA,SAN IGNACIO,BOULEVARD,CIRCUNVALACION,CALLE,RIO BRAVO,5942,A,,,,,FRACCIONAMIENTO,JARDINES DE SAN MANUEL,,,,72570,21,PUEBLA,114,Puebla,0001,Heroica Puebla de Zaragoza,0817,030,2222337598,,,Fijo,19.00675125,-98.20097825,2014-12,True,True,False,False,True,True,False,False,False,False,False,True,REVISAR,REVISAR,REVISAR,FILTRO_DENUE,REGLAS_DENUE,
11659808,21015812210000441000000000U2,LAVANDERIA Y TINTORERIA TRAPITOS SUCIOS,,812210,Lavanderías y tintorerías,0 a 5 personas,CALLE,4 NORTE,CALLE,2 ORIENTE,AVENIDA,NIÑOS HEROES ORIENTE,CALLE,2 NORTE,,SN,,,,,COLONIA,CHACHAPA CENTRO,,,,72990,21,PUEBLA,015,Amozoc,0001,Amozoc de Mota,033A,021,,,,Fijo,19.04768392,-98.09265999,2024-11,True,True,False,False,True,True,False,False,False,False,False,True,REVISAR,REVISAR,REVISAR,FILTRO_DENUE,REGLAS_DENUE,
11354648,21114812210020961000000000U6,LAVANDERIA Y TINTORERIA VIPS,,812210,Lavanderías y tintorerías,0 a 5 personas,CALZADA,ZAVALETA,PRIVADA,FRESNOS,AVENIDA,CAMPESTRE,CALLE,NINGUNO,130,,,1,,,COLONIA,SANTA CRUZ BUENAVISTA,CENTRO Y PLAZA COMERCIAL,PLAZA ALTA VISTA,6,72170,21,PUEBLA,114,Puebla,0001,Heroica Puebla de Zaragoza,4612,017,,,,Fijo,19.05278238,-98.24913477,2024-11,True,True,False,False,True,True,False,False,False,False,False,True,REVISAR,REVISAR,REVISAR,FILTRO_DENUE,REGLAS_DENUE,
9664415,21114812210019261000000000U4,LAVANDERIA Y TINTORERIA WASH PREMIUM,,812210,Lavanderías y tintorerías,0 a 5 personas,AVENIDA,20 DE NOVIEMBRE,CALLE,SAN FRANCISCO,CIRCUITO,JUAN PABLO II,CIRCUITO,JUAN PABLO II,5511,,,,,,COLONIA,SAN BALTAZAR CAMPECHE,,,,72550,21,PUEBLA,114,Puebla,0001,Heroica Puebla de Zaragoza,0747,042,,,,Fijo,19.02028024,-98.20878869,2024-11,True,True,False,False,True,True,False,False,False,False,False,True,REVISAR,REVISAR,REVISAR,FILTRO_DENUE,REGLAS_DENUE,
9093864,21119812210001781000000000U0,LAVANDERIA Y TINTORERIA WASSHA,,812210,Lavanderías y tintorerías,0 a 5 personas,AVENIDA,14 ORIENTE,CALLE,6 NORTE,CALLE,4 NORTE,CALLE,12 ORIENTE,405,,,,2,,COLONIA,SAN ANDRES,,,,72810,21,PUEBLA,119,San Andrés Cholula,0001,San Andrés Cholula,0207,045,2228273509,,,Fijo,19.05549325,-98.29319131,2019-11,True,True,False,False,True,True,False,False,False,False,False,True,REVISAR,REVISAR,REVISAR,FILTRO_DENUE,REGLAS_DENUE,
10074902,21041812210001451000000000U6,LAVANDERIA Y TINTORERIABLOS ANGELES,,812210,Lavanderías y tintorerías,0 a 5 personas,CALLE,ESTACION CENTRAL,CALLE,NINGUNO,AVENIDA,BARDA,CALLE,ESTACION CENTRAL,,SN,,,,,CONJUNTO HABITACIONAL,MISIONES DE SAN FRANCISCO SECCION 6,,,,72680,21,PUEBLA,041,Cuautlancingo,0027,San Jacinto,0359,052,,,,Fijo,19.15237497,-98.25941101,2024-11,True,True,False,False,False,True,False,False,False,False,False,True,REVISAR,REVISAR,REVISAR,FILTRO_DENUE,REGLAS_DENUE,
3370720,21114812210008881000000000U2,LAVANDERIA Y TONTERERIA TINTORELLO,,812210,Lavanderías y tintorerías,0 a 5 personas,AVENIDA,12 SUR,PRIVADA,NINGUNO,AVENIDA,115 ORIENTE,PRIVADA,NINGUNO,3,,,,,,FRACCIONAMIENTO,LOS HEROES PUEBLA,,,,72590,21,PUEBLA,114,Puebla,0001,Heroica Puebla de Zaragoza,5409,054,2222014798,,,Fijo,18.97701762,-98.22210695,2014-12,True,True,False,False,False,True,False,False,False,False,False,True,REVISAR,REVISAR,REVISAR,FILTRO_DENUE,REGLAS_DENUE,
9738983,21041812210001461000000000U5,LAVANDERIA Y VENTA PRODUCTOS DE LIMPIEZA Y JARCIERIA SIN NOMBRE,,812210,Lavanderías y tintorerías,0 a 5 personas,PRIVADA,NINGUNO,AVENIDA,FLORES,CALLE,NINGUNO,PRIVADA,NINGUNO,6,A,,,,,FRACCIONAMIENTO,SECCION 5A,,,,72710,21,PUEBLA,041,Cuautlancingo,0027,San Jacinto,0363,031,2221274245,LALAVANDERIADEANDY@GMAIL.COM,,Fijo,19.15405474,-98.25614401,2024-11,True,True,False,False,False,True,False,False,False,False,False,True,REVISAR,REVISAR,REVISAR,FILTRO_DENUE,REGLAS_DENUE,
10903869,21041812210001251000000000U0,LAVANDERIA Y VIDRIERIA TRES AMORES,,812210,Lavanderías y tintorerías,0 a 5 personas,CALLE,REAL A HUEJOTZINGO,CALLE,REAL A HUEJOTZINGO,CALLE,REAL A HUEJOTZINGO,CALLE,EMILIANO ZAPATA,,SN,,,,,BARRIO,NUEVO LEON,,,,72706,21,PUEBLA,041,Cuautlancingo,0013,Barrio de Nuevo León,001A,010,,,,Fijo,19.09605487,-98.29197401,2024-11,True,True,False,False,False,True,False,False,False,False,False,True,REVISAR,REVISAR,REVISAR,FILTRO_DENUE,REGLAS_DENUE,
10035627,21119812210001881000000000U8,LAVANDERIA YAZ,,812210,Lavanderías y tintorerías,0 a 5 personas,CARRETERA,FEDERAL PUEBLA ATLIXCO,CALLE,CORONEL JUAN IXCOATL,CALLE,20 DE NOVIEMBRE,CALLE,20 DE NOVIEMBRE,,SN,,,,,COLONIA,EMILIANO ZAPATA,,,,72820,21,PUEBLA,119,San Andrés Cholula,0013,San Bernardino Tlaxcalancingo,0372,022,,,,Fijo,19.03467889,-98.2596602,2024-11,True,True,False,False,False,True,False,False,False,False,False,True,REVISAR,REVISAR,REVISAR,FILTRO_DENUE,REGLAS_DENUE,
3334499,21140812210000861000000000U7,LAVANDERIA YENURI,,812210,Lavanderías y tintorerías,0 a 5 personas,AVENIDA,25 ORIENTE,CALLE,4 SUR,PRIVADA,NINGUNO,AVENIDA,27 ORIENTE,402,,,,,,BARRIO,MEXICALTZINGO,,,,72762,21,PUEBLA,140,San Pedro Cholula,0001,Cholula de Rivadavia,0412,014,2216268227,,,Fijo,19.04990129,-98.30920778,2014-12,True,True,False,False,False,True,False,False,False,False,False,True,REVISAR,REVISAR,REVISAR,FILTRO_DENUE,REGLAS_DENUE,
7596395,21114812210017011000000000U5,LAVANDERIA YES,,812210,Lavanderías y tintorerías,0 a 5 personas,CALLE,CAMINO REAL A SAN FELIPE,ANDADOR,ANDADOR DE LA PEDRERA,CALLE,COLORINES,CALLE,COLORINES,42,C,,,,,COLONIA,SAN FELIPE HUEYOTLIPAN,,,,72040,21,PUEBLA,114,Puebla,0001,Heroica Puebla de Zaragoza,0126,036,9511016146,,,Fijo,19.07883991,-98.20998548,2019-11,True,True,False,False,False,True,False,False,False,False,False,True,REVISAR,REVISAR,REVISAR,FILTRO_DENUE,REGLAS_DENUE,
11647962,21114812210020611000000000U7,LAVANDERIA YESSIE,,812210,Lavanderías y tintorerías,0 a 5 personas,AVENIDA,VIOLETA,CALLE,ORQUIDEA,CALLE,ALCATRAZ,CARRETERA,CARRETERA A LA RESURRECCION,14,,,,,,COLONIA,VIVEROS DEL VALLE,,,,72225,21,PUEBLA,114,Puebla,0001,Heroica Puebla de Zaragoza,4400,034,,,,Fijo,19.07245367,-98.14611678,2024-11,True,True,False,False,False,True,False,False,False,False,False,True,REVISAR,REVISAR,REVISAR,FILTRO_DENUE,REGLAS_DENUE,
10081924,21114812210019201000000000U0,LAVANDERIA YEYIS,,812210,Lavanderías y tintorerías,0 a 5 personas,CALLE,FRANCISCO I MADERO,AVENIDA,AYUNTAMIENTO,CALLE,3 NORTE,CALLE,2 PONIENTE,108,,,,,,COLONIA,LA LIBERTAD,,,,72130,21,PUEBLA,114,Puebla,0001,Heroica Puebla de Zaragoza,0198,008,,,,Fijo,19.06923266,-98.23527363,2024-11,True,True,False,False,False,True,False,False,False,False,False,True,REVISAR,REVISAR,REVISAR,FILTRO_DENUE,REGLAS_DENUE,
3513690,21114812210001431000000000U3,LAVANDERIA YIYI,,812210,Lavanderías y tintorerías,0 a 5 personas,CERRADA,GUILLERMO PRIETO,PRIVADA,NINGUNO,BOULEVARD,CARLOS CAMACHO ESPIRITU,BOULEVARD,CARLOS CAMACHO ESPIRITU,1852,,,,,,COLONIA,COLONIA UNIVERSITARIA,,,,72590,21,PUEBLA,114,Puebla,0001,Heroica Puebla de Zaragoza,517A,013,2228655742,LAVANDERIAYIYI@YAHOO.COM.MX,,Fijo,18.99312958,-98.20274112,2010-07,True,True,False,False,False,True,False,False,False,False,False,True,REVISAR,REVISAR,REVISAR,FILTRO_DENUE,REGLAS_DENUE,
10990870,21114812210021531000000000U6,LAVANDERIA YO TE LAVO,,812210,Lavanderías y tintorerías,0 a 5 personas,AVENIDA,AVENIDA DEL PROGRESO,BOULEVARD,FUNDADORES,CALLE,NINGUNO,CALLE,SAN MIGUEL,22,,,,,,FRACCIONAMIENTO,HACIENDA FUENTES UNO,,,,72490,21,PUEBLA,114,Puebla,0001,Heroica Puebla de Zaragoza,6619,017,2224870747,,,Fijo,18.95323559,-98.25282672,2024-11,True,True,False,False,False,True,False,False,False,False,False,True,REVISAR,REVISAR,REVISAR,FILTRO_DENUE,REGLAS_DENUE,
9110899,21132812210001141000000000U0,LAVANDERIA YOSS,,812210,Lavanderías y tintorerías,0 a 5 personas,CALLE,PARICUTIN SUR,CALLE,RAFAEL AVILA CAMACHO,CALLE,AJUSCO,CALLE,PICO DE ORIZABA SUR,74,,,,,,COLONIA,LINDA VISTA,,,,74070,21,PUEBLA,132,San Martín Texmelucan,0001,San Martín Texmelucan de Labastida,004A,001,2484847492,,,Fijo,19.28398392,-98.44308355,2019-11,True,True,False,False,False,True,False,False,False,False,False,True,REVISAR,REVISAR,REVISAR,FILTRO_DENUE,REGLAS_DENUE,
9601908,21140812210001801000000000U2,LAVANDERIA ZOE,,812210,Lavanderías y tintorerías,0 a 5 personas,CALLE,8 NORTE,CALLE,20 ORIENTE,CALLE,18 ORIENTE,CALLE,6 NORTE,1813,,,,,,BARRIO,DE JESUS TLATEMPA,,,,72770,21,PUEBLA,140,San Pedro Cholula,0001,Cholula de Rivadavia,0408,003,,,,Fijo,19.0672333,-98.29726044,2024-11,True,True,False,False,False,True,False,False,False,False,False,True,REVISAR,REVISAR,REVISAR,FILTRO_DENUE,REGLAS_DENUE,
7547443,21114812210015701100000000U3,LAVANDERIA ZOE,,812210,Lavanderías y tintorerías,0 a 5 personas,CALLE,HOMBRES ILUSTRES,CALLE,LOPEZ RAYON,CALLE,ANAHUAC,CALLE,LOPEZ RAYON,19,,,,,,COLONIA,IGNACIO ROMERO VARGAS,,,,72120,21,PUEBLA,114,Puebla,0001,Heroica Puebla de Zaragoza,3313,025,,,,Fijo,19.08160996,-98.24323552,2019-11,True,True,False,False,False,True,False,False,False,False,False,True,REVISAR,REVISAR,REVISAR,FILTRO_DENUE,REGLAS_DENUE,
10599010,21114812210020051000000000U6,LAVANDERIA ZOJO LAUNDRY,,812210,Lavanderías y tintorerías,0 a 5 personas,CALLE,5 DE MAYO,CALLE,SEGUNDA AMANALCO,CERRADA,LA VENTA,PRIVADA,PRIMERA AMANALCO,52,,,,,,COLONIA,SAN PABLO XOCHIMIHUACAN,,,,72014,21,PUEBLA,114,Puebla,0001,Heroica Puebla de Zaragoza,257A,039,2229273838,,,Fijo,19.09182414,-98.20411697,2024-11,True,True,False,False,False,True,False,False,False,False,False,True,REVISAR,REVISAR,REVISAR,FILTRO_DENUE,REGLAS_DENUE,
3257219,21114812210011291000000000U9,LAVANDERIA ZURIMAR,,812210,Lavanderías y tintorerías,0 a 5 personas,CALLE,48 ORIENTE,CALLE,5 DE MAYO,PRIVADA,5 DE MAYO A PONIENTE,CALLE,5 DE MAYO,103,,,,,,COLONIA,MOCTEZUMA,,,,72260,21,PUEBLA,114,Puebla,0001,Heroica Puebla de Zaragoza,3544,001,2215574444,,,Fijo,19.06292017,-98.18831281,2010-07,True,True,False,False,False,True,False,False,False,False,False,True,REVISAR,REVISAR,REVISAR,FILTRO_DENUE,REGLAS_DENUE,
9821823,21114812210022361000000000U7,LAVANDERIALA PALMERA,,812210,Lavanderías y tintorerías,0 a 5 personas,PRIVADA,NINGUNO,PRIVADA,NINGUNO,CALLE,SOBERANIA NACIONAL,CALLE,PLURALISMO IDEOLOGICO,,SN,,1,,,UNIDAD HABITACIONAL,SOLIDARIDAD NACIONAL,MERCADO PUBLICO,MERCADO GUADALUPE,SN,72016,21,PUEBLA,114,Puebla,0001,Heroica Puebla de Zaragoza,6144,055,,,,Fijo,19.09491196,-98.1747809,2024-11,True,False,False,False,False,False,False,False,False,False,False,True,REVISAR,REVISAR,REVISAR,FILTRO_DENUE,REGLAS_DENUE,
8234730,21114812210016641000000000U0,LAVANDERIAS AQUAMATIC,,812210,Lavanderías y tintorerías,0 a 5 personas,BOULEVARD,JOSE MARIA LAFRAGUA,CALLE,FRAY TOMAS DE TORQUEMADA,CALLE,FRAY ANDRES DE OLMOS,CALLE,SANTO TOMAS DE AQUINO,8146,A,,,,,COLONIA,TRES CRUCES,,,,72595,21,PUEBLA,114,Puebla,0001,Heroica Puebla de Zaragoza,4561,020,2221035088,AQUAMATICPUEBLA@GMAIL.COM,WWW.AQUAMATIC.COM.MX,Fijo,18.98970652,-98.1957214,2019-11,True,False,False,False,False,False,False,False,False,False,False,True,REVISAR,REVISAR,REVISAR,FILTRO_DENUE,REGLAS_DENUE,
3458786,21114812210006391000000000U4,LAVANDERIAS BURBUJA,,812210,Lavanderías y tintorerías,0 a 5 personas,PROLONGACION,REFORMA,CALLE,CHAPULCO,AVENIDA,GUADALUPE,AVENIDA,TEZIUTLAN NORTE,3529,,,,,,COLONIA,LA PAZ,,,,72160,21,PUEBLA,114,Puebla,0001,Heroica Puebla de Zaragoza,2512,036,,,WWW.LAVANDERIALABURBUJA.COM,Fijo,19.05926514,-98.2248275,2010-07,True,False,False,False,False,False,False,False,False,False,False,True,REVISAR,REVISAR,REVISAR,FILTRO_DENUE,REGLAS_DENUE,
7516720,21015812210000181000000000U4,LAVANDERIAS CON M,,812210,Lavanderías y tintorerías,0 a 5 personas,CALLE,15 NORTE,CALLE,SAN MIGUEL,CALLE,SAN FRANCISCO,CALLE,SAN MIGUEL,414,,,,214,,MANZANA,NINGUNO,,,,72980,21,PUEBLA,015,Amozoc,0001,Amozoc de Mota,0289,057,,,,Fijo,19.0467372,-98.05285287,2019-11,True,False,False,False,False,False,False,False,False,False,False,True,REVISAR,REVISAR,REVISAR,FILTRO_DENUE,REGLAS_DENUE,
8077338,21132812210000961000000000U2,LAVANDERIAS DE AUTOSERVICIO DOLPHIN CLEAN,,812210,Lavanderías y tintorerías,0 a 5 personas,CALLE,ALVARO OBREGON,CALLE,PABLO L. SIDAR,CALLE,EMILIO CARRANZA,CALLE,VENUSTIANO CARRANZA,101,B,,,,,COLONIA,ALVARO OBREGON,,,,74060,21,PUEBLA,132,San Martín Texmelucan,0001,San Martín Texmelucan de Labastida,004A,010,,,,Fijo,19.28320912,-98.44073799,2019-11,True,False,False,False,False,False,False,False,False,False,False,True,REVISAR,REVISAR,REVISAR,FILTRO_DENUE,REGLAS_DENUE,
3352380,21114812210012613001000000U3,LAVANDERIAS INDUSTRIALES VESCAR,,812210,Lavanderías y tintorerías,0 a 5 personas,AVENIDA,18 ORIENTE,CALLE,38 NORTE,PRIVADA,38 NORTE,AVENIDA,16 ORIENTE,3807,,,,,,COLONIA,CRISTOBAL COLON,,,,72230,21,PUEBLA,114,Puebla,0001,Heroica Puebla de Zaragoza,5343,005,2226928595,,,Fijo,19.04648237,-98.16830233,2014-12,True,False,False,False,False,False,False,False,False,False,False,True,REVISAR,REVISAR,REVISAR,FILTRO_DENUE,REGLAS_DENUE,
8082063,21114812210016391000000000U2,LAVANDERIAS LAUNDROHECO,,812210,Lavanderías y tintorerías,0 a 5 personas,CALLE,LIBERTAD,AVENIDA,MATAMOROS,AVENIDA,NACIONAL,PRIVADA,XOCHIMILCO,766,,,1,,,COLONIA,LEOBARDO COCA,CENTRO Y PLAZA COMERCIAL,PLAZA LIBERTAD,3,72450,21,PUEBLA,114,Puebla,0001,Heroica Puebla de Zaragoza,2423,036,2212494196,LAUNDROHECO@GMAIL.COM,,Fijo,19.01387264,-98.22847403,2019-11,True,False,False,False,False,False,False,False,False,False,False,True,REVISAR,REVISAR,REVISAR,FILTRO_DENUE,REGLAS_DENUE,
10099624,21114812210019511000000000U2,LAVANDERIAS SMART WASH,,812210,Lavanderías y tintorerías,0 a 5 personas,CALLE,AVENIDA DE LA LIBERTAD,CALLE,DOCTOR GONZALO BAUTISTA CASTILLO,CALLE,ARROYO,CALLE,ARROYO,110,A,,,,,COLONIA,IGNACIO ZARAGOZA,,,,72380,21,PUEBLA,114,Puebla,0001,Heroica Puebla de Zaragoza,3830,015,,,,Fijo,19.03142081,-98.17917022,2024-11,True,False,False,False,False,False,False,False,False,False,False,True,REVISAR,REVISAR,REVISAR,FILTRO_DENUE,REGLAS_DENUE,
11506784,21114812210022001000000000U9,LAVANDERIAS SPLASH,,812210,Lavanderías y tintorerías,0 a 5 personas,CALLE,CLAVELES,PRIVADA,NINGUNO,CALLE,BUGAMBILIAS,CALLE,HELIOTROPOS,13903,,,,,,COLONIA,SAN RAMON,,,,72490,21,PUEBLA,114,Puebla,0001,Heroica Puebla de Zaragoza,4720,001,,ANTOMAGUSA@GMAIL.COM,,Fijo,18.97267506,-98.25644688,2024-11,True,False,False,False,False,False,False,False,False,False,False,True,REVISAR,REVISAR,REVISAR,FILTRO_DENUE,REGLAS_DENUE,
8325427,21114812210017911000000000U6,LAVANDERIAS SUPER GREEN,,812210,Lavanderías y tintorerías,0 a 5 personas,BOULEVARD,FORJADORES DE PUEBLA,BOULEVARD,BOULEVARD FORJADORES,CALLE,AQUILES SERDAN,AVENIDA,INSURGENTES,121,,,1,,,AMPLIACION,IGNACIO ROMERO VARGAS,CENTRO Y PLAZA COMERCIAL,PLAZA MANANTIALES,1,72760,21,PUEBLA,114,Puebla,0001,Heroica Puebla de Zaragoza,346A,020,2222383733,LAVANDERIASSUPERGREEN@GMAIL.COM,,Fijo,19.07693143,-98.26355924,2019-11,True,False,False,False,False,False,False,False,False,False,False,True,REVISAR,REVISAR,REVISAR,FILTRO_DENUE,REGLAS_DENUE,
9532267,21015812210000421000000000U4,LAVANDERÍAS Y TINTORERÍAS SIN NOMBRE,LAVANDERIA ESMA,812210,Lavanderías y tintorerías,0 a 5 personas,CALLE,2 NORTE,OTRO(ESPECIFIQUE),VIA DE FERROCARRIL,PRIVADA,SEGUNDA PRIVADA DE LA 2 NORTE,OTRO(ESPECIFIQUE),BARRANCO,,SN,,,,,COLONIA,SIGNORET,,,,72990,21,PUEBLA,015,Amozoc,0001,Amozoc de Mota,033A,043,2224611704,,,Fijo,19.05414334,-98.09230802,2024-11,True,True,False,False,False,True,False,False,False,False,False,True,REVISAR,REVISAR,REVISAR,FILTRO_DENUE,REGLAS_DENUE,
10130970,21180812210000071000000000U9,LAVANDERÍAS Y TINTORERÍAS SIN NOMBRE,LAVANDERIA LA GRANJA,812210,Lavanderías y tintorerías,0 a 5 personas,CALLE,1 SUR,PRIVADA,6 PONIENTE,PRIVADA,4 PONIENTE,PRIVADA,8 PONIENTE,5,A,,,,,COLONIA,LA GRANJA,,,,74100,21,PUEBLA,180,Tlahuapan,0001,Santa Rita Tlahuapan,0066,027,,,,Fijo,19.34408638,-98.58633245,2024-11,True,True,False,False,False,True,False,False,False,False,False,True,REVISAR,REVISAR,REVISAR,FILTRO_DENUE,REGLAS_DENUE,
3409224,21114812210003811000000000U4,LAVANDERIAY TINTORERIA MAX,,812210,Lavanderías y tintorerías,0 a 5 personas,AVENIDA,27 PONIENTE,CALLE,3 SUR,CALLE,5 SUR,AVENIDA,29 PONIENTE,305,C,,,,,COLONIA,CHULA VISTA,,,,72420,21,PUEBLA,114,Puebla,0001,Heroica Puebla de Zaragoza,3737,011,2221900778,,,Fijo,19.03561539,-98.20709014,2010-07,True,True,False,False,True,False,False,False,False,False,False,True,REVISAR,REVISAR,REVISAR,FILTRO_DENUE,REGLAS_DENUE,
10692662,21114812210020981000000000U4,LAVANDINO,,812210,Lavanderías y tintorerías,0 a 5 personas,AVENIDA,17 PONIENTE,CALLE,17 SUR,CALLE,15 SUR,AVENIDA,19 PONIENTE,1511,,,,,,COLONIA,RIVERA DE SANTIAGO,,,,72000,21,PUEBLA,114,Puebla,0001,Heroica Puebla de Zaragoza,0499,043,2218421770,,,Fijo,19.04395756,-98.21317407,2024-11,True,False,False,False,False,False,False,False,False,False,False,True,REVISAR,REVISAR,REVISAR,FILTRO_DENUE,REGLAS_DENUE,
10427677,21114812210020921000000000U0,LAVAQUATIC,,812210,Lavanderías y tintorerías,0 a 5 personas,PROLONGACION,REFORMA,CALLE,TONANZINTLA,AVENIDA,TEZIUTLAN SUR,AVENIDA,REFORMA SUR,4319,5,,,,,COLONIA,LA PAZ,,,,72160,21,PUEBLA,114,Puebla,0001,Heroica Puebla de Zaragoza,2508,022,,LAVAQUATIC@GMAIL.COM,,Fijo,19.06169119,-98.22976997,2024-11,True,False,False,False,False,False,False,False,False,False,False,True,REVISAR,REVISAR,REVISAR,FILTRO_DENUE,REGLAS_DENUE,
3277288,21114812210011331000000000U3,LAVATRONIC,TINTORERIA ELECTRONICA PLAZA SAN PEDRO,812210,Lavanderías y tintorerías,0 a 5 personas,CALLE,2 SUR,AVENIDA,13 ORIENTE,AVENIDA,15 ORIENTE,CALLE,16 DE SEPTIEMBRE,1311,,,,,,COLONIA,EL CARMEN,,,,72530,21,PUEBLA,114,Puebla,0001,Heroica Puebla de Zaragoza,3760,007,2222432809,LAVOTRONIKTINYOTERIAS@HMAIL.COM,,Fijo,19.03843671,-98.20014469,2010-07,True,True,False,False,True,False,False,False,False,False,False,True,REVISAR,REVISAR,REVISAR,FILTRO_DENUE,REGLAS_DENUE,
3274185,21114812210008291000000000U4,LAVATRONIK TINTORERIAS,TINTORERIA ELECTRONICA PLAZA SAN PEDRO,812210,Lavanderías y tintorerías,0 a 5 personas,CARRETERA,PUEBLA ATLIXCO,CALLE,NINGUNO,CALLE,CALLE DEL POZO,AVENIDA,REAL ZAVALETA,3507,,,,7,,MANZANA,RESERVA TERRITORIAL ATLIXCAYOTL CONCEPCION LA CRUZ,CENTRO Y PLAZA COMERCIAL,PLAZA AMJESTIC,7,72197,21,PUEBLA,119,San Andrés Cholula,0013,San Bernardino Tlaxcalancingo,0584,016,2222432809,LAVOTRONIKTINTORERIAS@GMAIL.COM,WWW.LAVATRONIK.COM,Fijo,19.03662627,-98.24884522,2012-06,True,True,False,False,True,False,False,False,False,False,False,True,REVISAR,REVISAR,REVISAR,FILTRO_DENUE,REGLAS_DENUE,
10688446,21114812210020111000000000U8,LAVO EXPRES,,812210,Lavanderías y tintorerías,0 a 5 personas,CALLE,36 NORTE,PRIVADA,34 NORTE,BOULEVARD,XONACA,PRIVADA,34 NORTE,1845,B,,,,,COLONIA,CRISTOBAL COLON,,,,72330,21,PUEBLA,114,Puebla,0001,Heroica Puebla de Zaragoza,0520,021,,,,Fijo,19.04712994,-98.17162566,2024-11,True,False,False,False,False,False,False,False,False,False,False,True,REVISAR,REVISAR,REVISAR,FILTRO_DENUE,REGLAS_DENUE,
8857958,21114812210013541000000000U5,LAVO PLUS,,812210,Lavanderías y tintorerías,0 a 5 personas,AVENIDA,11 ORIENTE,CALLE,14 SUR,CALLE,10 SUR,AVENIDA,13 ORIENTE,1001,A,,,,,COLONIA,MOTOLINIA,,,,72538,21,PUEBLA,114,Puebla,0001,Heroica Puebla de Zaragoza,378A,011,,LUZMARIANACEREZOROMERO@GMAIL.COM,,Fijo,19.03695141,-98.19381024,2019-11,True,False,False,False,False,False,False,False,False,False,False,True,REVISAR,REVISAR,REVISAR,FILTRO_DENUE,REGLAS_DENUE,
11272063,21114812210021811000000000U2,LAVO PRENDAS Y TINTORERIA,,812210,Lavanderías y tintorerías,0 a 5 personas,PROLONGACION,2 SUR,CALLE,111 A ORIENTE,CALLE,111 B ORIENTE,PRIVADA,B ORIENTE DE LA 16 DE SEPTIEMBRE,11115,,,,,,COLONIA,ARBOLEDAS DE LOMA BELLA,,,,72474,21,PUEBLA,114,Puebla,0001,Heroica Puebla de Zaragoza,4684,057,2228629887,,,Fijo,18.98500412,-98.22992365,2024-11,True,True,False,False,True,False,False,False,False,False,False,True,REVISAR,REVISAR,REVISAR,FILTRO_DENUE,REGLAS_DENUE,
11338353,21114812210021831000000000U0,LAVO PRONTO,,812210,Lavanderías y tintorerías,0 a 5 personas,PROLONGACION,PROLONGACION DE LA 9 NORTE,CERRADA,7 B NORTE,CALLE,NINGUNO,PROLONGACION,PROLONGACION DE LA 9 NORTE,,SN,,1,,,COLONIA,INFONAVIT VILLA FRONTERA,EDIFICIO COMERCIAL Y DE SERVICIOS,SIN NOMBRE,2,72200,21,PUEBLA,114,Puebla,0001,Heroica Puebla de Zaragoza,5803,036,,,,Fijo,19.08431728,-98.18308558,2024-11,True,False,False,False,False,False,False,False,False,False,False,True,REVISAR,REVISAR,REVISAR,FILTRO_DENUE,REGLAS_DENUE,
3274189,21114812210008381000000000U3,LAVO TRONIK TINTORERIAS,TINTORERIA ELECTRONICA PLAZA SAN PEDRO,812210,Lavanderías y tintorerías,0 a 5 personas,AVENIDA,JUAREZ,CALLE,27 SUR,CALLE,25 SUR,CALLE,9 PONIENTE,2503,,,,,,COLONIA,LA PAZ,,,,72160,21,PUEBLA,114,Puebla,0001,Heroica Puebla de Zaragoza,0376,039,,LAVOTRONIKTINTORERIAS@GMAIL.COM,WWW.LAVOTRONIK.COM,Fijo,19.05144357,-98.21824266,2012-06,True,True,False,False,True,False,False,False,False,False,False,True,REVISAR,REVISAR,REVISAR,FILTRO_DENUE,REGLAS_DENUE,
8187139,21114812210018461001000000U1,LAVO YO,,812210,Lavanderías y tintorerías,6 a 10 personas,CALLE,111 D ORIENTE,PROLONGACION,14 A SUR,PROLONGACION,PROLONGACION DE LA 14 SUR,CALLE,CAMINO REAL PROLONGACION BACHILLERES,1130,,,1,,,COLONIA,GRANJAS SAN ISIDRO,CENTRO Y PLAZA COMERCIAL,SORIANA MERCADO,401,72590,21,PUEBLA,114,Puebla,0001,Heroica Puebla de Zaragoza,2917,004,2227710883,,,Fijo,18.98209129,-98.21766457,2019-11,True,False,False,False,False,False,False,False,False,False,False,True,REVISAR,REVISAR,REVISAR,FILTRO_DENUE,REGLAS_DENUE,
9825149,21114812210021411000000000U1,LAVO YO,GERARDO CORTEZ,812210,Lavanderías y tintorerías,0 a 5 personas,PRIVADA,NINGUNO,CALLE,CIRUELOS,CALLE,LOTOS,AVENIDA,CEREZOS,,SN,,,,,FRACCIONAMIENTO,SAN RAMON CUARTA SECCION,,,,72490,21,PUEBLA,114,Puebla,0001,Heroica Puebla de Zaragoza,2033,023,,LAVOYO10@HOTMAIL.COM,,Fijo,18.96443049,-98.26796407,2024-11,True,False,False,False,False,False,False,False,False,False,False,True,REVISAR,REVISAR,REVISAR,FILTRO_DENUE,REGLAS_DENUE,
9978940,21114812210021341000000000U0,LAVO YO,,812210,Lavanderías y tintorerías,0 a 5 personas,AVENIDA,XONACATEPEC,CALLE,NINGUNO,CARRETERA,18 DE NOVIEMBRE (FEDERAL PUEBLA-TEHUACAN),CALLE,NINGUNO,,SN,,,,,COLONIA,XONACATEPEC,,,,72229,21,PUEBLA,114,Puebla,0001,Heroica Puebla de Zaragoza,2404,047,,,,Fijo,19.04930245,-98.1534009,2024-11,True,False,False,False,False,False,False,False,False,False,False,True,REVISAR,REVISAR,REVISAR,FILTRO_DENUE,REGLAS_DENUE,
8150364,21114812210014911000000000U9,LAVO YO AUTOSERVICIO DE LAVANDERIA EXPRESS,,812210,Lavanderías y tintorerías,0 a 5 personas,AVENIDA,PRINCIPAL,CALLE,IGNACIO ZARAGOZA,AVENIDA,AVENIDA DEL TRABAJO,AVENIDA,AVENIDA DEL TRABAJO,0,SN,,1,,,COLONIA,MAYORAZGO,CENTRO Y PLAZA COMERCIAL,PLAZA MAYORAZGO,102,72453,21,PUEBLA,114,Puebla,0001,Heroica Puebla de Zaragoza,0836,011,,,,Fijo,19.02143711,-98.22641747,2019-11,True,True,False,False,False,True,False,False,False,False,False,True,REVISAR,REVISAR,REVISAR,FILTRO_DENUE,REGLAS_DENUE,
10044767,21114812210021921000000000U9,LAVOAUTOSERVICIO,MIGUEL CHAVEZ,812210,Lavanderías y tintorerías,0 a 5 personas,CALLE,16 DE SEPTIEMBRE,CALLE,ROBLE,CALLE,CEDROS,CALLE,LIRIOS,,SN,,,,,COLONIA,RANCHO XAXALPA,,,,72580,21,PUEBLA,114,Puebla,0001,Heroica Puebla de Zaragoza,2438,027,,,,Fijo,19.00704853,-98.21929414,2024-11,True,False,False,False,False,False,False,False,False,False,False,True,REVISAR,REVISAR,REVISAR,FILTRO_DENUE,REGLAS_DENUE,
3434583,21114812210005721001000000U3,LAVOMAR,,812210,Lavanderías y tintorerías,6 a 10 personas,CALLE,EJIDO,CALLE,NINGUNO,CALLE,FRANCISCO VILLA,CALLE,AVENIDA CONSTITUCION,87,C,,,,,COLONIA,BELLO HORIZONTE,,,,72730,21,PUEBLA,114,Puebla,0001,Heroica Puebla de Zaragoza,5998,038,2215772288,,,Fijo,19.05922674,-98.2586206,2010-07,True,False,False,False,False,False,False,False,False,False,False,True,REVISAR,REVISAR,REVISAR,FILTRO_DENUE,REGLAS_DENUE,
10119497,21114812210020741000000000U2,LAVOMATIC,,812210,Lavanderías y tintorerías,0 a 5 personas,CARRETERA,CARRETERA A LA RESURRECCION,CALLE,108 A ORIENTE,CALLE,108 ORIENTE,CALLE,48 NORTE,3,,,,,,COLONIA,BOSQUES DE SANTA ANITA,,,,72210,21,PUEBLA,114,Puebla,0001,Heroica Puebla de Zaragoza,6017,010,,,,Fijo,19.07647231,-98.13966466,2024-11,True,False,False,False,False,False,False,False,False,False,False,True,REVISAR,REVISAR,REVISAR,FILTRO_DENUE,REGLAS_DENUE,
3346142,21114812210011871000000000U8,LAVOMATIC,,812210,Lavanderías y tintorerías,0 a 5 personas,CALLE,BENITO JUAREZ,CERRADA,PRIMERA MORELOS,CALLE,JOSE MARIA MORELOS,CERRADA,PRIMERA MORELOS,102,A,,,,,COLONIA,FRANCISCO I MADERO,,,,72130,21,PUEBLA,114,Puebla,0001,Heroica Puebla de Zaragoza,3332,029,2227030427,,,Fijo,19.078872,-98.23061475,2014-12,True,False,False,False,False,False,False,False,False,False,False,True,REVISAR,REVISAR,REVISAR,FILTRO_DENUE,REGLAS_DENUE,
11828397,21114812210022781000000000U6,LAVOMAX,,812210,Lavanderías y tintorerías,0 a 5 personas,CALLE,PINO,CALLE,Cedro,CALLE,Tulipán,ANDADOR,Rosa,69,,,,,,COLONIA,JESUS GONZALEZ ORTEGA,,,,72040,21,PUEBLA,114,Puebla,0001,Heroica Puebla de Zaragoza,339A,020,2228833115,,,Fijo,19.07816079,-98.21259629,2025-04,True,False,False,False,False,False,False,False,False,False,False,True,REVISAR,REVISAR,REVISAR,FILTRO_DENUE,REGLAS_DENUE,
8811294,21114812210016041000000000U3,LAVOTRONIC,TINTORERIA ELECTRONICA PLAZA SAN PEDRO,812210,Lavanderías y tintorerías,0 a 5 personas,AVENIDA,12 ORIENTE,CALLE,34 NORTE,CALLE,32 NORTE BIS,PRIVADA,10 ORIENTE,3213,,,,,,COLONIA,HUMBOLDT SUR,,,,72370,21,PUEBLA,114,Puebla,0001,Heroica Puebla de Zaragoza,0520,027,,LAVOTRONIKTINTORERIAS@GMAIL.COM,,Fijo,19.04267052,-98.17088273,2019-11,True,True,False,False,True,False,False,False,False,False,False,True,REVISAR,REVISAR,REVISAR,FILTRO_DENUE,REGLAS_DENUE,
3274188,21114812210008391000000000U7,LAV-O-TRONIC,TINTORERIA ELECTRONICA PLAZA SAN PEDRO,812210,Lavanderías y tintorerías,0 a 5 personas,BOULEVARD,VICENTE GUERRERO,BOULEVARD,HOMBRES ILUSTRES,RETORNO,NINGUNO,RETORNO,NINGUNO,,SN,,,,,FRACCIONAMIENTO,VALLE DEL SOL,,,,72565,21,PUEBLA,114,Puebla,0001,Heroica Puebla de Zaragoza,3972,020,,LAVATRONIKTINTORERIAS@GMAIL.COM,,Fijo,19.01024173,-98.18744429,2012-06,True,True,False,False,True,False,False,False,False,False,False,True,REVISAR,REVISAR,REVISAR,FILTRO_DENUE,REGLAS_DENUE,
8632816,21114812210014651000000000U1,LAVOTRONIK TINTORERIAS,LAVOTRONIK TINTORERIAS,812210,Lavanderías y tintorerías,0 a 5 personas,DIAGONAL,DEFENSORES DE LA REPUBLICA,CALLE,34 PONIENTE,CALLE,SEGUNDA PRIVADA 13 NORTE,CALLE,SEGUNDA PRIVADA 13 NORTE,435,,,,,,COLONIA,LAZARO CARDENAS,,,,72105,21,PUEBLA,114,Puebla,0001,Heroica Puebla de Zaragoza,3493,026,,LAVOTRONIKTINTORERIAS@GMAIL.COM,,Fijo,19.06263509,-98.20108211,2019-11,True,False,False,False,False,False,False,False,False,False,False,True,REVISAR,REVISAR,REVISAR,FILTRO_DENUE,REGLAS_DENUE,
11141301,21114812210019801000000000U7,LEON TINTORERIA,,812210,Lavanderías y tintorerías,0 a 5 personas,BOULEVARD,HEROES DEL 5 DE MAYO,CALLE,48 PONIENTE,PROLONGACION,DIAGONAL DEFENSORES DE LA REPUBLICA,CALLE,3 NORTE,,SN,,,,,COLONIA,JOSE MARIA MORELOS,,,,72080,21,PUEBLA,114,Puebla,0001,Heroica Puebla de Zaragoza,3544,040,2212050603,,,Fijo,19.06423688,-98.19109974,2024-11,True,True,False,False,True,False,False,False,False,False,False,True,REVISAR,REVISAR,REVISAR,FILTRO_DENUE,REGLAS_DENUE,
10217112,21114812210020661000000000U2,LIMPIEZA Y LAVADO DE SNEAKERS DUSA,,812210,Lavanderías y tintorerías,0 a 5 personas,CALLE,CAMINO NACIONAL,CALLE,JALAPA,CALLE,HIDALGO,CARRETERA,FEDERAL MEXICO PUEBLA,,SN,,,,,COLONIA,IGNACIO ROMERO VARGAS,,,,72120,21,PUEBLA,114,Puebla,0001,Heroica Puebla de Zaragoza,346A,023,2211646653,,,Fijo,19.07149128,-98.24713763,2024-11,True,True,False,False,False,True,False,False,False,False,False,True,REVISAR,REVISAR,REVISAR,FILTRO_DENUE,REGLAS_DENUE,
10027204,21114812210020841000000000U0,LIVERCLEAN,,812210,Lavanderías y tintorerías,0 a 5 personas,CALLE,CHIPILO,AVENIDA,REFORMA SUR,CALLE,AVENIDA 3 PONIENTE,CALLE,29 SUR,115,,,,,,COLONIA,LA PAZ,,,,72160,21,PUEBLA,114,Puebla,0001,Heroica Puebla de Zaragoza,0376,035,,,,Fijo,19.05435501,-98.21900866,2024-11,True,False,False,False,False,False,False,False,False,False,False,True,REVISAR,REVISAR,REVISAR,FILTRO_DENUE,REGLAS_DENUE,
3366378,21114812210008422001000000U5,LOUNDROMAT,LOUNDROMAT,812210,Lavanderías y tintorerías,6 a 10 personas,AVENIDA,SAN IGNACIO,AVENIDA,EMILIANO ZAPATA,PRIVADA,EMILIANO ZAPATA,AVENIDA,SAN IGNACIO,602,,,,,,COLONIA,SAN BALTAZAR LINDA VISTA,,,,72550,21,PUEBLA,114,Puebla,0001,Heroica Puebla de Zaragoza,0766,049,,BUBLESS2014@GMAIL.COM,,Fijo,19.01194339,-98.20833799,2010-07,True,False,False,False,False,False,False,False,False,False,False,True,REVISAR,REVISAR,REVISAR,FILTRO_DENUE,REGLAS_DENUE,
8077429,21132812210000981000000000U0,LUCERAMIC,,812210,Lavanderías y tintorerías,0 a 5 personas,CALLE,FRANCISCO I MADERO SUR,CALLE,JOSE MARIA MORELOS ORIENTE,AVENIDA,BENITO JUAREZ ORIENTE,CALLE,VICENTE GUERRERO SUR,,SN,,,,,COLONIA,DOMINGO ARENAS,,,,74050,21,PUEBLA,132,San Martín Texmelucan,0001,San Martín Texmelucan de Labastida,0340,018,,,,Fijo,19.28180271,-98.4305507,2019-11,True,False,False,False,False,False,False,False,False,False,False,True,REVISAR,REVISAR,REVISAR,FILTRO_DENUE,REGLAS_DENUE,
11569982,21114812210022451000000000U6,MAGIA DEL LAVADO,,812210,Lavanderías y tintorerías,0 a 5 personas,CALLE,78 PONIENTE,OTRO(ESPECIFIQUE),NINGUNO,CALLE,5 NORTE,PRIVADA,NINGUNO,,SN,,,,,COLONIA,NACIONES UNIDAS,,,,72210,21,PUEBLA,114,Puebla,0001,Heroica Puebla de Zaragoza,2334,015,,,,Fijo,19.07469969,-98.18434124,2024-11,True,True,False,False,False,True,False,False,False,False,False,True,REVISAR,REVISAR,REVISAR,FILTRO_DENUE,REGLAS_DENUE,
10978442,21074812210000741000000000U2,MAGIC WASH SERVICIOS,,812210,Lavanderías y tintorerías,0 a 5 personas,CALLE,FEDERAL MEXICO PUEBLA,AVENIDA,CUAUHTEMOC,AVENIDA,LOS ARCOS,CALLE,NEZAHUALCOYOTL,,SN,,,,,LOCALIDAD,HUEJOTZINGO,,,,74160,21,PUEBLA,074,Huejotzingo,0001,Huejotzingo,0063,022,,,,Fijo,19.14958454,-98.40537115,2024-11,True,False,False,False,False,False,False,False,False,False,False,True,REVISAR,REVISAR,REVISAR,FILTRO_DENUE,REGLAS_DENUE,
11047305,21015812210000361000000000U2,MARTER CLEAN,,812210,Lavanderías y tintorerías,0 a 5 personas,PRIVADA,CLAVEL,AVENIDA,2 PONIENTE,PRIVADA,NINGUNO,ANDADOR,JAZMINES,9,,,,,,COLONIA,SAN MATEO MENDIZABAL,,,,72990,21,PUEBLA,015,Amozoc,0001,Amozoc de Mota,0240,017,,,,Fijo,19.04308434,-98.07680596,2024-11,True,False,False,False,False,False,False,False,False,False,False,True,REVISAR,REVISAR,REVISAR,FILTRO_DENUE,REGLAS_DENUE,
9756854,21114812210022651000000000U1,MAS CLEAN,,812210,Lavanderías y tintorerías,0 a 5 personas,BOULEVARD,HERMANOS SERDAN,BOULEVARD,HERMANOS SERDAN,CALLE,CEDRO,BOULEVARD,NINGUNO,810,,,1,,,COLONIA,EL RIEGO SUR,CENTRO Y PLAZA COMERCIAL,MESON,10,72020,21,PUEBLA,114,Puebla,0001,Heroica Puebla de Zaragoza,428A,016,2224176868,MASCLEANHS@GMAIL.COM,,Fijo,19.09345125,-98.22956781,2024-11,True,False,False,False,False,False,False,False,False,False,False,True,REVISAR,REVISAR,REVISAR,FILTRO_DENUE,REGLAS_DENUE,
3338343,21119812210000811000000000U6,MAX TINTORERIA,,812210,Lavanderías y tintorerías,0 a 5 personas,BOULEVARD,LOMAS ORIENTE,CALLE,NINGUNO,BOULEVARD,LOMAS ORIENTE,BOULEVARD,LOMAS ORIENTE,10000,,,1,,,LOCALIDAD,SAN BERNARDINO TLAXCALANCINGO,CENTRO Y PLAZA COMERCIAL,ARCO LOMAS,9,72830,21,PUEBLA,119,San Andrés Cholula,0013,San Bernardino Tlaxcalancingo,0495,006,2222839673,TINTORERIASMAX_ARCOLOMAS@HOTMAIL.COM,WWW.TINTORERIASMAX.COM,Fijo,18.99989706,-98.26098937,2014-12,True,True,False,False,True,False,False,False,False,False,False,True,REVISAR,REVISAR,REVISAR,FILTRO_DENUE,REGLAS_DENUE,
7583401,21132812210000781000000000U4,MAXI CLEAN,,812210,Lavanderías y tintorerías,0 a 5 personas,CALLE,DOMINGO ARENAS,PRIVADA,TERCER PRIVADA DOMINGO ARENAS,CALLE,10 DE MAYO,CALLE,10 DE MAYO,25,,,,,,LOCALIDAD,SANTA CATARINA HUEYATZACOALCO,,,,74125,21,PUEBLA,132,San Martín Texmelucan,0001,San Martín Texmelucan de Labastida,0406,034,2481810722,,,Fijo,19.28058431,-98.44960573,2019-11,True,False,False,False,False,False,False,False,False,False,False,True,REVISAR,REVISAR,REVISAR,FILTRO_DENUE,REGLAS_DENUE,
8187716,21114812210018571000000000U7,MOMS LAUNDRY,ELIZA MARTINEZ,812210,Lavanderías y tintorerías,0 a 5 personas,CALLE,18 SUR,CALLE,113 A ORIENTE,CALLE,115 ORIENTE,CALLE,18 SUR,11309,4,,,,,FRACCIONAMIENTO,LOS HEROES PUEBLA 2,,,,72590,21,PUEBLA,114,Puebla,0001,Heroica Puebla de Zaragoza,6356,008,,MONSLAUNDRY@GMAIL.COM,,Fijo,18.97557666,-98.21340658,2019-11,True,True,False,False,False,True,False,False,False,False,False,True,REVISAR,REVISAR,REVISAR,FILTRO_DENUE,REGLAS_DENUE,
8950852,21041812210000921000000000U9,MONDO WASH,,812210,Lavanderías y tintorerías,0 a 5 personas,AVENIDA,TLAXCALA,PRIVADA,SAN JOSE,CALLE,SAN ISIDRO,PRIVADA,NINGUNO,,SN,,1,,,LOCALIDAD,DEL CALVARIO,PASAJE Y ANDADOR COMERCIAL,PLAZA AURE,50,72600,21,PUEBLA,041,Cuautlancingo,0001,San Juan Cuautlancingo,0109,020,,,,Fijo,19.10185938,-98.2811727,2019-11,True,False,False,False,False,False,False,False,False,False,False,True,REVISAR,REVISAR,REVISAR,FILTRO_DENUE,REGLAS_DENUE,
10943707,21114812210021521000000000U7,MR WASH,,812210,Lavanderías y tintorerías,0 a 5 personas,AVENIDA,NINGUNO,PRIVADA,NINGUNO,AVENIDA,MATAMOROS,AVENIDA,HERMENEGILDO GALEANA,751,,,,,,COLONIA,LEOBARDO COCA,,,,72450,21,PUEBLA,114,Puebla,0001,Heroica Puebla de Zaragoza,2423,040,2212662800,,,Fijo,19.01570782,-98.22693829,2024-11,True,False,False,False,False,False,False,False,False,False,False,True,REVISAR,REVISAR,REVISAR,FILTRO_DENUE,REGLAS_DENUE,
7852975,21114812210015981000000000U1,NICE & CLEAN TINTORERIA LAVANDERIA Y PLANCHADO,,812210,Lavanderías y tintorerías,0 a 5 personas,PRIVADA,15 PONIENTE,PROLONGACION,JALPAN,CALLE,ALMOLONGA,CALLE,AVENIDA 17 PONIENTE,4505,,,,,,COLONIA,LA PAZ,,,,72160,21,PUEBLA,114,Puebla,0001,Heroica Puebla de Zaragoza,2508,038,,,,Fijo,19.05567262,-98.23471342,2019-11,True,True,False,False,True,True,False,False,True,False,False,True,REVISAR,REVISAR,REVISAR,FILTRO_DENUE,REGLAS_DENUE,
11285853,21041812210001201000000000U5,NOVA CLEAN,,812210,Lavanderías y tintorerías,0 a 5 personas,CALLE,CENTENARIO,CALLE,CENTENARIO,PRIVADA,CENTENARIO,CALLE,ESTACION CENTRAL,227,A,,,,,FRACCIONAMIENTO,SECCION 9 A MISIONES DE SAN FRANCISCO,,,,72680,21,PUEBLA,041,Cuautlancingo,0027,San Jacinto,0382,017,2226693672,,,Fijo,19.15062169,-98.26061685,2024-11,True,False,False,False,False,False,False,False,False,False,False,True,REVISAR,REVISAR,REVISAR,FILTRO_DENUE,REGLAS_DENUE,
9983862,21114812210020471000000000U6,PAPPOS CLEAN,,812210,Lavanderías y tintorerías,0 a 5 personas,CALLE,2 ORIENTE,CALLE,2 NORTE,CALLE,4 NORTE,CALLE,4 ORIENTE,206,,,,,,COLONIA,LA LIBERTAD,,,,72130,21,PUEBLA,114,Puebla,0001,Heroica Puebla de Zaragoza,3370,026,2224381001,D_CERVANTES@LIVE.COM,,Fijo,19.0702142,-98.23359818,2024-11,True,False,False,False,False,False,False,False,False,False,False,True,REVISAR,REVISAR,REVISAR,FILTRO_DENUE,REGLAS_DENUE,
10172714,21125812210000071000000000U4,PEFECT CLEAN,,812210,Lavanderías y tintorerías,0 a 5 personas,AVENIDA,5 DE MAYO,OTRO(ESPECIFIQUE),CANAL,PRIVADA,12 ORIENTE,PRIVADA,NINGUNO,610,,,,,,PUEBLO,CHIPILO DE FRANCISCO JAVIER MINA,,,,74325,21,PUEBLA,125,San Gregorio Atzompa,0002,Chipilo de Francisco Javier Mina,0045,062,,,,Fijo,19.00730245,-98.32805812,2024-11,True,False,False,False,False,False,False,False,False,False,False,True,REVISAR,REVISAR,REVISAR,FILTRO_DENUE,REGLAS_DENUE,
10344313,21074812210000951000000000U7,PLANCHA DE PANTALON,,812210,Lavanderías y tintorerías,0 a 5 personas,CALLE,GLORIA,CALLE,NINGUNO,PRIVADA,GLORIA,CALLE,LOS REYES,27,,,,,,LOCALIDAD,SANTA ANA XALMIMILULCO,,,,74169,21,PUEBLA,074,Huejotzingo,0029,Santa Ana Xalmimilulco,0025,052,,,,Fijo,19.20788768,-98.37592313,2024-11,True,True,True,False,False,False,False,False,False,False,False,True,REVISAR,REVISAR,REVISAR,FILTRO_DENUE,REGLAS_DENUE,
10907036,21114812210021671000000000U0,PLANCHADO CASERO SIN NOMBRE,PLANCHADO CASERO SIN NOMBRE,812210,Lavanderías y tintorerías,0 a 5 personas,CALLE,CHICHIMECA PONIENTE,CALLE,ELTI,CALLE,CUAPA,CALLE,MIXTECA,1,D,,,,,COLONIA,BELLO HORIZONTE,,,,72735,21,PUEBLA,114,Puebla,0001,Heroica Puebla de Zaragoza,5983,024,2215648589,,,Fijo,19.05758084,-98.2668036,2024-11,True,True,False,False,False,False,False,False,True,False,False,True,REVISAR,REVISAR,REVISAR,FILTRO_DENUE,REGLAS_DENUE,
7517493,21134315229000851010000000U3,PLANCHADO DE MAQUILA,,812210,Lavanderías y tintorerías,0 a 5 personas,CALLE,5 DE MAYO,OTRO(ESPECIFIQUE),NINGUNO,CALLE,HERMANOS SERDAN,CALLE,ZAPOTITLAN,1011,B,,,,,LOCALIDAD,SAN MATIAS TLALANCALECA,,,,74110,21,PUEBLA,134,San Matías Tlalancaleca,0001,San Matías Tlalancaleca,003A,044,2481550311,,,Fijo,19.332372,-98.50279003,2019-11,True,True,False,False,False,False,False,True,True,False,False,True,REVISAR,REVISAR,REVISAR,FILTRO_DENUE,REGLAS_DENUE,
3326130,21074812210000351000000000U0,PLANCHADO DE PANTALON,,812210,Lavanderías y tintorerías,0 a 5 personas,CALLE,ADOLFO LOPEZ MATEOS,CALLE,VIOLETAS PONIENTE,CALLE,DOMINGO ARENAS,CALLE,AQUILES SERDAN NORTE,3,,,,,,LOCALIDAD,SANTA ANA XALMIMILULCO,,,,74169,21,PUEBLA,074,Huejotzingo,0029,Santa Ana Xalmimilulco,0190,022,,,,Fijo,19.2118204,-98.38540714,2014-12,True,True,True,False,False,False,False,False,True,False,False,True,REVISAR,REVISAR,REVISAR,FILTRO_DENUE,REGLAS_DENUE,
11297294,21074812210000932000000000U7,PLANCHADO DE PANTALON SIN NOMBRE,,812210,Lavanderías y tintorerías,6 a 10 personas,CALLE,RAFAEL SERRANO,CALLE,PORFIRIO DIAZ,CALLE,EL VOLCAN,CALLE,FLORES MAGON,12,,,,,,COLONIA,CENTRO,,,,74169,21,PUEBLA,074,Huejotzingo,0029,Santa Ana Xalmimilulco,0025,003,2214027713,,,Fijo,19.20740894,-98.38441686,2024-11,True,True,True,False,False,False,False,False,True,False,False,True,REVISAR,REVISAR,REVISAR,FILTRO_DENUE,REGLAS_DENUE,
3409625,21134812210000082000000000U3,PLANCHADO DE ROPA,,812210,Lavanderías y tintorerías,0 a 5 personas,CALLE,NIÑO JESUS,CALLE,GUADALUPE,PRIVADA,NINGUNO,CERRADA,GUADALUPE,425,,,,,,LOCALIDAD,SAN MATIAS TLALANCALECA,,,,74110,21,PUEBLA,134,San Matías Tlalancaleca,0001,San Matías Tlalancaleca,003A,007,2481196491,,,Fijo,19.32883334,-98.49790506,2010-07,True,True,True,False,False,False,False,False,True,False,False,True,REVISAR,REVISAR,REVISAR,FILTRO_DENUE,REGLAS_DENUE,
9920113,21074812210000971000000000U5,PLANCHADO SIN NOMBRE,SERGIO HERNANDEZAMARO,812210,Lavanderías y tintorerías,0 a 5 personas,PRIVADA,LA BRISA,CALLE,SAN MATEO,PRIVADA,NINGUNO,OTRO(ESPECIFIQUE),NINGUNO,2,,,,,,LOCALIDAD,SANTA ANA XALMIMILULCO,,,,74169,21,PUEBLA,074,Huejotzingo,0029,Santa Ana Xalmimilulco,0190,029,,,,Fijo,19.21044099,-98.39010957,2024-11,True,True,False,False,False,False,False,False,True,False,False,True,REVISAR,REVISAR,REVISAR,FILTRO_DENUE,REGLAS_DENUE,
3409709,21134812210000021002000000U1,PLANCHADO TEXTIL Y LAVANDERIA ARICHEL,,812210,Lavanderías y tintorerías,6 a 10 personas,PRIVADA,NINGUNO,PRIVADA,NINGUNO,CALLE,CALLE DE LA LUZ,CALLE,SAN MATIAS,30,,,,,,LOCALIDAD,SAN MATIAS TLALANCALECA,,,,74110,21,PUEBLA,134,San Matías Tlalancaleca,0001,San Matías Tlalancaleca,003A,017,2481825974,,,Fijo,19.32562602,-98.49790567,2010-07,True,True,True,False,False,True,False,False,True,False,False,True,REVISAR,REVISAR,REVISAR,FILTRO_DENUE,REGLAS_DENUE,
3456437,21114812210003401000000000U4,PLANCHADURIA,,812210,Lavanderías y tintorerías,0 a 5 personas,CALLE,24 SUR,AVENIDA,SAN MANUEL,AVENIDA,SAN FRANCISCO,CALLE,RIO GRIJALVA,5507,,,,,,FRACCIONAMIENTO,JARDINES DE SAN MANUEL,,,,72570,21,PUEBLA,114,Puebla,0001,Heroica Puebla de Zaragoza,0821,005,2226452218,,,Fijo,19.01098492,-98.1935886,2010-07,True,False,False,False,False,False,False,False,False,False,False,True,REVISAR,REVISAR,REVISAR,FILTRO_DENUE,REGLAS_DENUE,
3408286,21114812210004861000000000U8,PLANCHADURIA ADRIANA,,812210,Lavanderías y tintorerías,0 a 5 personas,AVENIDA,21 PONIENTE,CALLE,9 SUR,CALLE,7 SUR,AVENIDA,19 PONIENTE,706,,,,,,COLONIA,CHULAVISTA,,,,72410,21,PUEBLA,114,Puebla,0001,Heroica Puebla de Zaragoza,3741,025,,,,Fijo,19.0395203,-98.20814305,2010-07,True,False,False,False,False,False,False,False,False,False,False,True,REVISAR,REVISAR,REVISAR,FILTRO_DENUE,REGLAS_DENUE,
3450363,21140812210000081000000000U2,PLANCHADURIA CHOLULA,,812210,Lavanderías y tintorerías,0 a 5 personas,AVENIDA,MIGUEL ALEMAN,AVENIDA,5 PONIENTE,AVENIDA,3 PONIENTE,AVENIDA,5 PONIENTE,302,,,,,,COLONIA,CENTRO,,,,72760,21,PUEBLA,140,San Pedro Cholula,0001,Cholula de Rivadavia,0056,011,,,,Fijo,19.06104037,-98.3074474,2010-07,True,False,False,False,False,False,False,False,False,False,False,True,REVISAR,REVISAR,REVISAR,FILTRO_DENUE,REGLAS_DENUE,
3408364,21114812210002671000000000U3,PLANCHADURIA CONTINENTAL,,812210,Lavanderías y tintorerías,0 a 5 personas,CALLE,9 SUR,AVENIDA,25 PONIENTE,AVENIDA,23 PONIENTE,CALLE,7 SUR,2308,,,,,,COLONIA,CHULAVISTA,,,,72410,21,PUEBLA,114,Puebla,0001,Heroica Puebla de Zaragoza,3741,014,,,,Fijo,19.03858957,-98.2097915,2010-07,True,False,False,False,False,False,False,False,False,False,False,True,REVISAR,REVISAR,REVISAR,FILTRO_DENUE,REGLAS_DENUE,
3518713,21114812210003251000000000U0,PLANCHADURIA EDUARDOS,,812210,Lavanderías y tintorerías,0 a 5 personas,AVENIDA,ACATLAN,CALLE,SEGUNDA DE BENITO JUAREZ,CALLE,PEDRO MORENO,AVENIDA,MATAMOROS,742,,,,,,COLONIA,VICENTE GUERRERO,,,,72470,21,PUEBLA,114,Puebla,0001,Heroica Puebla de Zaragoza,3879,015,,,,Fijo,19.00538879,-98.23090944,2014-12,True,False,False,False,False,False,False,False,False,False,False,True,REVISAR,REVISAR,REVISAR,FILTRO_DENUE,REGLAS_DENUE,
10680166,21134812210000241000000000U5,PLANCHADURIA JESUS,,812210,Lavanderías y tintorerías,0 a 5 personas,CALLE,SAN PEDRO,PRIVADA,NINGUNO,PRIVADA,NINGUNO,PRIVADA,SAN JOSE,306,,,,,,COLONIA,CENTRO,,,,74110,21,PUEBLA,134,San Matías Tlalancaleca,0001,San Matías Tlalancaleca,0044,013,2481993628,,,Fijo,19.32102301,-98.50011439,2024-11,True,False,False,False,False,False,False,False,False,False,False,True,REVISAR,REVISAR,REVISAR,FILTRO_DENUE,REGLAS_DENUE,
3444735,21114812210006541000000000U4,PLANCHADURIA LA HISPANA,,812210,Lavanderías y tintorerías,0 a 5 personas,AVENIDA,14 ORIENTE,PRIVADA,18 A NORTE,CALLE,20 NORTE,AVENIDA,10 ORIENTE,1809,B,,,,,COLONIA,BARRIO DE LOS REMEDIOS,,,,72377,21,PUEBLA,114,Puebla,0001,Heroica Puebla de Zaragoza,0431,001,,,,Fijo,19.04363703,-98.18452603,2010-07,True,False,False,False,False,False,False,False,False,False,False,True,REVISAR,REVISAR,REVISAR,FILTRO_DENUE,REGLAS_DENUE,
3251848,21114812210003071000000000U5,PLANCHADURIA RAFA,,812210,Lavanderías y tintorerías,0 a 5 personas,CALLE,15 NORTE,AVENIDA,114 PONIENTE,AVENIDA,112 PONIENTE,PRIVADA,I DE LA 13 NORTE,11246,,,,,,CONJUNTO HABITACIONAL,REAL DE GUADALUPE,,,,72016,21,PUEBLA,114,Puebla,0001,Heroica Puebla de Zaragoza,5362,029,,,,Fijo,19.09385287,-98.18054502,2010-07,True,False,False,False,False,False,False,False,False,False,False,True,REVISAR,REVISAR,REVISAR,FILTRO_DENUE,REGLAS_DENUE,
11000440,21114812210021841000000000U9,PLANCHADURIA SIN NOMBRE,PLANCHADURIA,812210,Lavanderías y tintorerías,0 a 5 personas,CALLE,10 J,BOULEVARD,EL CASCO,BOULEVARD,LATERAL AUTOPISTA,CALLE,11 J,23,1,,,,,FRACCIONAMIENTO,COLON,,,,72310,21,PUEBLA,114,Puebla,0001,Heroica Puebla de Zaragoza,481A,032,2211889086,,,Fijo,19.06742075,-98.12448905,2024-11,True,False,False,False,False,False,False,False,False,False,False,True,REVISAR,REVISAR,REVISAR,FILTRO_DENUE,REGLAS_DENUE,
8325911,21114812210018001000000000U5,PLANCHADURIA STIRATO,,812210,Lavanderías y tintorerías,0 a 5 personas,CALLE,LATERAL DE LA RECTA,CALLE,EUCALIPTOS,CALZADA,CALZADA DEL ROBLE,CALLE,EUCALIPTOS,9902,,,,5,,COLONIA,CIPRES DE ZAVALETA,,,,72170,21,PUEBLA,114,Puebla,0001,Heroica Puebla de Zaragoza,3949,013,2228123886,,,Fijo,19.06004602,-98.25240978,2019-11,True,False,False,False,False,False,False,False,False,False,False,True,REVISAR,REVISAR,REVISAR,FILTRO_DENUE,REGLAS_DENUE,
7547730,21114812210015811000000000U0,PLANCHADURIA Y TINTORERIA SIN NOMBRE,,812210,Lavanderías y tintorerías,0 a 5 personas,CALLE,CALZADA O CRISTO REY,PRIVADA,SEGUNDA DE CRISTO REY,CALLE,VERACRUZ,CALLE,CRISTO REY,16,,,,,,COLONIA,IGNACIO ROMERO VARGAS,,,,72120,21,PUEBLA,114,Puebla,0001,Heroica Puebla de Zaragoza,5818,005,2221242569,,,Fijo,19.07978469,-98.24706286,2019-11,True,True,False,False,True,False,False,False,False,False,False,True,REVISAR,REVISAR,REVISAR,FILTRO_DENUE,REGLAS_DENUE,
7536651,21134812210000201001000000U9,PLANCHAS DE ROPA SIN NOMBRE,,812210,Lavanderías y tintorerías,6 a 10 personas,CALLE,SAN MARTIN,CALLE,MORELOS,PRIVADA,NINGUNO,CALLE,MORELOS,305,,,,,,COLONIA,CENTRO,,,,74110,21,PUEBLA,134,San Matías Tlalancaleca,0001,San Matías Tlalancaleca,0078,001,2481792250,,,Fijo,19.32277851,-98.49639434,2019-11,True,True,True,False,False,False,False,False,False,False,False,True,REVISAR,REVISAR,REVISAR,FILTRO_DENUE,REGLAS_DENUE,
3320076,21134812210000121000000000U9,PLANCHAS DE VAPOR SIN NOMBRE,,812210,Lavanderías y tintorerías,0 a 5 personas,CALLE,SAN PEDRO,CALLE,LA CATOLICA,CALLE,ACCION CATOLICA,CALLE,LA CATOLICA,17,,,,,,COLONIA,CENTRO,,,,74110,21,PUEBLA,134,San Matías Tlalancaleca,0001,San Matías Tlalancaleca,0044,001,2481793007,,,Fijo,19.32096041,-98.49835975,2014-12,True,False,False,False,False,False,False,False,False,False,False,True,REVISAR,REVISAR,REVISAR,FILTRO_DENUE,REGLAS_DENUE,
11099113,21074812210000911000000000U1,PLANCHAS JOCA,,812210,Lavanderías y tintorerías,0 a 5 personas,PRIVADA,CIELITO LINDO,PRIVADA,NINGUNO,PRIVADA,GUADALUPE,PRIVADA,NINGUNO,13,,,,,,COLONIA,SANTA ANA XALMIMILULCO,,,,74169,21,PUEBLA,074,Huejotzingo,0029,Santa Ana Xalmimilulco,0025,033,,,,Fijo,19.20723769,-98.38926716,2024-11,True,False,False,False,False,False,False,False,False,False,False,True,REVISAR,REVISAR,REVISAR,FILTRO_DENUE,REGLAS_DENUE,
3319928,21134812210000101001000000U1,PLANCHAS SIN NOMBRE,,812210,Lavanderías y tintorerías,6 a 10 personas,CALLE,SAN MARTIN,PRIVADA,TERCERA PRIVADA SAN PEDRO,CALLE,SAN PEDRO,CALLE,SAN PEDRO,314,,,,,,COLONIA,CENTRO,,,,74110,21,PUEBLA,134,San Matías Tlalancaleca,0001,San Matías Tlalancaleca,0044,010,,,,Fijo,19.32209434,-98.49598851,2014-12,True,False,False,False,False,False,False,False,False,False,False,True,REVISAR,REVISAR,REVISAR,FILTRO_DENUE,REGLAS_DENUE,
3458868,21114812210008592001000000U5,PRESSTO ARTICULOS Y ACCESORIOS,,812210,Lavanderías y tintorerías,0 a 5 personas,AVENIDA,JUAREZ,BOULEVARD,ATLIXCO,CALLE,TEHUACAN SUR,CALLE,PETLALCINGO,46,A,,,,,COLONIA,LA PAZ,,,,72160,21,PUEBLA,114,Puebla,0001,Heroica Puebla de Zaragoza,0361,035,,,WWW.PRESSTO.MX,Fijo,19.05391517,-98.22311676,2010-07,True,False,False,False,False,False,False,False,False,False,False,True,REVISAR,REVISAR,REVISAR,FILTRO_DENUE,REGLAS_DENUE,
8802428,21114812210018901000006894S6,PRESSTO PUEBLA,TINTORERIAS GOFER,812210,Lavanderías y tintorerías,0 a 5 personas,BOULEVARD,VÍA ATLIXCAYOTL,BOULEVARD,VÍA ATLIXCÁYOTL,CALLE,NIÑOS HÉROES,CALLE,BARRANCO,4931,,,,9,,COLONIA,CENTRO COMERCIAL PUEBLA,CENTRO Y PLAZA COMERCIAL,SOLESA,9,72460,21,PUEBLA,114,Puebla,0001,Heroica Puebla de Zaragoza,524A,004,,RECURSOSHUMANOS@TINTORERIASGOFER.COM.MX,MX.PRESST.COM,Fijo,19.03452655,-98.22753439,2026-04,True,False,False,False,False,False,False,False,False,False,False,True,REVISAR,REVISAR,REVISAR,FILTRO_DENUE,REGLAS_DENUE,
8774133,21119812210001352001000000U0,PRESSTO TINTORERIAS,,812210,Lavanderías y tintorerías,0 a 5 personas,BOULEVARD,ATLIXCAYOTL,CALLE,NINGUNO,PRIVADA,MIGUEL HIDALGO,CALLE,PROCION,1504,,,1,,,COLONIA,RESERVA TERRITORIAL,CENTRO Y PLAZA COMERCIAL,PLAZA VIA SAN ANGEL,1504,72828,21,PUEBLA,119,San Andrés Cholula,0013,San Bernardino Tlaxcalancingo,0601,003,,SERDANPRESSTO@GMAIL.COM,,Fijo,19.0264967,-98.23683826,2019-11,True,False,False,False,False,False,False,False,False,False,False,True,REVISAR,REVISAR,REVISAR,FILTRO_DENUE,REGLAS_DENUE,
3339533,21119812210001131000000000U8,PRESTO TINTORERIAS,,812210,Lavanderías y tintorerías,0 a 5 personas,BOULEVARD,ORION SUR,BOULEVARD,PERIFERICO ECOLOGICO,CALLE,LA LUNA,CALLE,LA LUNA,1801,,,1,2,B,COLONIA,CIUDAD JUDICIAL,CENTRO Y PLAZA COMERCIAL,PLAZA PASEO PUEBLA,B2,72190,21,PUEBLA,119,San Andrés Cholula,0013,San Bernardino Tlaxcalancingo,0442,039,,,,Fijo,19.01831568,-98.26379545,2014-12,True,False,False,False,False,False,False,False,False,False,False,True,REVISAR,REVISAR,REVISAR,FILTRO_DENUE,REGLAS_DENUE,
10594960,21114812210019951000000000U0,PRODUCTOS DE LIMPIEZA FOLIM,,812210,Lavanderías y tintorerías,0 a 5 personas,CALLE,EMILIO ALVAREZ,CALLE,SANTO DOMINGO,PRIVADA,EMILIO ALVAREZ,CALLE,TEPETLAPA,9,A,,,,,BARRIO,SANTO DOMINGO,,,,72100,21,PUEBLA,114,Puebla,0001,Heroica Puebla de Zaragoza,3309,033,2215844955,,,Fijo,19.09503113,-98.21598401,2024-11,True,False,False,False,False,False,False,False,False,False,False,True,REVISAR,REVISAR,REVISAR,FILTRO_DENUE,REGLAS_DENUE,
9638860,21114812210021381000000000U6,PRODUCTOS DE LIMPIEZA Y JARCIERIA MARYGU,,812210,Lavanderías y tintorerías,0 a 5 personas,PRIVADA,112 ORIENTE,CALLE,ORQUIDEA,CALLE,GLADIOLA,PRIVADA,110 PONIENTE,551,B,,,,,COLONIA,REAL DE GUADALUPE,,,,72016,21,PUEBLA,114,Puebla,0001,Heroica Puebla de Zaragoza,6144,005,,,,Fijo,19.0913577,-98.17839963,2024-11,True,False,False,False,False,False,False,False,False,False,False,True,REVISAR,REVISAR,REVISAR,FILTRO_DENUE,REGLAS_DENUE,
3336647,21119812210000794002000000U4,QUALITY KNITS,QUALITY K,812210,Lavanderías y tintorerías,101 a 250 personas,AVENIDA,REFORMA NORTE,CALLE,CARMATEX,CALLE,16 DE SEPTIEMBRE,CALLE,ALVARO OBREGON,401,,,,,,COLONIA,SANTA MARIA TONANZINTLA,,,,72840,21,PUEBLA,119,San Andrés Cholula,0001,San Andrés Cholula,0052,004,2211191475,NOGOTLA@HOTMAIL.COM,WWW.QUALITYKNITS.COM.MX,Fijo,19.03292705,-98.31843899,2014-12,True,False,False,False,False,False,False,False,False,False,False,True,REVISAR,REVISAR,REVISAR,FILTRO_DENUE,REGLAS_DENUE,
10058006,21140812210001771000000000U7,QUEEN CLEAN,,812210,Lavanderías y tintorerías,0 a 5 personas,AVENIDA,17 PONIENTE,CALLE,9 SUR,CALLE,7 SUR,AVENIDA,15 PONIENTE,718,,,,,,BARRIO,SANTA MARIA XIXITLA,,,,72762,21,PUEBLA,140,San Pedro Cholula,0001,Cholula de Rivadavia,0060,016,,,,Fijo,19.05755218,-98.31635433,2024-11,True,False,False,False,False,False,False,False,False,False,False,True,REVISAR,REVISAR,REVISAR,FILTRO_DENUE,REGLAS_DENUE,
8081587,21125812210000061000000000U5,QUICK AND CLEAN,,812210,Lavanderías y tintorerías,0 a 5 personas,AVENIDA,16 DE SEPTIEMBRE,CALLE,11 PONIENTE,CALLE,5 PONIENTE,CALLE,5 PONIENTE,,SN,,,,,PUEBLO,CHIPILO DE FRANCISCO JAVIER MINA,,,,74325,21,PUEBLA,125,San Gregorio Atzompa,0002,Chipilo de Francisco Javier Mina,0045,005,,,,Fijo,19.00457235,-98.33425504,2019-11,True,False,False,False,False,False,False,False,False,False,False,True,REVISAR,REVISAR,REVISAR,FILTRO_DENUE,REGLAS_DENUE,
3421644,21114812210007381000000000U4,QUICK CLEAN LAVANDERIA,,812210,Lavanderías y tintorerías,0 a 5 personas,AVENIDA,33 ORIENTE,CALLE,8 SUR,CALLE,6 C SUR,AVENIDA,31 ORIENTE,630,,,,,,COLONIA,ANTIGUA FRANCISCO VILLA,,,,72530,21,PUEBLA,114,Puebla,0001,Heroica Puebla de Zaragoza,3794,031,,DIANADUARTEZ@HOTMAIL.COM,,Fijo,19.02899067,-98.20038593,2010-07,True,True,False,False,False,True,False,False,False,False,False,True,REVISAR,REVISAR,REVISAR,FILTRO_DENUE,REGLAS_DENUE,
10962292,21114812210020401000000000U3,SANIS LAVANDERIA,,812210,Lavanderías y tintorerías,0 a 5 personas,CALLE,21 SUR,AVENIDA,21 PONIENTE,AVENIDA,19 PONIENTE,CALLE,19 SUR,1902,H,,,,,COLONIA,RIVERA DE SANTIAGO,,,,72410,21,PUEBLA,114,Puebla,0001,Heroica Puebla de Zaragoza,3722,025,2214229774,,,Fijo,19.04473598,-98.21766387,2024-11,True,True,False,False,False,True,False,False,False,False,False,True,REVISAR,REVISAR,REVISAR,FILTRO_DENUE,REGLAS_DENUE,
10042045,21114812210020911000000000U1,SERVI EXPRES TINTORERIA,,812210,Lavanderías y tintorerías,0 a 5 personas,AVENIDA,ADOLFO LOPEZ MATEOS,CALLE,BRINDISI,CALLE,XALTONATL,CALLE,BRINDISI,34,1,,,,,COLONIA,ROMA,,,,72210,21,PUEBLA,114,Puebla,0001,Heroica Puebla de Zaragoza,3351,019,,,,Fijo,19.07661669,-98.17672096,2024-11,True,True,False,False,True,False,False,False,False,False,False,True,REVISAR,REVISAR,REVISAR,FILTRO_DENUE,REGLAS_DENUE,
8329012,21114812210015351000000000U7,SERVI EXPRESS,ALEJANDRO,812210,Lavanderías y tintorerías,0 a 5 personas,CALLE,MONTES URALES,AVENIDA,UNIDAD DEPORTIVA,CALLE,CORDILLERA DE LOS ALPES,AVENIDA,PIRINEOS,,SN,,,,,COLONIA,MARAVILLAS,,,,72220,21,PUEBLA,114,Puebla,0001,Heroica Puebla de Zaragoza,3436,023,2216701382,,,Fijo,19.07384187,-98.16523049,2019-11,True,False,False,False,False,False,False,False,False,False,False,True,REVISAR,REVISAR,REVISAR,FILTRO_DENUE,REGLAS_DENUE,
8235120,21114812210016711000000000U1,SERVI EXPRESS LAVANDERIA Y TINTORERIA,,812210,Lavanderías y tintorerías,0 a 5 personas,CIRCUITO,CIRCUITO JUAN PABLO II,CALLE,SALTO DE AGUA,CALLE,COCOYOC,PRIVADA,COVADONGA,2411,102,,,,,COLONIA,LA HACIENDA,,,,72570,21,PUEBLA,114,Puebla,0001,Heroica Puebla de Zaragoza,0821,019,2223487288,AMELIAGONZALEZ@GMAIL.COM,,Fijo,19.01323145,-98.19247118,2019-11,True,True,False,False,True,True,False,False,False,False,False,True,REVISAR,REVISAR,REVISAR,FILTRO_DENUE,REGLAS_DENUE,
7752365,21140812210001181000000000U9,SERVICIO DE LAVADO DE ROPA MR CLEAN,,812210,Lavanderías y tintorerías,0 a 5 personas,CALLE,ESTATAL PUEBLA CORONANGO,CALLE,BRECHA CAMINO A OCOTLAN,PRIVADA,NINGUNO,PROLONGACION,16 DE SEPTIEMBRE,510,,,,,,LOCALIDAD,SANTA BARBARA ALMOLOYA,,,,72750,21,PUEBLA,140,San Pedro Cholula,0001,Cholula de Rivadavia,0234,006,,,,Fijo,19.0836832,-98.30024734,2019-11,True,True,True,False,True,True,False,False,False,False,False,True,INCLUIR,SI,SI,FILTRO_DENUE,REGLAS_DENUE,
3297354,21053812210000081000000000U7,SERVICIO DE LAVANDERIA GIRASOL,,812210,Lavanderías y tintorerías,0 a 5 personas,CALLE,NINGUNO,CALLE,NINGUNO,CALLE,NINGUNO,CALLE,NINGUNO,,SN,,,,,BARRIO,IXTLAHUACA,,,,73300,21,PUEBLA,053,Chignahuapan,0092,Ixtlahuaca Barrio,0491,010,7979776401,,,Fijo,19.84093406,-98.01202644,2014-12,True,True,False,False,False,True,False,False,False,False,False,True,REVISAR,REVISAR,REVISAR,FILTRO_DENUE,REGLAS_DENUE,
10873654,21041812210001471000000000U4,SERVICIO DE LAVANDERIA LEON,,812210,Lavanderías y tintorerías,0 a 5 personas,AVENIDA,INDEPENDENCIA,CALLE,NINGUNO,CALLE,PRIMERO DE MAYO,CALLE,NINGUNO,,SN,,,,,LOCALIDAD,SANCTORUM,,,,72730,21,PUEBLA,041,Cuautlancingo,0008,Sanctorum,0221,066,2212847250,,,Fijo,19.08933134,-98.24709544,2024-11,True,True,False,False,False,True,False,False,False,False,False,True,REVISAR,REVISAR,REVISAR,FILTRO_DENUE,REGLAS_DENUE,
3436137,21114465311008631010000000U7,SERVICIO DE LAVANDERIA MARY,,812210,Lavanderías y tintorerías,0 a 5 personas,CALLE,LAZARO CARDENAS,CALLE,FRESNO,CALLE,HIDALGO,CALLE,CRISTOBAL COLON,29,,,,,,COLONIA,SANTA CRUZ BUENAVISTA,,,,72170,21,PUEBLA,114,Puebla,0001,Heroica Puebla de Zaragoza,3934,007,2227134451,,,Fijo,19.06257614,-98.24633318,2010-07,True,True,False,False,False,True,False,False,False,False,False,True,REVISAR,REVISAR,REVISAR,FILTRO_DENUE,REGLAS_DENUE,
3254892,21114812210008684001000000U0,SERVICIOS INDUSTRIALES SAN MIGUEL,LAVADO INDUSTRIAL SAN MIGUEL,812210,Lavanderías y tintorerías,11 a 30 personas,PRIVADA,CAMINO REAL A SAN PABLO,OTRO(ESPECIFIQUE),NINGUNO,CALLE,REAL A SAN PABLO XOCHIMEHUACAN,AVENIDA,FERROCARRIL,6,,,,,,COLONIA,SAN PABLO XOCHIMEHUACAN,,,,72014,21,PUEBLA,114,Puebla,0001,Heroica Puebla de Zaragoza,257A,023,,INFO@SISM.COM.MX,WWW.SERVICIOSINDUSTRIALESSMIGUEL.COM,Fijo,19.08697133,-98.2010119,2010-07,True,True,False,False,True,True,True,False,False,False,False,True,REVISAR,REVISAR,REVISAR,FILTRO_DENUE,REGLAS_DENUE,
11430400,21132812210001161000000000U8,SERVICLEAN,,812210,Lavanderías y tintorerías,0 a 5 personas,CALLE,ESTADO DE CHIAPAS,CALLE,ESTADO DE TLAXCALA,CALLE,ESTADO DE MEXICO,CALLE,ESTADO DE SONORA,47,,,,,,COLONIA,LA SANTISIMA,,,,74021,21,PUEBLA,132,San Martín Texmelucan,0001,San Martín Texmelucan de Labastida,0020,021,2482281320,,,Fijo,19.28668892,-98.43755143,2024-11,True,False,False,False,False,False,False,False,False,False,False,True,REVISAR,REVISAR,REVISAR,FILTRO_DENUE,REGLAS_DENUE,
10326610,21119812210002051000000000U7,SNEAKER CLEAN LAVADO DE CALZADO,,812210,Lavanderías y tintorerías,0 a 5 personas,BOULEVARD,ATLIXCAYOTL,CALLE,SANTA FE,PRIVADA,NINGUNO,CALLE,CASIOPEA,4008,,,1,,,COLONIA,SAN MARTINITO,CENTRO Y PLAZA COMERCIAL,ETEREA,102,72825,21,PUEBLA,119,San Andrés Cholula,0013,San Bernardino Tlaxcalancingo,0442,036,,,,Fijo,19.0142013,-98.2568793,2024-11,True,True,False,False,False,True,False,False,False,False,False,True,REVISAR,REVISAR,REVISAR,FILTRO_DENUE,REGLAS_DENUE,
8182261,21114812210016521100000000U4,STAR LAVANDERIA Y TINTORERIA,,812210,Lavanderías y tintorerías,0 a 5 personas,CALLE,JOSE MARIA LAFRAGUA,PRIVADA,NINGUNO,CALLE,NINGUNO,CALLE,LIRIO,,SN,,,,,BARRIO,SANTA CLARA LA VENTA,,,,72595,21,PUEBLA,114,Puebla,0001,Heroica Puebla de Zaragoza,2902,075,2229065118,,,Fijo,18.96784344,-98.19947751,2019-11,True,True,False,False,True,True,False,False,False,False,False,True,REVISAR,REVISAR,REVISAR,FILTRO_DENUE,REGLAS_DENUE,
6861846,21074812210000364001000000U3,STONE LAV,STONE LAV,812210,Lavanderías y tintorerías,51 a 100 personas,CALLE,SAUCE,CALLE,CIPRÉS,CALLE,AHUEHUETES,CALLE,NINGUNO,5,,,,,,PUEBLO,SANTA ANA XAMIMILULCO,,,,74169,21,PUEBLA,074,Huejotzingo,0029,Santa Ana Xalmimilulco,0203,033,,SEC.CONTABILIDAD@HOTMAIL.COM,,Fijo,19.21707716,-98.37347932,2019-04,True,True,False,True,True,False,False,False,False,False,False,True,INCLUIR,SI,SI,FILTRO_DENUE,REGLAS_DENUE,
10451408,21074812210000861000000000U8,STONE LAV,STON LAV,812210,Lavanderías y tintorerías,0 a 5 personas,CALLE,SAUCE,CALLE,CIPRES,CALLE,AHUEHUETES,CALLE,MELCHOR OCAMPO,6,,,,,,COLONIA,GUADALUPE,,,,74169,21,PUEBLA,074,Huejotzingo,0029,Santa Ana Xalmimilulco,0203,053,,ADMINISTRACION1@STONELAV.COM,,Fijo,19.21703648,-98.37353551,2024-11,True,True,False,True,True,False,False,False,False,False,False,True,INCLUIR,SI,SI,FILTRO_DENUE,REGLAS_DENUE,
9162358,21114812210018801000000000U8,SU LAVANDERIA,,812210,Lavanderías y tintorerías,0 a 5 personas,AVENIDA,27 DE SEPTIEMBRE,AVENIDA,JOSE MARIA MORELOS Y PAVON,AVENIDA,ADOLFO LOPEZ MATEOS,AVENIDA,IGNACIO ALLENDE,306,,,,,,PUEBLO,SAN BALTAZAR TETELA,,,,72960,21,PUEBLA,114,Puebla,0196,San Baltazar Tetela,3239,024,2224386516,,,Fijo,18.90784525,-98.17726688,2019-11,True,True,False,False,False,True,False,False,False,False,False,True,REVISAR,REVISAR,REVISAR,FILTRO_DENUE,REGLAS_DENUE,
8150148,21114812210014881000000000U4,SUPER LAVANDERIA,,812210,Lavanderías y tintorerías,0 a 5 personas,AVENIDA,27 PONIENTE,CALLE,19 SUR,PRIVADA,CITLALTEPETL,AVENIDA,25 PONIENTE,1906,,,,,,COLONIA,VOLCANES,,,,72410,21,PUEBLA,114,Puebla,0001,Heroica Puebla de Zaragoza,3722,001,,,,Fijo,19.04144568,-98.21775906,2019-11,True,True,False,False,False,True,False,False,False,False,False,True,REVISAR,REVISAR,REVISAR,FILTRO_DENUE,REGLAS_DENUE,
7852477,21114812210015901000000000U9,SUPER LAVANDERIA Y TINTORERIA EXPRESS DE PUEBLA,,812210,Lavanderías y tintorerías,0 a 5 personas,AVENIDA,35 PONIENTE,CALLE,3 SUR,AVENIDA,33 PONIENTE,CALLE,16 DE SEPTIEMBRE,140,,,,,,COLONIA,CHULA VISTA,,,,72420,21,PUEBLA,114,Puebla,0001,Heroica Puebla de Zaragoza,3737,025,2221212262,,,Fijo,19.03192076,-98.2078209,2019-11,True,True,False,False,True,True,False,False,False,False,False,True,REVISAR,REVISAR,REVISAR,FILTRO_DENUE,REGLAS_DENUE,
3361417,21114812210011681000000000U1,SUPER LAVATODO,,812210,Lavanderías y tintorerías,0 a 5 personas,AVENIDA,7 PONIENTE,CALLE,7 SUR,CALLE,5 SUR,AVENIDA,5 PONIENTE,516,,,,,B,COLONIA,CENTRO,,,,72000,21,PUEBLA,114,Puebla,0001,Heroica Puebla de Zaragoza,0501,026,,SUPER.LAVA.TODO@HOTMAIL.COM,,Fijo,19.04444216,-98.2041943,2014-12,True,False,False,False,False,False,False,False,False,False,False,True,REVISAR,REVISAR,REVISAR,FILTRO_DENUE,REGLAS_DENUE,
7742634,21041812210000551000000000U4,SUPRA LAVANDERIA Y TINTORERIA,,812210,Lavanderías y tintorerías,0 a 5 personas,AVENIDA,TLAXCALA,CALLE,SAN LORENZO,CALLE,SAN JUAN,CALLE,SAN LORENZO,56,,,,,,BARRIO,DEL ALTO,,,,72700,21,PUEBLA,041,Cuautlancingo,0001,San Juan Cuautlancingo,0109,073,,,,Fijo,19.09599677,-98.28327022,2019-11,True,True,False,False,True,True,False,False,False,False,False,True,REVISAR,REVISAR,REVISAR,FILTRO_DENUE,REGLAS_DENUE,
7852926,21114812210015971000000000U2,TECNO LAVADO,,812210,Lavanderías y tintorerías,0 a 5 personas,CALLE,AVENIDA 17 PONIENTE,AVENIDA,ESTEBAN DE ANTUÑANO,CALLE,55 SUR,CALLE,15 PONIENTE,,SN,,,,,COLONIA,REFORMA SUR,,,,72160,21,PUEBLA,114,Puebla,0001,Heroica Puebla de Zaragoza,3667,014,,,,Fijo,19.05670447,-98.23776145,2019-11,True,True,False,False,False,True,False,False,False,False,False,True,REVISAR,REVISAR,REVISAR,FILTRO_DENUE,REGLAS_DENUE,
3256466,21114812210006641000000000U2,TECNO PIEL,,812210,Lavanderías y tintorerías,0 a 5 personas,CALLE,7 NORTE,AVENIDA,62 PONIENTE,PRIVADA,56 PONIENTE,CALLE,DIAGONAL BENITO JUAREZ,5606,A,,,,,COLONIA,CUAHUTEMOC,,,,72243,21,PUEBLA,114,Puebla,0001,Heroica Puebla de Zaragoza,3510,005,,,,Fijo,19.06800982,-98.19069263,2010-07,True,False,False,False,False,False,False,False,False,False,False,True,REVISAR,REVISAR,REVISAR,FILTRO_DENUE,REGLAS_DENUE,
8592814,21140812210001561000000000U2,TECNO-LAV,,812210,Lavanderías y tintorerías,0 a 5 personas,CALLE,VICENTE GUERRERO,CALLE,MIGUEL HIDALGO,PRIVADA,NINGUNO,CALLE,PUEBLA PONIENTE,32,,,,,,LOCALIDAD,SAN COSME TEXINTLA,,,,72760,21,PUEBLA,140,San Pedro Cholula,0001,Cholula de Rivadavia,0164,015,,CARSANESCO@GMAIL.COM,,Fijo,19.08680744,-98.3181674,2019-11,True,False,False,False,False,False,False,False,False,False,False,True,REVISAR,REVISAR,REVISAR,FILTRO_DENUE,REGLAS_DENUE,
10651638,21180812210000081000000000U8,TEÑIDORA DE CALCETIN,,812210,Lavanderías y tintorerías,0 a 5 personas,CALLE,NUEVA,PRIVADA,NINGUNO,CALLE,CHIHUAHUA,AVENIDA,MEXICO,,SN,,,,,LOCALIDAD,SAN RAFAEL IXTAPALUCAN,,,,74100,21,PUEBLA,180,Tlahuapan,0015,San Rafael Ixtapalucan,0189,003,2482500010,,,Fijo,19.28924742,-98.56472564,2024-11,True,False,False,False,False,False,False,False,False,False,False,True,REVISAR,REVISAR,REVISAR,FILTRO_DENUE,REGLAS_DENUE,
3366203,21119812210000621100000000U9,THE LAUNDRY HOUSE,,812210,Lavanderías y tintorerías,0 a 5 personas,CALLE,ANDROMEDA,CALLE,NINGUNO,PRIVADA,PRIVADA DEL SOL,CALLE,ANDROMEDA,,SN,,,,,COLONIA,CONCEPCION LA CRUZ,,,,72197,21,PUEBLA,119,San Andrés Cholula,0013,San Bernardino Tlaxcalancingo,0599,033,,,,Fijo,19.03205232,-98.2487516,2014-12,True,True,False,False,False,True,False,False,False,False,False,True,REVISAR,REVISAR,REVISAR,FILTRO_DENUE,REGLAS_DENUE,
8181639,21114812210016461000000000U3,THE LAUNDRY ROOM,,812210,Lavanderías y tintorerías,0 a 5 personas,BOULEVARD,VICENTE GUERRERO,CALLE,NARCISO MENDOZA,BOULEVARD,BOULEVARD DEL SOL,CALLE,JOSEFA ORTIZ DE DOMINGUEZ,122,,,,,,FRACCION,VALLE DEL SOL,,,,72565,21,PUEBLA,114,Puebla,0001,Heroica Puebla de Zaragoza,3972,008,2211735296,,,Fijo,19.01446832,-98.18473801,2019-11,True,True,False,False,False,True,False,False,False,False,False,True,REVISAR,REVISAR,REVISAR,FILTRO_DENUE,REGLAS_DENUE,
10424786,21140812210001741000000000U0,THUNDER CLEAN,FERNANDA TORRES,812210,Lavanderías y tintorerías,0 a 5 personas,AVENIDA,6 NORTE,DIAGONAL,SAN DIEGO,CALLE,DESVIACION A CORONANGO,CALLE,DESVIACION A CORONANGO,3818,A,,,,,COLONIA,SAN DIEGO LOS SAUCES,,,,72760,21,PUEBLA,140,San Pedro Cholula,0014,Santiago Momoxpan,0268,015,2215596279,ANALISTAGASOLINERA@GMAIL.COM,,Fijo,19.07775653,-98.29246127,2024-11,True,False,False,False,False,False,False,False,False,False,False,True,REVISAR,REVISAR,REVISAR,FILTRO_DENUE,REGLAS_DENUE,
3434427,21119812210000561000000000U7,TINTERERIA Y PLANCHADURIA J&J,,812210,Lavanderías y tintorerías,0 a 5 personas,CALLE,ANTIGUO CAMINO REAL A CHOLULA,CALLE,CONSTITUCION,CALLE,NIÑOS HEROES,CALLE,PRIVADA PRIMERO DE MAYO,847,,,,,,COLONIA,SANTA CRUZ GUADALUPE,,,,72170,21,PUEBLA,114,Puebla,0001,Heroica Puebla de Zaragoza,6746,019,2228042351,,,Fijo,19.04810929,-98.26118768,2010-07,True,False,False,False,False,False,False,False,False,False,False,True,REVISAR,REVISAR,REVISAR,FILTRO_DENUE,REGLAS_DENUE,
3363184,21114812210010941000000000U0,TINTO CLEANER S,,812210,Lavanderías y tintorerías,0 a 5 personas,AVENIDA,5 DE MAYO,CALLE,NINGUNO,AVENIDA,2,CALLE,NINGUNO,33,A,,,,,CONJUNTO HABITACIONAL,VICENTE SUAREZ,,,,72380,21,PUEBLA,114,Puebla,0001,Heroica Puebla de Zaragoza,1779,072,2213235446,,,Fijo,19.02128416,-98.17698764,2014-12,True,False,False,False,False,False,False,False,False,False,False,True,REVISAR,REVISAR,REVISAR,FILTRO_DENUE,REGLAS_DENUE,
9382195,21114812210019121000000000U0,TINTO EXPRES,,812210,Lavanderías y tintorerías,0 a 5 personas,CALLE,107 A ORIENTE,PRIVADA,2 SUR C ORIENTE,PROLONGACION,2 SUR,CALLE,107 ORIENTE,214,,,,,,COLONIA,ARBOLEDAS DE LOMA BELLA,,,,72474,21,PUEBLA,114,Puebla,0001,Heroica Puebla de Zaragoza,5485,020,2251043984,,,Fijo,18.98786653,-98.22687066,2021-11,True,False,False,False,False,False,False,False,False,False,False,True,REVISAR,REVISAR,REVISAR,FILTRO_DENUE,REGLAS_DENUE,
3473964,21114812210003831000000000U2,TINTO FAS DRY CLEAN,,812210,Lavanderías y tintorerías,0 a 5 personas,BOULEVARD,HERMANOS SERDAN,CALLE,TLAXCALA PONIENTE,AVENIDA,FUENTE TREVI,CALLE,TLAXCALA PONIENTE,792,,,,,,COLONIA,SAN RAFAEL PONIENTE,,,,72029,21,PUEBLA,114,Puebla,0001,Heroica Puebla de Zaragoza,1552,027,2225001731,,,Fijo,19.08939082,-98.22952742,2010-07,True,False,False,False,False,False,False,False,False,False,False,True,REVISAR,REVISAR,REVISAR,FILTRO_DENUE,REGLAS_DENUE,
3261096,21114812210004371000000000U8,TINTO FAST,,812210,Lavanderías y tintorerías,0 a 5 personas,CALLE,PRIVADA DEL LOBO,PRIVADA,PRIVADA DEL VENADO,AVENIDA,15 DE MAYO,CALLE,CANADA,2907,,,,,,COLONIA,LAS HADAS MUNDIAL 86,,,,72070,21,PUEBLA,114,Puebla,0001,Heroica Puebla de Zaragoza,4222,005,,,,Fijo,19.06285362,-98.21201404,2010-07,True,False,False,False,False,False,False,False,False,False,False,True,REVISAR,REVISAR,REVISAR,FILTRO_DENUE,REGLAS_DENUE,
11593279,21114812210021172000000000U9,TINTO SOL,,812210,Lavanderías y tintorerías,6 a 10 personas,AVENIDA,PINOS,CALLE,RIVERA DEL ATOYAC SUR,CALLE,JACARANDAS,CALLE,PALMAS,2508,,,,,,COLONIA,SANTA CRUZ BUENAVISTA,,,,72170,21,PUEBLA,114,Puebla,0001,Heroica Puebla de Zaragoza,392A,031,,,,Fijo,19.05397029,-98.24354508,2024-11,True,False,False,False,False,False,False,False,False,False,False,True,REVISAR,REVISAR,REVISAR,FILTRO_DENUE,REGLAS_DENUE,
7568502,21140812210001271000000000U8,TINTO WHITE,,812210,Lavanderías y tintorerías,0 a 5 personas,CALLE,2 SUR,AVENIDA,13 ORIENTE,PRIVADA,2 SUR,AVENIDA,11 ORIENTE,1115,,,,,,BARRIO,SAN PABLE TEMAC,,,,72750,21,PUEBLA,140,San Pedro Cholula,0001,Cholula de Rivadavia,0060,031,2215233710,,,Fijo,19.05612612,-98.30797358,2019-11,True,False,False,False,False,False,False,False,False,False,False,True,REVISAR,REVISAR,REVISAR,FILTRO_DENUE,REGLAS_DENUE,
11819031,21119812210002491000000000U5,TINTO WHITE CLEAN,LAVANDERIA,812210,Lavanderías y tintorerías,0 a 5 personas,CALLE,12 ORIENTE,PRIVADA,NINGUNO,CALLE,6 NORTE,CALLE,10 ORIENTE,,SN,,,,,BARRIO,SANTIAGO XICOTENCO,,,,72810,21,PUEBLA,119,San Andrés Cholula,0001,San Andrés Cholula,0207,039,2227275102,,,Fijo,19.05399767,-98.29218514,2025-04,True,True,False,False,False,True,False,False,False,False,False,True,REVISAR,REVISAR,REVISAR,FILTRO_DENUE,REGLAS_DENUE,
3362880,21114812210009162002000000U6,TINTOBELLA,NIZA ÑU DEE,812210,Lavanderías y tintorerías,6 a 10 personas,AVENIDA,31 ORIENTE,CALLE,20 SUR,CALLE,18 SUR,PRIVADA,31 ORIENTE,1801,,,1,,,COLONIA,EL MIRADOR,EDIFICIO COMERCIAL Y DE SERVICIOS,EDIFICIO JFG,1801,72530,21,PUEBLA,114,Puebla,0001,Heroica Puebla de Zaragoza,3807,035,2227600901,,,Fijo,19.02639407,-98.1935796,2014-12,True,False,False,False,False,False,False,False,False,False,False,True,REVISAR,REVISAR,REVISAR,FILTRO_DENUE,REGLAS_DENUE,
8545073,21114812210014621000000000U4,TINTORELLO,,812210,Lavanderías y tintorerías,0 a 5 personas,AVENIDA,SAN FRANCISCO,AVENIDA,EMILIANO ZAPATA,PRIVADA,EMILIANO ZAPATA,OTRO(ESPECIFIQUE),CORREGIDORA,620,,,,,,COLONIA,SAN BALTAZAR CAMPECHE,,,,72550,21,PUEBLA,114,Puebla,0001,Heroica Puebla de Zaragoza,0766,027,,,,Fijo,19.01405565,-98.20703201,2019-11,True,False,False,False,False,False,False,False,False,False,False,True,REVISAR,REVISAR,REVISAR,FILTRO_DENUE,REGLAS_DENUE,
3474126,21114812210002801000000000U6,TINTORERI APIDA PRESSTO,TINTORERI APIDA,812210,Lavanderías y tintorerías,0 a 5 personas,CALLE,DIVISION DEL NORTE,AVENIDA,15 DE MAYO,CERRADA,PASCUAL OROZCO,AVENIDA,TRIUNFO MADERISTA,630,,,9,,,COLONIA,JOSE MARIA PINO SUAREZ,CENTRO Y PLAZA COMERCIAL,PLAZA HERMANOS SERDAN,21,72020,21,PUEBLA,114,Puebla,0001,Heroica Puebla de Zaragoza,2546,020,2227665345,,,Fijo,19.07974438,-98.22794394,2010-07,True,False,False,False,False,False,False,False,False,False,False,True,REVISAR,REVISAR,REVISAR,FILTRO_DENUE,REGLAS_DENUE,
3521338,21114812210000901000000000U6,TINTORERIA,,812210,Lavanderías y tintorerías,0 a 5 personas,CALLE,5 SUR,AVENIDA,107 PONIENTE,CALLE,107 A PONIENTE,PRIVADA,3 A SUR,10703,,,,3,,COLONIA,LOMA ENCANTADA,,,,72474,21,PUEBLA,114,Puebla,0001,Heroica Puebla de Zaragoza,4684,018,2222709895,,,Fijo,18.99109345,-98.23144153,2010-07,True,True,False,False,True,False,False,False,False,False,False,True,REVISAR,REVISAR,REVISAR,FILTRO_DENUE,REGLAS_DENUE,
3252980,21114812210006751000000000U9,TINTORERIA ALEX,,812210,Lavanderías y tintorerías,0 a 5 personas,PROLONGACION,PROLONGACION DE LA 9 NORTE,AVENIDA,102 PONIENTE,CALLE,NINGUNO,AVENIDA,102 PONIENTE,,SN,,,,,COLONIA,VILLA FRONTERA,,,,72200,21,PUEBLA,114,Puebla,0001,Heroica Puebla de Zaragoza,5803,037,2222882335,,,Fijo,19.08497932,-98.1828345,2010-07,True,True,False,False,True,False,False,False,False,False,False,True,REVISAR,REVISAR,REVISAR,FILTRO_DENUE,REGLAS_DENUE,
3265607,21132812210000311000000000U0,TINTORERIA AMERICAN,,812210,Lavanderías y tintorerías,0 a 5 personas,CALLE,INDEPENDENCIA NORTE,AVENIDA,BENITO JUAREZ PONIENTE,AVENIDA,PROFESOR FLORENCIO ESPINOSA PONIENTE,CALLE,ZARAGOZA NORTE,7,A,,,,,COLONIA,CENTRO,,,,74000,21,PUEBLA,132,San Martín Texmelucan,0001,San Martín Texmelucan de Labastida,0054,016,2481092608,,,Fijo,19.28357671,-98.4350736,2010-07,True,True,False,False,True,False,False,False,False,False,False,True,REVISAR,REVISAR,REVISAR,FILTRO_DENUE,REGLAS_DENUE,
8423254,21140812210001081000000000U1,TINTORERIA AMERICAN,,812210,Lavanderías y tintorerías,0 a 5 personas,CALLE,5 NORTE,AVENIDA,8 PONIENTE,AVENIDA,10 PONIENTE,CALLE,7 NORTE,809,,,,,,BARRIO,SAN JUAN CALVARIO,,,,72760,21,PUEBLA,140,San Pedro Cholula,0001,Cholula de Rivadavia,0499,015,,,,Fijo,19.06676008,-98.30829476,2019-11,True,True,False,False,True,False,False,False,False,False,False,True,REVISAR,REVISAR,REVISAR,FILTRO_DENUE,REGLAS_DENUE,
3267098,21132812210000201000000000U3,TINTORERIA AMERICAN,,812210,Lavanderías y tintorerías,0 a 5 personas,AVENIDA,BENITO JUAREZ ORIENTE,CALLE,FRANCISCO I. MADERO SUR,CALLE,JOSEFA ORTIZ DE DOMINGUEZ NORTE,CALLE,JOSE MARIA MORELOS ORIENTE,404,,,,,,COLONIA,DOMINGO ARENAS,,,,74050,21,PUEBLA,132,San Martín Texmelucan,0001,San Martín Texmelucan de Labastida,0054,022,,,,Fijo,19.28245622,-98.43121592,2010-07,True,True,False,False,True,False,False,False,False,False,False,True,REVISAR,REVISAR,REVISAR,FILTRO_DENUE,REGLAS_DENUE,
8187196,21114812210018481000000000U9,TINTORERIA ANGELES,,812210,Lavanderías y tintorerías,0 a 5 personas,CALLE,JARDINES DE SANTIAGO,PRIVADA,SAN JOSE,CALLE,SAN MARTIN,PROLONGACION,DE LA 18 SUR,33,A,,,,,COLONIA,GRANJAS SAN ISIDRO,,,,72587,21,PUEBLA,114,Puebla,0001,Heroica Puebla de Zaragoza,4580,016,,,,Fijo,18.98245193,-98.20803155,2019-11,True,True,False,False,True,False,False,False,False,False,False,True,REVISAR,REVISAR,REVISAR,FILTRO_DENUE,REGLAS_DENUE,
3363166,21114812210009361000000000U4,TINTORERIA ANGY,,812210,Lavanderías y tintorerías,0 a 5 personas,CALLE,CAPITAN JOSE LUIS RODRIGUEZ ALCONEDO,AVENIDA,VICENTE GUERRERO,AVENIDA,GENERAL JOSE RAZO CAMANO,CALLE,CORONEL EMILIO RODRIGUEZ,6,B,,,0,B,COLONIA,HEROES DE PUEBLA,,,,72520,21,PUEBLA,114,Puebla,0001,Heroica Puebla de Zaragoza,0728,034,2213258394,CARITOCORTES76@GMAIL.COM,,Fijo,19.0197441,-98.18126883,2014-12,True,True,False,False,True,False,False,False,False,False,False,True,REVISAR,REVISAR,REVISAR,FILTRO_DENUE,REGLAS_DENUE,
8703951,21114812210013641000000000U3,TINTORERIA AQUA PLIUS,,812210,Lavanderías y tintorerías,0 a 5 personas,AVENIDA,AVENIDA DE LOS EDUCADORES,CALLE,JOSE MARIA LAFRAGUA,CALLE,ROSAURA ZAPATA,AVENIDA,AVENIDA DE LOS DRAMATURGOS,5652,2,,,,,COLONIA,SATELITE,,,,72320,21,PUEBLA,114,Puebla,0001,Heroica Puebla de Zaragoza,2419,036,,,,Fijo,19.04455736,-98.14754095,2019-11,True,True,False,False,True,False,False,False,False,False,False,True,REVISAR,REVISAR,REVISAR,FILTRO_DENUE,REGLAS_DENUE,
3521618,21114812210002831000000000U3,TINTORERIA ARBOLEDAS,,812210,Lavanderías y tintorerías,0 a 5 personas,CALLE,5 SUR,AVENIDA,105 PONIENTE,CALLE,103 PONIENTE,PRIVADA,DE LA 3 SUR,10326,,,,,,COLONIA,ARBOLEDAS DE LOMA BELLA,,,,72474,21,PUEBLA,114,Puebla,0001,Heroica Puebla de Zaragoza,467A,013,2221576201,ARBOLEDASGO@HOTMAIL.COM,,Fijo,18.99280571,-98.23042928,2010-07,True,True,False,False,True,False,False,False,False,False,False,True,REVISAR,REVISAR,REVISAR,FILTRO_DENUE,REGLAS_DENUE,
3438524,21114812210003221000000000U6,TINTORERIA ARIES,,812210,Lavanderías y tintorerías,0 a 5 personas,CALLE,JESUS CASTILLO SOSA,CALLE,ENRIQUE GARCIA CARRETO,CALLE,FELICIANO MARTINEZ,CALLE,ENRIQUE GARCIA CARRETO,,SN,,1,,,UNIDAD HABITACIONAL,MANUEL RIVERA ANAYA,MERCADO PUBLICO,UNION DE COMERCIANTES MANUEL RIVERA ANAYA AC,57,72309,21,PUEBLA,114,Puebla,0001,Heroica Puebla de Zaragoza,2372,015,2221097890,,,Fijo,19.05733266,-98.14626719,2010-07,True,True,False,False,True,False,False,False,False,False,False,True,REVISAR,REVISAR,REVISAR,FILTRO_DENUE,REGLAS_DENUE,
3257309,21114812210003771000000000U0,TINTORERIA AZUL,,812210,Lavanderías y tintorerías,0 a 5 personas,AVENIDA,FRANCISCO SARABIA,CALLE,VENUSTIANO CARRANZA,CALLE,FRANCISCO VILLA,PRIVADA,IGNACIO ZARAGOZA,1015,2,,,,,COLONIA,ADOLFO LOPEZ MATEOS,,,,72240,21,PUEBLA,114,Puebla,0001,Heroica Puebla de Zaragoza,353A,012,2225762601,,,Fijo,19.06574039,-98.18023257,2010-07,True,True,False,False,True,False,False,False,False,False,False,True,REVISAR,REVISAR,REVISAR,FILTRO_DENUE,REGLAS_DENUE,
3471982,21114812210002821000000000U4,TINTORERIA BLANQUITA,,812210,Lavanderías y tintorerías,0 a 5 personas,CALLE,CAMINO REAL A TLAXCALA,CALLE,IGNACIO COMONFORT,CALLE,AQUILES SERDAN,PRIVADA,PRIVADA IGNACIO COMONFORT,6,,,,,,COLONIA,SAN JERONIMO CALERAS,,,,72100,21,PUEBLA,114,Puebla,0001,Heroica Puebla de Zaragoza,3309,025,,,,Fijo,19.09258781,-98.2131005,2010-07,True,True,False,False,True,False,False,False,False,False,False,True,REVISAR,REVISAR,REVISAR,FILTRO_DENUE,REGLAS_DENUE,
9887325,21053812210000311000000000U8,TINTORERIA BLU DRY,,812210,Lavanderías y tintorerías,0 a 5 personas,CALLE,FRANCISCO I MADERO,CALLE,CUARTA CALLE DE OSORNO,CALLE,PRIMERA CALLE DE EMILIANO ZAPATA,CALLE,CALLE DE JESUS MERINO,,SN,,,,,BARRIO,TOLTEMPAN,,,,73300,21,PUEBLA,053,Chignahuapan,0001,Ciudad de Chignahuapan,028A,004,2221113399,,,Fijo,19.83607298,-98.0348564,2024-11,True,True,False,False,True,False,False,False,False,False,False,True,REVISAR,REVISAR,REVISAR,FILTRO_DENUE,REGLAS_DENUE,
9509416,21119812210002001000000000U2,TINTORERIA BONILLA,TINTORERIA BONILLA,812210,Lavanderías y tintorerías,0 a 5 personas,CALLE,EL MOLINITO,CALLE,CEBADA,CALLE,RAMON IBARRA Y GONZALEZ,BOULEVARD,MUNICIPIIO LIBRE,,SN,,,,,COLONIA,EMILIANO ZAPATA,,,,72824,21,PUEBLA,119,San Andrés Cholula,0013,San Bernardino Tlaxcalancingo,0457,026,2227750411,,,Fijo,19.03257154,-98.25595372,2024-11,True,True,False,False,True,False,False,False,False,False,False,True,REVISAR,REVISAR,REVISAR,FILTRO_DENUE,REGLAS_DENUE,
3338223,21119812210000861000000000U1,TINTORERIA BRITANICA,TINTORERIA BRITANICA,812210,Lavanderías y tintorerías,0 a 5 personas,BOULEVARD,LOMAS NORTE,BOULEVARD,LOMAS NORTE,CALLE,NINGUNO,CALLE,PASEO DEL ARAGON,5500,,,1,,,FRACCIONAMIENTO,VALLE REAL,CENTRO Y PLAZA COMERCIAL,PLAZA PABELLON LOMAS,103,72830,21,PUEBLA,119,San Andrés Cholula,0013,San Bernardino Tlaxcalancingo,0508,035,,,,Fijo,19.00375728,-98.26712771,2014-12,True,True,False,False,True,False,False,False,False,False,False,True,REVISAR,REVISAR,REVISAR,FILTRO_DENUE,REGLAS_DENUE,
9693185,21015812210000551000000000U8,TINTORERIA BURBUJAS,,812210,Lavanderías y tintorerías,0 a 5 personas,PRIVADA,INDEPENDENCIA,PRIVADA,CUAUHTEMOC,CARRETERA,FEDERAL PUEBLA-TEHUACAN,CARRETERA,FEDERAL PUEBLA-TEHUACAN,,SN,,,,,COLONIA,AZTECA,,,,72310,21,PUEBLA,015,Amozoc,0001,Amozoc de Mota,0452,059,,,,Fijo,19.0449291,-98.12452344,2024-11,True,True,False,False,True,False,False,False,False,False,False,True,REVISAR,REVISAR,REVISAR,FILTRO_DENUE,REGLAS_DENUE,
3320639,21180812210000021000000000U4,TINTORERIA CALCETAS OSLO,,812210,Lavanderías y tintorerías,0 a 5 personas,CALLE,GUERRERO,AVENIDA,PUEBLA,CALLE,CAMPECHE,CALLE,BAJA CALIFORNIA,,SN,,,,,LOCALIDAD,SAN RAFAEL IXTAPALUCAN,,,,74100,21,PUEBLA,180,Tlahuapan,0015,San Rafael Ixtapalucan,0189,025,2484820381,CALCETERAOSLO@YAHOO.COM.MX,,Fijo,19.29282178,-98.56131862,2014-12,True,True,False,False,True,False,False,False,False,False,False,True,REVISAR,REVISAR,REVISAR,FILTRO_DENUE,REGLAS_DENUE,
3250995,21114812210000801100000000U8,TINTORERIA CARDAMI,,812210,Lavanderías y tintorerías,0 a 5 personas,CALLE,FRANCISCO I MADERO,CALLE,FRANCISCO I. MADERO,CALLE,JUSTINO SANCHEZ,CALLE,LOS PINOS,94,,,,,,COLONIA,SAN PABLO XOCHIMIHUACAN,,,,72014,21,PUEBLA,114,Puebla,0001,Heroica Puebla de Zaragoza,435A,005,,,,Fijo,19.09492671,-98.19739425,2010-07,True,True,False,False,True,False,False,False,False,False,False,True,REVISAR,REVISAR,REVISAR,FILTRO_DENUE,REGLAS_DENUE,
3444753,21114812210012881000000000U6,TINTORERIA CARINA,,812210,Lavanderías y tintorerías,0 a 5 personas,AVENIDA,14 ORIENTE,CALLE,24 NORTE,PRIVADA,RANCHO DE LA ROSA,PROLONGACION,20 ORIENTE,2210,B,,,,,COLONIA,BARRIO DE LOS REMEDIOS,,,,72377,21,PUEBLA,114,Puebla,0001,Heroica Puebla de Zaragoza,0431,023,2223877231,,,Fijo,19.04313513,-98.18170426,2010-07,True,True,False,False,True,False,False,False,False,False,False,True,REVISAR,REVISAR,REVISAR,FILTRO_DENUE,REGLAS_DENUE,
8181942,21114812210016491000000000U0,TINTORERIA CARINA,,812210,Lavanderías y tintorerías,0 a 5 personas,CALLE,32 NORTE,AVENIDA,2 ORIENTE,CALLE,MANUEL AVILA CAMACHO,CALLE,34 NORTE,8,A,,,,,COLONIA,SANTA BARBARA,,,,72380,21,PUEBLA,114,Puebla,0001,Heroica Puebla de Zaragoza,3845,010,,,,Fijo,19.03417817,-98.1778337,2019-11,True,True,False,False,True,False,False,False,False,False,False,True,REVISAR,REVISAR,REVISAR,FILTRO_DENUE,REGLAS_DENUE,
3505854,21053812210000011000000000U4,TINTORERIA CASTILLA,,812210,Lavanderías y tintorerías,0 a 5 personas,CALLE,PRIMERA CALLE DE ALDAMA,CALLE,TERCERA CALLE DE MIGUEL HIDALGO,CALLE,TERCERA CALLE DE JUAN CRISOSTOMO BONILLA,CALLE,HIDALGO,,SN,,,,,COLONIA,CENTRO,,,,73300,21,PUEBLA,053,Chignahuapan,0001,Ciudad de Chignahuapan,0275,017,,,,Fijo,19.8375459,-98.02971835,2010-07,True,True,False,False,True,False,False,False,False,False,False,True,REVISAR,REVISAR,REVISAR,FILTRO_DENUE,REGLAS_DENUE,
3439528,21140812210000041000000000U6,TINTORERIA CLAUDIA,,812210,Lavanderías y tintorerías,0 a 5 personas,CALLE,RIO SABINAS NORTE,CALLE,LAGUNA DE CARMEN,AVENIDA,LAGO DE PATZCUARO PONIENTE,CALLE,RIO SUCHIATE,202,,,,,,COLONIA,MANANTIALES,,,,72760,21,PUEBLA,140,San Pedro Cholula,0014,Santiago Momoxpan,0446,003,2222002705,,,Fijo,19.08113243,-98.28081054,2010-07,True,True,False,False,True,False,False,False,False,False,False,True,REVISAR,REVISAR,REVISAR,FILTRO_DENUE,REGLAS_DENUE,
3434878,21119812210000471000000000U9,TINTORERIA CLEAN & FIX,,812210,Lavanderías y tintorerías,0 a 5 personas,AVENIDA,5 DE MAYO,CALLE,CIRCUITO,AVENIDA,14 ORIENTE,CALLE,CIRCUITO,1410,4,,,,,BARRIO,SAN JUAN AQUIAHUAC,,,,72810,21,PUEBLA,119,San Andrés Cholula,0001,San Andrés Cholula,0090,002,,,,Fijo,19.05751122,-98.29617605,2010-07,True,True,False,False,True,False,False,False,False,False,False,True,REVISAR,REVISAR,REVISAR,FILTRO_DENUE,REGLAS_DENUE,
3256188,21114812210003121000000000U8,TINTORERIA COLUMBUS,,812210,Lavanderías y tintorerías,0 a 5 personas,AVENIDA,68 PONIENTE,CALLE,7 NORTE,CALLE,9 NORTE,AVENIDA,66 PONIENTE,701,,,,,,COLONIA,GUADALUPE VICTORIA,,,,72230,21,PUEBLA,114,Puebla,0001,Heroica Puebla de Zaragoza,3525,030,,,,Fijo,19.07213458,-98.1885285,2010-07,True,True,False,False,True,False,False,False,False,False,False,True,REVISAR,REVISAR,REVISAR,FILTRO_DENUE,REGLAS_DENUE,
3445609,21114812210003801000000000U5,TINTORERIA COSMOS,,812210,Lavanderías y tintorerías,0 a 5 personas,AVENIDA,AVENIDA DE LOS EDUCADORES,CALLE,PLAZUELA DEL ALTO,CALLE,PLAZUELA DE ANALCO,CALLE,NINGUNO,5811,B,,,,,COLONIA,PLAZAS AMALUCAN,,,,72310,21,PUEBLA,114,Puebla,0001,Heroica Puebla de Zaragoza,5273,019,,,,Fijo,19.04436523,-98.14615555,2010-07,True,True,False,False,True,False,False,False,False,False,False,True,REVISAR,REVISAR,REVISAR,FILTRO_DENUE,REGLAS_DENUE,
3420530,21114812210005121000000000U6,TINTORERIA DE PIEL BOHORQUEZ,,812210,Lavanderías y tintorerías,0 a 5 personas,BOULEVARD,14 SUR,CIRCUITO,JUAN PABLO II,AVENIDA,SAN MANUEL,CALLE,RIO YAQUI,5319,,,,,,FRACCIONAMIENTO,JARDINES DE SAN MANUEL,,,,72570,21,PUEBLA,114,Puebla,0001,Heroica Puebla de Zaragoza,0802,026,2228492042,,,Fijo,19.01613235,-98.20157192,2010-07,True,True,False,False,True,False,False,False,False,False,False,True,REVISAR,REVISAR,REVISAR,FILTRO_DENUE,REGLAS_DENUE,
3520701,21114812210003911000000000U2,TINTORERIA DEL ANGEL,,812210,Lavanderías y tintorerías,0 a 5 personas,CALLE,TAMAULIPAS,AVENIDA,105 PONIENTE,CALLE,NINGUNO,CALLE,TABASCO,10502,B,,,,,COLONIA,POPULAR COATEPEC,,,,72470,21,PUEBLA,114,Puebla,0001,Heroica Puebla de Zaragoza,4133,023,2222944174,,,Fijo,18.99669298,-98.23839064,2010-07,True,True,False,False,True,False,False,False,False,False,False,True,REVISAR,REVISAR,REVISAR,FILTRO_DENUE,REGLAS_DENUE,
10228561,21114812210021331000000000U1,TINTORERIA DEL ANGEL,,812210,Lavanderías y tintorerías,0 a 5 personas,CALLE,TAMAULIPAS,AVENIDA,105 PONIENTE,CALLE,NINGUNO,CALLE,TABASCO,10512,,,,,,COLONIA,POPULAR COATEPEC,,,,72470,21,PUEBLA,114,Puebla,0001,Heroica Puebla de Zaragoza,4133,023,2225507297,,,Fijo,18.99630816,-98.23863662,2024-11,True,True,False,False,True,False,False,False,False,False,False,True,REVISAR,REVISAR,REVISAR,FILTRO_DENUE,REGLAS_DENUE,
3256677,21114812210009491000000000U9,TINTORERIA DISA CL.EAN,,812210,Lavanderías y tintorerías,0 a 5 personas,CALLE,VALLADOLID,AVENIDA,MORELOS,CALLE,FRANCISCO JAVIER MINA,CALLE,31 DE JULIO,32,,,,,,COLONIA,TEPEYAC,,,,72210,21,PUEBLA,114,Puebla,0001,Heroica Puebla de Zaragoza,4307,019,2228200189,,,Fijo,19.07087581,-98.17830282,2010-07,True,True,False,False,True,False,False,False,False,False,False,True,REVISAR,REVISAR,REVISAR,FILTRO_DENUE,REGLAS_DENUE,
3368278,21114812210003871000000000U8,TINTORERIA DLHORETT,,812210,Lavanderías y tintorerías,0 a 5 personas,CALLE,16 DE SEPTIEMBRE,CALLE,CIPRES,AVENIDA,CONSTITUCION,CALLE,3 SUR,,SN,,,,,COLONIA,VISTA HERMOSA SUR,,,,72470,21,PUEBLA,114,Puebla,0001,Heroica Puebla de Zaragoza,3864,008,2228912359,,,Fijo,19.00573231,-98.22021011,2010-07,True,True,False,False,True,False,False,False,False,False,False,True,REVISAR,REVISAR,REVISAR,FILTRO_DENUE,REGLAS_DENUE,
9314079,21114812210018941000000000U2,TINTORERIA DRY & CLEAN,,812210,Lavanderías y tintorerías,0 a 5 personas,CALLE,JADE,AVENIDA,SAN FELIPE,CERRADA,RANCHO COLORADO,CERRADA,RANCHO COLORADO,3902,,,1,,,COLONIA,ZONA CEMENTOS ATOYAC,CENTRO Y PLAZA COMERCIAL,PLAZA RANCHO COLORADO,O,72023,21,PUEBLA,114,Puebla,0001,Heroica Puebla de Zaragoza,3402,005,,,,Fijo,19.07422628,-98.21850739,2020-11,True,True,False,False,True,False,False,False,False,False,False,True,REVISAR,REVISAR,REVISAR,FILTRO_DENUE,REGLAS_DENUE,
3462840,21114812210006311000000000U2,TINTORERIA DRY CLEAN,,812210,Lavanderías y tintorerías,0 a 5 personas,CALLE,SEGUNDA DE BENITO JUAREZ,PRIVADA,SANTA ELENA,AVENIDA,TEHUACAN,CALLE,IGNACIO ALLENDE,6320,,,,,,COLONIA,VICENTE GUERRERO,,,,72470,21,PUEBLA,114,Puebla,0001,Heroica Puebla de Zaragoza,385A,002,,,,Fijo,19.00987387,-98.22760569,2010-07,True,True,False,False,True,False,False,False,False,False,False,True,REVISAR,REVISAR,REVISAR,FILTRO_DENUE,REGLAS_DENUE,
8544909,21114812210014611000000000U5,TINTORERIA DRY CLEAN,,812210,Lavanderías y tintorerías,0 a 5 personas,CALZADA,ZAVALETA,CALLE,NINGUNO,PRIVADA,NINGUNO,CALLE,CUMBRES,2519,,,1,,,COLONIA,SANTA CRUZ BUENAVISTA,CENTRO Y PLAZA COMERCIAL,PLAZAREALZAVALETA,D,72125,21,PUEBLA,114,Puebla,0001,Heroica Puebla de Zaragoza,3065,007,,,,Fijo,19.0528528,-98.24941944,2019-11,True,True,False,False,True,False,False,False,False,False,False,True,REVISAR,REVISAR,REVISAR,FILTRO_DENUE,REGLAS_DENUE,
8776415,21114812210015071000000000U1,TINTORERIA DRY CLEAR,,812210,Lavanderías y tintorerías,0 a 5 personas,AVENIDA,ADOLFO LOPEZ MATEOS,AVENIDA,MIGUEL HIDALGO,CALLE,RADAMES TREVIÑO,AVENIDA,MIGUEL HIDALGO,,SN,,,,,COLONIA,UNIDAD MAGISTERIAL MEXICO 68,,,,72300,21,PUEBLA,114,Puebla,0001,Heroica Puebla de Zaragoza,2279,029,,,,Fijo,19.05241207,-98.16093101,2019-11,True,True,False,False,True,False,False,False,False,False,False,True,REVISAR,REVISAR,REVISAR,FILTRO_DENUE,REGLAS_DENUE,
3421713,21114812210008472001000000U0,TINTORERIA DURAN,,812210,Lavanderías y tintorerías,6 a 10 personas,AVENIDA,29 ORIENTE,CALLE,SEGUNDA CALLE DEL CADETE V. SUAREZ,CALLE,SEGUNDA CALLE DE CARMEN SERDAN,AVENIDA,25 ORIENTE,1610,D,,,,,COLONIA,BELLA VISTA,,,,72500,21,PUEBLA,114,Puebla,0001,Heroica Puebla de Zaragoza,0696,013,2222404218,,,Fijo,19.02804766,-98.1942398,2010-07,True,True,False,False,True,False,False,False,False,False,False,True,REVISAR,REVISAR,REVISAR,FILTRO_DENUE,REGLAS_DENUE,
3420687,21114812210004581000000000U2,TINTORERIA DURAN,,812210,Lavanderías y tintorerías,0 a 5 personas,CALLE,RIO PAPAGAYO,BOULEVARD,CIRCUNVALACION,AVENIDA,SAN CLAUDIO,CALLE,RIO NEXAPA,6153,,,,,,COLONIA,JARDINES DE SAN MANUEL,,,,72570,21,PUEBLA,114,Puebla,0001,Heroica Puebla de Zaragoza,2635,009,2228934019,,TINTORERIASDURAN.COM,Fijo,19.00185741,-98.1940311,2010-07,True,True,False,False,True,False,False,False,False,False,False,True,REVISAR,REVISAR,REVISAR,FILTRO_DENUE,REGLAS_DENUE,
3362595,21114812210013132002000000U3,TINTORERIA DURAN,,812210,Lavanderías y tintorerías,6 a 10 personas,CALLE,16 DE SEPTIEMBRE,AVENIDA,21 ORIENTE,PRIVADA,NUEVO LEON,CALLE,2 SUR,1914,,,,0,A,COLONIA,EL CARMEN,,,,72530,21,PUEBLA,114,Puebla,0001,Heroica Puebla de Zaragoza,3760,029,,TINTORERIADURAN@GMAIL.COM,,Fijo,19.03708062,-98.20280947,2014-12,True,True,False,False,True,False,False,False,False,False,False,True,REVISAR,REVISAR,REVISAR,FILTRO_DENUE,REGLAS_DENUE,
3358662,21114812210010811100000000U5,TINTORERIA ECOCLEANERS,,812210,Lavanderías y tintorerías,0 a 5 personas,CALLE,INSURGENTES,PRIVADA,TERCERA DE INSURGENTES,PRIVADA,MONTE ALBAN,PRIVADA,INSURGENTES,,SN,,,,,COLONIA,LA LOMA,,,,72150,21,PUEBLA,114,Puebla,0001,Heroica Puebla de Zaragoza,3065,029,2216570783,ECOCLINERS@OUTLOOK.ES,,Fijo,19.05538256,-98.25115131,2014-12,True,True,False,False,True,False,False,False,False,False,False,True,REVISAR,REVISAR,REVISAR,FILTRO_DENUE,REGLAS_DENUE,
10367842,21119812210001851000000000U1,TINTORERIA EL MECATE,,812210,Lavanderías y tintorerías,0 a 5 personas,CALLE,POLUX ORIENTE,CALLE,CHABACANOS,CALLE,ORION NORTE,PRIVADA,ROBLE,,SN,,,,,COLONIA,EMILIANO ZAPATA,,,,72842,21,PUEBLA,119,San Andrés Cholula,0013,San Bernardino Tlaxcalancingo,0419,023,2228670670,,,Fijo,19.02903428,-98.2592039,2024-11,True,True,False,False,True,False,False,False,False,False,False,True,REVISAR,REVISAR,REVISAR,FILTRO_DENUE,REGLAS_DENUE,
3456244,21114812210006781000000000U6,TINTORERIA EXPRESS,,812210,Lavanderías y tintorerías,0 a 5 personas,CALLE,CALLE DEL FRESNO,ANDADOR,CAMELIA,ANDADOR,DALIA,PRIVADA,NINGUNO,,SN,,,,,COLONIA,RANCHO COLORADO,,,,72040,21,PUEBLA,114,Puebla,0001,Heroica Puebla de Zaragoza,339A,015,2227582201,,,Fijo,19.07770776,-98.21709242,2010-07,True,True,False,False,True,False,False,False,False,False,False,True,REVISAR,REVISAR,REVISAR,FILTRO_DENUE,REGLAS_DENUE,
3430861,21119812210000111000000000U1,TINTORERIA EXPRESS,,812210,Lavanderías y tintorerías,0 a 5 personas,CARRETERA,PUEBLA,CALLE,ACATLAN,CALLE,TEPEACA,CALLE,EL VERDE,16,C,,,,,LOCALIDAD,SAN FRANCISCO ACATEPEC,,,,72845,21,PUEBLA,119,San Andrés Cholula,0001,San Andrés Cholula,0086,050,2228440861,,,Fijo,19.02329067,-98.30624331,2010-07,True,True,False,False,True,False,False,False,False,False,False,True,REVISAR,REVISAR,REVISAR,FILTRO_DENUE,REGLAS_DENUE,
3442601,21114812210004681000000000U0,TINTORERIA FAIRA,,812210,Lavanderías y tintorerías,0 a 5 personas,AVENIDA,AVENIDA DE LAS TORRES,CALLE,ESPINO,AVENIDA,AVENIDA DEL ROBLE,AVENIDA,AVENIDA DEL ROBLE,14,,,,,,COLONIA,INFONAVIT AMALUCAN,,,,72310,21,PUEBLA,114,Puebla,0001,Heroica Puebla de Zaragoza,2387,028,,,,Fijo,19.04941765,-98.14699606,2010-07,True,True,False,False,True,False,False,False,False,False,False,True,REVISAR,REVISAR,REVISAR,FILTRO_DENUE,REGLAS_DENUE,
3449350,21140812210000221000000000U4,TINTORERIA FENIX,,812210,Lavanderías y tintorerías,0 a 5 personas,AVENIDA,2 PONIENTE,CALLE,9 NORTE,CALLE,7 NORTE,AVENIDA,MIGUEL HIDALGO,729,A,,,,,BARRIO,SAN JUAN CALVARIO,,,,72764,21,PUEBLA,140,San Pedro Cholula,0001,Cholula de Rivadavia,0056,023,2214211765,,,Fijo,19.06539489,-98.31263745,2010-07,True,True,False,False,True,False,False,False,False,False,False,True,REVISAR,REVISAR,REVISAR,FILTRO_DENUE,REGLAS_DENUE,
3439853,21114812210004441000000000U9,TINTORERIA GALAXS CLEANER,,812210,Lavanderías y tintorerías,0 a 5 personas,CALLE,16 A,BOULEVARD,ATEMPAN,CALLE,IXTEPEC,CALLE,15 A,33,B,,,,,COLONIA,BOSQUES DE AMALUCAN,,,,72310,21,PUEBLA,114,Puebla,0001,Heroica Puebla de Zaragoza,2828,035,,,,Fijo,19.05355604,-98.1292814,2010-07,True,True,False,False,True,False,False,False,False,False,False,True,REVISAR,REVISAR,REVISAR,FILTRO_DENUE,REGLAS_DENUE,
3367017,21114812210008751000000000U7,TINTORERIA GANCHITOS,,812210,Lavanderías y tintorerías,0 a 5 personas,CALLE,5 B SUR,AVENIDA,57 PONIENTE,PRIVADA,57 A PONIENTE,CALLE,5 B SUR,5702,,,,,,COLONIA,VILLA ENCANTADA,,,,72440,21,PUEBLA,114,Puebla,0001,Heroica Puebla de Zaragoza,5305,032,2222456424,,,Fijo,19.02022815,-98.21791442,2014-12,True,True,False,False,True,False,False,False,False,False,False,True,REVISAR,REVISAR,REVISAR,FILTRO_DENUE,REGLAS_DENUE,
11140298,21114812210019691000000000U2,TINTORERIA GARCIA,,812210,Lavanderías y tintorerías,0 a 5 personas,CALLE,16 SUR,CALLE,115 B ORIENTE,CALLE,117 ORIENTE,CALLE,18 SUR,1526,2,,,,,FRACCIONAMIENTO,LOS HEROES PUEBLA 2,,,,72580,21,PUEBLA,114,Puebla,0001,Heroica Puebla de Zaragoza,6356,002,2229594474,,,Fijo,18.97088461,-98.2162714,2024-11,True,True,False,False,True,False,False,False,False,False,False,True,REVISAR,REVISAR,REVISAR,FILTRO_DENUE,REGLAS_DENUE,
3436350,21114812210008572001000000U7,TINTORERIA GBM,,812210,Lavanderías y tintorerías,0 a 5 personas,CALZADA,ZAVALETA,PRIVADA,LA CONCEPCION ZAVALETA,PRIVADA,CALZADA DEL ACUEDUCTO,PRIVADA,49 A PONIENTE,4906,,,1,,,FRACCIONAMIENTO,ESTRELLAS DEL SUR,CENTRO Y PLAZA COMERCIAL,LA BELLA PIAZZA,2 Y 3,72190,21,PUEBLA,114,Puebla,0001,Heroica Puebla de Zaragoza,4612,010,,FER_ALQUISIRRA@LIVE.COM.MX,,Fijo,19.04375563,-98.24981142,2010-07,True,True,False,False,True,False,False,False,False,False,False,True,REVISAR,REVISAR,REVISAR,FILTRO_DENUE,REGLAS_DENUE,
10720177,21114812210019861000000000U1,TINTORERIA GELA,,812210,Lavanderías y tintorerías,0 a 5 personas,AVENIDA,18 ORIENTE,CALLE,36 NORTE,CALLE,34 NORTE,AVENIDA,20 ORIENTE,3410,A,,,,,COLONIA,CRISTOBAL COLON,,,,72330,21,PUEBLA,114,Puebla,0001,Heroica Puebla de Zaragoza,0520,022,,,,Fijo,19.04574496,-98.17056289,2024-11,True,True,False,False,True,False,False,False,False,False,False,True,REVISAR,REVISAR,REVISAR,FILTRO_DENUE,REGLAS_DENUE,
11269789,21114812210020161000000000U3,TINTORERIA GOTITAS,,812210,Lavanderías y tintorerías,0 a 5 personas,AVENIDA,27 SUR,CALLE,PIRUL,AVENIDA,141 PONIENTE,CALLE,29 SUR,14111,,,1,,,FRACCIONAMIENTO,HACIENDA SANTA CLARA,CENTRO Y PLAZA COMERCIAL,SANTA CLARA,7,72493,21,PUEBLA,114,Puebla,0001,Heroica Puebla de Zaragoza,645A,029,,,,Fijo,18.9814371,-98.27370886,2024-11,True,True,False,False,True,False,False,False,False,False,False,True,REVISAR,REVISAR,REVISAR,FILTRO_DENUE,REGLAS_DENUE,
7597545,21114812210017131000000000U1,TINTORERIA GUILLE MAR,,812210,Lavanderías y tintorerías,0 a 5 personas,CALLE,7 NORTE,AVENIDA,38 PONIENTE,CALLE,NINGUNO,CALLE,5 NORTE,3802,,,,,,COLONIA,SANTA MARIA,,,,72080,21,PUEBLA,114,Puebla,0001,Heroica Puebla de Zaragoza,3578,003,2226000395,,,Fijo,19.06142151,-98.19452737,2019-11,True,True,False,False,True,False,False,False,False,False,False,True,REVISAR,REVISAR,REVISAR,FILTRO_DENUE,REGLAS_DENUE,
3257362,21114812210011901000000000U3,TINTORERIA H & M,,812210,Lavanderías y tintorerías,0 a 5 personas,AVENIDA,BATALLONES DE ZACAPOAXTLA,CALLE,GENERAL MIGUEL AUZA,CALLE,GENERAL IGNACIO MEJIA,CALLE,GENERAL IGNACIO ALATORRE,3,,,,,,FRACCIONAMIENTO,LOMAS DE LORETO,,,,72260,21,PUEBLA,114,Puebla,0001,Heroica Puebla de Zaragoza,3563,036,2222664843,,,Fijo,19.06161385,-98.1817439,2010-07,True,True,False,False,True,False,False,False,False,False,False,True,REVISAR,REVISAR,REVISAR,FILTRO_DENUE,REGLAS_DENUE,
8271825,21074812210000401000000000U3,TINTORERIA HIGIENICA,,812210,Lavanderías y tintorerías,0 a 5 personas,AVENIDA,12 DE OCTUBRE,CALLE,AYALA,CALLE,REFORMA,CALLE,20 DE NOVIEMBRE,,SN,,,,,BARRIO,TERCER,,,,74160,21,PUEBLA,074,Huejotzingo,0001,Huejotzingo,0044,014,2225540544,,,Fijo,19.16117536,-98.41133705,2019-11,True,True,False,False,True,False,False,False,False,False,False,True,REVISAR,REVISAR,REVISAR,FILTRO_DENUE,REGLAS_DENUE,
8811230,21114812210016011000000000U6,TINTORERIA HYH,TINTORERIA HYH,812210,Lavanderías y tintorerías,0 a 5 personas,AVENIDA,SAUL COLOMBRES,OTRO(ESPECIFIQUE),SIN REFERENCIA,CALLE,CARMEN SERDAN,OTRO(ESPECIFIQUE),,63,,,,,,COLONIA,JOAQUIN COLOMBRES,,,,72300,21,PUEBLA,114,Puebla,0001,Heroica Puebla de Zaragoza,0450,026,,,,Fijo,19.05261703,-98.1542272,2019-11,True,True,False,False,True,False,False,False,False,False,False,True,REVISAR,REVISAR,REVISAR,FILTRO_DENUE,REGLAS_DENUE,
8307253,21114812210014371000000000U6,TINTORERIA INDUSLAP,,812210,Lavanderías y tintorerías,0 a 5 personas,CALLE,MANUEL JOSE OTHON,CALLE,IGNACIO MANUEL ALTAMIRANO,CALLE,ANTONIO CASO,AVENIDA,AVENIDA DE LOS DRAMATURGOS,5817,,,,,,COLONIA,SATELITE,,,,72320,21,PUEBLA,114,Puebla,0001,Heroica Puebla de Zaragoza,2419,033,,,,Fijo,19.04738632,-98.14849877,2019-11,True,True,False,False,True,False,False,False,False,False,False,True,REVISAR,REVISAR,REVISAR,FILTRO_DENUE,REGLAS_DENUE,
8307836,21114812210014431000000000U8,TINTORERIA JARDIN,TINTORERIA JARDIN,812210,Lavanderías y tintorerías,0 a 5 personas,AVENIDA,FILOMENO ESCAMILLA,CALLE,PABLO PEREZ,CALLE,MIGUEL LOPEZ PEREZ,AVENIDA,FILOMENO ESCAMILLA,8,,,,,,UNIDAD HABITACIONAL,MANUEL RIVERA ANAYA,,,,72309,21,PUEBLA,114,Puebla,0001,Heroica Puebla de Zaragoza,2368,033,2221901880,,,Fijo,19.05580642,-98.14842465,2019-11,True,True,False,False,True,False,False,False,False,False,False,True,REVISAR,REVISAR,REVISAR,FILTRO_DENUE,REGLAS_DENUE,
3447867,21140812210000201000000000U6,TINTORERIA JERUSALEN,,812210,Lavanderías y tintorerías,0 a 5 personas,CALLE,4 PONIENTE,CALLE,7 NORTE,CALLE,9 NORTE,AVENIDA,6 PONIENTE,722,8,,,,,CIUDAD,SAN JUAN CALVARIO,,,,72764,21,PUEBLA,140,San Pedro Cholula,0001,Cholula de Rivadavia,0516,004,2228786145,,,Fijo,19.06598885,-98.31165816,2010-07,True,True,False,False,True,False,False,False,False,False,False,True,REVISAR,REVISAR,REVISAR,FILTRO_DENUE,REGLAS_DENUE,
8325410,21114812210017901000000000U7,TINTORERIA JESSY,,812210,Lavanderías y tintorerías,0 a 5 personas,CALLE,PRIMERO DE NOVIEMBRE,CALLE,FRESNO,CALLE,MARIA,CALLE,FRESNO,,SN,,,,,COLONIA,PARAISO,,,,72350,21,PUEBLA,114,Puebla,0001,Heroica Puebla de Zaragoza,677A,006,2227330784,,,Fijo,19.03824321,-98.12533958,2019-11,True,True,False,False,True,False,False,False,False,False,False,True,REVISAR,REVISAR,REVISAR,FILTRO_DENUE,REGLAS_DENUE,
3279016,21114812210007551000000000U2,TINTORERIA JJ,,812210,Lavanderías y tintorerías,0 a 5 personas,CALLE,DIAGONAL 19 PONIENTE,CALLE,29 SUR,AVENIDA,29 PONIENTE,AVENIDA,29 PONIENTE,2711,C,,,,,COLONIA,SANTA MARIA LOS ANGER,,,,72400,21,PUEBLA,114,Puebla,0001,Heroica Puebla de Zaragoza,2495,002,2228688964,,,Fijo,19.04469856,-98.22657707,2010-07,True,True,False,False,True,False,False,False,False,False,False,True,REVISAR,REVISAR,REVISAR,FILTRO_DENUE,REGLAS_DENUE,
3344740,21114812210011091000000000U3,TINTORERIA JL,,812210,Lavanderías y tintorerías,0 a 5 personas,CALLE,OLMO,AVENIDA,BOSQUE DE MANZANILLA,AVENIDA,CAMINO REAL A MANZANILLA,CALLE,PERA,5032,A,,,,,COLONIA,BOSQUES DE MANZANILLA,,,,72307,21,PUEBLA,114,Puebla,0001,Heroica Puebla de Zaragoza,442A,019,,,,Fijo,19.06859634,-98.14506632,2014-12,True,True,False,False,True,False,False,False,False,False,False,True,REVISAR,REVISAR,REVISAR,FILTRO_DENUE,REGLAS_DENUE,
3339508,21119465311001511010000000U7,TINTORERIA JULYYS,,812210,Lavanderías y tintorerías,0 a 5 personas,CALLE,GENERAL JUAN MUJICA Y OSORIO,CALLE,GENERAL GUADALUPE VICTORIA,CALLE,DOCTOR RAFAEL MORENO VALLE,CALLE,GENERAL JUAN CRISOSTOMO BONILLA,,SN,,,,,COLONIA,GOBERNADORES,,,,72810,21,PUEBLA,119,San Andrés Cholula,0013,San Bernardino Tlaxcalancingo,0419,020,2251251116,,,Fijo,19.02649367,-98.26335606,2014-12,True,True,False,False,True,False,False,False,False,False,False,True,REVISAR,REVISAR,REVISAR,FILTRO_DENUE,REGLAS_DENUE,
3374057,21114812210011301000000000U6,TINTORERIA JUQUILITA,,812210,Lavanderías y tintorerías,0 a 5 personas,ANDADOR,PLAZA F M 10,AVENIDA,117 PONIENTE,AVENIDA,119 PONIENTE,AVENIDA,119 PONIENTE,902,,,1,72,,UNIDAD HABITACIONAL,AGUA SANTA,MERCADO PUBLICO,MERCADO AGUA SANTA,SN,72490,21,PUEBLA,114,Puebla,0001,Heroica Puebla de Zaragoza,4171,001,2211109648,,,Fijo,18.98742444,-98.24567227,2014-12,True,True,False,False,True,False,False,False,False,False,False,True,REVISAR,REVISAR,REVISAR,FILTRO_DENUE,REGLAS_DENUE,
3362048,21114812210011751100000000U2,TINTORERIA JUST N CLEAN UP,,812210,Lavanderías y tintorerías,0 a 5 personas,CALLE,18 SUR,AVENIDA,15 ORIENTE,AVENIDA,13 ORIENTE,CALLE,20 SUR,1302,,,,,,COLONIA,AZCARATE,,,,72501,21,PUEBLA,114,Puebla,0001,Heroica Puebla de Zaragoza,3775,004,,,,Fijo,19.03370503,-98.18971679,2014-12,True,True,False,False,True,False,False,False,False,False,False,True,REVISAR,REVISAR,REVISAR,FILTRO_DENUE,REGLAS_DENUE,
3463124,21114812210000911000000000U5,TINTORERIA JYJ,,812210,Lavanderías y tintorerías,0 a 5 personas,AVENIDA,LAS MARGARITAS,CALLE,IGNACIO ZARAGOZA,CALLE,SEGUNDA DE BENITO JUAREZ,CALLE,IGNACIO ZARAGOZA,706,1,,,,,COLONIA,EL PATRIMONIO,,,,72450,21,PUEBLA,114,Puebla,0001,Heroica Puebla de Zaragoza,086A,040,2228682248,,,Fijo,19.01591749,-98.22393547,2010-07,True,True,False,False,True,False,False,False,False,False,False,True,REVISAR,REVISAR,REVISAR,FILTRO_DENUE,REGLAS_DENUE,
3520961,21114812210001711000000000U8,TINTORERIA JYJ,,812210,Lavanderías y tintorerías,0 a 5 personas,RETORNO,CUARTO RETORNO 5 B SUR,ANDADOR,PLAZA DEL RECUERDO,AVENIDA,109 PONIENTE,RETORNO,CUARTO RETORNO 5 C SUR,,SN,,,,,CONJUNTO HABITACIONAL,LOMA BELLA,,,,72490,21,PUEBLA,114,Puebla,0001,Heroica Puebla de Zaragoza,4082,005,2228920737,,,Fijo,18.99190281,-98.23556117,2010-07,True,True,False,False,True,False,False,False,False,False,False,True,REVISAR,REVISAR,REVISAR,FILTRO_DENUE,REGLAS_DENUE,
7547517,21114812210015731100000000U0,TINTORERIA KARINA,,812210,Lavanderías y tintorerías,0 a 5 personas,PRIVADA,112 ORIENTE,CALLE,ORQUIDEA,CALLE,GLADIOLA,PRIVADA,110 PONIENTE,549,,,,,,COLONIA,REAL DE GUADALUPE,,,,72016,21,PUEBLA,114,Puebla,0001,Heroica Puebla de Zaragoza,6144,005,2225294927,,,Fijo,19.09108921,-98.17788372,2019-11,True,True,False,False,True,False,False,False,False,False,False,True,REVISAR,REVISAR,REVISAR,FILTRO_DENUE,REGLAS_DENUE,
3472046,21114812110010521000000000U2,TINTORERIA KROY,,812210,Lavanderías y tintorerías,0 a 5 personas,AVENIDA,FRANCISCO VILLA,CALLE,AYUNTAMIENTO,CALLE,NINGUNO,CALLE,3 NORTE,177,4,,,,,COLONIA,FRANCISCO VILLA,,,,72020,21,PUEBLA,114,Puebla,0001,Heroica Puebla de Zaragoza,4294,010,2229229271,,,Fijo,19.0894118,-98.22440432,2010-07,True,True,False,False,True,False,False,False,False,False,False,True,REVISAR,REVISAR,REVISAR,FILTRO_DENUE,REGLAS_DENUE,
11492108,21114812210022681000000000U8,TINTORERIA LA FE DE VENEMEX,,812210,Lavanderías y tintorerías,0 a 5 personas,AVENIDA,NACIONAL,AVENIDA,20 DE NOVIEMBRE,CERRADA,TECAMACHALCO,PRIVADA,NINGUNO,6506,,,,,,COLONIA,VICENTE GUERRERO,,,,72470,21,PUEBLA,114,Puebla,0001,Heroica Puebla de Zaragoza,385A,014,2212037843,,,Fijo,19.00894163,-98.23100176,2024-11,True,True,False,False,True,False,False,False,False,False,False,True,REVISAR,REVISAR,REVISAR,FILTRO_DENUE,REGLAS_DENUE,
3314471,21015311812000521020000000U0,TINTORERIA LA MERCED,,812210,Lavanderías y tintorerías,0 a 5 personas,PRIVADA,INDEPENDENCIA,PRIVADA,CUAUHTEMOC,CARRETERA,FEDERAL PUEBLA-TEHUACAN,CALLE,AZTECA,,SN,,,,,COLONIA,AZTECA,,,,72310,21,PUEBLA,015,Amozoc,0001,Amozoc de Mota,0452,059,,,,Fijo,19.04505517,-98.12482446,2014-12,True,True,False,False,True,False,False,False,False,False,False,True,REVISAR,REVISAR,REVISAR,FILTRO_DENUE,REGLAS_DENUE,
3257496,21114812210006111000000000U6,TINTORERIA LA MERCED,,812210,Lavanderías y tintorerías,0 a 5 personas,AVENIDA,ACUEDUCTO,CALLE,NINGUNO,CALLE,CALLE DE LA ROSA,AVENIDA,LEOBARDO COCA,32,,,,,,COLONIA,MOVIMIENTO OBRER,,,,72260,21,PUEBLA,114,Puebla,0001,Heroica Puebla de Zaragoza,2264,031,2211009022,,,Fijo,19.060695,-98.17087013,2010-07,True,True,False,False,True,False,False,False,False,False,False,True,REVISAR,REVISAR,REVISAR,FILTRO_DENUE,REGLAS_DENUE,
10207099,21114812210020641000000000U4,TINTORERIA LA MERCED,,812210,Lavanderías y tintorerías,0 a 5 personas,AVENIDA,AVENIDA DE LOS MARTIRES,PRIVADA,5 DE FEBRERO,CALLE,5 DE FEBRERO,CALLE,VENUSTIANO CARRANZA,138,,,,,,COLONIA,VISTA HERMOSA ALAMOS,,,,72320,21,PUEBLA,114,Puebla,0001,Heroica Puebla de Zaragoza,3648,033,2228966718,,,Fijo,19.03967754,-98.14922188,2024-11,True,True,False,False,True,False,False,False,False,False,False,True,REVISAR,REVISAR,REVISAR,FILTRO_DENUE,REGLAS_DENUE,
3465030,21136812210000031000000000U5,TINTORERIA LA PRIMERA,,812210,Lavanderías y tintorerías,0 a 5 personas,AVENIDA,CORREGIDORA,CALLE,AMADO NERVO,AVENIDA,JESUS CARRANZA,CALLE,NINGUNO,52,,,,,,LOCALIDAD,XOXTLA,,,,72028,21,PUEBLA,136,San Miguel Xoxtla,0001,San Miguel Xoxtla,0049,021,2228189768,,,Fijo,19.17146834,-98.30631287,2010-07,True,True,False,False,True,False,False,False,False,False,False,True,REVISAR,REVISAR,REVISAR,FILTRO_DENUE,REGLAS_DENUE,
8950764,21114812210015201000000000U4,TINTORERIA LAS HADAS,,812210,Lavanderías y tintorerías,0 a 5 personas,AVENIDA,23 NORTE,CALLE,36 PONIENTE,CALLE,34 PONIENTE,CALLE,25 NORTE,3405,1,,,,,COLONIA,LAS CUARTILLAS,,,,72050,21,PUEBLA,114,Puebla,0001,Heroica Puebla de Zaragoza,0126,041,2227210545,DAF-NEW1932@LIVE.COM,,Fijo,19.06712168,-98.20609796,2019-11,True,True,False,False,True,False,False,False,False,False,False,True,REVISAR,REVISAR,REVISAR,FILTRO_DENUE,REGLAS_DENUE,
3342184,21114812210012061000000000U5,TINTORERIA LAS HIUERTAS,,812210,Lavanderías y tintorerías,0 a 5 personas,AVENIDA,AVENIDA DE LAS HUERTAS,PRIVADA,NINGUNO,CERRADA,CERRADA DE LOS PINOS,PRIVADA,NINGUNO,16,B,,,,,COLONIA,SAN PABLO XOCHIMEHUACAN,,,,72014,21,PUEBLA,114,Puebla,0001,Heroica Puebla de Zaragoza,257A,003,2211828164,,,Fijo,19.09013346,-98.20240775,2014-12,True,True,False,False,True,False,False,False,False,False,False,True,REVISAR,REVISAR,REVISAR,FILTRO_DENUE,REGLAS_DENUE,
3358748,21114812210008772001000000U3,TINTORERIA LAV O TRONIK,TEPSD,812210,Lavanderías y tintorerías,0 a 5 personas,AVENIDA,LATERAL DE LA RECTA,CALLE,Meztli,CALLE,Ninguno,CALLE,Getsemani,3502,,,,,,COLONIA,FRACC QUETZALLI,,,,72810,21,PUEBLA,114,Puebla,0001,Heroica Puebla de Zaragoza,3050,003,2222432809,LAVOTRONIKTINTORERIAS@GMAIL.CO,,Fijo,19.05947639,-98.27573737,2014-12,True,True,False,False,True,False,False,False,False,False,False,True,REVISAR,REVISAR,REVISAR,FILTRO_DENUE,REGLAS_DENUE,
3421504,21114812210008612001000000U1,TINTORERIA LAV O TRONIK,TEPSP,812210,Lavanderías y tintorerías,0 a 5 personas,CALLE,14 SUR,AVENIDA,25 ORIENTE,AVENIDA,29 ORIENTE,CALLE,PRIMERA CALLE DE ESTEBAN DE ANTUÑANO,2507,,,,,,COLONIA,BELLA VISTA,,,,72500,21,PUEBLA,114,Puebla,0001,Heroica Puebla de Zaragoza,0696,018,,LAVOTRONIKTINTORERIAS@GMAIL.COM,WWW.LAVATRONIK.COM,Fijo,19.03063457,-98.19576868,2010-07,True,True,False,False,True,False,False,False,False,False,False,True,REVISAR,REVISAR,REVISAR,FILTRO_DENUE,REGLAS_DENUE,
7597078,21114812210017061000000000U0,TINTORERIA LAVANDERIA CLEAN CLOTES,,812210,Lavanderías y tintorerías,0 a 5 personas,CALLE,15 NORTE,AVENIDA,50 PONIENTE,CALLE,48 PONIENTE,CALLE,13 NORTE,4808,A,,,,,COLONIA,SANTA MARIA,,,,72080,21,PUEBLA,114,Puebla,0001,Heroica Puebla de Zaragoza,0130,028,2222521177,,,Fijo,19.06836494,-98.19643219,2019-11,True,True,False,False,True,True,False,False,False,False,False,True,REVISAR,REVISAR,REVISAR,FILTRO_DENUE,REGLAS_DENUE,
9077417,21114812210018701000000000U0,TINTORERIA LAVANDERIA ECO AGUA,,812210,Lavanderías y tintorerías,0 a 5 personas,CALLE,MIXTECA,CALLE,BONAMPAK,CALLE,MAYA NORTE,CALLE,MIXTECA,4,B,,,,,COLONIA,BELLO HORIZONTE,,,,72735,21,PUEBLA,114,Puebla,0001,Heroica Puebla de Zaragoza,5983,035,2211829546,,,Fijo,19.05393204,-98.26853306,2019-11,True,True,False,False,True,True,False,False,False,False,False,True,REVISAR,REVISAR,REVISAR,FILTRO_DENUE,REGLAS_DENUE,
11815686,21114812210022841000000000U8,TINTORERIA LAVANDERIA Y PLANCHADURIA DRY CLEANER,,812210,Lavanderías y tintorerías,0 a 5 personas,CALLE,HOMBRES ILUSTRES,CALLE,Constitución,CALLE,Primera de Mayo,CALLE,20 de Noviembre,,SN,,,,,COLONIA,IGNACIO ROMERO VARGAS,,,,72120,21,PUEBLA,114,Puebla,0001,Heroica Puebla de Zaragoza,4788,010,,,,Fijo,19.07417756,-98.24360655,2025-04,True,True,False,False,True,True,False,False,False,False,False,True,REVISAR,REVISAR,REVISAR,FILTRO_DENUE,REGLAS_DENUE,
3275671,21114812210008401001000000U9,TINTORERIA LAV-O-TRONIC,TEPSP,812210,Lavanderías y tintorerías,0 a 5 personas,CALLE,VIA VOLKSWAGEN,CALLE,49 SUR,CALLE,NINGUNO,CALLE,5 PONIENTE,4514,,,,,,COLONIA,LA PAZ,,,,72160,21,PUEBLA,114,Puebla,0001,Heroica Puebla de Zaragoza,2508,016,,LAVATRONIKTINTORERIAS@GMAIL.COM,,Fijo,19.05967276,-98.23406016,2013-07,True,True,False,False,True,False,False,False,False,False,False,True,REVISAR,REVISAR,REVISAR,FILTRO_DENUE,REGLAS_DENUE,
3275670,21114812210008632002000000U9,TINTORERIA LAVOTRONIK,TEPSP,812210,Lavanderías y tintorerías,6 a 10 personas,CALLE,CALZADA IGNACIO ZARAGOZA,CALLE,NINGUNO,CALLE,NINGUNO,CALLE,NINGUNO,266,,,1,25,A,COLONIA,LOS PINOS,CENTRO Y PLAZA COMERCIAL,PLAZA LORETO,25 AL 27,72210,21,PUEBLA,114,Puebla,0001,Heroica Puebla de Zaragoza,3563,024,2222432809,,WWW.LAVOTRONIK.COM,Fijo,19.06612055,-98.17767272,2010-07,True,True,False,False,True,False,False,False,False,False,False,True,REVISAR,REVISAR,REVISAR,FILTRO_DENUE,REGLAS_DENUE,
9554223,21114812210021661000000000U1,TINTORERIA LAVOTRONIK,TESP,812210,Lavanderías y tintorerías,0 a 5 personas,CALLE,LUNA,CALLE,SAN DIEGO,CALLE,NINGUNO,CALLE,NINGUNO,420,,,,,,COLONIA,SANTA LUCIA,,,,72499,21,PUEBLA,114,Puebla,0001,Heroica Puebla de Zaragoza,5678,044,,LAVOTRONIKTINTORERIAS@GMAIL.COM,,Fijo,18.96869813,-98.23069726,2024-11,True,True,False,False,True,False,False,False,False,False,False,True,REVISAR,REVISAR,REVISAR,FILTRO_DENUE,REGLAS_DENUE,
8869455,21114812210015111000000000U5,TINTORERIA LAV-O-TRONIK,TEPSP,812210,Lavanderías y tintorerías,0 a 5 personas,BOULEVARD,NORTE,AVENIDA,CARLOS GONZALEZ,AVENIDA,15 DE MAYO,CALLE,ITALIA,2210,,PLAZA SAN PEDRO,1,,,COLONIA,LAS HADAS,CENTRO Y PLAZA COMERCIAL,PLAZA SAN PEDRO,11,72070,21,PUEBLA,114,Puebla,0001,Heroica Puebla de Zaragoza,4222,007,,LAVOTRONIKTINTORERIAS@GMAIL.COM,,Fijo,19.06594388,-98.21286969,2019-11,True,True,False,False,True,False,False,False,False,False,False,True,REVISAR,REVISAR,REVISAR,FILTRO_DENUE,REGLAS_DENUE,
3462426,21114812210008371001000000U4,TINTORERIA LAV-O-TRONIK,TEPSP,812210,Lavanderías y tintorerías,0 a 5 personas,BOULEVARD,CARLOS CAMACHO ESPIRITU,AVENIDA,JUAN PABLO II,CALLE,16 DE SEPTIEMBRE,CALLE,5 SUR,115,,,1,,,COLONIA,RESIDENCIAL BOULEVARES,CENTRO Y PLAZA COMERCIAL,PLAZA CRYSTAL,SN,72440,21,PUEBLA,114,Puebla,0001,Heroica Puebla de Zaragoza,0732,045,,LAVATRONICTINTORERIAS@GMAIL.COM,WWW.LAVATRONIK.COM,Fijo,19.02193038,-98.21232796,2010-07,True,True,False,False,True,False,False,False,False,False,False,True,REVISAR,REVISAR,REVISAR,FILTRO_DENUE,REGLAS_DENUE,
3410303,21114812210008361001000000U5,TINTORERIA LAV-O-TRONIK,TESP,812210,Lavanderías y tintorerías,0 a 5 personas,AVENIDA,31 PONENTE MANUEL ESPINOSA YGLESIAS,CALLE,16 DE SEPTIEMBRE,CALLE,3 SUR,AVENIDA,29 PONIENTE,116,,,,,,COLONIA,CHULA VISTA,,,,72420,21,PUEBLA,114,Puebla,0001,Heroica Puebla de Zaragoza,3737,018,,LAVOTRONIKTINTORERIAS@GMAIL.COM,WWW.LAVOTRONIK.COM,Fijo,19.03318845,-98.20638573,2010-07,True,True,False,False,True,False,False,False,False,False,False,True,REVISAR,REVISAR,REVISAR,FILTRO_DENUE,REGLAS_DENUE,
3347801,21114812210008932001000000U3,TINTORERIA LAV-O-TRONIK,TEPSP,812210,Lavanderías y tintorerías,0 a 5 personas,BOULEVARD,NORTE,AVENIDA,CARLOS GONZALEZ,AVENIDA,15 DE MAYO,CALLE,ITALIA,2210,,,1,,,COLONIA,LAS HADAS,CENTRO Y PLAZA COMERCIAL,PLAZA SAN PEDRO,10 Y 11,72070,21,PUEBLA,114,Puebla,0001,Heroica Puebla de Zaragoza,4222,007,,LAVOTRONIKTINTORERIAS@GMAIL.COM,,Fijo,19.06594388,-98.21286969,2014-12,True,True,False,False,True,False,False,False,False,False,False,True,REVISAR,REVISAR,REVISAR,FILTRO_DENUE,REGLAS_DENUE,
3274187,21114812210008311001000000U0,TINTORERIA LAV-O-TRONIK,TEPSP,812210,Lavanderías y tintorerías,0 a 5 personas,AVENIDA,39 PONIENTE,CALLE,5 SUR,PRIVADA,3 B SUR,AVENIDA,39 PONIENTE,,SN,,,,,COLONIA,GABRIEL PASTOR SECCION 1,,,,72534,21,PUEBLA,114,Puebla,0001,Heroica Puebla de Zaragoza,0662,015,,LAVOTRONIKTINTORERIAS@GMAIL.COM,WWW.LAVOTRONIK.COM,Fijo,19.03113366,-98.21008199,2012-06,True,True,False,False,True,False,False,False,False,False,False,True,REVISAR,REVISAR,REVISAR,FILTRO_DENUE,REGLAS_DENUE,
3459824,21114812210008251000000000U8,TINTORERIA LAV-O-TRONIK,TINTORERIA ELECTRONICA PLAZA SAN PEDRO TEPSP,812210,Lavanderías y tintorerías,0 a 5 personas,AVENIDA,10 PONIENTE,CALLE,29 A NORTE,CALLE,29 NORTE,CALLE,DIAGONAL 10 PONIENTE,2902,,,,,,COLONIA,VILLA SAN ALEJANDRO,,,,72090,21,PUEBLA,114,Puebla,0001,Heroica Puebla de Zaragoza,2283,001,,LAVATRONIKTINTORERIAS@GMAIL.COM,,Fijo,19.05899197,-98.21715564,2010-07,True,True,False,False,True,False,False,False,False,False,False,True,REVISAR,REVISAR,REVISAR,FILTRO_DENUE,REGLAS_DENUE,
3444839,21114812210000931100000000U5,TINTORERIA LEO,TINTORERIA,812210,Lavanderías y tintorerías,0 a 5 personas,CIRCUITO,PLAZA CENTRAL,AVENIDA,111 PONIENTE,CALLE,NINGUNO,RETORNO,OCTAVO RETORNO 3 C SUR,,SN,,,5,,OTRO,LOMA BELLA,,,,72490,21,PUEBLA,114,Puebla,0001,Heroica Puebla de Zaragoza,4059,031,2222789895,,,Fijo,18.98866734,-98.23513626,2010-07,True,True,False,False,True,False,False,False,False,False,False,True,REVISAR,REVISAR,REVISAR,FILTRO_DENUE,REGLAS_DENUE,
8776413,21114812210015061000000000U2,TINTORERIA LEON,,812210,Lavanderías y tintorerías,0 a 5 personas,CALLE,FUTBOL,PROLONGACION,DEFENSORES DE LA REPUBLICA,AVENIDA,ADOLFO LOPEZ MATEOS,CALLE,GIMNASIA,,SN,,,,,COLONIA,VILLA VERDE,,,,72300,21,PUEBLA,114,Puebla,0001,Heroica Puebla de Zaragoza,2279,027,2221953547,,,Fijo,19.05331524,-98.16127052,2019-11,True,True,False,False,True,False,False,False,False,False,False,True,REVISAR,REVISAR,REVISAR,FILTRO_DENUE,REGLAS_DENUE,
9601409,21114812210020511000000000U9,TINTORERIA LEON,,812210,Lavanderías y tintorerías,0 a 5 personas,CALLE,AVENIDA GRANATE,CALLE,AMBAR,CALLE,AVENIDA TOPACIO,CALLE,AMBAR,3902,,,,,,COLONIA,VILLA POSADAS,,,,72060,21,PUEBLA,114,Puebla,0001,Heroica Puebla de Zaragoza,4773,014,2212050603,,,Fijo,19.07075886,-98.21958406,2024-11,True,True,False,False,True,False,False,False,False,False,False,True,REVISAR,REVISAR,REVISAR,FILTRO_DENUE,REGLAS_DENUE,
7852543,21114812210015911000000000U8,TINTORERIA LETY,,812210,Lavanderías y tintorerías,0 a 5 personas,CALLE,5 SUR,AVENIDA,33 PONIENTE,AVENIDA,31 PONIENTE,PRIVADA,PRIVADA DE LA 3 SUR,3110,,,,,,COLONIA,CHULA VISTA,,,,72420,21,PUEBLA,114,Puebla,0001,Heroica Puebla de Zaragoza,3737,024,,,,Fijo,19.03363798,-98.20883477,2019-11,True,True,False,False,True,False,False,False,False,False,False,True,REVISAR,REVISAR,REVISAR,FILTRO_DENUE,REGLAS_DENUE,
3355820,21114812210003281000000000U0,TINTORERIA LIDIA,,812210,Lavanderías y tintorerías,0 a 5 personas,CALLE,7 E,CALLE,NINGUNO,BOULEVARD,PUEBLA,ANDADOR,PLAZA RAFAEL MORANTE,66,M,,,0,SN,COLONIA,BOSQUES DE SAN SEBASTIAN,,,,72310,21,PUEBLA,114,Puebla,0001,Heroica Puebla de Zaragoza,4472,002,2215593785,,,Fijo,19.06336795,-98.12748751,2014-12,True,True,False,False,True,False,False,False,False,False,False,True,REVISAR,REVISAR,REVISAR,FILTRO_DENUE,REGLAS_DENUE,
3427228,21074812210000141000000000U5,TINTORERIA LIZ,,812210,Lavanderías y tintorerías,0 a 5 personas,CALLE,PORFIRIO DIAZ,CALLE,PALMA,CALLE,VENUSTIANO CARRANZA,CALLE,IXTACUIXTLA SUR,30,,,,,,COLONIA,CENTRO,,,,74169,21,PUEBLA,074,Huejotzingo,0029,Santa Ana Xalmimilulco,0025,002,,,,Fijo,19.20766002,-98.38274798,2010-07,True,True,False,False,True,False,False,False,False,False,False,True,REVISAR,REVISAR,REVISAR,FILTRO_DENUE,REGLAS_DENUE,
3427244,21074812210000131000000000U6,TINTORERIA LIZ,,812210,Lavanderías y tintorerías,0 a 5 personas,CALLE,VENUSTIANO CARRANZA,PRIVADA,NINGUNO,CALLE,NINGUNO,CALLE,SAN MANUEL,12,,,,,,COLONIA,CENTRO,,,,74169,21,PUEBLA,074,Huejotzingo,0029,Santa Ana Xalmimilulco,0025,016,,,,Fijo,19.20685794,-98.38143472,2010-07,True,True,False,False,True,False,False,False,False,False,False,True,REVISAR,REVISAR,REVISAR,FILTRO_DENUE,REGLAS_DENUE,
8329145,21114812210015371000000000U5,TINTORERIA LOBDRY,,812210,Lavanderías y tintorerías,0 a 5 personas,CALLE,VENUSTIANO CARRANZA,CALLE,PROGRESO,CALLE,31 DE JULIO,CALLE,FRANCISCO JAVIER MINA,,SN,,,,,COLONIA,TEPEYAC,,,,72210,21,PUEBLA,114,Puebla,0001,Heroica Puebla de Zaragoza,4307,010,,,,Fijo,19.070742,-98.17619346,2019-11,True,True,False,False,True,False,False,False,False,False,False,True,REVISAR,REVISAR,REVISAR,FILTRO_DENUE,REGLAS_DENUE,
3463306,21114812210007121000000000U4,TINTORERIA LOHER,,812210,Lavanderías y tintorerías,0 a 5 personas,CALLE,INDEPENDENCIA,PRIVADA,NINGUNO,CALLE,ALDAMA,CALLE,JOSE MARIA MORELOS Y PAVON,6188,,,,,,COLONIA,EL PATRIMONIO,,,,72450,21,PUEBLA,114,Puebla,0001,Heroica Puebla de Zaragoza,2423,004,,,,Fijo,19.01048288,-98.22371126,2010-07,True,True,False,False,True,False,False,False,False,False,False,True,REVISAR,REVISAR,REVISAR,FILTRO_DENUE,REGLAS_DENUE,
3334985,21140812210000901000000000U1,TINTORERIA LOS ANGELES,,812210,Lavanderías y tintorerías,0 a 5 personas,AVENIDA,8 ORIENTE,AVENIDA,FORJADORES DE PUEBLA,CALLE,6 NORTE,AVENIDA,6 ORIENTE,412,,,,,,COLONIA,CENTRO,,,,72760,21,PUEBLA,140,San Pedro Cholula,0001,Cholula de Rivadavia,0520,006,,,,Fijo,19.06330909,-98.30194831,2014-12,True,True,False,False,True,False,False,False,False,False,False,True,REVISAR,REVISAR,REVISAR,FILTRO_DENUE,REGLAS_DENUE,
3462599,21114812210007881000000000U3,TINTORERIA LOS ANGELES,,812210,Lavanderías y tintorerías,0 a 5 personas,CALLE,INDEPENDENCIA,AVENIDA,CRISTOBAL HIDALGO,PRIVADA,INDEPENDENCIA,AVENIDA,CRISTOBAL HIDALGO,5905,,,,,,COLONIA,LOS ANGELES MAYORAZGO,,,,72440,21,PUEBLA,114,Puebla,0001,Heroica Puebla de Zaragoza,5305,011,2223077158,,,Fijo,19.01946519,-98.21989869,2010-07,True,True,False,False,True,False,False,False,False,False,False,True,REVISAR,REVISAR,REVISAR,FILTRO_DENUE,REGLAS_DENUE,
3419622,21074812210000061000000000U5,TINTORERIA LUCY,,812210,Lavanderías y tintorerías,0 a 5 personas,AVENIDA,CUAUHTEMOC,CALLE,JUSTO SIERRA,CALLE,JUAN DE DIOS PEZA,AVENIDA,EL CARMEN,,SN,,,,,LOCALIDAD,HUEJOTZINGO,,,,74160,21,PUEBLA,074,Huejotzingo,0001,Huejotzingo,0063,018,2271190172,,,Fijo,19.15379417,-98.40422707,2010-07,True,True,False,False,True,False,False,False,False,False,False,True,REVISAR,REVISAR,REVISAR,FILTRO_DENUE,REGLAS_DENUE,
3314267,21015812210000121100000000U0,TINTORERIA LUPITA,,812210,Lavanderías y tintorerías,0 a 5 personas,AVENIDA,JUAN PABLO II,CALLE,VIRGEN NATIVIDAD,CALLE,SANTA TERESITA,CALLE,JUQUILA,,SN,,,,,COLONIA,SANTA MARGARITA,,,,72310,21,PUEBLA,114,Puebla,0001,Heroica Puebla de Zaragoza,6799,010,2227760986,,,Fijo,19.05212353,-98.12146098,2014-12,True,True,False,False,True,False,False,False,False,False,False,True,REVISAR,REVISAR,REVISAR,FILTRO_DENUE,REGLAS_DENUE,
8272142,21132812210000901000000000U8,TINTORERIA M Y M,,812210,Lavanderías y tintorerías,0 a 5 personas,CALLE,PICO DE ORIZABA SUR,CALLE,RAFAEL AVILA CAMACHO,CALLE,POPOCATEPETL,CALLE,PARICUTIN SUR,27,,,,,,COLONIA,LINDA VISTA,,,,74070,21,PUEBLA,132,San Martín Texmelucan,0001,San Martín Texmelucan de Labastida,004A,034,2481403509,,,Fijo,19.28265166,-98.44269236,2019-11,True,True,False,False,True,False,False,False,False,False,False,True,REVISAR,REVISAR,REVISAR,FILTRO_DENUE,REGLAS_DENUE,
3254048,21114812210006411000000000U0,TINTORERIA MADRID,,812210,Lavanderías y tintorerías,0 a 5 personas,AVENIDA,ADOLFO LOPEZ MATEOS,CALLE,GUSTAVO DIAZ ORDAZ,CALLE,BENITO JUAREZ,CALLE,ALVARO OBREGON,60,,,,,,COLONIA,SAN PEDRO,,,,72210,21,PUEBLA,114,Puebla,0001,Heroica Puebla de Zaragoza,3351,014,2222224058,,,Fijo,19.07405235,-98.17355395,2010-07,True,True,False,False,True,False,False,False,False,False,False,True,REVISAR,REVISAR,REVISAR,FILTRO_DENUE,REGLAS_DENUE,
10036672,21114812210020541000000000U6,TINTORERIA MANAMI,,812210,Lavanderías y tintorerías,0 a 5 personas,AVENIDA,15 DE MAYO,CALLE,37 B NORTE,AVENIDA,SAN FELIPE,CALLE,16 PONIENTE,3729,,,1,,,COLONIA,VILLA POSADAS,CENTRO Y PLAZA COMERCIAL,PLAZA D D,2,72060,21,PUEBLA,114,Puebla,0001,Heroica Puebla de Zaragoza,4203,028,2221528590,NSARQUIZ0812@GMAIL.COM,,Fijo,19.06913986,-98.2193967,2024-11,True,True,False,False,True,False,False,False,False,False,False,True,REVISAR,REVISAR,REVISAR,FILTRO_DENUE,REGLAS_DENUE,
3269310,21163812210000011000000000U1,TINTORERIA MARTINEZ,,812210,Lavanderías y tintorerías,0 a 5 personas,CALLE,2 PONIENTE,CALLE,2 PONIENTE,CALLE,2 PONIENTE,CALLE,4 PONIENTE,311,,,,,,SECCION,PRIMERA,,,,75100,21,PUEBLA,163,Tepatlaxco de Hidalgo,0001,Tepatlaxco de Hidalgo,0135,014,,,,Fijo,19.08089094,-97.97436912,2010-07,True,True,False,False,True,False,False,False,False,False,False,True,REVISAR,REVISAR,REVISAR,FILTRO_DENUE,REGLAS_DENUE,
10279585,21114812210021151000000000U3,TINTORERIA MARY FER,,812210,Lavanderías y tintorerías,0 a 5 personas,CALLE,ROMA,AVENIDA,CRISTOBAL COLON,AVENIDA,MIGUEL ALEMAN,CALLE,SAN JUAN,,SN,,,,,COLONIA,SANTA MARIA XONACATEPEC,,,,72229,21,PUEBLA,114,Puebla,0218,Santa María Xonacatepec,6233,017,,,,Fijo,19.08501324,-98.10675422,2024-11,True,True,False,False,True,False,False,False,False,False,False,True,REVISAR,REVISAR,REVISAR,FILTRO_DENUE,REGLAS_DENUE,
3458854,21114812210006001000000000U9,TINTORERIA MAX,OPERADORA ZAYSE,812210,Lavanderías y tintorerías,0 a 5 personas,AVENIDA,REFORMA,AVENIDA,AARON MERINO FERNANDEZ,CALLE,CHAPULCO,AVENIDA,REFORMA SUR,3117,,,5,,,COLONIA,LA PAZ,CENTRO Y PLAZA COMERCIAL,SUPERMERCADO WALMART,10,72160,21,PUEBLA,114,Puebla,0001,Heroica Puebla de Zaragoza,0361,020,2212276600,MAX.ZAYSE@GMAIL.COM,WWW.TINTORERIAMAXOFICIAL.COM,Fijo,19.0580339,-98.22304011,2010-07,True,True,False,False,True,False,False,False,False,False,False,True,REVISAR,REVISAR,REVISAR,FILTRO_DENUE,REGLAS_DENUE,
3271820,21114812210008271000000000U6,TINTORERIA MAX,OPERADORA ZAYSE,812210,Lavanderías y tintorerías,0 a 5 personas,CIRCUITO,CIRCUITO JUAN PABLO II,DIAGONAL,IGNACIO ZARAGOZA,CALLE,RIO VERDE,CALLE,18 SUR,5120,,,17,,,COLONIA,VILLA CARMEL,CENTRO Y PLAZA COMERCIAL,PLAZA SOLE,G,72560,21,PUEBLA,114,Puebla,0001,Heroica Puebla de Zaragoza,1406,027,1222646977,MAX.ZAYSE@GMAIL.COM,WWW.TINTORERIAMAXOFICIAL,Fijo,19.01581407,-98.19822765,2012-06,True,True,False,False,True,False,False,False,False,False,False,True,REVISAR,REVISAR,REVISAR,FILTRO_DENUE,REGLAS_DENUE,
3271819,21114812210008321000000000U9,TINTORERIA MAX,OPERADORA ZAYSE,812210,Lavanderías y tintorerías,0 a 5 personas,PRIVADA,NINGUNO,CIRCUITO,JUAN PABLO II,CIRCUITO,JUAN PABLO II,CALLE,29 SUR,0,SN,,17,2907,I Y I,COLONIA,NUEVO AMANECER,EDIFICIO COMERCIAL Y DE SERVICIOS,PLAZA EXPRESS,I,72400,21,PUEBLA,114,Puebla,0001,Heroica Puebla de Zaragoza,2476,026,,MAX.ZAYSE@GMAIL.COM,,Fijo,19.04043049,-98.22884533,2012-06,True,True,False,False,True,False,False,False,False,False,False,True,REVISAR,REVISAR,REVISAR,FILTRO_DENUE,REGLAS_DENUE,
3413318,21114812210004931000000000U9,TINTORERIA MAXWIN,,812210,Lavanderías y tintorerías,0 a 5 personas,AVENIDA,FRANCISCO I MADERO,CALLE,SEGUNDA PRIVADA PLAN DE GUADALUPE,CALLE,PLAN DE GUADALUPE,BOULEVARD,PROLONGACION AVENIDA 43 ORIENTE,438,2,,,2,,COLONIA,SAN BALTAZAR CAMPECHE,,,,72550,21,PUEBLA,114,Puebla,0001,Heroica Puebla de Zaragoza,1393,032,2223797506,,,Fijo,19.0252678,-98.20451117,2010-07,True,True,False,False,True,False,False,False,False,False,False,True,REVISAR,REVISAR,REVISAR,FILTRO_DENUE,REGLAS_DENUE,
9748693,21114812210022271000000000U8,TINTORERIA MAY,,812210,Lavanderías y tintorerías,0 a 5 personas,BOULEVARD,CARLOS CAMACHO ESPIRITU,CALLE,5 NORTE,OTRO(ESPECIFIQUE),NINGUNO,OTRO(ESPECIFIQUE),NINGUNO,,SN,,,,,BARRIO,SANTA CATARINA,,,,72595,21,PUEBLA,114,Puebla,0001,Heroica Puebla de Zaragoza,4275,002,,,,Fijo,18.96990753,-98.18715291,2024-11,True,True,False,False,True,False,False,False,False,False,False,True,REVISAR,REVISAR,REVISAR,FILTRO_DENUE,REGLAS_DENUE,
3452740,21140812210000141000000000U4,TINTORERIA MEXICANA,,812210,Lavanderías y tintorerías,0 a 5 personas,AVENIDA,FORJADORES DE PUEBLA,OTRO(ESPECIFIQUE),ARROYO,PROLONGACION,6 NORTE,PROLONGACION,6 NORTE,601,,,1,,,COLONIA,SANTIAGO MIXQUITLA,CENTRO Y PLAZA COMERCIAL,PLAZA YELINA,2,72760,21,PUEBLA,140,San Pedro Cholula,0001,Cholula de Rivadavia,0380,022,,,,Fijo,19.07521163,-98.2934509,2010-07,True,True,False,False,True,False,False,False,False,False,False,True,REVISAR,REVISAR,REVISAR,FILTRO_DENUE,REGLAS_DENUE,
3461283,21114812210011361000000000U0,TINTORERIA MEXICANA,,812210,Lavanderías y tintorerías,0 a 5 personas,AVENIDA,GENERAL IGNACIO ZARAGOZA,CALLE,5 DE MAYO,CALLE,GENERAL JOAQUIN COLOMBRES,AVENIDA,MAXIMO SERDAN,33,6,,,,,COLONIA,HEROES DE PUEBLA,,,,72520,21,PUEBLA,114,Puebla,0001,Heroica Puebla de Zaragoza,0728,019,2241637520,,,Fijo,19.02616704,-98.17957732,2010-07,True,True,False,False,True,False,False,False,False,False,False,True,REVISAR,REVISAR,REVISAR,FILTRO_DENUE,REGLAS_DENUE,
10845140,21114812210021611000000000U6,TINTORERIA MISTERTINTO,TINTORERIA MISTERTINTO,812210,Lavanderías y tintorerías,0 a 5 personas,AVENIDA,UNIVERSIDAD AUTONOMA DE PUEBLA,AVENIDA,SAN FRANCISCO,AVENIDA,SAN IGNACIO,CALLE,RIO YAQUI,5713,,,,,,FRACCIONAMIENTO,JARDINES DE SAN MANUEL,,,,72570,21,PUEBLA,114,Puebla,0001,Heroica Puebla de Zaragoza,0802,001,,,,Fijo,19.0114941,-98.20303188,2024-11,True,True,False,False,True,False,False,False,False,False,False,True,REVISAR,REVISAR,REVISAR,FILTRO_DENUE,REGLAS_DENUE,
3258497,21114812210006771000000000U7,TINTORERIA MJ,,812210,Lavanderías y tintorerías,0 a 5 personas,AVENIDA,22 ORIENTE,PRIVADA,6 NORTE,CALZADA,CALZADA DE LOS FUERTES,BOULEVARD,HEROES DEL 5 DE MAYO,1809,,,,,,BARRIO,XANENETLA,,,,72290,21,PUEBLA,114,Puebla,0001,Heroica Puebla de Zaragoza,2194,017,,,,Fijo,19.04942626,-98.18812476,2010-07,True,True,False,False,True,False,False,False,False,False,False,True,REVISAR,REVISAR,REVISAR,FILTRO_DENUE,REGLAS_DENUE,
10793628,21114812210022291000000000U6,TINTORERIA MUNSI,,812210,Lavanderías y tintorerías,0 a 5 personas,BOULEVARD,MUNICIPIO LIBRE,PRIVADA,1RA. PRIVADA 6 SUR,CALLE,NINGUNO,CALLE,77 ORIENTE,626,,,,,,COLONIA,LOMA LINDA,,,,72477,21,PUEBLA,114,Puebla,0001,Heroica Puebla de Zaragoza,4608,021,2221859523,CORPORATIVOMUNSI@GMAIL.COM,WWW.ICORPORATIVOMUNSI.COM.MX,Fijo,18.99573169,-98.21689383,2024-11,True,True,False,False,True,False,False,False,False,False,False,True,REVISAR,REVISAR,REVISAR,FILTRO_DENUE,REGLAS_DENUE,
10999669,21114812210021501000000000U9,TINTORERIA O BLACK,,812210,Lavanderías y tintorerías,0 a 5 personas,AVENIDA,GENERAL IGNACIO ZARAGOZA,CALLE,GENERAL FRANCISCO DE LA MADRID,CALLE,GENERAL SANTIAGO TAPIA,CALLE,CORONEL RAFAEL CRAVIOTO,47,2,,,,,COLONIA,HEROES DE PUEBLA,,,,72520,21,PUEBLA,114,Puebla,0001,Heroica Puebla de Zaragoza,3826,031,2212092535,,,Fijo,19.02366866,-98.18036213,2024-11,True,True,False,False,True,False,False,False,False,False,False,True,REVISAR,REVISAR,REVISAR,FILTRO_DENUE,REGLAS_DENUE,
3434144,21119812210000431000000000U3,TINTORERIA OLIMPICA,,812210,Lavanderías y tintorerías,0 a 5 personas,AVENIDA,GENERAL EMILIANO ZAPATA,CALLE,CORONEL JUAN IXCOATL,CALLE,NINGUNO,AVENIDA,FRANCISCO I. MADERO,14,,,,,,COLONIA,EMILIANO ZAPATA,,,,72820,21,PUEBLA,119,San Andrés Cholula,0013,San Bernardino Tlaxcalancingo,0368,008,2225265408,,,Fijo,19.03562414,-98.26017432,2010-07,True,True,False,False,True,False,False,False,False,False,False,True,REVISAR,REVISAR,REVISAR,FILTRO_DENUE,REGLAS_DENUE,
3333489,21140812210000991002000000U2,TINTORERIA ONE,,812210,Lavanderías y tintorerías,0 a 5 personas,CALLE,CAMINO A LA CARCAÑA,OTRO(ESPECIFIQUE),BARDA,PROLONGACION,CHOLULA,CALLE,CAMINO A LA CARCAÑA,2403,,,1,3,,FRACCIONAMIENTO,SANTIAGO MOMOXPAN,CENTRO Y PLAZA COMERCIAL,PLAZA GUADALUPE,102,72810,21,PUEBLA,140,San Pedro Cholula,0001,Cholula de Rivadavia,0319,114,2223523251,,,Fijo,19.06042529,-98.27575096,2014-12,True,True,False,False,True,False,False,False,False,False,False,True,REVISAR,REVISAR,REVISAR,FILTRO_DENUE,REGLAS_DENUE,
7445228,21140812210001411100000000U0,TINTORERIA ONE CLEAN,,812210,Lavanderías y tintorerías,0 a 5 personas,CALLE,CAMINO REAL A CHOLULA MOMOXPAN,CALLE,NINGUNO,CALLE,NINGUNO,OTRO(ESPECIFIQUE),BARDA,1221,,,1,,,ZONA COMERCIAL,LOS ALMENDROS,CENTRO Y PLAZA COMERCIAL,PLAZA RESIDENCIAL LOS ALMENDROS,1,72775,21,PUEBLA,140,San Pedro Cholula,0001,Cholula de Rivadavia,0319,216,,,,Fijo,19.06740935,-98.28213567,2019-11,True,True,False,False,True,False,False,False,False,False,False,True,REVISAR,REVISAR,REVISAR,FILTRO_DENUE,REGLAS_DENUE,
8800849,21114812210014681000000000U8,TINTORERIA ONE DRY CLEAN,,812210,Lavanderías y tintorerías,0 a 5 personas,CALLE,23 SUR,AVENIDA,31 PONIENTE,AVENIDA,33 PONIENTE,CALLE,25 SUR,3107,B,,,,,COLONIA,BENITO JUAREZ,,,,72410,21,PUEBLA,114,Puebla,0001,Heroica Puebla de Zaragoza,3718,017,,,,Fijo,19.04064147,-98.22198898,2019-11,True,True,False,False,True,False,False,False,False,False,False,True,REVISAR,REVISAR,REVISAR,FILTRO_DENUE,REGLAS_DENUE,
11821152,21114812210022831000000000U9,TINTORERIA ORDAZ,,812210,Lavanderías y tintorerías,0 a 5 personas,CALLE,HOMBRES ILUSTRES,CALLE,Benito Juárez,CALLE,Anáhuac,CALLE,López Rayón,159,A,,,,,COLONIA,IGNACIO ROMERO VARGAS,,,,72120,21,PUEBLA,114,Puebla,0001,Heroica Puebla de Zaragoza,3313,028,,,,Fijo,19.08017962,-98.24271741,2025-04,True,True,False,False,True,False,False,False,False,False,False,True,REVISAR,REVISAR,REVISAR,FILTRO_DENUE,REGLAS_DENUE,
8308941,21114812210014601000000000U6,TINTORERIA PLANCHADURIA DELUX CLEANER,,812210,Lavanderías y tintorerías,0 a 5 personas,CALLE,AVENIDA DE LAS ROSAS,CALLE,JURIQUILLA,BOULEVARD,HACIENDAS,CALLE,AVENIDA DE LAS ROSAS,79,,,,,,FRACCIONAMIENTO,HACIENDA LOS CAPULINES DOS,,,,72310,21,PUEBLA,114,Puebla,0001,Heroica Puebla de Zaragoza,6286,014,,,,Fijo,19.05841411,-98.126786,2019-11,True,True,False,False,True,False,False,False,False,False,False,True,REVISAR,REVISAR,REVISAR,FILTRO_DENUE,REGLAS_DENUE,
8849064,21114812210014771000000000U7,TINTORERIA PLANCHADURIA MULTI CLEAN,,812210,Lavanderías y tintorerías,0 a 5 personas,CALLE,9 SUR,AVENIDA,47 PONIENTE,AVENIDA,49 PONIENTE,PRIVADA,7 B SUR,4730,A,,,,,COLONIA,PRADOS AGUA AZUL,,,,72430,21,PUEBLA,114,Puebla,0001,Heroica Puebla de Zaragoza,0732,016,2223081896,,,Fijo,19.02731971,-98.21641208,2019-11,True,True,False,False,True,False,False,False,False,False,False,True,REVISAR,REVISAR,REVISAR,FILTRO_DENUE,REGLAS_DENUE,
8154846,21034812210000121000000000U1,TINTORERIA PLUS CLEAN,,812210,Lavanderías y tintorerías,0 a 5 personas,CALLE,EMILIO PORTES GIL PONIENTE,CALLE,FRANCISCO I. MADERO PONIENTE,PRIVADA,POPOCATEPETL,AVENIDA,5 DE MAYO NORTE,,SN,,,,,BARRIO,ANALCO,,,,72670,21,PUEBLA,034,Coronango,0001,Santa María Coronango,0195,002,2225335675,,,Fijo,19.12611203,-98.30245087,2019-11,True,True,False,False,True,False,False,False,False,False,False,True,REVISAR,REVISAR,REVISAR,FILTRO_DENUE,REGLAS_DENUE,
6769254,21119812210001252001000000U2,TINTORERIA PLUS CLYN MEMBER S,GRUPO ANCLY,812210,Lavanderías y tintorerías,0 a 5 personas,CALLE,PASEO SINFONIA,CALLE,VIENTO,CALLE,MADERAS,CALLE,CONCIERTO,2,,,1,,,LOCALIDAD,SAN BERNARDINO TLAXCALANCINGO,CENTRO Y PLAZA COMERCIAL,PLAZA OPERA,14,72830,21,PUEBLA,119,San Andrés Cholula,0013,San Bernardino Tlaxcalancingo,0565,006,2224921335,,,Fijo,18.99231899,-98.27770232,2016-10,True,True,False,False,True,False,False,False,False,False,False,True,REVISAR,REVISAR,REVISAR,FILTRO_DENUE,REGLAS_DENUE,
3412546,21114812210003261002000000U2,TINTORERIA PRESSTO,,812210,Lavanderías y tintorerías,0 a 5 personas,BOULEVARD,PROLONGACION AVENIDA 43 ORIENTE,BOULEVARD,PROLONGACION AVENIDA 43 ORIENTE,CALLE,8 SUR,PRIVADA,37 ORIENTE,808,,,,4,,COLONIA,ANZURES,,,,72530,21,PUEBLA,114,Puebla,0001,Heroica Puebla de Zaragoza,0677,035,2227707073,PATTY_MEXLOVE@HOTMAIL.COM,WWW.PRESTO.COM,Fijo,19.02591986,-98.20117927,2010-07,True,True,False,False,True,False,False,False,False,False,False,True,REVISAR,REVISAR,REVISAR,FILTRO_DENUE,REGLAS_DENUE,
9448994,21114812210019151000000000U7,TINTORERIA PRESSTO,B & C HOLDING,812210,Lavanderías y tintorerías,0 a 5 personas,CALZADA,ZAVALETA,AVENIDA,PALMAS,PRIVADA,NINGUNO,PRIVADA,NINGUNO,4108,,,,,,COLONIA,SANTA CRUZ BUENA VISTA,,,,72150,21,PUEBLA,114,Puebla,0001,Heroica Puebla de Zaragoza,4612,001,,,,Fijo,19.04780154,-98.24888094,2023-11,True,True,False,False,True,False,False,False,False,False,False,True,REVISAR,REVISAR,REVISAR,FILTRO_DENUE,REGLAS_DENUE,
3270848,21114812210008462000000000U1,TINTORERIA PRINCESS,,812210,Lavanderías y tintorerías,6 a 10 personas,AVENIDA,9 PONIENTE,CALLE,16 DE SEPTIEMBRE,CALLE,3 SUR,AVENIDA,7 PONIENTE,118,,,,,,COLONIA,CENTRO,,,,72000,21,PUEBLA,114,Puebla,0001,Heroica Puebla de Zaragoza,0501,010,,,,Fijo,19.04217674,-98.20177269,2010-07,True,True,False,False,True,False,False,False,False,False,False,True,REVISAR,REVISAR,REVISAR,FILTRO_DENUE,REGLAS_DENUE,
7547417,21114812210015691000000000U6,TINTORERIA PROFESIONAL,,812210,Lavanderías y tintorerías,0 a 5 personas,PRIVADA,DUODECIMA CUAUHTEMOC,CALLE,CUAUHTEMOC PONIENTE,PROLONGACION,BENITO JUAREZ,PROLONGACION,BENITO JUAREZ,,SN,,,135,,COLONIA,SAN FELIPE HUEYOTLIPAN,,,,72030,21,PUEBLA,114,Puebla,0001,Heroica Puebla de Zaragoza,2550,015,,,,Fijo,19.08782138,-98.21935043,2019-11,True,True,False,False,True,False,False,False,False,False,False,True,REVISAR,REVISAR,REVISAR,FILTRO_DENUE,REGLAS_DENUE,
3408197,21114812210002261000000000U3,TINTORERIA PUEBLA,,812210,Lavanderías y tintorerías,0 a 5 personas,CALLE,9 SUR,AVENIDA,29 PONIENTE,AVENIDA,31 PONIENTE,CALLE,7 SUR,2906,,,,,,COLONIA,CHULAVISTA,,,,72410,21,PUEBLA,114,Puebla,0001,Heroica Puebla de Zaragoza,3741,011,2222219025,,,Fijo,19.03613186,-98.21120828,2010-07,True,True,False,False,True,False,False,False,False,False,False,True,REVISAR,REVISAR,REVISAR,FILTRO_DENUE,REGLAS_DENUE,
8340644,21114812210018081000000000U7,TINTORERIA RATA VIEJA,,812210,Lavanderías y tintorerías,0 a 5 personas,AVENIDA,AZTECA NORTE,CIRCUITO,MANICOBA,AVENIDA,YARUMELA,CALLE,HOLMUL,5,,OTRO TIPO DE CONGLOMERADO,1,,,COLONIA,BELLO HORIZONTE,EDIFICIO COMERCIAL Y DE SERVICIOS,SIN NOMBRE,A,72170,21,PUEBLA,114,Puebla,0001,Heroica Puebla de Zaragoza,5983,018,,,,Fijo,19.04943917,-98.26600622,2019-11,True,True,False,False,True,False,False,False,False,False,False,True,REVISAR,REVISAR,REVISAR,FILTRO_DENUE,REGLAS_DENUE,
8774144,21119812210001361100000000U1,TINTORERIA ROYAL Y LAVANDERIA,,812210,Lavanderías y tintorerías,0 a 5 personas,CALLE,CAMINO REAL A CHOLULA,CALLE,REVOLUCION,CALLE,VISTAS DEL POTRERO,CALLE,VISTAS DE CHOLULA,,SN,,,,,COLONIA,CONJUNTO HABITACIONAL ARA VISTAS DEL ANGEL,,,,72815,21,PUEBLA,119,San Andrés Cholula,0013,San Bernardino Tlaxcalancingo,0368,043,2223374023,,,Fijo,19.03457572,-98.26346399,2019-11,True,True,False,False,True,True,False,False,False,False,False,True,REVISAR,REVISAR,REVISAR,FILTRO_DENUE,REGLAS_DENUE,
9538319,21114812210019481000000000U8,TINTORERIA RUIZ,,812210,Lavanderías y tintorerías,0 a 5 personas,CALLE,LAZARO CARDENAS,CALLE,EMILIANO ZAPATA,CALLE,PRADERA,CALLE,AVENIDA ADOLFO LOPEZ MATEOS,18,2,,,,,COLONIA,BELLO HORIZONTE,,,,72730,21,PUEBLA,114,Puebla,0001,Heroica Puebla de Zaragoza,5998,025,,,,Fijo,19.0580913,-98.26125536,2024-11,True,True,False,False,True,False,False,False,False,False,False,True,REVISAR,REVISAR,REVISAR,FILTRO_DENUE,REGLAS_DENUE,
3254383,21114812210004701000000000U6,TINTORERIA SAN FELLIPE,,812210,Lavanderías y tintorerías,0 a 5 personas,CALLE,5 DE FEBRERO ORIENTE,CALLE,ALDAMA NORTE,CALLE,JOSE MARIA MORELOS,CALLE,JOSEFA ORTIZ DE DOMINGUEZ ORIENTE,624,,,,,,COLONIA,SAN FELIPE HUEYOTLIPAN,,,,72300,21,PUEBLA,114,Puebla,0001,Heroica Puebla de Zaragoza,2565,006,2214422172,,,Fijo,19.08508993,-98.20722656,2010-07,True,True,False,False,True,False,False,False,False,False,False,True,REVISAR,REVISAR,REVISAR,FILTRO_DENUE,REGLAS_DENUE,
8801342,21114812210014691000000000U7,TINTORERIA SAN MIGUEL,,812210,Lavanderías y tintorerías,0 a 5 personas,CALLE,10,CALLE,NINGUNO,CALLE,PASEO SAN JOSE VISTA HERMOSA SUR,CALLE,6,9,,,,,,COLONIA,SAN JOSE VISTA HERMOSA,,,,72190,21,PUEBLA,114,Puebla,0001,Heroica Puebla de Zaragoza,1177,022,,,,Fijo,19.03923718,-98.2404114,2019-11,True,True,False,False,True,False,False,False,False,False,False,True,REVISAR,REVISAR,REVISAR,FILTRO_DENUE,REGLAS_DENUE,
3259840,21114812210002131000000000U8,TINTORERIA SANDRA,,812210,Lavanderías y tintorerías,0 a 5 personas,CALLE,30 PONIENTE,CALLE,17 NORTE,CALLE,19 NORTE,CALLE,AVENIDA 32 PONIENTE,1710,,,,,,COLONIA,JOSE MARIA MORELOS Y PAVON,,,,72260,21,PUEBLA,114,Puebla,0001,Heroica Puebla de Zaragoza,3493,006,2222463536,,,Fijo,19.06339648,-98.20397126,2010-07,True,True,False,False,True,False,False,False,False,False,False,True,REVISAR,REVISAR,REVISAR,FILTRO_DENUE,REGLAS_DENUE,
8803988,21074812210000561000000000U4,TINTORERIA SANTIAGO,,812210,Lavanderías y tintorerías,0 a 5 personas,AVENIDA,LA SOLEDAD,CALLE,CAMELIA,CALLE,AMADO NERVO,AVENIDA,MIGUEL HIDALGO,,SN,,,,,LOCALIDAD,HUEJOTZINGO,,,,74160,21,PUEBLA,074,Huejotzingo,0001,Huejotzingo,0059,014,,,,Fijo,19.15485774,-98.40856363,2019-11,True,True,False,False,True,False,False,False,False,False,False,True,REVISAR,REVISAR,REVISAR,FILTRO_DENUE,REGLAS_DENUE,
8089467,21074812210000461100000000U7,TINTORERIA SANTIAGO JACOBO,,812210,Lavanderías y tintorerías,0 a 5 personas,AVENIDA,PORFIRIO DIAZ,CALLE,JAIME NUNO,CALLE,AYALA,AVENIDA,GUADALUPE VICTORIA,530,,,,,,BARRIO,TERCER,,,,74160,21,PUEBLA,074,Huejotzingo,0001,Huejotzingo,0044,003,2271470559,,,Fijo,19.16274612,-98.40769441,2019-11,True,True,False,False,True,False,False,False,False,False,False,True,REVISAR,REVISAR,REVISAR,FILTRO_DENUE,REGLAS_DENUE,
8790876,21119812210001391000000000U8,TINTORERIA SAUBER PRO,,812210,Lavanderías y tintorerías,0 a 5 personas,BOULEVARD,ATLIXCAYOTL,PRIVADA,NINGUNO,CALLE,NINGUNO,BOULEVARD,ATLIXCAYOTL,6510,,,1,,,LOCALIDAD,SAN BERNARDINO TLAXCALANCINGO,CENTRO Y PLAZA COMERCIAL,PLAZA ARCANGELES,24,72820,21,PUEBLA,119,San Andrés Cholula,0013,San Bernardino Tlaxcalancingo,0508,025,2217014658,,TINTORERIASAUBERPRO.COM,Fijo,19.00630706,-98.26834416,2019-11,True,True,False,False,True,False,False,False,False,False,False,True,REVISAR,REVISAR,REVISAR,FILTRO_DENUE,REGLAS_DENUE,
6272799,21015812210000101001009748S2,TINTORERIA SECOCLEAN,CENTENO Y ASOCIADOS,812210,Lavanderías y tintorerías,6 a 10 personas,AVENIDA,JUÁREZ,AVENIDA,3 PONIENTE,CALLE,CARRETERA FEDERAL PUEBLA-TEHUACÁN,CALLE,3 SUR,309,,,,,,BARRIO,SANTIAGO,,,,72980,21,PUEBLA,015,Amozoc,0001,Amozoc de Mota,0306,019,2231252980,CENTENOYASOCIADOS@HOTMAIL.COM,,Fijo,19.04232847,-98.04484252,2010-07,True,True,False,False,True,False,False,False,False,False,False,True,REVISAR,REVISAR,REVISAR,FILTRO_DENUE,REGLAS_DENUE,
3264307,21114812210008101000000000U5,TINTORERIA SERVI CLEAN,,812210,Lavanderías y tintorerías,0 a 5 personas,AVENIDA,17 PONIENTE,CALLE,21 SUR,CALLE,19 SUR,AVENIDA,19 PONIENTE,1921,,,,13,,COLONIA,SANTIAGO,,,,72410,21,PUEBLA,114,Puebla,0001,Heroica Puebla de Zaragoza,0499,045,,,,Fijo,19.04590271,-98.21693878,2010-07,True,True,False,False,True,False,False,False,False,False,False,True,REVISAR,REVISAR,REVISAR,FILTRO_DENUE,REGLAS_DENUE,
3407268,21114812210005811000000000U2,TINTORERIA SERVI MORA,,812210,Lavanderías y tintorerías,0 a 5 personas,AVENIDA,23 PONIENTE,CALLE,19 SUR,CALLE,17 SUR,AVENIDA,21 PONIENTE,1716,,,,,,BARRIO,SANTIAGO,,,,72410,21,PUEBLA,114,Puebla,0001,Heroica Puebla de Zaragoza,3722,021,,,,Fijo,19.04270979,-98.21639854,2010-07,True,True,False,False,True,False,False,False,False,False,False,True,REVISAR,REVISAR,REVISAR,FILTRO_DENUE,REGLAS_DENUE,
7568644,21119812210001551100000000U7,TINTORERIA SIN ARRUGAS,,812210,Lavanderías y tintorerías,0 a 5 personas,CALLE,14 PONIENTE,AVENIDA,5 DE MAYO,CALLE,3 NORTE,CALLE,16 PONIENTE,104,,,,,,BARRIO,SAN JUAN AQUIAHUAC,,,,72810,21,PUEBLA,119,San Andrés Cholula,0001,San Andrés Cholula,0156,039,2224496290,,,Fijo,19.05732944,-98.29696396,2019-11,True,True,False,False,True,False,False,False,False,False,False,True,REVISAR,REVISAR,REVISAR,FILTRO_DENUE,REGLAS_DENUE,
3320933,21180812210000031000000000U3,TINTORERIA SIN NOMBRE,,812210,Lavanderías y tintorerías,0 a 5 personas,PRIVADA,NINGUNO,CALLE,SAN LUIS POTOSI,CALLE,DURANGO,AVENIDA,MEXICO,,SN,,,,,LOCALIDAD,SAN RAFAEL IXTAPALUCAN,,,,74100,21,PUEBLA,180,Tlahuapan,0015,San Rafael Ixtapalucan,0174,012,2481155672,,,Fijo,19.29195897,-98.55411208,2014-12,True,True,False,False,True,False,False,False,False,False,False,True,REVISAR,REVISAR,REVISAR,FILTRO_DENUE,REGLAS_DENUE,
11583043,21119812210001891000000000U7,TINTORERIA SIN NOMBRE,,812210,Lavanderías y tintorerías,0 a 5 personas,AVENIDA,MIGUEL HIDALGO,PRIVADA,CHIGNAHUAPAN,CALLE,HUAUCHINANGO,PRIVADA,COATEPEC,,SN,,,,,LOCALIDAD,SAN FRANCISCO ACATEPEC,,,,72846,21,PUEBLA,119,San Andrés Cholula,0001,San Andrés Cholula,0211,012,,,,Fijo,19.02282069,-98.30933856,2024-11,True,True,False,False,True,False,False,False,False,False,False,True,REVISAR,REVISAR,REVISAR,FILTRO_DENUE,REGLAS_DENUE,
3257610,21114812210000861000000000U2,TINTORERIA SIN NOMBRE,,812210,Lavanderías y tintorerías,0 a 5 personas,CALLE,JOAQUIN COLOMBRES,AVENIDA,EJERCITOS DE ORIENTE,CALLE,NINGUNO,CALLE,MONTE ARARAT,,SN,,,,,FRACCIONAMIENTO,LOMAS DE LORETO,,,,72260,21,PUEBLA,114,Puebla,0001,Heroica Puebla de Zaragoza,2245,025,,,,Fijo,19.05934129,-98.17470779,2010-07,True,True,False,False,True,False,False,False,False,False,False,True,REVISAR,REVISAR,REVISAR,FILTRO_DENUE,REGLAS_DENUE,
10534405,21114812210020971000000000U5,TINTORERIA SIN NOMBRE,CLAUDIA ZENTENO,812210,Lavanderías y tintorerías,0 a 5 personas,CALLE,SEPTIMA DE I ZARAGOZA,CALLE,LA VIRGEN,CALLE,32 NORTE,CALLE,CALLE DE LA VIRGEN,,SN,,,,,COLONIA,XONACA,,,,72280,21,PUEBLA,114,Puebla,0001,Heroica Puebla de Zaragoza,0446,007,,,,Fijo,19.05046556,-98.17495483,2024-11,True,True,False,False,True,False,False,False,False,False,False,True,REVISAR,REVISAR,REVISAR,FILTRO_DENUE,REGLAS_DENUE,
10609671,21114812210020041000000000U7,TINTORERIA SIN NOMBRE,MARCO MUÑOZ,812210,Lavanderías y tintorerías,0 a 5 personas,CALLE,19 D SUR,CALLE,137 PONIENTE,CALLE,135 PONIENTE,CALLE,19 E SUR,13547,,,,,,FRACCIONAMIENTO,GALAXIA CASTILLOTLA,,,,72498,21,PUEBLA,114,Puebla,0001,Heroica Puebla de Zaragoza,6267,013,2222386021,,,Fijo,18.98351855,-98.26565098,2024-11,True,True,False,False,True,False,False,False,False,False,False,True,REVISAR,REVISAR,REVISAR,FILTRO_DENUE,REGLAS_DENUE,
9949099,21114812210021451000000000U7,TINTORERIA SIN NOMBRE,,812210,Lavanderías y tintorerías,0 a 5 personas,AVENIDA,12 ORIENTE,CALLE,32 NORTE BIS,CALLE,30 NORTE,AVENIDA,14 ORIENTE,3002,,,,,,COLONIA,RESURGIMIENTO,,,,72373,21,PUEBLA,114,Puebla,0001,Heroica Puebla de Zaragoza,0520,013,,,,Fijo,19.04195798,-98.17437548,2024-11,True,True,False,False,True,False,False,False,False,False,False,True,REVISAR,REVISAR,REVISAR,FILTRO_DENUE,REGLAS_DENUE,
3456838,21114812210004821000000000U2,TINTORERIA SOL,,812210,Lavanderías y tintorerías,0 a 5 personas,CALLE,53 NORTE,BOULEVARD,HERMANOS SERDAN,AVENIDA,20 PONIENTE,CALLE,51 NORTE,2024,,,,,,AMPLIACION,AQUILES SERDAN,,,,72140,21,PUEBLA,114,Puebla,0001,Heroica Puebla de Zaragoza,3474,031,2223394499,,,Fijo,19.07375305,-98.2279783,2010-07,True,True,False,False,True,False,False,False,False,False,False,True,REVISAR,REVISAR,REVISAR,FILTRO_DENUE,REGLAS_DENUE,
3256789,21114812210006811000000000U1,TINTORERIA SOLEDAD,,812210,Lavanderías y tintorerías,0 a 5 personas,CALLE,27 DE SEPTIEMBRE,CALZADA,IGNACIO ZARAGOZA,CALLE,GRANADITAS,CALLE,NINGUNO,139,,,,,,FRACCIONAMIENTO,LOS PINOS,,,,72240,21,PUEBLA,114,Puebla,0001,Heroica Puebla de Zaragoza,150A,033,2226113962,,,Fijo,19.06669731,-98.17686942,2010-07,True,True,False,False,True,False,False,False,False,False,False,True,REVISAR,REVISAR,REVISAR,FILTRO_DENUE,REGLAS_DENUE,
3433094,21114812210001631000000000U8,TINTORERIA SUPER DRYCLEAN,ADRIANA ALVARADO,812210,Lavanderías y tintorerías,0 a 5 personas,AVENIDA,83 PONIENTE,PRIVADA,15 B SUR,PRIVADA,15 A SUR,AVENIDA,81 PONIENTE,1508,,,,,,COLONIA,SAN JOSE MAYORAZGO,,,,72450,21,PUEBLA,114,Puebla,0001,Heroica Puebla de Zaragoza,1514,031,,,,Fijo,19.00640848,-98.23577483,2010-07,True,True,False,False,True,False,False,False,False,False,False,True,REVISAR,REVISAR,REVISAR,FILTRO_DENUE,REGLAS_DENUE,
3436354,21114812210008512000000000U3,TINTORERIA SUPREME USA,,812210,Lavanderías y tintorerías,0 a 5 personas,CALZADA,ZAVALETA,CALLE,CAMINO REAL A CHOLULA,PRIVADA,NINGUNO,CALLE,MANUEL AVILA CAMACHO,,SN,,,,,COLONIA,SANTA CRUZ BUENAVISTA,,,,72150,21,PUEBLA,114,Puebla,0001,Heroica Puebla de Zaragoza,4612,001,2222845859,,,Fijo,19.04612509,-98.24923072,2010-07,True,True,False,False,True,False,False,False,False,False,False,True,REVISAR,REVISAR,REVISAR,FILTRO_DENUE,REGLAS_DENUE,
8235201,21114812210016731000000000U9,TINTORERIA TEKEDA CLEAN,,812210,Lavanderías y tintorerías,0 a 5 personas,CALLE,14 SUR,AVENIDA,17 ORIENTE,AVENIDA,19 ORIENTE,PRIVADA,10 A SUR,1713,,,,,,COLONIA,EL ANGEL,,,,72533,21,PUEBLA,114,Puebla,0001,Heroica Puebla de Zaragoza,378A,018,,TERRY_141079@HOTMAIL.COM,,Fijo,19.0334355,-98.19404329,2019-11,True,True,False,False,True,False,False,False,False,False,False,True,REVISAR,REVISAR,REVISAR,FILTRO_DENUE,REGLAS_DENUE,
3408128,21114812210008542002000000U0,TINTORERIA TICAOLA,,812210,Lavanderías y tintorerías,0 a 5 personas,AVENIDA,31 PONIENTE,CALLE,9 SUR,CALLE,11 SUR,AVENIDA,29 PONIENTE,902,,,,,,COLONIA,CHULAVISTA,,,,72410,21,PUEBLA,114,Puebla,0001,Heroica Puebla de Zaragoza,0588,034,,TINTORERIATICAOLA@GMAIL.COM,WWW.TICAOLA.COM,Fijo,19.03598929,-98.2117263,2010-07,True,True,False,False,True,False,False,False,False,False,False,True,REVISAR,REVISAR,REVISAR,FILTRO_DENUE,REGLAS_DENUE,
3463512,21114812210003391000000000U7,TINTORERIA TICAOLA SUCURSAL 1,,812210,Lavanderías y tintorerías,0 a 5 personas,CALLE,10 SUR,CALLE,LAGUNA TAMIAHUA,AVENIDA,67 ORIENTE,CALLE,8 A SUR,6515,,,,,,COLONIA,LOMA LINDA,,,,72477,21,PUEBLA,114,Puebla,0001,Heroica Puebla de Zaragoza,2669,037,2223152606,,,Fijo,19.0015044,-98.21179584,2010-07,True,True,False,False,True,False,False,False,False,False,False,True,REVISAR,REVISAR,REVISAR,FILTRO_DENUE,REGLAS_DENUE,
3445576,21114812210006651000000000U1,TINTORERIA TINTOMAX,,812210,Lavanderías y tintorerías,0 a 5 personas,AVENIDA,AVENIDA DE LOS EDUCADORES,CALLE,PLAZUELA DE LA GRANJA,CALLE,PLAZUELA DEL REFUGIO,AVENIDA,INDEPENDENCIA,5837,C,,,,,COLONIA,PLAZAS AMALUCAN,,,,72310,21,PUEBLA,114,Puebla,0001,Heroica Puebla de Zaragoza,5273,009,,,,Fijo,19.04433589,-98.14383185,2010-07,True,True,False,False,True,False,False,False,False,False,False,True,REVISAR,REVISAR,REVISAR,FILTRO_DENUE,REGLAS_DENUE,
3420623,21114812210002081001000000U5,TINTORERIA TINTORELLO,,812210,Lavanderías y tintorerías,6 a 10 personas,CALLE,RIO CAZONES,AVENIDA,SAN IGNACIO,BOULEVARD,CIRCUNVALACION,CALLE,RIO COLORADO,5935,,,,,,FRACCIONAMIENTO,JARDINES DE SAN MANUEL,,,,72570,21,PUEBLA,114,Puebla,0001,Heroica Puebla de Zaragoza,0802,005,,TINTORELLOPUEBLA@GMAI.COM,,Fijo,19.00722178,-98.20224903,2010-07,True,True,False,False,True,False,False,False,False,False,False,True,REVISAR,REVISAR,REVISAR,FILTRO_DENUE,REGLAS_DENUE,
3514882,21114812210004531000000000U7,TINTORERIA TINTORELLO,,812210,Lavanderías y tintorerías,0 a 5 personas,BOULEVARD,CARLOS CAMACHO ESPIRITU,PRIVADA,NINGUNO,CALLE,CAMINO A XILOTZINGO,AVENIDA,DE XILOTZINGO,8323,,,17,,,BARRIO,SAN JUAN,CENTRO Y PLAZA COMERCIAL,PLAZA VALZEQUILLO,3,72583,21,PUEBLA,114,Puebla,0001,Heroica Puebla de Zaragoza,4580,014,,,,Fijo,18.98866285,-98.20062313,2010-07,True,True,False,False,True,False,False,False,False,False,False,True,REVISAR,REVISAR,REVISAR,FILTRO_DENUE,REGLAS_DENUE,
3458990,21114812210000551002000000U9,TINTORERIA TINTORELLO,,812210,Lavanderías y tintorerías,11 a 30 personas,AVENIDA,15 DE MAYO,CALLE,37 NORTE,CALLE,35 NORTE,AVENIDA,15 DE MAYO,3515,,,,,G,COLONIA,VILLA SAN ALEJANDRO,,,,72090,21,PUEBLA,114,Puebla,0001,Heroica Puebla de Zaragoza,4203,019,,,,Fijo,19.06754861,-98.21751978,2010-07,True,True,False,False,True,False,False,False,False,False,False,True,REVISAR,REVISAR,REVISAR,FILTRO_DENUE,REGLAS_DENUE,
3411576,21114812210008502101000000U4,TINTORERIA TINTORETO,,812210,Lavanderías y tintorerías,6 a 10 personas,PRIVADA,7 A SUR,AVENIDA,41 PONIENTE,AVENIDA,43 PONIENTE,CALLE,7 B SUR,4101,,,,,,COLONIA,GABRIEL PASTOR 1RA SECCION,,,,72420,21,PUEBLA,114,Puebla,0001,Heroica Puebla de Zaragoza,0658,002,2224908179,NH.AGUSTIN@HOTMAIL.COM,,Fijo,19.03137276,-98.21292905,2010-07,True,True,False,False,True,False,False,False,False,False,False,True,REVISAR,REVISAR,REVISAR,FILTRO_DENUE,REGLAS_DENUE,
3333330,21140812210000941000000000U7,TINTORERIA TINTORISIMO QUETZALCOATL,,812210,Lavanderías y tintorerías,0 a 5 personas,CALLE,28 PONIENTE,CALLE,3 NORTE,PRIVADA,NINGUNO,AVENIDA,30 ORIENTE,116,,,,2,,BARRIO,SANTIAGO MIXQUITLA,,,,72760,21,PUEBLA,140,San Pedro Cholula,0001,Cholula de Rivadavia,0376,021,,,,Fijo,19.07407862,-98.30222775,2014-12,True,True,False,False,True,False,False,False,False,False,False,True,REVISAR,REVISAR,REVISAR,FILTRO_DENUE,REGLAS_DENUE,
3518936,21114812210007691000000000U6,TINTORERIA VANYSH,,812210,Lavanderías y tintorerías,0 a 5 personas,PROLONGACION,PROLONGACION DE LA 16 DE SEPTIEMBRE,CALLE,TEPEXI,CALLE,ZACAPOAXTLA,PRIVADA,B 16 DE SEPTIEMBRE,6708,1,,,,,COLONIA,GRANJAS DEL SUR,,,,72470,21,PUEBLA,114,Puebla,0001,Heroica Puebla de Zaragoza,3883,016,,,,Fijo,18.99960422,-98.22336579,2010-07,True,True,False,False,True,False,False,False,False,False,False,True,REVISAR,REVISAR,REVISAR,FILTRO_DENUE,REGLAS_DENUE,
8849063,21114812210014761000000000U8,TINTORERIA VAPOR EXPRESS,,812210,Lavanderías y tintorerías,0 a 5 personas,CALLE,9 SUR,AVENIDA,47 PONIENTE,AVENIDA,49 PONIENTE,PRIVADA,7 B SUR,4718,,,,,,COLONIA,PRADOS AGUA AZUL,,,,72430,21,PUEBLA,114,Puebla,0001,Heroica Puebla de Zaragoza,0732,016,,,,Fijo,19.02782055,-98.21613265,2019-11,True,True,False,False,True,False,False,False,False,False,False,True,REVISAR,REVISAR,REVISAR,FILTRO_DENUE,REGLAS_DENUE,
8119360,21026812210000011100000000U0,TINTORERIA VELAZQUEZ,,812210,Lavanderías y tintorerías,0 a 5 personas,CALLE,NICOLAS BRAVO,AVENIDA,GUADALUPE HIDALGO,AVENIDA,AQUILES SERDAN,CALLE,LIRIO,6,,,,,,LOCALIDAD,CALPAN,,,,74180,21,PUEBLA,026,Calpan,0001,San Andrés Calpan,0140,008,,,,Fijo,19.10186569,-98.45794417,2019-11,True,True,False,False,True,False,False,False,False,False,False,True,REVISAR,REVISAR,REVISAR,FILTRO_DENUE,REGLAS_DENUE,
3257685,21114812210007871000000000U4,TINTORERIA VENUS,,812210,Lavanderías y tintorerías,0 a 5 personas,CALLE,GENERAL MIGUEL NEGRETE,AVENIDA,2 DE ABRIL,AVENIDA,LAUREL,CALLE,OYAMEL,55,A,,,,,FRACCIONAMIENTO,ARBOLEDAS DE GUADALUPE,,,,72260,21,PUEBLA,114,Puebla,0001,Heroica Puebla de Zaragoza,2230,020,,,,Fijo,19.05645,-98.17489696,2010-07,True,True,False,False,True,False,False,False,False,False,False,True,REVISAR,REVISAR,REVISAR,FILTRO_DENUE,REGLAS_DENUE,
3255134,21114812210006761000000000U8,TINTORERIA VICE,,812210,Lavanderías y tintorerías,0 a 5 personas,CALLE,21 NORTE,AVENIDA,52 PONIENTE,PRIVADA,NINGUNO,CALLE,19 NORTE,5412,,,,,,COLONIA,CLEOTILDE TORRES,,,,72050,21,PUEBLA,114,Puebla,0001,Heroica Puebla de Zaragoza,0130,009,2224691010,,,Fijo,19.07144248,-98.19781183,2010-07,True,True,False,False,True,False,False,False,False,False,False,True,REVISAR,REVISAR,REVISAR,FILTRO_DENUE,REGLAS_DENUE,
3422035,21114812210010951000000000U9,TINTORERIA VIPS,,812210,Lavanderías y tintorerías,0 a 5 personas,BOULEVARD,22 SUR,CALLE,MAR EGEO,CIRCUITO,CIRCUITO JUAN PABLO II,CALLE,RIO PAPALOAPAN,2202,,,,,,COLONIA,LOS PILARES,,,,72567,21,PUEBLA,114,Puebla,0001,Heroica Puebla de Zaragoza,1406,038,2226872671,,,Fijo,19.01484545,-98.19578003,2010-07,True,True,False,False,True,False,False,False,False,False,False,True,REVISAR,REVISAR,REVISAR,FILTRO_DENUE,REGLAS_DENUE,
3369826,21114812210010971000000000U7,TINTORERIA VISTA ALEGRE,,812210,Lavanderías y tintorerías,0 a 5 personas,CALLE,WASHINGTON,CALLE,NEVADA,CALLE,MICHIGAN,CALLE,WISCONSIN,28,1,,,,,FRACCIONAMIENTO,VISTA ALEGRE,,,,72594,21,PUEBLA,114,Puebla,0001,Heroica Puebla de Zaragoza,517A,020,,,,Fijo,18.98989815,-98.20730376,2014-12,True,True,False,False,True,False,False,False,False,False,False,True,REVISAR,REVISAR,REVISAR,FILTRO_DENUE,REGLAS_DENUE,
3420256,21114812210001571000000000U6,TINTORERIA WASH SPECIAL,,812210,Lavanderías y tintorerías,0 a 5 personas,CALLE,25 DE NOVIEMBRE,AVENIDA,SAN FRANCISCO,BOULEVARD,CARLOS CAMACHO ESPIRITU,AVENIDA,EMILIANO ZAPATA,5978,A,,,0,A,COLONIA,SAN BALTAZAR LINDA VISTA,,,,72550,21,PUEBLA,114,Puebla,0001,Heroica Puebla de Zaragoza,0766,036,,,,Fijo,19.01298034,-98.20873141,2010-07,True,True,False,False,True,False,False,False,False,False,False,True,REVISAR,REVISAR,REVISAR,FILTRO_DENUE,REGLAS_DENUE,
3459756,21114811499004601010000000U8,TINTORERIA WHAS AND DRY,,812210,Lavanderías y tintorerías,0 a 5 personas,CALLE,ARGELIA,AVENIDA,18 PONIENTE,AVENIDA,14 PONIENTE,CALLE,POLONIA,1431,,,,,,COLONIA,LAS HADAS MUNDIAL 86,,,,72070,21,PUEBLA,114,Puebla,0001,Heroica Puebla de Zaragoza,2283,025,,,,Fijo,19.06034814,-98.21296141,2010-07,True,True,False,False,True,False,False,False,False,False,False,True,REVISAR,REVISAR,REVISAR,FILTRO_DENUE,REGLAS_DENUE,
3260913,21114812210009231000000000U9,TINTORERIA Y COMPOSTURA DE ROPA,,812210,Lavanderías y tintorerías,0 a 5 personas,AVENIDA,CARLOS GONZALEZ,PRIVADA,URSS,CALLE,FRANCIA,OTRO(ESPECIFIQUE),CARLOS GONZALEZ,,SN,,,,,COLONIA,LAS HADAS,,,,72070,21,PUEBLA,114,Puebla,0001,Heroica Puebla de Zaragoza,4222,013,,,,Fijo,19.06532832,-98.20982423,2010-07,True,True,True,False,True,False,False,False,False,False,False,True,INCLUIR,SI,SI,FILTRO_DENUE,REGLAS_DENUE,
11247223,21140812210001651000000000U1,TINTORERIA Y LAVANDERIA,,812210,Lavanderías y tintorerías,0 a 5 personas,AVENIDA,12 PONIENTE,PRIVADA,NINGUNO,CALLE,7 NORTE,AVENIDA,10 PONIENTE,507,1,,,,,BARRIO,SAN JUAN CALVARIO,,,,72764,21,PUEBLA,140,San Pedro Cholula,0001,Cholula de Rivadavia,0499,004,,,,Fijo,19.06838029,-98.30874512,2024-11,True,True,False,False,True,True,False,False,False,False,False,True,REVISAR,REVISAR,REVISAR,FILTRO_DENUE,REGLAS_DENUE,
7827721,21114812210013791000000000U6,TINTORERIA Y LAVANDERIA,LAVAGE,812210,Lavanderías y tintorerías,0 a 5 personas,CALLE,FRANCISCO VILLA,AVENIDA,FRANCISCO SARABIA,PROLONGACION,DIAGONAL DEFENSORES DE LA REPUBLICA,AVENIDA,O BOULEVARD AYUNTAMIENTO,,SN,,,,,COLONIA,ADOLFO LOPEZ MATEOS,,,,72240,21,PUEBLA,114,Puebla,0001,Heroica Puebla de Zaragoza,353A,003,,,,Fijo,19.06495186,-98.18181706,2019-11,True,True,False,False,True,True,False,False,False,False,False,True,REVISAR,REVISAR,REVISAR,FILTRO_DENUE,REGLAS_DENUE,
9622673,21114812210020601000000000U8,TINTORERIA Y LAVANDERIA,TINTORERIA Y LAVANDERIA,812210,Lavanderías y tintorerías,0 a 5 personas,BOULEVARD,LAS CARMELITAS,PRIVADA,BUGAMBILIAS,PRIVADA,GIRASOLES,PRIVADA,SAN MIGUEL,50,,,1,3,,COLONIA,LA CARMELITA,CENTRO Y PLAZA COMERCIAL,PLAZA M,10,72498,21,PUEBLA,114,Puebla,0001,Heroica Puebla de Zaragoza,6271,005,,,,Fijo,18.98825872,-98.2645813,2024-11,True,True,False,False,True,True,False,False,False,False,False,True,REVISAR,REVISAR,REVISAR,FILTRO_DENUE,REGLAS_DENUE,
8827243,21114812210014141000000000U3,TINTORERIA Y LAVANDERIA,,812210,Lavanderías y tintorerías,0 a 5 personas,CALLE,15 A SUR,CALLE,109 A PONIENTE,CALLE,111 PONIENTE,CALLE,15 B SUR,10919,,,,,,COLONIA,GALAXIA LA LAGUNA,,,,72480,21,PUEBLA,114,Puebla,0001,Heroica Puebla de Zaragoza,6318,015,2228088443,,,Fijo,18.99732889,-98.24676509,2019-11,True,True,False,False,True,True,False,False,False,False,False,True,REVISAR,REVISAR,REVISAR,FILTRO_DENUE,REGLAS_DENUE,
3462084,21114812210006851000000000U7,TINTORERIA Y LAVANDERIA AGUA AZUL,TINTORERIA Y LAVANDERIA AGUA AZUL,812210,Lavanderías y tintorerías,0 a 5 personas,AVENIDA,45 PONIENTE,CALLE,17 SUR,CALLE,19 SUR,CALLE,PRIVADA 45 A PONIENTE,1701,,,,,,COLONIA,REFORMA AGUA AZUL,,,,72430,21,PUEBLA,114,Puebla,0001,Heroica Puebla de Zaragoza,2457,014,2222436545,CERVANTESJJV@HOTMAIL.COM,,Fijo,19.03362376,-98.22061028,2010-07,True,True,False,False,True,True,False,False,False,False,False,True,REVISAR,REVISAR,REVISAR,FILTRO_DENUE,REGLAS_DENUE,
3416306,21114812210007261100000000U8,TINTORERIA Y LAVANDERIA ALFA Y OMEGA,,812210,Lavanderías y tintorerías,0 a 5 personas,CALLE,1 E,BOULEVARD,PUEBLA,CALLE,5 E,CALLE,1 E,,SN,,,,,COLONIA,BOSQUES DE SAN SEBASTIAN,,,,72310,21,PUEBLA,114,Puebla,0001,Heroica Puebla de Zaragoza,4472,075,2225605599,,,Fijo,19.06384324,-98.12907281,2010-07,True,True,False,False,True,True,False,False,False,False,False,True,REVISAR,REVISAR,REVISAR,FILTRO_DENUE,REGLAS_DENUE,
3323717,21132812210000431000000000U6,TINTORERIA Y LAVANDERIA AMERICAN,,812210,Lavanderías y tintorerías,0 a 5 personas,AVENIDA,ALBINO LABASTIDA,CALLE,MEXICALI,CALLE,ADOLFO LOPEZ MATEOS,CALLE,TENIENTE NIEVA,58,,,,,,COLONIA,OJO DE AGUA,,,,74042,21,PUEBLA,132,San Martín Texmelucan,0001,San Martín Texmelucan de Labastida,004A,031,,,,Fijo,19.2872467,-98.44530979,2014-12,True,True,False,False,True,True,False,False,False,False,False,True,REVISAR,REVISAR,REVISAR,FILTRO_DENUE,REGLAS_DENUE,
11646775,21114812210019901000000000U5,TINTORERIA Y LAVANDERIA ARCOS,,812210,Lavanderías y tintorerías,0 a 5 personas,CALLE,4 NORTE,CALLE,2 ORIENTE,CALLE,4 ORIENTE,PRIVADA,6 NORTE,,SN,,,,,BARRIO,SANTA CATARINA,,,,72595,21,PUEBLA,114,Puebla,0001,Heroica Puebla de Zaragoza,4260,007,,,,Fijo,18.97130022,-98.18283906,2024-11,True,True,False,False,True,True,False,False,False,False,False,True,REVISAR,REVISAR,REVISAR,FILTRO_DENUE,REGLAS_DENUE,
3467814,21041812210000011000000000U9,TINTORERIA Y LAVANDERIA BURBUJA,,812210,Lavanderías y tintorerías,0 a 5 personas,AVENIDA,MEXICO PUEBLA,PRIVADA,NINGUNO,CALLE,XICOHTENCATL,CALLE,ADOLFO LOPEZ MATEOS,16,,,,,,COLONIA,EL CALVARIO,,,,72700,21,PUEBLA,041,Cuautlancingo,0001,San Juan Cuautlancingo,0240,001,2221676267,,,Fijo,19.09098953,-98.26776865,2010-07,True,True,False,False,True,True,False,False,False,False,False,True,REVISAR,REVISAR,REVISAR,FILTRO_DENUE,REGLAS_DENUE,
11421219,21140812210001711000000000U3,TINTORERIA Y LAVANDERIA CUARTO DE LAVADO,,812210,Lavanderías y tintorerías,0 a 5 personas,CALLE,TORRECILLAS,CALLE,AZTLAN,PRIVADA,CALMECAC,CALLE,ZOQUIAPA,,SN,,,,,CONJUNTO HABITACIONAL,EL PILAR,,,,72776,21,PUEBLA,140,San Pedro Cholula,0001,Cholula de Rivadavia,0319,087,,,,Fijo,19.06219075,-98.26620172,2024-11,True,True,False,False,True,True,False,False,False,False,False,True,REVISAR,REVISAR,REVISAR,FILTRO_DENUE,REGLAS_DENUE,
3514246,21114812210004351000000000U0,TINTORERIA Y LAVANDERIA DE GAONA,,812210,Lavanderías y tintorerías,0 a 5 personas,AVENIDA,MIGUEL DE LA MADRID HURTADO,CERRADA,CERRADA A DE LA 16 DE SEPTIEMBRE,PRIVADA,PRIVADA A DE LA 16 DE SEPTIEMBRE ORIENTE,CALLE,LEON ALDAMA,8,A,,,,,COLONIA,LEON ALDAMA,,,,72490,21,PUEBLA,114,Puebla,0001,Heroica Puebla de Zaragoza,5729,031,2221295430,,,Fijo,18.96791468,-98.23897173,2010-07,True,True,False,False,True,True,False,False,False,False,False,True,REVISAR,REVISAR,REVISAR,FILTRO_DENUE,REGLAS_DENUE,
11621595,21114812210019881000000000U9,TINTORERIA Y LAVANDERIA DE LEANDRA,TINTORERIA Y LAVANDERIA,812210,Lavanderías y tintorerías,0 a 5 personas,AVENIDA,PINOS,CALLE,BUGAMBILIAS,CALLE,RAFAEL AVILA CAMACHO,CALLE,PALMAS,6914,,,,0,B,COLONIA,SANTA CRUZ BUENAVISTA,,,,72150,21,PUEBLA,114,Puebla,0001,Heroica Puebla de Zaragoza,392A,017,2213618835,,,Fijo,19.0540981,-98.2455137,2024-11,True,True,False,False,True,True,False,False,False,False,False,True,REVISAR,REVISAR,REVISAR,FILTRO_DENUE,REGLAS_DENUE,
3514830,21114812210005681000000000U9,TINTORERIA Y LAVANDERIA DISA,,812210,Lavanderías y tintorerías,0 a 5 personas,PROLONGACION,PROLONGACION DE LA 14 SUR,CALLE,103 ORIENTE,CALLE,105 ORIENTE,PRIVADA,14 SUR,1402,,,,,A,COLONIA,GRANJAS DE SAN ISIDRO,,,,72587,21,PUEBLA,114,Puebla,0001,Heroica Puebla de Zaragoza,5837,029,,,,Fijo,18.98579532,-98.21667337,2010-07,True,True,False,False,True,True,False,False,False,False,False,True,REVISAR,REVISAR,REVISAR,FILTRO_DENUE,REGLAS_DENUE,
9646977,21114812210019411000000000U5,TINTORERIA Y LAVANDERIA DRYCLEAN,,812210,Lavanderías y tintorerías,0 a 5 personas,AVENIDA,ADOLFO LOPEZ MATEOS,CALLE,FUTBOL,RETORNO,ATLETISMO,AVENIDA,ADOLFO LOPEZ MATEOS,1612,,,,,,COLONIA,VILLA VERDE,,,,72300,21,PUEBLA,114,Puebla,0001,Heroica Puebla de Zaragoza,2279,047,,,,Fijo,19.05275877,-98.1612912,2024-11,True,True,False,False,True,True,False,False,False,False,False,True,REVISAR,REVISAR,REVISAR,FILTRO_DENUE,REGLAS_DENUE,
9744385,21053812210000271000000000U4,TINTORERIA Y LAVANDERIA ECO CLEAN,,812210,Lavanderías y tintorerías,0 a 5 personas,CALLE,7 ORIENTE,AVENIDA,SEGUNDA CALLE DE FRANCISCO JAVIER MINA,AVENIDA,JUAREZ,CALLE,PRIMERA CALLE DE CUAUHTEMOC,,SN,,,,,COLONIA,CENTRO,,,,73300,21,PUEBLA,053,Chignahuapan,0001,Ciudad de Chignahuapan,0275,013,7971161523,,,Fijo,19.83608859,-98.03223489,2024-11,True,True,False,False,True,True,False,False,False,False,False,True,REVISAR,REVISAR,REVISAR,FILTRO_DENUE,REGLAS_DENUE,
8173861,21119812210001421000000000U3,TINTORERIA Y LAVANDERIA ECORAPIDO,,812210,Lavanderías y tintorerías,0 a 5 personas,CALLE,ORION SUR,RETORNO,TULIPANES,AVENIDA,FLOR DE NOCHEBUENA,CALLE,ORION NORTE,713,,,1,,,FRACCIONAMIENTO,VILLA FLORESTA,CENTRO Y PLAZA COMERCIAL,PLAZA MACETA,4,72825,21,PUEBLA,119,San Andrés Cholula,0013,San Bernardino Tlaxcalancingo,0423,001,,,,Fijo,19.0250237,-98.25825715,2019-11,True,True,False,False,True,True,False,False,False,False,False,True,REVISAR,REVISAR,REVISAR,FILTRO_DENUE,REGLAS_DENUE,
8214154,21114812210017261000000000U6,TINTORERIA Y LAVANDERIA FRESH CLEAN,,812210,Lavanderías y tintorerías,0 a 5 personas,CALLE,SAN LUIS POTOSI,AVENIDA,27 SUR,BOULEVARD,LAS CARMELITAS,CALLE,3 DE ABRIL,,SN,,,6,,COLONIA,LA CARMELITA,,,,72498,21,PUEBLA,114,Puebla,0001,Heroica Puebla de Zaragoza,6271,026,2212610434,,,Fijo,18.98800562,-98.26799222,2019-11,True,True,False,False,True,True,False,False,False,False,False,True,REVISAR,REVISAR,REVISAR,FILTRO_DENUE,REGLAS_DENUE,
3343159,21114812210009201000000000U2,TINTORERIA Y LAVANDERIA FUENTES,,812210,Lavanderías y tintorerías,0 a 5 personas,CERRADA,5 NORTE,CERRADA,3 NORTE,AVENIDA,80 PONIENTE,CALLEJON,NINGUNO,80001,A,,,,B,COLONIA,LA LOMA,,,,72230,21,PUEBLA,114,Puebla,0001,Heroica Puebla de Zaragoza,5019,011,2228816206,,,Fijo,19.07520587,-98.18289194,2014-12,True,True,False,False,True,True,False,False,False,False,False,True,REVISAR,REVISAR,REVISAR,FILTRO_DENUE,REGLAS_DENUE,
8658463,21114812210016821000000000U8,TINTORERIA Y LAVANDERIA GELOS,,812210,Lavanderías y tintorerías,0 a 5 personas,PRIVADA,9 A SUR,AVENIDA,7 PONIENTE,AVENIDA,9 PONIENTE,CALLE,9 SUR,703,,,,,,COLONIA,CENTRO,,,,72000,21,PUEBLA,114,Puebla,0001,Heroica Puebla de Zaragoza,0501,020,,,,Fijo,19.04505409,-98.20651059,2019-11,True,True,False,False,True,True,False,False,False,False,False,True,REVISAR,REVISAR,REVISAR,FILTRO_DENUE,REGLAS_DENUE,
3368844,21114812210008761000000000U6,TINTORERIA Y LAVANDERIA HILDA,,812210,Lavanderías y tintorerías,0 a 5 personas,BOULEVARD,MUNICIPIO LIBRE,PROLONGACION,2 SUR,PRIVADA,B DE LA 16 DE SEPTIEMBRE,AVENIDA,89 ORIENTE,69,,,,,,COLONIA,16 DE SEPTIEMBRE,,,,72474,21,PUEBLA,114,Puebla,0001,Heroica Puebla de Zaragoza,2442,013,2227399113,,,Fijo,18.9972389,-98.22192636,2014-12,True,True,False,False,True,True,False,False,False,False,False,True,REVISAR,REVISAR,REVISAR,FILTRO_DENUE,REGLAS_DENUE,
3369879,21114812210010571000000000U5,TINTORERIA Y LAVANDERIA HILDA,,812210,Lavanderías y tintorerías,0 a 5 personas,BOULEVARD,JOSE MARIA LAFRAGUA,AVENIDA,LAS CRUCES,BOULEVARD,MUNICIPIO LIBRE,CALLE,SANTO TOMAS DE AQUINO,7706,,,,,,COLONIA,TRES CRUCES,,,,72595,21,PUEBLA,114,Puebla,0001,Heroica Puebla de Zaragoza,1798,021,2214084241,,,Fijo,18.99540199,-98.19527512,2014-12,True,True,False,False,True,True,False,False,False,False,False,True,REVISAR,REVISAR,REVISAR,FILTRO_DENUE,REGLAS_DENUE,
3513680,21114812210006671000000000U9,TINTORERIA Y LAVANDERIA HILDA,,812210,Lavanderías y tintorerías,0 a 5 personas,DIAGONAL,16 A SUR,CALLE,91 ORIENTE,CALLE,93 ORIENTE,CALLE,18 SUR,9106,A,,,,,COLONIA,GRANJAS DE SAN ISIDRO,,,,72587,21,PUEBLA,114,Puebla,0001,Heroica Puebla de Zaragoza,5165,026,,,,Fijo,18.98943804,-98.20991435,2010-07,True,True,False,False,True,True,False,False,False,False,False,True,REVISAR,REVISAR,REVISAR,FILTRO_DENUE,REGLAS_DENUE,
3374481,21114812210012161000000000U3,TINTORERIA Y LAVANDERIA HILDA,,812210,Lavanderías y tintorerías,0 a 5 personas,CALLE,JOSEFA ORTIZ DE DOMINGUEZ,CALLE,20 DE NOVIEMBRE,BOULEVARD,LAS CARMELITAS,CALLE,MIGUEL HIDALGO,1561,,,,,,COLONIA,TRES CERRITOS,,,,72480,21,PUEBLA,114,Puebla,0001,Heroica Puebla de Zaragoza,4650,014,2227271519,,,Fijo,18.9958916,-98.25213055,2014-12,True,True,False,False,True,True,False,False,False,False,False,True,REVISAR,REVISAR,REVISAR,FILTRO_DENUE,REGLAS_DENUE,
3422038,21114812210004501000000000U0,TINTORERIA Y LAVANDERIA JUST CLEAN,,812210,Lavanderías y tintorerías,0 a 5 personas,BOULEVARD,22 SUR,CALLE,RIO XONACA SUR,CIRCUITO,CIRCUITO JUAN PABLO II,CALLE,RIO JAMAPA,5157,,,,,,COLONIA,VILLA CARMEL,,,,72567,21,PUEBLA,114,Puebla,0001,Heroica Puebla de Zaragoza,1406,025,2223124469,NANCY.M_75@YAHOO.COM.MX,,Fijo,19.0150319,-98.19599352,2010-07,True,True,False,False,True,True,False,False,False,False,False,True,REVISAR,REVISAR,REVISAR,FILTRO_DENUE,REGLAS_DENUE,
3430401,21119812210000571000000000U6,TINTORERIA Y LAVANDERIA LA BURBUJA,,812210,Lavanderías y tintorerías,0 a 5 personas,CALLE,NIÑO ARTILLERO,CALLE,27 DE SEPTIEMBRE,CALLE,5 DE MAYO,CALLE,ANTONIO DE MENDOZA,5,,,,,,BARRIO,SAN DIEGO,,,,72828,21,PUEBLA,119,San Andrés Cholula,0013,San Bernardino Tlaxcalancingo,0029,017,,,,Fijo,19.01128624,-98.29332605,2010-07,True,True,False,False,True,True,False,False,False,False,False,True,REVISAR,REVISAR,REVISAR,FILTRO_DENUE,REGLAS_DENUE,
3456341,21114812210000411000000000U6,TINTORERIA Y LAVANDERIA LAS TORRES,,812210,Lavanderías y tintorerías,0 a 5 personas,AVENIDA,SAN FELIPE,DIAGONAL,15 DE MAYO,AVENIDA,15 DE MAYO,DIAGONAL,15 DE MAYO,69,,,,,,COLONIA,VILLA POSADAS,,,,72060,21,PUEBLA,114,Puebla,0001,Heroica Puebla de Zaragoza,232A,016,5511298562,,,Fijo,19.07023719,-98.21937866,2010-07,True,True,False,False,True,True,False,False,False,False,False,True,REVISAR,REVISAR,REVISAR,FILTRO_DENUE,REGLAS_DENUE,
3471738,21114812210002061000000000U7,TINTORERIA Y LAVANDERIA LAS TORRES PLUS,,812210,Lavanderías y tintorerías,0 a 5 personas,CALLE,4 ORIENTE,CALLE,NINGUNO,CALLE,14 SUR,CALLE,2 ORIENTE,1212,,,,,,COLONIA,SAN JERONIMO CALERA,,,,72100,21,PUEBLA,114,Puebla,0001,Heroica Puebla de Zaragoza,5235,018,,,,Fijo,19.10109909,-98.22187904,2010-07,True,True,False,False,True,True,False,False,False,False,False,True,REVISAR,REVISAR,REVISAR,FILTRO_DENUE,REGLAS_DENUE,
3277963,21114812210006861000000000U6,TINTORERIA Y LAVANDERIA LAVOMATIC,,812210,Lavanderías y tintorerías,0 a 5 personas,CALLE,ACUEDUCTO MANZANILLA,CALLE,NINGUNO,CALLE,ACUEDUCTO MANZANILLA,OTRO(ESPECIFIQUE),BARDA,33,6,,,,,FRACCIONAMIENTO,VILLAS MANZANILLA,,,,72227,21,PUEBLA,114,Puebla,0001,Heroica Puebla de Zaragoza,5894,031,2222712912,,,Fijo,19.07663985,-98.13442681,2010-07,True,True,False,False,True,True,False,False,False,False,False,True,REVISAR,REVISAR,REVISAR,FILTRO_DENUE,REGLAS_DENUE,
3257623,21114812210001951000000000U0,TINTORERIA Y LAVANDERIA LAVOSEC,,812210,Lavanderías y tintorerías,0 a 5 personas,CALLE,CALLE DE LA ROSA,CALLE,50 NORTE,CERRADA,CERRADA DE OROPEZA,OTRO(ESPECIFIQUE),NINGUNO,72,,,,,,COLONIA,DIEZ DE MAYO,,,,72270,21,PUEBLA,114,Puebla,0001,Heroica Puebla de Zaragoza,2264,030,2226252860,,,Fijo,19.05717244,-98.16950773,2010-07,True,True,False,False,True,True,False,False,False,False,False,True,REVISAR,REVISAR,REVISAR,FILTRO_DENUE,REGLAS_DENUE,
3334051,21140812210000951000000000U6,TINTORERIA Y LAVANDERIA LONDRES,,812210,Lavanderías y tintorerías,0 a 5 personas,CALLE,CALLE AL BALNEARIO DE LA CASA BLANCA,CALLE,NINGUNO,CALLE,15 SUR,CALLE,NINGUNO,116,B,,,,,LOCALIDAD,SAN CRISTOBAL TEPONTLA,,,,72765,21,PUEBLA,140,San Pedro Cholula,0001,Cholula de Rivadavia,0183,086,,,,Fijo,19.06645409,-98.31926192,2014-12,True,True,False,False,True,True,False,False,False,False,False,True,REVISAR,REVISAR,REVISAR,FILTRO_DENUE,REGLAS_DENUE,
8869591,21114812210015141000000000U2,TINTORERIA Y LAVANDERIA M&E,,812210,Lavanderías y tintorerías,0 a 5 personas,CALLE,TAMARINDO,CALLE,MANGO,AVENIDA,EJERCITOS DE ORIENTE,AVENIDA,LAUREL,10,,,,,,FRACCIONAMIENTO,ARBOLEDAS DE GUADALUPE,,,,72260,21,PUEBLA,114,Puebla,0001,Heroica Puebla de Zaragoza,2230,022,2217418476,TINTORERIA.ME@GMAIL.COM,,Fijo,19.05804541,-98.17613741,2019-11,True,True,False,False,True,True,False,False,False,False,False,True,REVISAR,REVISAR,REVISAR,FILTRO_DENUE,REGLAS_DENUE,
8325842,21114812210017991100000000U8,TINTORERIA Y LAVANDERIA MARISOL,,812210,Lavanderías y tintorerías,0 a 5 personas,CALLE,FUNDADORES,PROLONGACION,LOPEZ RAYON,CALLE,FRANCISCO I. MADERO,CALLE,ALDAMA,,SN,,,,,COLONIA,IGNACIO ROMERO VARGAS,,,,72120,21,PUEBLA,114,Puebla,0001,Heroica Puebla de Zaragoza,3313,004,2211376008,,,Fijo,19.08294225,-98.24780906,2019-11,True,True,False,False,True,True,False,False,False,False,False,True,REVISAR,REVISAR,REVISAR,FILTRO_DENUE,REGLAS_DENUE,
3507492,21053812210000061001000000U9,TINTORERIA Y LAVANDERIA MAS Q LAVADO,,812210,Lavanderías y tintorerías,6 a 10 personas,CALLE,ILDELFONSO ILLESCAS PICHARDO,CALLE,2 ORIENTE,CALZADA,CALZADA DE LAS ALMAS,CALLE,VICENTE GUERRERO,,SN,,,,,COLONIA,CENTRO,,,,73300,21,PUEBLA,053,Chignahuapan,0001,Ciudad de Chignahuapan,0256,014,,MASQUELAVADO@GMAIL.COM,,Fijo,19.83946248,-98.03087923,2010-07,True,True,False,False,True,True,False,False,False,False,False,True,REVISAR,REVISAR,REVISAR,FILTRO_DENUE,REGLAS_DENUE,
9743137,21114812210019211000000000U9,TINTORERIA Y LAVANDERIA MATEO,,812210,Lavanderías y tintorerías,0 a 5 personas,CALLE,19 SUR,CALLE,INDEPENDENCIA,CERRADA,INDEPENDENCIA,CALLE,17 SUR,,SN,,,,,COLONIA,SAN BERNABE TEMOXTITLA,,,,72498,21,PUEBLA,114,Puebla,0001,Heroica Puebla de Zaragoza,613A,026,2222800739,,,Fijo,18.97572389,-98.26686623,2024-11,True,True,False,False,True,True,False,False,False,False,False,True,REVISAR,REVISAR,REVISAR,FILTRO_DENUE,REGLAS_DENUE,
8743587,21114812210017661000000000U7,TINTORERIA Y LAVANDERIA PLUS EXPRESS,,812210,Lavanderías y tintorerías,0 a 5 personas,CALLE,5 SUR,AVENIDA,31 PONIENTE,AVENIDA,29 PONIENTE,CALLE,7 SUR,2909,,,,,,COLONIA,CHULA VISTA,,,,72420,21,PUEBLA,114,Puebla,0001,Heroica Puebla de Zaragoza,3741,010,2229009814,,,Fijo,19.03460317,-98.20842138,2019-11,True,True,False,False,True,True,False,False,False,False,False,True,REVISAR,REVISAR,REVISAR,FILTRO_DENUE,REGLAS_DENUE,
10717149,21041812210001191000000000U8,TINTORERIA Y LAVANDERIA PROVIDENCIA,,812210,Lavanderías y tintorerías,0 a 5 personas,CALLE,REMEDIOS,AVENIDA,MORELOS,PRIVADA,TERCERA PRIVADA MORELOS,PRIVADA,TERCERA PRIVADA MORELOS,19,,,,,,BARRIO,DEL ALTO,,,,72700,21,PUEBLA,041,Cuautlancingo,0001,San Juan Cuautlancingo,0062,040,2225779468,,,Fijo,19.08726998,-98.27771291,2024-11,True,True,False,False,True,True,False,False,False,False,False,True,REVISAR,REVISAR,REVISAR,FILTRO_DENUE,REGLAS_DENUE,
8151442,21114812210015041000000000U4,TINTORERIA Y LAVANDERIA RANA,,812210,Lavanderías y tintorerías,0 a 5 personas,CALLE,16 DE SEPTIEMBRE,CALLE,16 DE SEPTIEMBRE,CALLE,NARDOS,CALLE,LIRIOS,5584,,,,,,COLONIA,BUGAMBILIAS,,,,72580,21,PUEBLA,114,Puebla,0001,Heroica Puebla de Zaragoza,086A,011,5638616849,,,Fijo,19.01306136,-98.21614175,2019-11,True,True,False,False,True,True,False,False,False,False,False,True,REVISAR,REVISAR,REVISAR,FILTRO_DENUE,REGLAS_DENUE,
3369840,21114812210010841000000000U2,TINTORERIA Y LAVANDERIA ROSXA,,812210,Lavanderías y tintorerías,0 a 5 personas,AVENIDA,UNAM,CALLE,UNIVERSIDAD AUTONOMA DE ZACATECAS,PRIVADA,UNIVERSIDAD AUTONOMA DE NAYARIT,CALLE,UNIVERSIDAD DE CHAPINGO,6930,2,,,,,COLONIA,UNIVERSIDADES,,,,72589,21,PUEBLA,114,Puebla,0001,Heroica Puebla de Zaragoza,5165,017,2215323975,,,Fijo,18.99618145,-98.20554381,2014-12,True,True,False,False,True,True,False,False,False,False,False,True,REVISAR,REVISAR,REVISAR,FILTRO_DENUE,REGLAS_DENUE,
3430586,21119812210000981000000000U7,TINTORERIA Y LAVANDERIA SAN FRANCISCO,,812210,Lavanderías y tintorerías,0 a 5 personas,AVENIDA,MIGUEL HIDALGO,PRIVADA,CHIGNAHUAPAN,CALLE,HUAUCHINANGO,CALLE,PIAXTLA,301,,,,,,LOCALIDAD,SAN FRANCISCO ACATEPEC,,,,72846,21,PUEBLA,119,San Andrés Cholula,0001,San Andrés Cholula,0211,012,2228464769,,,Fijo,19.02323309,-98.31003422,2014-12,True,True,False,False,True,True,False,False,False,False,False,True,REVISAR,REVISAR,REVISAR,FILTRO_DENUE,REGLAS_DENUE,
11791834,21114812210022811000000000U1,TINTORERIA Y LAVANDERIA SAN MIGUEL,SERVICIOS INDUSTRIALES SAN MIGUEL,812210,Lavanderías y tintorerías,0 a 5 personas,CALLE,CAMINO REAL DE LOS CIPRESES,PRIVADA,Prolongación 18 Oriente,PRIVADA,Ninguno,PRIVADA,Ninguno,1804,,,,,,COLONIA,MOMOXPAN,,,,72761,21,PUEBLA,114,Puebla,0001,Heroica Puebla de Zaragoza,3050,001,,LCARLOS@SISM.COM.MX,,Fijo,19.05517377,-98.2766417,2025-04,True,True,False,False,True,True,False,False,False,False,False,True,REVISAR,REVISAR,REVISAR,FILTRO_DENUE,REGLAS_DENUE,
3458727,21114812210006741000000000U0,TINTORERIA Y LAVANDERIA SANGO,,812210,Lavanderías y tintorerías,0 a 5 personas,AVENIDA,ROSENDO MARQUEZ,CALLE,AVENIDA 17 PONIENTE,PRIVADA,PRIVADA DE LA 17 PONIENTE,CALLE,41 SUR,1704,,,,,,COLONIA,BELISARIO DOMINGUEZ,,,,72180,21,PUEBLA,114,Puebla,0001,Heroica Puebla de Zaragoza,3652,017,,,,Fijo,19.05411467,-98.23333255,2010-07,True,True,False,False,True,True,False,False,False,False,False,True,REVISAR,REVISAR,REVISAR,FILTRO_DENUE,REGLAS_DENUE,
10118580,21114812210022381000000000U5,TINTORERIA Y LAVANDERIA SATELITE,,812210,Lavanderías y tintorerías,0 a 5 personas,CALLE,JOSE GUADALUPE POSADA,AVENIDA,AVENIDA DE LOS EDUCADORES,CALLE,AGUSTIN ARRIETA,CALLE,JOSE CLEMENTE OROZCO,,SN,,,,,FRACCIONAMIENTO,CIUDAD SATELITE,,,,72320,21,PUEBLA,114,Puebla,0001,Heroica Puebla de Zaragoza,3648,003,2227262272,,,Fijo,19.04254104,-98.15123712,2024-11,True,True,False,False,True,True,False,False,False,False,False,True,REVISAR,REVISAR,REVISAR,FILTRO_DENUE,REGLAS_DENUE,
8325658,21114812210017971000000000U0,TINTORERIA Y LAVANDERIA SOFTS AND CLEAN,,812210,Lavanderías y tintorerías,0 a 5 personas,CALLE,CAMINO NACIONAL,CALLE,PUEBLA,CALLE,OAXACA,AVENIDA,INDEPENDENCIA,35,,,,,,COLONIA,INDEPENDENCIA,,,,72150,21,PUEBLA,114,Puebla,0001,Heroica Puebla de Zaragoza,346A,007,,,,Fijo,19.07361145,-98.25240714,2019-11,True,True,False,False,True,True,False,False,False,False,False,True,REVISAR,REVISAR,REVISAR,FILTRO_DENUE,REGLAS_DENUE,
3369906,21114812210012601000000000U8,TINTORERIA Y LAVANDERIA STAR,,812210,Lavanderías y tintorerías,0 a 5 personas,CALLE,DIAGONAL RIO PAPAGAYO,CALLE,FRAY JUAN DE GRIJALVA,AVENIDA,LAS CRUCES,CALLE,SAN VICENTE DE PAUL,7721,A,,,,,COLONIA,TRES CRUCES,,,,72595,21,PUEBLA,114,Puebla,0001,Heroica Puebla de Zaragoza,1798,009,2226450390,,,Fijo,18.99475477,-98.19238169,2014-12,True,True,False,False,True,True,False,False,False,False,False,True,REVISAR,REVISAR,REVISAR,FILTRO_DENUE,REGLAS_DENUE,
3279045,21114812210005201000000000U6,TINTORERIA Y LAVANDERIA STEPHANIE,,812210,Lavanderías y tintorerías,0 a 5 personas,AVENIDA,29 PONIENTE,CALLE,35 SUR,CALLE,33 SUR,CALLE,AVENIDA 27 PONIENTE,3326,A,,,,,COLONIA,BENITO JUAREZ,,,,72410,21,PUEBLA,114,Puebla,0001,Heroica Puebla de Zaragoza,2495,006,2224944941,,,Fijo,19.04656594,-98.23070454,2010-07,True,True,False,False,True,True,False,False,False,False,False,True,REVISAR,REVISAR,REVISAR,FILTRO_DENUE,REGLAS_DENUE,
8235221,21114812210016741000000000U8,TINTORERIA Y LAVANDERIA TINTO SEC,,812210,Lavanderías y tintorerías,0 a 5 personas,CALLE,2 SUR,AVENIDA,VENUSTIANO CARRANZA,AVENIDA,EDUARDO CUE MERLO,CALLE,MIGUEL HIDALGO,4728,A,,,,,COLONIA,SAN BALTAZAR CAMPECHE,,,,72550,21,PUEBLA,114,Puebla,0001,Heroica Puebla de Zaragoza,0677,067,2212632056,,,Fijo,19.02479082,-98.20804514,2019-11,True,True,False,False,True,True,False,False,False,False,False,True,REVISAR,REVISAR,REVISAR,FILTRO_DENUE,REGLAS_DENUE,
3522650,21114812210006211000000000U4,TINTORERIA Y LAVANDERIA TINTOALINNE,,812210,Lavanderías y tintorerías,0 a 5 personas,AVENIDA,95 PONIENTE,CALLE,ABETO,PRIVADA,LOS CIPRES,CALLE,NINGUNO,,SN,,,,,COLONIA,EX HACIENDA MAYORAZGO,,,,72480,21,PUEBLA,114,Puebla,0001,Heroica Puebla de Zaragoza,6303,006,,,,Fijo,19.00581383,-98.24870869,2010-07,True,True,False,False,True,True,False,False,False,False,False,True,REVISAR,REVISAR,REVISAR,FILTRO_DENUE,REGLAS_DENUE,
8593046,21140812210001581000000000U0,TINTORERIA Y LAVANDERIA TINTOFLASH,,812210,Lavanderías y tintorerías,0 a 5 personas,CALLE,5 NORTE,AVENIDA,10 PONIENTE,AVENIDA,12 PONIENTE,CALLE,3 NORTE,1004,,,,,,COLONIA,CHOLULA DE RIVADAVIA,,,,72760,21,PUEBLA,140,San Pedro Cholula,0001,Cholula de Rivadavia,0499,003,2211768684,,,Fijo,19.0675907,-98.30781461,2019-11,True,True,False,False,True,True,False,False,False,False,False,True,REVISAR,REVISAR,REVISAR,FILTRO_DENUE,REGLAS_DENUE,
7568824,21119812210001581000000000U4,TINTORERIA Y LAVANDERIA TINTORELLO,,812210,Lavanderías y tintorerías,0 a 5 personas,BOULEVARD,EUROPA,OTRO(ESPECIFIQUE),BARDA,BOULEVARD,AMERICA,BOULEVARD,AMERICA,102,,,1,,,LOCALIDAD,SAN BERNARDINO TLAXCALANCINGO,CENTRO Y PLAZA COMERCIAL,AQUARA,6,72830,21,PUEBLA,119,San Andrés Cholula,0013,San Bernardino Tlaxcalancingo,0508,002,,TINTORELLO.PUEBLA@GMAIL.COM,,Fijo,18.9992989,-98.27381656,2019-11,True,True,False,False,True,True,False,False,False,False,False,True,REVISAR,REVISAR,REVISAR,FILTRO_DENUE,REGLAS_DENUE,
3449531,21140812210000101000000000U8,TINTORERIA Y LAVANDERIA ULTRA CLEAN,,812210,Lavanderías y tintorerías,0 a 5 personas,CALLE,3 SUR,AVENIDA,3 PONIENTE,AVENIDA,5 PONIENTE,CALLE,5 SUR,308,,,,,,COLONIA,CENTRO,,,,72760,21,PUEBLA,140,San Pedro Cholula,0001,Cholula de Rivadavia,0056,002,,,,Fijo,19.06114898,-98.30922987,2010-07,True,True,False,False,True,True,False,False,False,False,False,True,REVISAR,REVISAR,REVISAR,FILTRO_DENUE,REGLAS_DENUE,
3266081,21132812210000151000000000U0,TINTORERIA Y LAVANDERIA VERAZA,,812210,Lavanderías y tintorerías,0 a 5 personas,CALLE,CALLEJON DE VERAZA,CALLE,JOSE MARIA MORELOS ORIENTE,CALLE,HIDALGO ORIENTE,CALLE,INDEPENDENCIA SUR,3,B,,,,,CIUDAD,CENTRO,,,,74000,21,PUEBLA,132,San Martín Texmelucan,0001,San Martín Texmelucan de Labastida,0054,005,,,,Fijo,19.28233427,-98.43466477,2010-07,True,True,False,False,True,True,False,False,False,False,False,True,REVISAR,REVISAR,REVISAR,FILTRO_DENUE,REGLAS_DENUE,
7852340,21114812210015871000000000U4,TINTORERIA Y LAVANDERIA VIPS LA LAVANDERIA,,812210,Lavanderías y tintorerías,0 a 5 personas,CALLE,19 SUR,CALLE,AVENIDA 35 PONIENTE,CALLE,AVENIDA 41 PONIENTE,PRIVADA,17 B SUR,1734,,,,,,COLONIA,REFORMA AGUA AZUL,,,,72430,21,PUEBLA,114,Puebla,0001,Heroica Puebla de Zaragoza,2457,034,2225563924,RILLBUAP@GMAIL.COM,,Fijo,19.03656389,-98.22006735,2019-11,True,True,False,False,True,True,False,False,False,False,False,True,REVISAR,REVISAR,REVISAR,FILTRO_DENUE,REGLAS_DENUE,
3259558,21114812210009351000000000U5,TINTORERIA Y LAVANDERIA WASH&DRY,,812210,Lavanderías y tintorerías,0 a 5 personas,CALLE,35 NORTE,CALLE,24 PONIENTE,CALLE,22 B PONIENTE,PRIVADA,NINGUNO,3503,,,,,,COLONIA,VALLE DORADO,,,,72070,21,PUEBLA,114,Puebla,0001,Heroica Puebla de Zaragoza,2315,037,2227352564,,,Fijo,19.06770924,-98.21563333,2014-12,True,True,False,False,True,True,False,False,False,False,False,True,REVISAR,REVISAR,REVISAR,FILTRO_DENUE,REGLAS_DENUE,
3512676,21114812210006731000000000U1,TINTORERIA Y LAVANDERIA WASHY PLUS,,812210,Lavanderías y tintorerías,0 a 5 personas,AVENIDA,3 SUR,AVENIDA,125 PONIENTE,AVENIDA,CUAUHTEMOC,CALLE,HERMENEGILDO GALEANA,,SN,,,,,COLONIA,GUADALUPE HIDALGO,,,,72490,21,PUEBLA,114,Puebla,0001,Heroica Puebla de Zaragoza,1942,041,2222982086,,,Fijo,18.97740737,-98.23954541,2010-07,True,True,False,False,True,True,False,False,False,False,False,True,REVISAR,REVISAR,REVISAR,FILTRO_DENUE,REGLAS_DENUE,
8120060,21132812210001041000000000U2,TINTORERIA Y LAVANDERIA YAÑEZ,,812210,Lavanderías y tintorerías,0 a 5 personas,CARRETERA,CARRETERA A SAN SALVADOR EL VERDE,PRIVADA,NINGUNO,PRIVADA,NOCHE BUENA,OTRO(ESPECIFIQUE),ARROYO,537,,,,,,COLONIA,LA HUERTA,,,,74129,21,PUEBLA,132,San Martín Texmelucan,0001,San Martín Texmelucan de Labastida,0406,021,2481370900,,,Fijo,19.27585092,-98.44986208,2019-11,True,True,False,False,True,True,False,False,False,False,False,True,REVISAR,REVISAR,REVISAR,FILTRO_DENUE,REGLAS_DENUE,
10086318,21114812210021771000000000U8,TINTORERIA Y LAVANDERIA YOLIS,,812210,Lavanderías y tintorerías,0 a 5 personas,AVENIDA,68 PONIENTE,CALLE,15 NORTE,CALLE,13 NORTE,AVENIDA,70 PONIENTE,1302,A,,,,,COLONIA,20 DE NOVIEMBRE,,,,72230,21,PUEBLA,114,Puebla,0001,Heroica Puebla de Zaragoza,3417,016,2229243138,,,Fijo,19.07413224,-98.19209565,2024-11,True,True,False,False,True,True,False,False,False,False,False,True,REVISAR,REVISAR,REVISAR,FILTRO_DENUE,REGLAS_DENUE,
3369842,21114812210012111000000000U8,TINTORERIA Y PLANCHADURIA ESAU,,812210,Lavanderías y tintorerías,0 a 5 personas,AVENIDA,UNAM,PRIVADA,UNIVERSIDAD AUTONOMA DE NAYARIT,CALLE,UNIVERSIDAD AUTONOMA DE MICHOACAN,CALLE,UNIVERSIDAD DE CHAPINGO,6936,,,,,,COLONIA,UNIVERSIDADES,,,,72589,21,PUEBLA,114,Puebla,0001,Heroica Puebla de Zaragoza,5165,035,,,,Fijo,18.99597829,-98.20583364,2014-12,True,True,False,False,True,False,False,False,False,False,False,True,REVISAR,REVISAR,REVISAR,FILTRO_DENUE,REGLAS_DENUE,
3333840,21140812210000961000000000U5,TINTORERIA Y PLANCHADURIA J & J,,812210,Lavanderías y tintorerías,0 a 5 personas,CALLE,12 ORIENTE,CALLE,10 NORTE,CALLE,8 NORTE,CALLE,14 ORIENTE,809,,,,,,BARRIO,DE JESUS TLATEMPA,,,,72760,21,PUEBLA,140,San Pedro Cholula,0001,Cholula de Rivadavia,0501,002,2222470070,,,Fijo,19.06350193,-98.29748263,2014-12,True,True,False,False,True,False,False,False,False,False,False,True,REVISAR,REVISAR,REVISAR,FILTRO_DENUE,REGLAS_DENUE,
3522929,21114812210008161000000000U9,TINTORERIA Y PLANCHADURIA J&J MAXWIN,,812210,Lavanderías y tintorerías,0 a 5 personas,CALLE,11 SUR,CALLE,109 PONIENTE,PRIVADA,109 PONIENTE,CALLE,11 SUR,10909,,,,1,,COLONIA,SAN FRANCISCO MAYORAZGO,,,,72480,21,PUEBLA,114,Puebla,0001,Heroica Puebla de Zaragoza,6318,035,,,,Fijo,18.99494725,-98.24294889,2010-07,True,True,False,False,True,False,False,False,False,False,False,True,REVISAR,REVISAR,REVISAR,FILTRO_DENUE,REGLAS_DENUE,
11228464,21114812210022661000000000U0,TINTORERIA Y PLANCHADURIA LOS ANGELES 2,,812210,Lavanderías y tintorerías,0 a 5 personas,CALLE,ARTICULO 11,CALLE,CAMINO A BALCONES,CALLE,ARTICULO 1,CALLE,ARTICULO 11,,SN,,,,,COLONIA,CONSTITUCION MEXICANA,,,,72499,21,PUEBLA,114,Puebla,0001,Heroica Puebla de Zaragoza,4932,033,2223959867,,,Fijo,18.95934911,-98.23122316,2024-11,True,True,False,False,True,False,False,False,False,False,False,True,REVISAR,REVISAR,REVISAR,FILTRO_DENUE,REGLAS_DENUE,
3369140,21114812210009001000000000U6,TINTORERIA Y PLANCHADURIA MONSERRAT,,812210,Lavanderías y tintorerías,0 a 5 personas,CALLE,5 SUR,AVENIDA,101 PONIENTE,CALLE,103 PONIENTE,PRIVADA,DE LA 3 SUR,10000,,,,,,COLONIA,ARBOLEDAS DE LOMA BELLA,,,,72474,21,PUEBLA,114,Puebla,0001,Heroica Puebla de Zaragoza,467A,014,,,,Fijo,18.99418629,-98.22953193,2014-12,True,True,False,False,True,False,False,False,False,False,False,True,REVISAR,REVISAR,REVISAR,FILTRO_DENUE,REGLAS_DENUE,
3256268,21114812210001621000000000U9,TINTORERIA Y PLANCHADURIA PILI,,812210,Lavanderías y tintorerías,0 a 5 personas,CALLE,7 NORTE,AVENIDA,58 PONIENTE,AVENIDA,56 PONIENTE,BOULEVARD,HEROES DEL 5 DE MAYO,5607,C,,,,,COLONIA,GUADALUPE VICTORIA,,,,75040,21,PUEBLA,114,Puebla,0001,Heroica Puebla de Zaragoza,3525,004,2226756443,,,Fijo,19.06807593,-98.19079588,2010-07,True,True,False,False,True,False,False,False,False,False,False,True,REVISAR,REVISAR,REVISAR,FILTRO_DENUE,REGLAS_DENUE,
8801416,21114812210014701000000000U4,TINTORERIA Y PLANCHADURIA SIN NOMBRE,,812210,Lavanderías y tintorerías,0 a 5 personas,AVENIDA,PRINCIPAL,CALLE,AGUSTIN DE ITURBIDE,CALLE,GUADALUPE VICTORIA,CALLE,GUADALUPE VICTORIA,19,B,,,18,,COLONIA,MAYORAZGO,,,,72453,21,PUEBLA,114,Puebla,0001,Heroica Puebla de Zaragoza,0836,010,2226786026,FGUEVARA_M@HOTMAIL.COM,,Fijo,19.02100703,-98.22719453,2019-11,True,True,False,False,True,False,False,False,False,False,False,True,REVISAR,REVISAR,REVISAR,FILTRO_DENUE,REGLAS_DENUE,
3458648,21114812210007521000000000U5,TINTORERIA Y PLANCHADURIA YORK,,812210,Lavanderías y tintorerías,0 a 5 personas,CALLE,MARIANO MATAMOROS,CALLE,MIGUEL HIDALGO,CALLE,IGNACIO ALLENDE,PRIVADA,NICOLAS BRAVO,53,A,,,,,COLONIA,INSURGENTES ORIENTE,,,,72540,21,PUEBLA,114,Puebla,0001,Heroica Puebla de Zaragoza,3987,008,2222170568,,,Fijo,19.01289687,-98.18036682,2010-07,True,True,False,False,True,False,False,False,False,False,False,True,REVISAR,REVISAR,REVISAR,FILTRO_DENUE,REGLAS_DENUE,
7568026,21119811499000561010000000U7,TINTORERIA Y SASTRERIA DE ANGEL,,812210,Lavanderías y tintorerías,0 a 5 personas,CALLE,ARCANGELES,CALLE,NINGUNO,CALLE,ORION NORTE,CALLE,ARCANGELES,,SN,,,,,COLONIA,VILLA FLORESTA,,,,72825,21,PUEBLA,119,San Andrés Cholula,0013,San Bernardino Tlaxcalancingo,0423,014,2221552284,,,Fijo,19.02362088,-98.2614791,2019-11,True,True,False,False,True,False,False,False,False,False,False,True,REVISAR,REVISAR,REVISAR,FILTRO_DENUE,REGLAS_DENUE,
3513151,21114812210008482002000000U9,TINTORERIAS DURAN,,812210,Lavanderías y tintorerías,0 a 5 personas,PRIVADA,2 C SUR,CALLE,97 ORIENTE,CALLE,97 A ORIENTE,PRIVADA,2 B SUR,9717,,,,,,COLONIA,JARDINES DE BUGAMBILIAS,,,,72474,21,PUEBLA,114,Puebla,0001,Heroica Puebla de Zaragoza,5470,009,,TINTORERIADURAN@HOTMAIL.COM,,Fijo,18.99287212,-98.22211771,2010-07,True,False,False,False,False,False,False,False,False,False,False,True,REVISAR,REVISAR,REVISAR,FILTRO_DENUE,REGLAS_DENUE,
3436268,21114812210002391000000000U8,TINTORERIAS ESMERALDA,,812210,Lavanderías y tintorerías,0 a 5 personas,AVENIDA,PINOS,PRIVADA,NINGUNO,PRIVADA,NINGUNO,CALLE,NUESTRA SEÑORA DE LOS ANGELES,5720,,,,,,COLONIA,SANTA CRUZ BUENAVISTA,,,,72150,21,PUEBLA,114,Puebla,0001,Heroica Puebla de Zaragoza,392A,018,,,,Fijo,19.05425191,-98.24806276,2010-07,True,False,False,False,False,False,False,False,False,False,False,True,REVISAR,REVISAR,REVISAR,FILTRO_DENUE,REGLAS_DENUE,
3346060,21114812210011951000000000U8,TINTORERIAS EUROPEAS,,812210,Lavanderías y tintorerías,0 a 5 personas,AVENIDA,15 DE MAYO,CALLE,ENRIQUE VILLAR,BOULEVARD,ESTEBAN DE ANTUÑANO,CALLE,MARTIN TORRES,179,B,,,,,COLONIA,LA AHOGADA,,,,72130,21,PUEBLA,114,Puebla,0001,Heroica Puebla de Zaragoza,3347,023,2215696754,,,Fijo,19.08750932,-98.23757883,2014-12,True,False,False,False,False,False,False,False,False,False,False,True,REVISAR,REVISAR,REVISAR,FILTRO_DENUE,REGLAS_DENUE,
3439383,21114812210007921000000000U7,TINTORERIAS MAX,OPERADORA ZAYSE,812210,Lavanderías y tintorerías,0 a 5 personas,BOULEVARD,FORJADORES DE PUEBLA,CIRCUITO,CIRCUITO DE LAS AMERICAS,CALLE,JUAREZ,CALLE,CAMINO NACIONAL,1009,,,1,,,AMPLIACION,IGNACIO ROMERO VARGAS,CENTRO Y PLAZA COMERCIAL,CRUZ DEL SUR,B,72760,21,PUEBLA,114,Puebla,0001,Heroica Puebla de Zaragoza,346A,010,2222853971,MAX.SAYSE@GMAIL.COM,,Fijo,19.07315566,-98.25764789,2010-07,True,False,False,False,False,False,False,False,False,False,False,True,REVISAR,REVISAR,REVISAR,FILTRO_DENUE,REGLAS_DENUE,
8423566,21119812210001281000000000U1,TINTORERIAS SAUBER PRO,,812210,Lavanderías y tintorerías,0 a 5 personas,CALLE,ANTIGUO CAMINO REAL A CHOLULA,CERRADA,SAN ANDRES,CERRADA,SAN JOSE,OTRO(ESPECIFIQUE),BARDA,4219,,,17,,,COLONIA,SANTA CRUZ BUENA VISTA,PASAJE Y ANDADOR COMERCIAL,PLAZA COMERCIAL SIN NOMBRE,2,72810,21,PUEBLA,119,San Andrés Cholula,0013,San Bernardino Tlaxcalancingo,057A,031,,,,Fijo,19.04761523,-98.25782727,2019-11,True,False,False,False,False,False,False,False,False,False,False,True,REVISAR,REVISAR,REVISAR,FILTRO_DENUE,REGLAS_DENUE,
10853894,21114812210020631000000000U5,TINTORERIAS Y LAVANDERIA MEXICANA,,812210,Lavanderías y tintorerías,0 a 5 personas,AVENIDA,14 ORIENTE,CALLE,30 NORTE,CALLE,32 NORTE BIS,AVENIDA,HUMBOLDT,3002,,,,,,COLONIA,HUMBOLDT,,,,72370,21,PUEBLA,114,Puebla,0001,Heroica Puebla de Zaragoza,0520,004,,,,Fijo,19.04322763,-98.17436733,2024-11,True,True,False,False,False,True,False,False,False,False,False,True,REVISAR,REVISAR,REVISAR,FILTRO_DENUE,REGLAS_DENUE,
3265664,21132812210000271000000000U6,TINTORERIAS Y LAVANDERIAS CABRERA,,812210,Lavanderías y tintorerías,0 a 5 personas,CARRETERA,LIBERTAD SUR,CALLE,HIDALGO PONIENTE,CALLE,JOSE MARIA MORELOS PONIENTE,CALLE,IGNACIO ZARAGOZA SUR,104,,,,,,COLONIA,CENTRO,,,,74000,21,PUEBLA,132,San Martín Texmelucan,0001,San Martín Texmelucan de Labastida,0054,029,2481011174,,,Fijo,19.28232584,-98.43694894,2010-07,True,False,False,False,False,False,False,False,False,False,False,True,REVISAR,REVISAR,REVISAR,FILTRO_DENUE,REGLAS_DENUE,
3505872,21053812210000071000000000U8,TINTORERIAS Y LAVANDERIAS Q MAS QUE LAVADO,,812210,Lavanderías y tintorerías,0 a 5 personas,CALLE,CUARTA DE NIGROMANTE,CALLE,SEGUNDA CALLE DE ALDAMA,CALLE,SEGUNDA CALLE DE ARTEAGA,CALLE,TERCERA CALLE DE JUAN CRISOSTOMO BONILLA,,SN,,,,,COLONIA,CENTRO,,,,73300,21,PUEBLA,053,Chignahuapan,0001,Ciudad de Chignahuapan,0275,009,,,,Fijo,19.83660206,-98.02910675,2010-07,True,True,False,False,False,True,False,False,False,False,False,True,REVISAR,REVISAR,REVISAR,FILTRO_DENUE,REGLAS_DENUE,
10577120,21114812210019331000000000U5,TINTORERIAS Y LAVANDERIAS VIPS,,812210,Lavanderías y tintorerías,0 a 5 personas,BOULEVARD,MUNICIPIO LIBRE,CALLE,NINGUNO,OTRO(ESPECIFIQUE),RIO,CALLE,MONTE FUJI,1971,,PLAZA LA CIMA,1,,,FRACCIONAMIENTO,LA CIMA RESIDENCIAL,,,,72197,21,PUEBLA,114,Puebla,0001,Heroica Puebla de Zaragoza,6021,039,,,TINTORERIASYLAVANDERIASVIPS.COM,Fijo,19.01176295,-98.24607859,2024-11,True,False,False,False,False,False,False,False,False,False,False,True,REVISAR,REVISAR,REVISAR,FILTRO_DENUE,REGLAS_DENUE,
11073048,21119812210001971000000000U7,TINTORERIAS Y LAVANDERIAS VIPS,,812210,Lavanderías y tintorerías,0 a 5 personas,CALLE,NINGUNO,CALLE,NINGUNO,CALLE,NINGUNO,BOULEVARD,LOMAS NORTE,5832,,,1,,,LOCALIDAD,SAN BERNARDINO TLAXCALANCINGO,CENTRO Y PLAZA COMERCIAL,PLAZA CENTRO LOMAS,34,72820,21,PUEBLA,119,San Andrés Cholula,0013,San Bernardino Tlaxcalancingo,0508,025,2215779277,,,Fijo,19.00213122,-98.27114216,2024-11,True,False,False,False,False,False,False,False,False,False,False,True,REVISAR,REVISAR,REVISAR,FILTRO_DENUE,REGLAS_DENUE,
8825928,21114812210013921000000000U9,TINTORERIAS Y LAVANDERIAS VIPS,,812210,Lavanderías y tintorerías,0 a 5 personas,BOULEVARD,CIRCUNVALACION,CALLE,RIO GRIJALVA,CALLE,RIO SABINAS,AVENIDA,SAN IGNACIO,5949,A,,,,,FRACCIONAMIENTO,JARDINES DE SAN MANUEL,,,,72570,21,PUEBLA,114,Puebla,0001,Heroica Puebla de Zaragoza,0821,028,,,,Fijo,19.004598,-98.19483893,2019-11,True,False,False,False,False,False,False,False,False,False,False,True,REVISAR,REVISAR,REVISAR,FILTRO_DENUE,REGLAS_DENUE,
11766483,21114812210022771000000000U7,TINTORERIAS Y LAVANDERIAS VIPS,,812210,Lavanderías y tintorerías,0 a 5 personas,CALLE,AVENIDA 19 PONIENTE,AVENIDA,Rosendo Márquez,CALLE,45 Sur,PRIVADA,Privada de la 17 Poniente,4302,,,,,,COLONIA,BELISARIO DOMINGUEZ,,,,72180,21,PUEBLA,114,Puebla,0001,Heroica Puebla de Zaragoza,3652,032,2225563924,,,Fijo,19.05357563,-98.23396953,2025-04,True,False,False,False,False,False,False,False,False,False,False,True,REVISAR,REVISAR,REVISAR,FILTRO_DENUE,REGLAS_DENUE,
3420639,21114811499004471000000000U6,TINTORERIAS Y LAVANDERIAS VIPS,,812210,Lavanderías y tintorerías,0 a 5 personas,AVENIDA,SAN FRANCISCO,BOULEVARD,18 SUR,CALLE,RIO BALSAS,AVENIDA,SAN MANUEL,1440,,,,,,COLONIA,JARDINES DE SAN MANUEL,,,,72570,21,PUEBLA,114,Puebla,0001,Heroica Puebla de Zaragoza,0802,018,,,,Fijo,19.01147112,-98.20003688,2010-07,True,False,False,False,False,False,False,False,False,False,False,True,REVISAR,REVISAR,REVISAR,FILTRO_DENUE,REGLAS_DENUE,
8235288,21114812210016751000000000U7,TINTORERIAS Y LAVANDERIAS VIPS PAPAGAYO,,812210,Lavanderías y tintorerías,0 a 5 personas,AVENIDA,SAN FRANCISCO,CALLE,24 SUR,CALLE,RIO GRIJALVA,AVENIDA,SAN MANUEL,,SN,,,,,FRACCIONAMIENTO,JARDINES DE SAN MANUEL,,,,72570,21,PUEBLA,114,Puebla,0001,Heroica Puebla de Zaragoza,0821,005,2225563924,,,Fijo,19.00932098,-98.19396179,2019-11,True,False,False,False,False,False,False,False,False,False,False,True,REVISAR,REVISAR,REVISAR,FILTRO_DENUE,REGLAS_DENUE,
11306236,21140812210001761000000000U8,TINTORISSIMO,,812210,Lavanderías y tintorerías,0 a 5 personas,CALLE,PASO DE CORTES,PRIVADA,NINGUNO,PRIVADA,NINGUNO,PRIVADA,21 PONIENTE,2524,,,,,,BARRIO,SANTA MARIA XIXITLA,,,,72762,21,PUEBLA,140,San Pedro Cholula,0001,Cholula de Rivadavia,0431,055,,,,Fijo,19.05668565,-98.32444198,2024-11,True,False,False,False,False,False,False,False,False,False,False,True,REVISAR,REVISAR,REVISAR,FILTRO_DENUE,REGLAS_DENUE,
9862847,21140812210001901000000000U0,TINTORISSIMO,,812210,Lavanderías y tintorerías,0 a 5 personas,AVENIDA,MIGUEL ALEMAN VALDES,AVENIDA,23 ORIENTE,AVENIDA,21 ORIENTE,CALLE,2 SUR,,SN,,,,,BARRIO,SAN PABLO TECAMAC,,,,72750,21,PUEBLA,140,San Pedro Cholula,0001,Cholula de Rivadavia,0412,006,,,,Fijo,19.05227998,-98.31180457,2024-11,True,False,False,False,False,False,False,False,False,False,False,True,REVISAR,REVISAR,REVISAR,FILTRO_DENUE,REGLAS_DENUE,
3358766,21114812210011122001000000U6,TINTOSOL,,812210,Lavanderías y tintorerías,0 a 5 personas,CALLE,MIXTECA,CALLE,NINGUNO,CALLE,NINGUNO,CALLE,LATERAL DE LA RECTA,4212,,,1,,,COLONIA,SANTIAGO MOMOXPAN,CENTRO Y PLAZA COMERCIAL,SERVI PLAZA MOMOXPAN,4,72760,21,PUEBLA,114,Puebla,0001,Heroica Puebla de Zaragoza,3050,053,2229460160,TINTOSOL@YAHOO.COM,,Fijo,19.05818865,-98.2673701,2014-12,True,False,False,False,False,False,False,False,False,False,False,True,REVISAR,REVISAR,REVISAR,FILTRO_DENUE,REGLAS_DENUE,
8151434,21114812210015021000000000U6,TINTOSOL LAVANDERIA,,812210,Lavanderías y tintorerías,0 a 5 personas,CALLE,16 DE SEPTIEMBRE,CALLE,16 DE SEPTIEMBRE,CALLE,VIOLETAS,AVENIDA,BUGAMBILIAS,5902,,EDIFICIO SIN NOMBRE,1,,,COLONIA,BUGAMBILIAS,CENTRO Y PLAZA COMERCIAL,SIN NOMBRE,SN,72580,21,PUEBLA,114,Puebla,0001,Heroica Puebla de Zaragoza,1425,001,,,,Fijo,19.01694722,-98.21405578,2019-11,True,True,False,False,False,True,False,False,False,False,False,True,REVISAR,REVISAR,REVISAR,FILTRO_DENUE,REGLAS_DENUE,
3358788,21114812210011842002000000U9,TINTOTERIA MAX,,812210,Lavanderías y tintorerías,6 a 10 personas,CALLE,ANTIGUO CAMINO REAL A CHOLULA,CALLE,CAMINO REAL DE LOS CIPRESES,CERRADA,CERRADA DE MORILLOTLA,PRIVADA,NINGUNO,2202,,,1,,,COLONIA,MOMOXPAN,CENTRO Y PLAZA COMERCIAL,PLAZA UNIVERSIDAD,7,72761,21,PUEBLA,114,Puebla,0001,Heroica Puebla de Zaragoza,3050,001,,,WWW.TINTORERIASMAX.COM,Fijo,19.05115699,-98.27730914,2014-12,True,False,False,False,False,False,False,False,False,False,False,True,REVISAR,REVISAR,REVISAR,FILTRO_DENUE,REGLAS_DENUE,
10340864,21074812210000731000000000U3,TINTOWASH,,812210,Lavanderías y tintorerías,0 a 5 personas,AVENIDA,GUADALUPE VICTORIA,CALLE,AYALA,CALLE,REFORMA,AVENIDA,PORFIRIO DIAZ,377,,,,,,BARRIO,TERCER,,,,74160,21,PUEBLA,074,Huejotzingo,0001,Huejotzingo,0044,004,,,,Fijo,19.16123838,-98.40864821,2024-11,True,False,False,False,False,False,False,False,False,False,False,True,REVISAR,REVISAR,REVISAR,FILTRO_DENUE,REGLAS_DENUE,
9522648,21074812210000591000000000U1,TINTOWASH,,812210,Lavanderías y tintorerías,0 a 5 personas,AVENIDA,MIGUEL JERONIMO MARTINEZ,CALLE,CORREGIDORA,CALLE,HERMENEGILDO GALEANA,AVENIDA,5 DE MAYO,1103,,,,,,BARRIO,CUARTO BARRIO,,,,74160,21,PUEBLA,074,Huejotzingo,0001,Huejotzingo,010A,004,2224637100,,,Fijo,19.16599298,-98.40553468,2024-11,True,False,False,False,False,False,False,False,False,False,False,True,REVISAR,REVISAR,REVISAR,FILTRO_DENUE,REGLAS_DENUE,
3265019,21114812210003341000000000U2,TISSU,,812210,Lavanderías y tintorerías,0 a 5 personas,CALLE,9 PONIENTE,CALLE,19 SUR,CALLE,17 SUR,AVENIDA,JUAREZ,1710,A,,,,,COLONIA,ZONA ESMERALDA,,,,72090,21,PUEBLA,114,Puebla,0001,Heroica Puebla de Zaragoza,0499,001,,,,Fijo,19.04796296,-98.21315725,2010-07,True,False,False,False,False,False,False,False,False,False,False,True,REVISAR,REVISAR,REVISAR,FILTRO_DENUE,REGLAS_DENUE,
11202038,21132812210001421000000000U6,TRAPITOS AL SOL,,812210,Lavanderías y tintorerías,0 a 5 personas,CALLE,PARICUTIN SUR,CALLE,RAFAEL AVILA CAMACHO,CALLE,AJUSCO,CALLE,PICO DE ORIZABA SUR,50,,,,,,COLONIA,LINDA VISTA,,,,74070,21,PUEBLA,132,San Martín Texmelucan,0001,San Martín Texmelucan de Labastida,004A,001,,,,Fijo,19.28497891,-98.44301781,2024-11,True,False,False,False,False,False,False,False,False,False,False,True,REVISAR,REVISAR,REVISAR,FILTRO_DENUE,REGLAS_DENUE,
3345418,21114812210010091000000000U4,ULTRA 2 0 0 0 LAVANDERIA Y TINTORERIA,,812210,Lavanderías y tintorerías,0 a 5 personas,PROLONGACION,PROLONGACION DE LA 54 NORTE,CALLE,50 NORTE,CALLE,20 ORIENTE,AVENIDA,ACUEDUCTO,199,A,,,,,COLONIA,OBRERA CAMPESINA,,,,72250,21,PUEBLA,114,Puebla,0001,Heroica Puebla de Zaragoza,2264,003,,,,Fijo,19.0573743,-98.16498212,2014-12,True,True,False,False,True,True,False,False,False,False,False,True,REVISAR,REVISAR,REVISAR,FILTRO_DENUE,REGLAS_DENUE,
10688850,21114812210021511000000000U8,ULTRA WASH,,812210,Lavanderías y tintorerías,0 a 5 personas,BOULEVARD,VICENTE GUERRERO,CALLE,NARCISO MENDOZA,BOULEVARD,BOULEVARD DEL SOL,CALLE,JOSEFA ORTIZ DE DOMINGUEZ,140,,,,,,FRACCION,VALLE DEL SOL,,,,72565,21,PUEBLA,114,Puebla,0001,Heroica Puebla de Zaragoza,3972,008,,,,Fijo,19.01382179,-98.18511047,2024-11,True,False,False,False,False,False,False,False,False,False,False,True,REVISAR,REVISAR,REVISAR,FILTRO_DENUE,REGLAS_DENUE,
10532724,21114812210021951000000000U6,UN CUARTO DE LAVADO,DAFNE ORTIZ,812210,Lavanderías y tintorerías,0 a 5 personas,CIRCUITO,JUAN PABLO II,AVENIDA,AQUILES SERDAN,CALLE,INDEPENDENCIA,PRIVADA,BENITO JUAREZ,5318,,,,,,COLONIA,SAN BALTAZAR CAMPECHE,,,,72550,21,PUEBLA,114,Puebla,0001,Heroica Puebla de Zaragoza,0751,007,,,,Fijo,19.02013748,-98.20686318,2024-11,True,True,False,False,False,True,False,False,False,False,False,True,REVISAR,REVISAR,REVISAR,FILTRO_DENUE,REGLAS_DENUE,
3345579,21114812210009811000000000U8,USOS DE LAVANDERIA Y TINTORERIA,,812210,Lavanderías y tintorerías,0 a 5 personas,CALLE,CALLE DE LOS PINOS,PRIVADA,NINGUNO,PRIVADA,NINGUNO,OTRO(ESPECIFIQUE),ARROYO,6,,,,,,COLONIA,IGNACIO ROMERO VARGAS,,,,72120,21,PUEBLA,114,Puebla,0001,Heroica Puebla de Zaragoza,4792,032,,,,Fijo,19.07570608,-98.24097958,2014-12,True,True,False,False,True,True,False,False,False,False,False,True,REVISAR,REVISAR,REVISAR,FILTRO_DENUE,REGLAS_DENUE,
11241547,21132812210001281000000000U4,VELOS CLEA,,812210,Lavanderías y tintorerías,0 a 5 personas,CALLE,SEGUNDA DE REFORMA,CALLE,VENUSTIANO CARRANZA,CALLE,EMILIANO ZAPATA,CALLE,CAMINO REAL SUR,9,,,,,,COLONIA,SAN BALTAZAR TEMAXCALAC,,,,74126,21,PUEBLA,132,San Martín Texmelucan,0015,Santa María Moyotzingo,0497,009,,,,Fijo,19.2608739,-98.40659765,2024-11,True,False,False,False,False,False,False,False,False,False,False,True,REVISAR,REVISAR,REVISAR,FILTRO_DENUE,REGLAS_DENUE,
10534846,21140812210001731000000000U1,WASH POWER,,812210,Lavanderías y tintorerías,0 a 5 personas,CALLE,CAMINO DE LA HACIENDA,OTRO(ESPECIFIQUE),BARDA,PRIVADA,PRIVADA DE LAS ARBOLEDAS,OTRO(ESPECIFIQUE),BARDA,,SN,,,,,ZONA NAVAL,SAN PEDRO CHOLULA,,,,72773,21,PUEBLA,140,San Pedro Cholula,0001,Cholula de Rivadavia,0319,161,2215757804,,,Fijo,19.07558781,-98.28006198,2024-11,True,False,False,False,False,False,False,False,False,False,False,True,REVISAR,REVISAR,REVISAR,FILTRO_DENUE,REGLAS_DENUE,
3361270,21114812210012931000000000U9,WASH YOUR NAME LAVANDERIA,,812210,Lavanderías y tintorerías,0 a 5 personas,CALLE,PRIVADA 29 C SUR,AVENIDA,31 PONIENTE,AVENIDA,33 PONIENTE,AVENIDA,31 PONIENTE,3104,B,,,,,FRACCIONAMIENTO,EL VERGEL,,,,72400,21,PUEBLA,114,Puebla,0001,Heroica Puebla de Zaragoza,2480,012,2221649480,WASHYOURNAME1@GMAIL.COM,,Fijo,19.04372359,-98.2277579,2014-12,True,True,False,False,False,True,False,False,False,False,False,True,REVISAR,REVISAR,REVISAR,FILTRO_DENUE,REGLAS_DENUE,
11025183,21114812210020451000000000U8,YO LAVO,,812210,Lavanderías y tintorerías,0 a 5 personas,CALLE,AVENIDA 8 PONIENTE,CALLE,10 PONIENTE,CALLE,21 NORTE,CALLE,10 PONIENTE,2126,,,,,,COLONIA,JESUS GARCIA,,,,72090,21,PUEBLA,114,Puebla,0001,Heroica Puebla de Zaragoza,0380,024,2225367976,,,Fijo,19.05568649,-98.2126958,2024-11,True,False,False,False,False,False,False,False,False,False,False,True,REVISAR,REVISAR,REVISAR,FILTRO_DENUE,REGLAS_DENUE,
10320492,21119812210002411000000000U3,YUMIKOS,YUMIKOS,812210,Lavanderías y tintorerías,0 a 5 personas,BOULEVARD,EUROPA,PRIVADA,NINGUNO,CALLE,NINGUNO,PRIVADA,NINGUNO,103,,,1,,,LOCALIDAD,SAN BERNARDINO TLAXCALANCINGO,CENTRO Y PLAZA COMERCIAL,PRAGA,5,72830,21,PUEBLA,119,San Andrés Cholula,0013,San Bernardino Tlaxcalancingo,0508,030,,,,Fijo,18.99948253,-98.27450069,2024-11,True,False,False,False,False,False,False,False,False,False,False,True,REVISAR,REVISAR,REVISAR,FILTRO_DENUE,REGLAS_DENUE,
10149564,21132812210001531000000000U2,ZAM LAVANDERIA,,812210,Lavanderías y tintorerías,0 a 5 personas,CALLE,MARIANO MATAMOROS,PRIVADA,NINGUNO,CALLE,FERROCARRIL,CALLE,FERROCARRIL,,SN,,,,,COLONIA,LA JOYA,,,,74120,21,PUEBLA,132,San Martín Texmelucan,0001,San Martín Texmelucan de Labastida,0533,027,2484884533,,,Fijo,19.29608196,-98.44522649,2024-11,True,True,False,False,False,True,False,False,False,False,False,True,REVISAR,REVISAR,REVISAR,FILTRO_DENUE,REGLAS_DENUE,
