d_llave,cluster_principal,estabilidad_membresia_entre_especificaciones,clase_estabilidad_membresia
3250553,20,1.0,NUCLEO_ROBUSTO
3250574,20,1.0,NUCLEO_ROBUSTO
3250768,-1,0.8,NUCLEO_ROBUSTO
3250995,20,1.0,NUCLEO_ROBUSTO
3251087,20,1.0,NUCLEO_ROBUSTO
3251320,20,1.0,NUCLEO_ROBUSTO
3251774,20,1.0,NUCLEO_ROBUSTO
3251796,20,1.0,NUCLEO_ROBUSTO
3251845,20,1.0,NUCLEO_ROBUSTO
3251848,20,1.0,NUCLEO_ROBUSTO
3252980,20,1.0,NUCLEO_ROBUSTO
3252981,20,1.0,NUCLEO_ROBUSTO
3253362,20,1.0,NUCLEO_ROBUSTO
3253414,20,1.0,NUCLEO_ROBUSTO
3253438,20,1.0,NUCLEO_ROBUSTO
3254020,20,1.0,NUCLEO_ROBUSTO
3254048,20,1.0,NUCLEO_ROBUSTO
3254094,20,1.0,NUCLEO_ROBUSTO
3254118,20,1.0,NUCLEO_ROBUSTO
3254157,20,1.0,NUCLEO_ROBUSTO
3254160,20,1.0,NUCLEO_ROBUSTO
3254162,20,1.0,NUCLEO_ROBUSTO
3254383,20,1.0,NUCLEO_ROBUSTO
3254572,20,1.0,NUCLEO_ROBUSTO
3254714,20,1.0,NUCLEO_ROBUSTO
3254746,20,1.0,NUCLEO_ROBUSTO
3254892,20,1.0,NUCLEO_ROBUSTO
3254935,20,1.0,NUCLEO_ROBUSTO
3255116,20,1.0,NUCLEO_ROBUSTO
3255129,20,1.0,NUCLEO_ROBUSTO
3255134,20,1.0,NUCLEO_ROBUSTO
3255236,20,1.0,NUCLEO_ROBUSTO
3255766,20,1.0,NUCLEO_ROBUSTO
3255870,20,1.0,NUCLEO_ROBUSTO
3255886,20,1.0,NUCLEO_ROBUSTO
3255960,20,1.0,NUCLEO_ROBUSTO
3256081,20,1.0,NUCLEO_ROBUSTO
3256185,20,1.0,NUCLEO_ROBUSTO
3256188,20,1.0,NUCLEO_ROBUSTO
3256219,20,1.0,NUCLEO_ROBUSTO
3256237,20,1.0,NUCLEO_ROBUSTO
3256268,20,1.0,NUCLEO_ROBUSTO
3256393,20,1.0,NUCLEO_ROBUSTO
3256466,20,1.0,NUCLEO_ROBUSTO
3256669,20,1.0,NUCLEO_ROBUSTO
3256677,20,1.0,NUCLEO_ROBUSTO
3256786,20,1.0,NUCLEO_ROBUSTO
3256789,20,1.0,NUCLEO_ROBUSTO
3256905,20,1.0,NUCLEO_ROBUSTO
3257219,20,1.0,NUCLEO_ROBUSTO
3257309,20,1.0,NUCLEO_ROBUSTO
3257362,20,1.0,NUCLEO_ROBUSTO
3257496,20,1.0,NUCLEO_ROBUSTO
3257610,20,1.0,NUCLEO_ROBUSTO
3257623,20,1.0,NUCLEO_ROBUSTO
3257685,20,1.0,NUCLEO_ROBUSTO
3257908,20,1.0,NUCLEO_ROBUSTO
3258224,20,1.0,NUCLEO_ROBUSTO
3258302,20,1.0,NUCLEO_ROBUSTO
3258305,20,1.0,NUCLEO_ROBUSTO
3258497,20,1.0,NUCLEO_ROBUSTO
3259558,20,1.0,NUCLEO_ROBUSTO
3259739,-1,0.8,NUCLEO_ROBUSTO
3259740,-1,0.8,NUCLEO_ROBUSTO
3259784,-1,0.8,NUCLEO_ROBUSTO
3259840,20,1.0,NUCLEO_ROBUSTO
3259871,20,1.0,NUCLEO_ROBUSTO
3259924,20,1.0,NUCLEO_ROBUSTO
3259931,20,1.0,NUCLEO_ROBUSTO
3259991,-1,0.8,NUCLEO_ROBUSTO
3260147,15,1.0,NUCLEO_ROBUSTO
3260321,-1,0.8,NUCLEO_ROBUSTO
3260746,15,1.0,NUCLEO_ROBUSTO
3260913,20,1.0,NUCLEO_ROBUSTO
3261096,20,1.0,NUCLEO_ROBUSTO
3261102,20,1.0,NUCLEO_ROBUSTO
3261128,-1,0.4,SENSIBLE
3261466,20,1.0,NUCLEO_ROBUSTO
3261797,20,1.0,NUCLEO_ROBUSTO
3262580,18,1.0,NUCLEO_ROBUSTO
3262847,18,1.0,NUCLEO_ROBUSTO
3262975,15,1.0,NUCLEO_ROBUSTO
3263076,15,1.0,NUCLEO_ROBUSTO
3263107,15,1.0,NUCLEO_ROBUSTO
3263381,15,1.0,NUCLEO_ROBUSTO
3263505,15,1.0,NUCLEO_ROBUSTO
3263950,20,1.0,NUCLEO_ROBUSTO
3264028,15,1.0,NUCLEO_ROBUSTO
3264041,15,1.0,NUCLEO_ROBUSTO
3264223,15,1.0,NUCLEO_ROBUSTO
3264233,15,1.0,NUCLEO_ROBUSTO
3264275,20,1.0,NUCLEO_ROBUSTO
3264307,20,1.0,NUCLEO_ROBUSTO
3264327,20,1.0,NUCLEO_ROBUSTO
3264328,20,1.0,NUCLEO_ROBUSTO
3264344,20,1.0,NUCLEO_ROBUSTO
3264877,20,1.0,NUCLEO_ROBUSTO
3264898,20,1.0,NUCLEO_ROBUSTO
3264971,20,1.0,NUCLEO_ROBUSTO
3265019,20,1.0,NUCLEO_ROBUSTO
3265576,20,1.0,NUCLEO_ROBUSTO
3265578,20,1.0,NUCLEO_ROBUSTO
3265607,15,1.0,NUCLEO_ROBUSTO
3265664,15,1.0,NUCLEO_ROBUSTO
3266081,15,1.0,NUCLEO_ROBUSTO
3267098,15,1.0,NUCLEO_ROBUSTO
3267105,15,1.0,NUCLEO_ROBUSTO
3267977,-1,0.8,NUCLEO_ROBUSTO
3268584,20,1.0,NUCLEO_ROBUSTO
3268785,15,1.0,NUCLEO_ROBUSTO
3268936,15,1.0,NUCLEO_ROBUSTO
3268954,-1,0.8,NUCLEO_ROBUSTO
3269197,3,0.4,SENSIBLE
3269263,3,0.4,SENSIBLE
3269310,3,0.4,SENSIBLE
3269724,17,1.0,NUCLEO_ROBUSTO
3269804,17,1.0,NUCLEO_ROBUSTO
3270522,20,1.0,NUCLEO_ROBUSTO
3270848,20,1.0,NUCLEO_ROBUSTO
3271177,3,0.4,SENSIBLE
3271312,20,1.0,NUCLEO_ROBUSTO
3271655,20,1.0,NUCLEO_ROBUSTO
3271687,-1,0.8,NUCLEO_ROBUSTO
3271819,20,1.0,NUCLEO_ROBUSTO
3271820,20,1.0,NUCLEO_ROBUSTO
3273655,-1,0.4,SENSIBLE
3273656,16,1.0,NUCLEO_ROBUSTO
3273661,16,1.0,NUCLEO_ROBUSTO
3273663,-1,0.4,SENSIBLE
3273665,16,1.0,NUCLEO_ROBUSTO
3273666,16,1.0,NUCLEO_ROBUSTO
3273808,16,1.0,NUCLEO_ROBUSTO
3273813,16,1.0,NUCLEO_ROBUSTO
3273825,-1,0.4,SENSIBLE
3273826,16,1.0,NUCLEO_ROBUSTO
3273850,16,1.0,NUCLEO_ROBUSTO
3273866,16,1.0,NUCLEO_ROBUSTO
3274185,20,1.0,NUCLEO_ROBUSTO
3274186,20,1.0,NUCLEO_ROBUSTO
3274187,20,1.0,NUCLEO_ROBUSTO
3274188,20,1.0,NUCLEO_ROBUSTO
3274189,20,1.0,NUCLEO_ROBUSTO
3274641,16,1.0,NUCLEO_ROBUSTO
3274711,-1,0.4,SENSIBLE
3274715,-1,0.4,SENSIBLE
3274819,16,0.8,NUCLEO_ROBUSTO
3274822,-1,0.4,SENSIBLE
3274840,-1,0.4,SENSIBLE
3275269,20,1.0,NUCLEO_ROBUSTO
3275404,20,1.0,NUCLEO_ROBUSTO
3275670,20,1.0,NUCLEO_ROBUSTO
3275671,20,1.0,NUCLEO_ROBUSTO
3275708,20,1.0,NUCLEO_ROBUSTO
3275936,-1,0.4,SENSIBLE
3276013,-1,0.6,ESTABLE
3276061,20,1.0,NUCLEO_ROBUSTO
3276487,20,1.0,NUCLEO_ROBUSTO
3276515,20,1.0,NUCLEO_ROBUSTO
3276668,6,0.8,NUCLEO_ROBUSTO
3276831,20,1.0,NUCLEO_ROBUSTO
3276923,20,1.0,NUCLEO_ROBUSTO
3277034,20,1.0,NUCLEO_ROBUSTO
3277045,20,1.0,NUCLEO_ROBUSTO
3277144,20,1.0,NUCLEO_ROBUSTO
3277263,20,1.0,NUCLEO_ROBUSTO
3277284,20,1.0,NUCLEO_ROBUSTO
3277288,20,1.0,NUCLEO_ROBUSTO
3277351,20,1.0,NUCLEO_ROBUSTO
3277507,-1,1.0,NUCLEO_ROBUSTO
3277718,-1,1.0,NUCLEO_ROBUSTO
3277856,20,1.0,NUCLEO_ROBUSTO
3277963,-1,0.8,NUCLEO_ROBUSTO
3278138,3,0.4,SENSIBLE
3279016,20,1.0,NUCLEO_ROBUSTO
3279045,20,1.0,NUCLEO_ROBUSTO
3279150,20,1.0,NUCLEO_ROBUSTO
3279502,20,1.0,NUCLEO_ROBUSTO
3279515,20,1.0,NUCLEO_ROBUSTO
3279682,10,1.0,NUCLEO_ROBUSTO
3279684,10,1.0,NUCLEO_ROBUSTO
3297354,1,0.8,NUCLEO_ROBUSTO
3298357,1,1.0,NUCLEO_ROBUSTO
3311147,3,0.4,SENSIBLE
3312151,-1,0.8,NUCLEO_ROBUSTO
3312833,18,1.0,NUCLEO_ROBUSTO
3312882,18,1.0,NUCLEO_ROBUSTO
3313524,21,1.0,NUCLEO_ROBUSTO
3314218,20,1.0,NUCLEO_ROBUSTO
3314267,20,1.0,NUCLEO_ROBUSTO
3314471,20,1.0,NUCLEO_ROBUSTO
3318438,0,1.0,NUCLEO_ROBUSTO
3318439,0,1.0,NUCLEO_ROBUSTO
3318441,0,1.0,NUCLEO_ROBUSTO
3318442,0,1.0,NUCLEO_ROBUSTO
3318443,0,1.0,NUCLEO_ROBUSTO
3318444,0,1.0,NUCLEO_ROBUSTO
3318445,0,1.0,NUCLEO_ROBUSTO
3318446,0,1.0,NUCLEO_ROBUSTO
3318447,0,1.0,NUCLEO_ROBUSTO
3318448,0,1.0,NUCLEO_ROBUSTO
3318449,0,1.0,NUCLEO_ROBUSTO
3318450,0,1.0,NUCLEO_ROBUSTO
3318458,0,1.0,NUCLEO_ROBUSTO
3318459,0,1.0,NUCLEO_ROBUSTO
3318460,0,1.0,NUCLEO_ROBUSTO
3318461,0,1.0,NUCLEO_ROBUSTO
3318471,0,1.0,NUCLEO_ROBUSTO
3318474,0,1.0,NUCLEO_ROBUSTO
3318476,0,1.0,NUCLEO_ROBUSTO
3318477,0,1.0,NUCLEO_ROBUSTO
3318478,0,1.0,NUCLEO_ROBUSTO
3318479,0,1.0,NUCLEO_ROBUSTO
3318482,0,1.0,NUCLEO_ROBUSTO
3318485,0,1.0,NUCLEO_ROBUSTO
3318486,0,1.0,NUCLEO_ROBUSTO
3318487,0,1.0,NUCLEO_ROBUSTO
3318490,0,1.0,NUCLEO_ROBUSTO
3318491,0,1.0,NUCLEO_ROBUSTO
3318492,0,1.0,NUCLEO_ROBUSTO
3318493,0,1.0,NUCLEO_ROBUSTO
3318494,0,1.0,NUCLEO_ROBUSTO
3318495,0,1.0,NUCLEO_ROBUSTO
3318497,0,1.0,NUCLEO_ROBUSTO
3318498,0,1.0,NUCLEO_ROBUSTO
3318499,0,1.0,NUCLEO_ROBUSTO
3318501,0,1.0,NUCLEO_ROBUSTO
3318502,0,1.0,NUCLEO_ROBUSTO
3318506,0,1.0,NUCLEO_ROBUSTO
3318952,12,1.0,NUCLEO_ROBUSTO
3319007,12,1.0,NUCLEO_ROBUSTO
3319059,12,1.0,NUCLEO_ROBUSTO
3319060,12,1.0,NUCLEO_ROBUSTO
3319078,12,1.0,NUCLEO_ROBUSTO
3319088,12,1.0,NUCLEO_ROBUSTO
3319101,12,1.0,NUCLEO_ROBUSTO
3319146,12,1.0,NUCLEO_ROBUSTO
3319167,5,1.0,NUCLEO_ROBUSTO
3319275,-1,1.0,NUCLEO_ROBUSTO
3319666,13,1.0,NUCLEO_ROBUSTO
3319671,13,1.0,NUCLEO_ROBUSTO
3319672,13,1.0,NUCLEO_ROBUSTO
3319745,13,1.0,NUCLEO_ROBUSTO
3319754,13,1.0,NUCLEO_ROBUSTO
3319777,13,1.0,NUCLEO_ROBUSTO
3319880,12,1.0,NUCLEO_ROBUSTO
3319881,12,1.0,NUCLEO_ROBUSTO
3319907,12,1.0,NUCLEO_ROBUSTO
3319928,12,1.0,NUCLEO_ROBUSTO
3319929,12,1.0,NUCLEO_ROBUSTO
3319985,12,1.0,NUCLEO_ROBUSTO
3319987,12,1.0,NUCLEO_ROBUSTO
3319989,12,1.0,NUCLEO_ROBUSTO
3320002,12,1.0,NUCLEO_ROBUSTO
3320006,12,1.0,NUCLEO_ROBUSTO
3320018,12,1.0,NUCLEO_ROBUSTO
3320022,12,1.0,NUCLEO_ROBUSTO
3320059,12,1.0,NUCLEO_ROBUSTO
3320062,12,1.0,NUCLEO_ROBUSTO
3320067,12,1.0,NUCLEO_ROBUSTO
3320071,12,1.0,NUCLEO_ROBUSTO
3320076,12,1.0,NUCLEO_ROBUSTO
3320104,12,1.0,NUCLEO_ROBUSTO
3320143,12,1.0,NUCLEO_ROBUSTO
3320157,12,1.0,NUCLEO_ROBUSTO
3320158,12,1.0,NUCLEO_ROBUSTO
3320174,-1,0.4,SENSIBLE
3320182,-1,0.4,SENSIBLE
3320219,13,1.0,NUCLEO_ROBUSTO
3320253,13,1.0,NUCLEO_ROBUSTO
3320332,13,1.0,NUCLEO_ROBUSTO
3320408,-1,0.8,NUCLEO_ROBUSTO
3320423,13,1.0,NUCLEO_ROBUSTO
3320433,13,1.0,NUCLEO_ROBUSTO
3320434,13,1.0,NUCLEO_ROBUSTO
3320435,13,1.0,NUCLEO_ROBUSTO
3320438,13,1.0,NUCLEO_ROBUSTO
3320460,13,1.0,NUCLEO_ROBUSTO
3320469,13,1.0,NUCLEO_ROBUSTO
3320507,13,1.0,NUCLEO_ROBUSTO
3320539,13,1.0,NUCLEO_ROBUSTO
3320579,13,1.0,NUCLEO_ROBUSTO
3320588,10,1.0,NUCLEO_ROBUSTO
3320594,10,1.0,NUCLEO_ROBUSTO
3320595,10,1.0,NUCLEO_ROBUSTO
3320599,10,1.0,NUCLEO_ROBUSTO
3320604,10,1.0,NUCLEO_ROBUSTO
3320606,10,1.0,NUCLEO_ROBUSTO
3320618,10,1.0,NUCLEO_ROBUSTO
3320623,10,1.0,NUCLEO_ROBUSTO
3320628,10,1.0,NUCLEO_ROBUSTO
3320639,10,1.0,NUCLEO_ROBUSTO
3320658,10,1.0,NUCLEO_ROBUSTO
3320659,10,1.0,NUCLEO_ROBUSTO
3320691,-1,0.8,NUCLEO_ROBUSTO
3320697,9,1.0,NUCLEO_ROBUSTO
3320721,10,1.0,NUCLEO_ROBUSTO
3320723,9,1.0,NUCLEO_ROBUSTO
3320727,10,1.0,NUCLEO_ROBUSTO
3320729,10,1.0,NUCLEO_ROBUSTO
3320730,10,1.0,NUCLEO_ROBUSTO
3320780,9,1.0,NUCLEO_ROBUSTO
3320781,9,1.0,NUCLEO_ROBUSTO
3320823,9,1.0,NUCLEO_ROBUSTO
3320843,9,1.0,NUCLEO_ROBUSTO
3320863,10,1.0,NUCLEO_ROBUSTO
3320866,10,0.6,ESTABLE
3320874,10,1.0,NUCLEO_ROBUSTO
3320875,10,1.0,NUCLEO_ROBUSTO
3320883,10,1.0,NUCLEO_ROBUSTO
3320887,10,1.0,NUCLEO_ROBUSTO
3320919,10,1.0,NUCLEO_ROBUSTO
3320927,-1,1.0,NUCLEO_ROBUSTO
3320929,10,1.0,NUCLEO_ROBUSTO
3320932,10,1.0,NUCLEO_ROBUSTO
3320933,10,1.0,NUCLEO_ROBUSTO
3321161,-1,1.0,NUCLEO_ROBUSTO
3321552,-1,1.0,NUCLEO_ROBUSTO
3321619,-1,1.0,NUCLEO_ROBUSTO
3321712,-1,0.4,SENSIBLE
3321720,-1,0.4,SENSIBLE
3321778,13,1.0,NUCLEO_ROBUSTO
3321785,13,1.0,NUCLEO_ROBUSTO
3321828,13,1.0,NUCLEO_ROBUSTO
3321859,13,1.0,NUCLEO_ROBUSTO
3321865,13,1.0,NUCLEO_ROBUSTO
3321879,-1,0.4,SENSIBLE
3321908,-1,0.4,SENSIBLE
3321986,16,1.0,NUCLEO_ROBUSTO
3322036,-1,0.4,SENSIBLE
3322039,16,1.0,NUCLEO_ROBUSTO
3322152,16,1.0,NUCLEO_ROBUSTO
3322165,-1,0.8,NUCLEO_ROBUSTO
3322181,16,1.0,NUCLEO_ROBUSTO
3323018,15,1.0,NUCLEO_ROBUSTO
3323201,15,1.0,NUCLEO_ROBUSTO
3323708,15,1.0,NUCLEO_ROBUSTO
3323717,15,1.0,NUCLEO_ROBUSTO
3323737,-1,0.8,NUCLEO_ROBUSTO
3324123,15,1.0,NUCLEO_ROBUSTO
3324317,17,1.0,NUCLEO_ROBUSTO
3324344,17,1.0,NUCLEO_ROBUSTO
3324414,17,1.0,NUCLEO_ROBUSTO
3324548,17,1.0,NUCLEO_ROBUSTO
3324661,15,1.0,NUCLEO_ROBUSTO
3324789,-1,0.8,NUCLEO_ROBUSTO
3324831,15,1.0,NUCLEO_ROBUSTO
3325106,-1,0.8,NUCLEO_ROBUSTO
3325286,15,1.0,NUCLEO_ROBUSTO
3325385,15,1.0,NUCLEO_ROBUSTO
3325711,4,0.6,ESTABLE
3325807,7,1.0,NUCLEO_ROBUSTO
3325813,7,1.0,NUCLEO_ROBUSTO
3325844,7,1.0,NUCLEO_ROBUSTO
3325963,7,1.0,NUCLEO_ROBUSTO
3326066,8,1.0,NUCLEO_ROBUSTO
3326075,8,1.0,NUCLEO_ROBUSTO
3326083,8,1.0,NUCLEO_ROBUSTO
3326123,8,1.0,NUCLEO_ROBUSTO
3326130,8,1.0,NUCLEO_ROBUSTO
3326133,8,1.0,NUCLEO_ROBUSTO
3326137,8,1.0,NUCLEO_ROBUSTO
3326144,8,1.0,NUCLEO_ROBUSTO
3326283,8,1.0,NUCLEO_ROBUSTO
3326339,8,1.0,NUCLEO_ROBUSTO
3326347,8,1.0,NUCLEO_ROBUSTO
3326348,8,1.0,NUCLEO_ROBUSTO
3326365,8,1.0,NUCLEO_ROBUSTO
3326451,7,1.0,NUCLEO_ROBUSTO
3327715,-1,1.0,NUCLEO_ROBUSTO
3327779,19,1.0,NUCLEO_ROBUSTO
3327784,19,1.0,NUCLEO_ROBUSTO
3327817,19,1.0,NUCLEO_ROBUSTO
3327908,19,1.0,NUCLEO_ROBUSTO
3327940,19,1.0,NUCLEO_ROBUSTO
3327958,19,1.0,NUCLEO_ROBUSTO
3328298,-1,1.0,NUCLEO_ROBUSTO
3328448,-1,1.0,NUCLEO_ROBUSTO
3328705,19,0.8,NUCLEO_ROBUSTO
3328710,19,0.8,NUCLEO_ROBUSTO
3328747,19,0.8,NUCLEO_ROBUSTO
3329196,19,0.8,NUCLEO_ROBUSTO
3329239,19,0.8,NUCLEO_ROBUSTO
3329241,19,0.8,NUCLEO_ROBUSTO
3329249,19,0.8,NUCLEO_ROBUSTO
3329844,20,1.0,NUCLEO_ROBUSTO
3329859,20,1.0,NUCLEO_ROBUSTO
3329934,20,1.0,NUCLEO_ROBUSTO
3329957,20,1.0,NUCLEO_ROBUSTO
3330003,20,1.0,NUCLEO_ROBUSTO
3330185,20,1.0,NUCLEO_ROBUSTO
3331093,14,0.4,SENSIBLE
3331123,14,0.4,SENSIBLE
3331247,20,1.0,NUCLEO_ROBUSTO
3331304,20,1.0,NUCLEO_ROBUSTO
3331741,20,1.0,NUCLEO_ROBUSTO
3331802,20,1.0,NUCLEO_ROBUSTO
3331862,20,1.0,NUCLEO_ROBUSTO
3332017,20,1.0,NUCLEO_ROBUSTO
3332258,20,1.0,NUCLEO_ROBUSTO
3332503,-1,1.0,NUCLEO_ROBUSTO
3333035,-1,1.0,NUCLEO_ROBUSTO
3333050,-1,1.0,NUCLEO_ROBUSTO
3333119,20,1.0,NUCLEO_ROBUSTO
3333330,20,1.0,NUCLEO_ROBUSTO
3333489,20,1.0,NUCLEO_ROBUSTO
3333618,20,1.0,NUCLEO_ROBUSTO
3333840,20,1.0,NUCLEO_ROBUSTO
3333845,20,1.0,NUCLEO_ROBUSTO
3334051,20,1.0,NUCLEO_ROBUSTO
3334239,-1,0.8,NUCLEO_ROBUSTO
3334330,20,1.0,NUCLEO_ROBUSTO
3334499,20,1.0,NUCLEO_ROBUSTO
3334517,20,1.0,NUCLEO_ROBUSTO
3334754,20,1.0,NUCLEO_ROBUSTO
3334985,20,1.0,NUCLEO_ROBUSTO
3335453,20,1.0,NUCLEO_ROBUSTO
3335906,20,1.0,NUCLEO_ROBUSTO
3335982,20,1.0,NUCLEO_ROBUSTO
3336048,20,1.0,NUCLEO_ROBUSTO
3336049,20,1.0,NUCLEO_ROBUSTO
3336281,20,1.0,NUCLEO_ROBUSTO
3336425,20,1.0,NUCLEO_ROBUSTO
3336607,-1,0.8,NUCLEO_ROBUSTO
3336638,-1,1.0,NUCLEO_ROBUSTO
3336647,-1,1.0,NUCLEO_ROBUSTO
3337186,20,1.0,NUCLEO_ROBUSTO
3337210,20,1.0,NUCLEO_ROBUSTO
3337260,20,1.0,NUCLEO_ROBUSTO
3337413,20,1.0,NUCLEO_ROBUSTO
3337441,20,1.0,NUCLEO_ROBUSTO
3338223,-1,0.4,SENSIBLE
3338343,-1,0.8,NUCLEO_ROBUSTO
3339270,20,1.0,NUCLEO_ROBUSTO
3339358,20,1.0,NUCLEO_ROBUSTO
3339508,20,1.0,NUCLEO_ROBUSTO
3339533,20,1.0,NUCLEO_ROBUSTO
3339608,20,1.0,NUCLEO_ROBUSTO
3339619,20,1.0,NUCLEO_ROBUSTO
3339713,-1,1.0,NUCLEO_ROBUSTO
3340145,20,1.0,NUCLEO_ROBUSTO
3340249,20,1.0,NUCLEO_ROBUSTO
3340257,20,1.0,NUCLEO_ROBUSTO
3341237,20,1.0,NUCLEO_ROBUSTO
3342184,20,1.0,NUCLEO_ROBUSTO
3342198,20,1.0,NUCLEO_ROBUSTO
3342689,20,1.0,NUCLEO_ROBUSTO
3343159,20,1.0,NUCLEO_ROBUSTO
3343600,-1,1.0,NUCLEO_ROBUSTO
3343688,-1,1.0,NUCLEO_ROBUSTO
3343965,-1,0.8,NUCLEO_ROBUSTO
3344740,20,1.0,NUCLEO_ROBUSTO
3344947,20,1.0,NUCLEO_ROBUSTO
3344979,20,1.0,NUCLEO_ROBUSTO
3345072,20,1.0,NUCLEO_ROBUSTO
3345196,20,1.0,NUCLEO_ROBUSTO
3345329,20,1.0,NUCLEO_ROBUSTO
3345418,20,1.0,NUCLEO_ROBUSTO
3345579,20,1.0,NUCLEO_ROBUSTO
3345653,20,1.0,NUCLEO_ROBUSTO
3345902,20,1.0,NUCLEO_ROBUSTO
3345923,20,1.0,NUCLEO_ROBUSTO
3346060,20,1.0,NUCLEO_ROBUSTO
3346142,20,1.0,NUCLEO_ROBUSTO
3346568,20,1.0,NUCLEO_ROBUSTO
3346872,20,1.0,NUCLEO_ROBUSTO
3347333,20,1.0,NUCLEO_ROBUSTO
3347722,20,1.0,NUCLEO_ROBUSTO
3347801,20,1.0,NUCLEO_ROBUSTO
3347871,20,1.0,NUCLEO_ROBUSTO
3347978,20,1.0,NUCLEO_ROBUSTO
3348082,20,1.0,NUCLEO_ROBUSTO
3348659,20,1.0,NUCLEO_ROBUSTO
3348726,20,1.0,NUCLEO_ROBUSTO
3348758,20,1.0,NUCLEO_ROBUSTO
3349038,20,1.0,NUCLEO_ROBUSTO
3349955,20,1.0,NUCLEO_ROBUSTO
3350542,20,1.0,NUCLEO_ROBUSTO
3351067,20,1.0,NUCLEO_ROBUSTO
3351306,20,1.0,NUCLEO_ROBUSTO
3351330,20,1.0,NUCLEO_ROBUSTO
3351552,20,1.0,NUCLEO_ROBUSTO
3351553,20,1.0,NUCLEO_ROBUSTO
3352169,20,1.0,NUCLEO_ROBUSTO
3352173,20,1.0,NUCLEO_ROBUSTO
3352287,20,1.0,NUCLEO_ROBUSTO
3352347,20,1.0,NUCLEO_ROBUSTO
3352366,20,1.0,NUCLEO_ROBUSTO
3352380,20,1.0,NUCLEO_ROBUSTO
3352393,20,1.0,NUCLEO_ROBUSTO
3352444,20,1.0,NUCLEO_ROBUSTO
3352557,20,1.0,NUCLEO_ROBUSTO
3353044,20,1.0,NUCLEO_ROBUSTO
3353206,20,1.0,NUCLEO_ROBUSTO
3353207,20,1.0,NUCLEO_ROBUSTO
3353462,20,1.0,NUCLEO_ROBUSTO
3355441,20,1.0,NUCLEO_ROBUSTO
3355714,20,1.0,NUCLEO_ROBUSTO
3355798,20,1.0,NUCLEO_ROBUSTO
3355820,20,1.0,NUCLEO_ROBUSTO
3355833,20,1.0,NUCLEO_ROBUSTO
3356168,20,1.0,NUCLEO_ROBUSTO
3357052,20,1.0,NUCLEO_ROBUSTO
3357206,20,1.0,NUCLEO_ROBUSTO
3357427,20,1.0,NUCLEO_ROBUSTO
3357430,20,1.0,NUCLEO_ROBUSTO
3357545,20,1.0,NUCLEO_ROBUSTO
3357885,20,1.0,NUCLEO_ROBUSTO
3358528,20,1.0,NUCLEO_ROBUSTO
3358662,20,1.0,NUCLEO_ROBUSTO
3358748,20,1.0,NUCLEO_ROBUSTO
3358766,20,1.0,NUCLEO_ROBUSTO
3358788,20,1.0,NUCLEO_ROBUSTO
3358889,20,1.0,NUCLEO_ROBUSTO
3359417,20,1.0,NUCLEO_ROBUSTO
3359434,20,1.0,NUCLEO_ROBUSTO
3359480,20,1.0,NUCLEO_ROBUSTO
3359687,20,1.0,NUCLEO_ROBUSTO
3360231,20,1.0,NUCLEO_ROBUSTO
3360605,20,1.0,NUCLEO_ROBUSTO
3360742,20,1.0,NUCLEO_ROBUSTO
3361270,20,1.0,NUCLEO_ROBUSTO
3361417,20,1.0,NUCLEO_ROBUSTO
3361889,20,1.0,NUCLEO_ROBUSTO
3362048,20,1.0,NUCLEO_ROBUSTO
3362135,20,1.0,NUCLEO_ROBUSTO
3362550,20,1.0,NUCLEO_ROBUSTO
3362595,20,1.0,NUCLEO_ROBUSTO
3362619,20,1.0,NUCLEO_ROBUSTO
3362626,20,1.0,NUCLEO_ROBUSTO
3362775,20,1.0,NUCLEO_ROBUSTO
3362880,20,1.0,NUCLEO_ROBUSTO
3363060,20,1.0,NUCLEO_ROBUSTO
3363113,20,1.0,NUCLEO_ROBUSTO
3363166,20,1.0,NUCLEO_ROBUSTO
3363184,20,1.0,NUCLEO_ROBUSTO
3363191,20,1.0,NUCLEO_ROBUSTO
3363209,20,1.0,NUCLEO_ROBUSTO
3363842,20,1.0,NUCLEO_ROBUSTO
3364194,20,1.0,NUCLEO_ROBUSTO
3364486,20,1.0,NUCLEO_ROBUSTO
3364524,20,1.0,NUCLEO_ROBUSTO
3364573,20,1.0,NUCLEO_ROBUSTO
3364604,20,1.0,NUCLEO_ROBUSTO
3364609,20,1.0,NUCLEO_ROBUSTO
3364731,20,1.0,NUCLEO_ROBUSTO
3364985,20,1.0,NUCLEO_ROBUSTO
3365480,20,1.0,NUCLEO_ROBUSTO
3365562,20,1.0,NUCLEO_ROBUSTO
3366203,20,1.0,NUCLEO_ROBUSTO
3366327,20,1.0,NUCLEO_ROBUSTO
3366329,20,1.0,NUCLEO_ROBUSTO
3366378,20,1.0,NUCLEO_ROBUSTO
3366553,20,1.0,NUCLEO_ROBUSTO
3366683,20,1.0,NUCLEO_ROBUSTO
3366711,20,1.0,NUCLEO_ROBUSTO
3366762,20,1.0,NUCLEO_ROBUSTO
3366855,20,1.0,NUCLEO_ROBUSTO
3367017,20,1.0,NUCLEO_ROBUSTO
3367115,20,1.0,NUCLEO_ROBUSTO
3367150,20,1.0,NUCLEO_ROBUSTO
3367194,20,1.0,NUCLEO_ROBUSTO
3367489,20,1.0,NUCLEO_ROBUSTO
3367494,20,1.0,NUCLEO_ROBUSTO
3367542,20,1.0,NUCLEO_ROBUSTO
3367546,20,1.0,NUCLEO_ROBUSTO
3367610,20,1.0,NUCLEO_ROBUSTO
3367634,20,1.0,NUCLEO_ROBUSTO
3367728,20,1.0,NUCLEO_ROBUSTO
3368278,20,1.0,NUCLEO_ROBUSTO
3368508,20,1.0,NUCLEO_ROBUSTO
3368570,20,1.0,NUCLEO_ROBUSTO
3368844,20,1.0,NUCLEO_ROBUSTO
3368881,20,1.0,NUCLEO_ROBUSTO
3368920,20,1.0,NUCLEO_ROBUSTO
3369039,20,1.0,NUCLEO_ROBUSTO
3369140,20,1.0,NUCLEO_ROBUSTO
3369478,20,1.0,NUCLEO_ROBUSTO
3369481,20,1.0,NUCLEO_ROBUSTO
3369517,20,1.0,NUCLEO_ROBUSTO
3369523,20,1.0,NUCLEO_ROBUSTO
3369700,20,1.0,NUCLEO_ROBUSTO
3369826,20,1.0,NUCLEO_ROBUSTO
3369840,20,1.0,NUCLEO_ROBUSTO
3369842,20,1.0,NUCLEO_ROBUSTO
3369879,20,1.0,NUCLEO_ROBUSTO
3369906,20,1.0,NUCLEO_ROBUSTO
3369976,20,1.0,NUCLEO_ROBUSTO
3370096,20,1.0,NUCLEO_ROBUSTO
3370161,20,1.0,NUCLEO_ROBUSTO
3370269,20,1.0,NUCLEO_ROBUSTO
3370288,20,1.0,NUCLEO_ROBUSTO
3370349,20,1.0,NUCLEO_ROBUSTO
3370586,20,1.0,NUCLEO_ROBUSTO
3370720,20,1.0,NUCLEO_ROBUSTO
3370727,20,1.0,NUCLEO_ROBUSTO
3371419,-1,0.4,SENSIBLE
3371684,20,1.0,NUCLEO_ROBUSTO
3371720,20,1.0,NUCLEO_ROBUSTO
3372069,20,1.0,NUCLEO_ROBUSTO
3372225,20,1.0,NUCLEO_ROBUSTO
3373330,-1,0.4,SENSIBLE
3373569,-1,1.0,NUCLEO_ROBUSTO
3373850,20,1.0,NUCLEO_ROBUSTO
3373958,20,1.0,NUCLEO_ROBUSTO
3374057,20,1.0,NUCLEO_ROBUSTO
3374092,20,1.0,NUCLEO_ROBUSTO
3374373,20,1.0,NUCLEO_ROBUSTO
3374481,20,1.0,NUCLEO_ROBUSTO
3374491,20,1.0,NUCLEO_ROBUSTO
3374513,20,1.0,NUCLEO_ROBUSTO
3374631,20,1.0,NUCLEO_ROBUSTO
3375247,20,1.0,NUCLEO_ROBUSTO
3375556,20,1.0,NUCLEO_ROBUSTO
3375582,20,1.0,NUCLEO_ROBUSTO
3375688,20,1.0,NUCLEO_ROBUSTO
3376139,20,1.0,NUCLEO_ROBUSTO
3376286,20,1.0,NUCLEO_ROBUSTO
3376541,20,1.0,NUCLEO_ROBUSTO
3376890,11,1.0,NUCLEO_ROBUSTO
3376893,11,1.0,NUCLEO_ROBUSTO
3376894,11,1.0,NUCLEO_ROBUSTO
3376913,11,1.0,NUCLEO_ROBUSTO
3376962,11,1.0,NUCLEO_ROBUSTO
3376963,11,1.0,NUCLEO_ROBUSTO
3377158,-1,1.0,NUCLEO_ROBUSTO
3377470,11,0.8,NUCLEO_ROBUSTO
3377508,11,0.8,NUCLEO_ROBUSTO
3377633,11,1.0,NUCLEO_ROBUSTO
3377637,11,1.0,NUCLEO_ROBUSTO
3377698,11,1.0,NUCLEO_ROBUSTO
3406897,20,1.0,NUCLEO_ROBUSTO
3407268,20,1.0,NUCLEO_ROBUSTO
3407895,10,1.0,NUCLEO_ROBUSTO
3407896,10,1.0,NUCLEO_ROBUSTO
3407897,10,1.0,NUCLEO_ROBUSTO
3407908,10,1.0,NUCLEO_ROBUSTO
3407909,10,1.0,NUCLEO_ROBUSTO
3407915,10,1.0,NUCLEO_ROBUSTO
3407916,10,1.0,NUCLEO_ROBUSTO
3407919,10,1.0,NUCLEO_ROBUSTO
3407930,10,1.0,NUCLEO_ROBUSTO
3407931,10,1.0,NUCLEO_ROBUSTO
3408007,9,1.0,NUCLEO_ROBUSTO
3408051,-1,0.4,SENSIBLE
3408128,20,1.0,NUCLEO_ROBUSTO
3408147,20,1.0,NUCLEO_ROBUSTO
3408166,20,1.0,NUCLEO_ROBUSTO
3408197,20,1.0,NUCLEO_ROBUSTO
3408208,20,1.0,NUCLEO_ROBUSTO
3408286,20,1.0,NUCLEO_ROBUSTO
3408295,20,1.0,NUCLEO_ROBUSTO
3408298,20,1.0,NUCLEO_ROBUSTO
3408320,20,1.0,NUCLEO_ROBUSTO
3408323,20,1.0,NUCLEO_ROBUSTO
3408341,20,1.0,NUCLEO_ROBUSTO
3408364,20,1.0,NUCLEO_ROBUSTO
3408387,20,1.0,NUCLEO_ROBUSTO
3408923,13,1.0,NUCLEO_ROBUSTO
3409224,20,1.0,NUCLEO_ROBUSTO
3409359,11,1.0,NUCLEO_ROBUSTO
3409380,11,1.0,NUCLEO_ROBUSTO
3409385,11,1.0,NUCLEO_ROBUSTO
3409411,11,1.0,NUCLEO_ROBUSTO
3409412,11,1.0,NUCLEO_ROBUSTO
3409422,11,1.0,NUCLEO_ROBUSTO
3409427,11,1.0,NUCLEO_ROBUSTO
3409429,11,1.0,NUCLEO_ROBUSTO
3409437,5,1.0,NUCLEO_ROBUSTO
3409501,5,1.0,NUCLEO_ROBUSTO
3409518,5,1.0,NUCLEO_ROBUSTO
3409571,12,1.0,NUCLEO_ROBUSTO
3409588,12,1.0,NUCLEO_ROBUSTO
3409594,12,1.0,NUCLEO_ROBUSTO
3409596,12,1.0,NUCLEO_ROBUSTO
3409606,12,1.0,NUCLEO_ROBUSTO
3409607,12,1.0,NUCLEO_ROBUSTO
3409621,12,1.0,NUCLEO_ROBUSTO
3409625,12,1.0,NUCLEO_ROBUSTO
3409653,12,1.0,NUCLEO_ROBUSTO
3409657,12,1.0,NUCLEO_ROBUSTO
3409668,12,1.0,NUCLEO_ROBUSTO
3409676,12,1.0,NUCLEO_ROBUSTO
3409680,12,1.0,NUCLEO_ROBUSTO
3409709,12,1.0,NUCLEO_ROBUSTO
3409720,12,1.0,NUCLEO_ROBUSTO
3409738,12,1.0,NUCLEO_ROBUSTO
3409743,12,1.0,NUCLEO_ROBUSTO
3409788,11,1.0,NUCLEO_ROBUSTO
3409856,11,1.0,NUCLEO_ROBUSTO
3409862,11,1.0,NUCLEO_ROBUSTO
3409883,11,1.0,NUCLEO_ROBUSTO
3409886,11,1.0,NUCLEO_ROBUSTO
3410293,20,1.0,NUCLEO_ROBUSTO
3410303,20,1.0,NUCLEO_ROBUSTO
3410356,20,1.0,NUCLEO_ROBUSTO
3410400,20,1.0,NUCLEO_ROBUSTO
3410557,12,1.0,NUCLEO_ROBUSTO
3410564,12,1.0,NUCLEO_ROBUSTO
3410567,12,1.0,NUCLEO_ROBUSTO
3410578,12,1.0,NUCLEO_ROBUSTO
3410615,12,1.0,NUCLEO_ROBUSTO
3410625,12,1.0,NUCLEO_ROBUSTO
3410713,13,1.0,NUCLEO_ROBUSTO
3410873,20,1.0,NUCLEO_ROBUSTO
3411356,20,1.0,NUCLEO_ROBUSTO
3411498,20,1.0,NUCLEO_ROBUSTO
3411576,20,1.0,NUCLEO_ROBUSTO
3411598,20,1.0,NUCLEO_ROBUSTO
3411651,13,1.0,NUCLEO_ROBUSTO
3411738,13,1.0,NUCLEO_ROBUSTO
3411743,13,1.0,NUCLEO_ROBUSTO
3411769,13,1.0,NUCLEO_ROBUSTO
3411772,13,1.0,NUCLEO_ROBUSTO
3411866,-1,0.4,SENSIBLE
3412447,20,1.0,NUCLEO_ROBUSTO
3412546,20,1.0,NUCLEO_ROBUSTO
3412947,-1,0.4,SENSIBLE
3412951,-1,0.4,SENSIBLE
3412954,-1,0.4,SENSIBLE
3413050,-1,0.8,NUCLEO_ROBUSTO
3413065,-1,0.8,NUCLEO_ROBUSTO
3413081,-1,0.8,NUCLEO_ROBUSTO
3413101,-1,0.8,NUCLEO_ROBUSTO
3413318,20,1.0,NUCLEO_ROBUSTO
3415448,20,1.0,NUCLEO_ROBUSTO
3416265,20,1.0,NUCLEO_ROBUSTO
3416306,20,1.0,NUCLEO_ROBUSTO
3416310,20,1.0,NUCLEO_ROBUSTO
3416616,4,0.6,ESTABLE
3416685,4,0.6,ESTABLE
3416721,4,0.6,ESTABLE
3416724,4,0.6,ESTABLE
3416794,4,0.6,ESTABLE
3418302,20,1.0,NUCLEO_ROBUSTO
3418443,4,0.6,ESTABLE
3419229,20,1.0,NUCLEO_ROBUSTO
3419237,20,1.0,NUCLEO_ROBUSTO
3419353,20,1.0,NUCLEO_ROBUSTO
3419521,7,1.0,NUCLEO_ROBUSTO
3419622,7,1.0,NUCLEO_ROBUSTO
3420256,20,1.0,NUCLEO_ROBUSTO
3420506,20,1.0,NUCLEO_ROBUSTO
3420530,20,1.0,NUCLEO_ROBUSTO
3420564,20,1.0,NUCLEO_ROBUSTO
3420623,20,1.0,NUCLEO_ROBUSTO
3420639,20,1.0,NUCLEO_ROBUSTO
3420687,20,1.0,NUCLEO_ROBUSTO
3420707,20,1.0,NUCLEO_ROBUSTO
3421329,20,1.0,NUCLEO_ROBUSTO
3421504,20,1.0,NUCLEO_ROBUSTO
3421644,20,1.0,NUCLEO_ROBUSTO
3421713,20,1.0,NUCLEO_ROBUSTO
3422035,20,1.0,NUCLEO_ROBUSTO
3422038,20,1.0,NUCLEO_ROBUSTO
3422103,20,1.0,NUCLEO_ROBUSTO
3422186,20,1.0,NUCLEO_ROBUSTO
3422194,20,1.0,NUCLEO_ROBUSTO
3422213,20,1.0,NUCLEO_ROBUSTO
3423624,20,1.0,NUCLEO_ROBUSTO
3426256,4,0.6,ESTABLE
3426890,7,1.0,NUCLEO_ROBUSTO
3426943,7,1.0,NUCLEO_ROBUSTO
3427182,8,1.0,NUCLEO_ROBUSTO
3427188,8,1.0,NUCLEO_ROBUSTO
3427190,8,1.0,NUCLEO_ROBUSTO
3427200,8,1.0,NUCLEO_ROBUSTO
3427211,8,1.0,NUCLEO_ROBUSTO
3427213,8,1.0,NUCLEO_ROBUSTO
3427228,8,1.0,NUCLEO_ROBUSTO
3427244,8,1.0,NUCLEO_ROBUSTO
3427268,8,1.0,NUCLEO_ROBUSTO
3427858,8,1.0,NUCLEO_ROBUSTO
3427871,8,1.0,NUCLEO_ROBUSTO
3427887,8,1.0,NUCLEO_ROBUSTO
3427899,8,1.0,NUCLEO_ROBUSTO
3427952,8,1.0,NUCLEO_ROBUSTO
3427964,8,1.0,NUCLEO_ROBUSTO
3427993,8,1.0,NUCLEO_ROBUSTO
3428048,8,1.0,NUCLEO_ROBUSTO
3428078,8,1.0,NUCLEO_ROBUSTO
3428080,8,1.0,NUCLEO_ROBUSTO
3428103,8,1.0,NUCLEO_ROBUSTO
3428120,8,1.0,NUCLEO_ROBUSTO
3428125,8,1.0,NUCLEO_ROBUSTO
3428134,8,1.0,NUCLEO_ROBUSTO
3428137,8,1.0,NUCLEO_ROBUSTO
3428151,8,1.0,NUCLEO_ROBUSTO
3428168,8,1.0,NUCLEO_ROBUSTO
3428174,8,1.0,NUCLEO_ROBUSTO
3428202,8,1.0,NUCLEO_ROBUSTO
3428204,8,1.0,NUCLEO_ROBUSTO
3428228,8,1.0,NUCLEO_ROBUSTO
3428278,8,1.0,NUCLEO_ROBUSTO
3428283,8,1.0,NUCLEO_ROBUSTO
3428312,8,1.0,NUCLEO_ROBUSTO
3428321,8,1.0,NUCLEO_ROBUSTO
3428329,8,1.0,NUCLEO_ROBUSTO
3428340,8,1.0,NUCLEO_ROBUSTO
3428342,8,1.0,NUCLEO_ROBUSTO
3430401,-1,1.0,NUCLEO_ROBUSTO
3430586,-1,1.0,NUCLEO_ROBUSTO
3430861,-1,1.0,NUCLEO_ROBUSTO
3431148,20,1.0,NUCLEO_ROBUSTO
3431173,20,1.0,NUCLEO_ROBUSTO
3431222,20,1.0,NUCLEO_ROBUSTO
3431232,20,1.0,NUCLEO_ROBUSTO
3431531,20,1.0,NUCLEO_ROBUSTO
3431852,20,1.0,NUCLEO_ROBUSTO
3433059,20,1.0,NUCLEO_ROBUSTO
3433094,20,1.0,NUCLEO_ROBUSTO
3433140,20,1.0,NUCLEO_ROBUSTO
3434073,20,1.0,NUCLEO_ROBUSTO
3434124,20,1.0,NUCLEO_ROBUSTO
3434144,20,1.0,NUCLEO_ROBUSTO
3434279,-1,0.4,SENSIBLE
3434321,20,1.0,NUCLEO_ROBUSTO
3434326,20,1.0,NUCLEO_ROBUSTO
3434382,20,1.0,NUCLEO_ROBUSTO
3434427,20,1.0,NUCLEO_ROBUSTO
3434583,20,1.0,NUCLEO_ROBUSTO
3434649,20,1.0,NUCLEO_ROBUSTO
3434757,20,1.0,NUCLEO_ROBUSTO
3434830,20,1.0,NUCLEO_ROBUSTO
3434832,20,1.0,NUCLEO_ROBUSTO
3434857,20,1.0,NUCLEO_ROBUSTO
3434878,20,1.0,NUCLEO_ROBUSTO
3434910,20,1.0,NUCLEO_ROBUSTO
3435466,20,1.0,NUCLEO_ROBUSTO
3436137,20,1.0,NUCLEO_ROBUSTO
3436268,20,1.0,NUCLEO_ROBUSTO
3436350,20,1.0,NUCLEO_ROBUSTO
3436354,20,1.0,NUCLEO_ROBUSTO
3436856,20,1.0,NUCLEO_ROBUSTO
3436954,20,1.0,NUCLEO_ROBUSTO
3436977,20,1.0,NUCLEO_ROBUSTO
3437959,20,1.0,NUCLEO_ROBUSTO
3438395,20,1.0,NUCLEO_ROBUSTO
3438524,20,1.0,NUCLEO_ROBUSTO
3438756,20,1.0,NUCLEO_ROBUSTO
3439082,20,1.0,NUCLEO_ROBUSTO
3439324,20,1.0,NUCLEO_ROBUSTO
3439383,20,1.0,NUCLEO_ROBUSTO
3439528,20,1.0,NUCLEO_ROBUSTO
3439604,20,1.0,NUCLEO_ROBUSTO
3439608,20,1.0,NUCLEO_ROBUSTO
3439663,20,1.0,NUCLEO_ROBUSTO
3439765,20,1.0,NUCLEO_ROBUSTO
3439803,20,1.0,NUCLEO_ROBUSTO
3439805,20,1.0,NUCLEO_ROBUSTO
3439835,20,1.0,NUCLEO_ROBUSTO
3439843,20,1.0,NUCLEO_ROBUSTO
3439853,20,1.0,NUCLEO_ROBUSTO
3440631,20,1.0,NUCLEO_ROBUSTO
3442601,20,1.0,NUCLEO_ROBUSTO
3443856,20,1.0,NUCLEO_ROBUSTO
3443930,20,1.0,NUCLEO_ROBUSTO
3444735,20,1.0,NUCLEO_ROBUSTO
3444753,20,1.0,NUCLEO_ROBUSTO
3444839,20,1.0,NUCLEO_ROBUSTO
3444859,20,1.0,NUCLEO_ROBUSTO
3444871,20,1.0,NUCLEO_ROBUSTO
3445477,20,1.0,NUCLEO_ROBUSTO
3445576,20,1.0,NUCLEO_ROBUSTO
3445601,20,1.0,NUCLEO_ROBUSTO
3445609,20,1.0,NUCLEO_ROBUSTO
3445681,20,1.0,NUCLEO_ROBUSTO
3446269,20,1.0,NUCLEO_ROBUSTO
3446986,-1,1.0,NUCLEO_ROBUSTO
3447545,20,1.0,NUCLEO_ROBUSTO
3447848,20,1.0,NUCLEO_ROBUSTO
3447867,20,1.0,NUCLEO_ROBUSTO
3448337,-1,1.0,NUCLEO_ROBUSTO
3449350,20,1.0,NUCLEO_ROBUSTO
3449489,20,1.0,NUCLEO_ROBUSTO
3449531,20,1.0,NUCLEO_ROBUSTO
3450362,20,1.0,NUCLEO_ROBUSTO
3450363,20,1.0,NUCLEO_ROBUSTO
3452259,20,1.0,NUCLEO_ROBUSTO
3452306,20,1.0,NUCLEO_ROBUSTO
3452415,20,1.0,NUCLEO_ROBUSTO
3452453,20,1.0,NUCLEO_ROBUSTO
3452740,20,1.0,NUCLEO_ROBUSTO
3452756,20,1.0,NUCLEO_ROBUSTO
3452795,20,1.0,NUCLEO_ROBUSTO
3452827,20,1.0,NUCLEO_ROBUSTO
3452833,20,1.0,NUCLEO_ROBUSTO
3453176,20,1.0,NUCLEO_ROBUSTO
3453814,20,1.0,NUCLEO_ROBUSTO
3453840,20,1.0,NUCLEO_ROBUSTO
3454452,20,1.0,NUCLEO_ROBUSTO
3454593,20,1.0,NUCLEO_ROBUSTO
3456092,20,1.0,NUCLEO_ROBUSTO
3456154,20,1.0,NUCLEO_ROBUSTO
3456185,20,1.0,NUCLEO_ROBUSTO
3456203,20,1.0,NUCLEO_ROBUSTO
3456229,20,1.0,NUCLEO_ROBUSTO
3456244,20,1.0,NUCLEO_ROBUSTO
3456303,20,1.0,NUCLEO_ROBUSTO
3456341,20,1.0,NUCLEO_ROBUSTO
3456357,20,1.0,NUCLEO_ROBUSTO
3456381,20,1.0,NUCLEO_ROBUSTO
3456437,20,1.0,NUCLEO_ROBUSTO
3456560,20,1.0,NUCLEO_ROBUSTO
3456591,20,1.0,NUCLEO_ROBUSTO
3456613,20,1.0,NUCLEO_ROBUSTO
3456838,20,1.0,NUCLEO_ROBUSTO
3457624,20,1.0,NUCLEO_ROBUSTO
3457762,20,1.0,NUCLEO_ROBUSTO
3457805,20,1.0,NUCLEO_ROBUSTO
3457868,20,1.0,NUCLEO_ROBUSTO
3458112,20,1.0,NUCLEO_ROBUSTO
3458244,20,1.0,NUCLEO_ROBUSTO
3458592,20,1.0,NUCLEO_ROBUSTO
3458617,20,1.0,NUCLEO_ROBUSTO
3458648,20,1.0,NUCLEO_ROBUSTO
3458713,20,1.0,NUCLEO_ROBUSTO
3458727,20,1.0,NUCLEO_ROBUSTO
3458743,20,1.0,NUCLEO_ROBUSTO
3458786,20,1.0,NUCLEO_ROBUSTO
3458854,20,1.0,NUCLEO_ROBUSTO
3458868,20,1.0,NUCLEO_ROBUSTO
3458990,20,1.0,NUCLEO_ROBUSTO
3459742,20,1.0,NUCLEO_ROBUSTO
3459756,20,1.0,NUCLEO_ROBUSTO
3459761,20,1.0,NUCLEO_ROBUSTO
3459824,20,1.0,NUCLEO_ROBUSTO
3459848,20,1.0,NUCLEO_ROBUSTO
3459969,20,1.0,NUCLEO_ROBUSTO
3460473,20,1.0,NUCLEO_ROBUSTO
3460506,20,1.0,NUCLEO_ROBUSTO
3460825,20,1.0,NUCLEO_ROBUSTO
3460851,20,1.0,NUCLEO_ROBUSTO
3461192,20,1.0,NUCLEO_ROBUSTO
3461199,20,1.0,NUCLEO_ROBUSTO
3461260,20,1.0,NUCLEO_ROBUSTO
3461271,20,1.0,NUCLEO_ROBUSTO
3461283,20,1.0,NUCLEO_ROBUSTO
3461366,20,1.0,NUCLEO_ROBUSTO
3461553,20,1.0,NUCLEO_ROBUSTO
3461786,20,1.0,NUCLEO_ROBUSTO
3462034,20,1.0,NUCLEO_ROBUSTO
3462084,20,1.0,NUCLEO_ROBUSTO
3462315,20,1.0,NUCLEO_ROBUSTO
3462348,20,1.0,NUCLEO_ROBUSTO
3462426,20,1.0,NUCLEO_ROBUSTO
3462560,20,1.0,NUCLEO_ROBUSTO
3462568,20,1.0,NUCLEO_ROBUSTO
3462599,20,1.0,NUCLEO_ROBUSTO
3462840,20,1.0,NUCLEO_ROBUSTO
3462887,21,1.0,NUCLEO_ROBUSTO
3463108,21,1.0,NUCLEO_ROBUSTO
3463114,21,1.0,NUCLEO_ROBUSTO
3463124,20,1.0,NUCLEO_ROBUSTO
3463175,20,1.0,NUCLEO_ROBUSTO
3463212,20,1.0,NUCLEO_ROBUSTO
3463306,20,1.0,NUCLEO_ROBUSTO
3463414,20,1.0,NUCLEO_ROBUSTO
3463512,20,1.0,NUCLEO_ROBUSTO
3463599,20,1.0,NUCLEO_ROBUSTO
3463716,21,1.0,NUCLEO_ROBUSTO
3463935,20,1.0,NUCLEO_ROBUSTO
3464521,-1,1.0,NUCLEO_ROBUSTO
3464523,-1,1.0,NUCLEO_ROBUSTO
3464559,19,1.0,NUCLEO_ROBUSTO
3464579,19,1.0,NUCLEO_ROBUSTO
3464580,19,1.0,NUCLEO_ROBUSTO
3464586,19,1.0,NUCLEO_ROBUSTO
3464614,19,1.0,NUCLEO_ROBUSTO
3464626,19,1.0,NUCLEO_ROBUSTO
3464690,19,1.0,NUCLEO_ROBUSTO
3464719,19,1.0,NUCLEO_ROBUSTO
3465030,19,1.0,NUCLEO_ROBUSTO
3465036,19,1.0,NUCLEO_ROBUSTO
3465054,19,1.0,NUCLEO_ROBUSTO
3465058,19,1.0,NUCLEO_ROBUSTO
3465063,19,1.0,NUCLEO_ROBUSTO
3465071,19,1.0,NUCLEO_ROBUSTO
3465106,19,1.0,NUCLEO_ROBUSTO
3465110,19,1.0,NUCLEO_ROBUSTO
3465113,19,1.0,NUCLEO_ROBUSTO
3465132,19,1.0,NUCLEO_ROBUSTO
3465134,19,1.0,NUCLEO_ROBUSTO
3465141,19,1.0,NUCLEO_ROBUSTO
3465167,19,1.0,NUCLEO_ROBUSTO
3465195,19,1.0,NUCLEO_ROBUSTO
3465248,19,1.0,NUCLEO_ROBUSTO
3465289,19,1.0,NUCLEO_ROBUSTO
3465425,19,0.8,NUCLEO_ROBUSTO
3465437,19,0.8,NUCLEO_ROBUSTO
3465439,19,0.8,NUCLEO_ROBUSTO
3465469,19,0.8,NUCLEO_ROBUSTO
3465699,19,0.8,NUCLEO_ROBUSTO
3465959,-1,1.0,NUCLEO_ROBUSTO
3465976,-1,1.0,NUCLEO_ROBUSTO
3466375,-1,1.0,NUCLEO_ROBUSTO
3467024,19,0.8,NUCLEO_ROBUSTO
3467159,-1,0.8,NUCLEO_ROBUSTO
3467609,20,1.0,NUCLEO_ROBUSTO
3467746,20,1.0,NUCLEO_ROBUSTO
3467762,20,1.0,NUCLEO_ROBUSTO
3467814,20,1.0,NUCLEO_ROBUSTO
3467925,20,1.0,NUCLEO_ROBUSTO
3468142,20,1.0,NUCLEO_ROBUSTO
3468226,-1,1.0,NUCLEO_ROBUSTO
3468437,-1,0.4,SENSIBLE
3470614,14,0.4,SENSIBLE
3470654,14,0.4,SENSIBLE
3470739,-1,0.8,NUCLEO_ROBUSTO
3470833,-1,0.4,SENSIBLE
3470861,-1,0.4,SENSIBLE
3471115,20,1.0,NUCLEO_ROBUSTO
3471450,20,1.0,NUCLEO_ROBUSTO
3471485,20,1.0,NUCLEO_ROBUSTO
3471511,20,1.0,NUCLEO_ROBUSTO
3471738,20,1.0,NUCLEO_ROBUSTO
3471772,20,1.0,NUCLEO_ROBUSTO
3471982,20,1.0,NUCLEO_ROBUSTO
3472046,20,1.0,NUCLEO_ROBUSTO
3472118,20,1.0,NUCLEO_ROBUSTO
3472173,20,1.0,NUCLEO_ROBUSTO
3473964,20,1.0,NUCLEO_ROBUSTO
3474126,20,1.0,NUCLEO_ROBUSTO
3475732,20,1.0,NUCLEO_ROBUSTO
3476152,20,1.0,NUCLEO_ROBUSTO
3476221,20,1.0,NUCLEO_ROBUSTO
3501810,0,1.0,NUCLEO_ROBUSTO
3501813,0,1.0,NUCLEO_ROBUSTO
3501814,0,1.0,NUCLEO_ROBUSTO
3501815,0,1.0,NUCLEO_ROBUSTO
3501818,0,1.0,NUCLEO_ROBUSTO
3501820,0,1.0,NUCLEO_ROBUSTO
3501824,0,1.0,NUCLEO_ROBUSTO
3501825,0,1.0,NUCLEO_ROBUSTO
3501827,0,1.0,NUCLEO_ROBUSTO
3501828,0,1.0,NUCLEO_ROBUSTO
3501829,0,1.0,NUCLEO_ROBUSTO
3501831,0,1.0,NUCLEO_ROBUSTO
3501834,0,1.0,NUCLEO_ROBUSTO
3501835,0,1.0,NUCLEO_ROBUSTO
3501836,0,1.0,NUCLEO_ROBUSTO
3501837,0,1.0,NUCLEO_ROBUSTO
3501839,0,1.0,NUCLEO_ROBUSTO
3501842,0,1.0,NUCLEO_ROBUSTO
3501843,0,1.0,NUCLEO_ROBUSTO
3501845,0,1.0,NUCLEO_ROBUSTO
3501846,0,1.0,NUCLEO_ROBUSTO
3501851,0,1.0,NUCLEO_ROBUSTO
3501854,0,1.0,NUCLEO_ROBUSTO
3501855,0,1.0,NUCLEO_ROBUSTO
3501856,0,1.0,NUCLEO_ROBUSTO
3501857,0,1.0,NUCLEO_ROBUSTO
3501858,0,1.0,NUCLEO_ROBUSTO
3501859,0,1.0,NUCLEO_ROBUSTO
3501860,0,1.0,NUCLEO_ROBUSTO
3501864,0,1.0,NUCLEO_ROBUSTO
3501865,0,1.0,NUCLEO_ROBUSTO
3501866,0,1.0,NUCLEO_ROBUSTO
3501868,0,1.0,NUCLEO_ROBUSTO
3501872,0,1.0,NUCLEO_ROBUSTO
3501873,0,1.0,NUCLEO_ROBUSTO
3501876,0,1.0,NUCLEO_ROBUSTO
3501877,0,1.0,NUCLEO_ROBUSTO
3501878,0,1.0,NUCLEO_ROBUSTO
3501879,0,1.0,NUCLEO_ROBUSTO
3501880,0,1.0,NUCLEO_ROBUSTO
3501881,0,1.0,NUCLEO_ROBUSTO
3501882,0,1.0,NUCLEO_ROBUSTO
3501883,0,1.0,NUCLEO_ROBUSTO
3501885,0,1.0,NUCLEO_ROBUSTO
3501887,0,1.0,NUCLEO_ROBUSTO
3501891,0,1.0,NUCLEO_ROBUSTO
3501892,0,1.0,NUCLEO_ROBUSTO
3501902,0,1.0,NUCLEO_ROBUSTO
3501903,0,1.0,NUCLEO_ROBUSTO
3501905,0,1.0,NUCLEO_ROBUSTO
3501906,0,1.0,NUCLEO_ROBUSTO
3501907,0,1.0,NUCLEO_ROBUSTO
3501910,0,1.0,NUCLEO_ROBUSTO
3501911,0,1.0,NUCLEO_ROBUSTO
3501912,0,1.0,NUCLEO_ROBUSTO
3501914,0,1.0,NUCLEO_ROBUSTO
3501915,0,1.0,NUCLEO_ROBUSTO
3501920,0,1.0,NUCLEO_ROBUSTO
3501921,0,1.0,NUCLEO_ROBUSTO
3501922,0,1.0,NUCLEO_ROBUSTO
3501926,0,1.0,NUCLEO_ROBUSTO
3501927,0,1.0,NUCLEO_ROBUSTO
3501928,0,1.0,NUCLEO_ROBUSTO
3501929,0,1.0,NUCLEO_ROBUSTO
3501930,0,1.0,NUCLEO_ROBUSTO
3501931,0,1.0,NUCLEO_ROBUSTO
3501933,0,1.0,NUCLEO_ROBUSTO
3501937,0,1.0,NUCLEO_ROBUSTO
3501938,0,1.0,NUCLEO_ROBUSTO
3501946,0,1.0,NUCLEO_ROBUSTO
3501947,0,1.0,NUCLEO_ROBUSTO
3501950,0,1.0,NUCLEO_ROBUSTO
3501951,0,1.0,NUCLEO_ROBUSTO
3501953,0,1.0,NUCLEO_ROBUSTO
3501955,0,1.0,NUCLEO_ROBUSTO
3501961,0,1.0,NUCLEO_ROBUSTO
3501963,0,1.0,NUCLEO_ROBUSTO
3501965,0,1.0,NUCLEO_ROBUSTO
3501966,0,1.0,NUCLEO_ROBUSTO
3501967,0,1.0,NUCLEO_ROBUSTO
3501969,0,1.0,NUCLEO_ROBUSTO
3501971,0,1.0,NUCLEO_ROBUSTO
3501972,0,1.0,NUCLEO_ROBUSTO
3501975,0,1.0,NUCLEO_ROBUSTO
3505854,1,1.0,NUCLEO_ROBUSTO
3505872,1,1.0,NUCLEO_ROBUSTO
3505952,1,1.0,NUCLEO_ROBUSTO
3506278,1,1.0,NUCLEO_ROBUSTO
3506367,1,1.0,NUCLEO_ROBUSTO
3507228,1,1.0,NUCLEO_ROBUSTO
3507482,1,1.0,NUCLEO_ROBUSTO
3507492,1,1.0,NUCLEO_ROBUSTO
3507514,1,1.0,NUCLEO_ROBUSTO
3507823,1,1.0,NUCLEO_ROBUSTO
3507979,1,1.0,NUCLEO_ROBUSTO
3512631,-1,0.4,SENSIBLE
3512676,20,1.0,NUCLEO_ROBUSTO
3513107,20,1.0,NUCLEO_ROBUSTO
3513119,20,1.0,NUCLEO_ROBUSTO
3513151,20,1.0,NUCLEO_ROBUSTO
3513199,-1,0.4,SENSIBLE
3513239,-1,0.4,SENSIBLE
3513531,20,1.0,NUCLEO_ROBUSTO
3513680,20,1.0,NUCLEO_ROBUSTO
3513690,20,1.0,NUCLEO_ROBUSTO
3514030,20,1.0,NUCLEO_ROBUSTO
3514246,20,1.0,NUCLEO_ROBUSTO
3514830,20,1.0,NUCLEO_ROBUSTO
3514882,20,1.0,NUCLEO_ROBUSTO
3514899,20,1.0,NUCLEO_ROBUSTO
3515465,20,1.0,NUCLEO_ROBUSTO
3515705,-1,1.0,NUCLEO_ROBUSTO
3518431,20,1.0,NUCLEO_ROBUSTO
3518713,20,1.0,NUCLEO_ROBUSTO
3518715,20,1.0,NUCLEO_ROBUSTO
3518936,20,1.0,NUCLEO_ROBUSTO
3520132,20,1.0,NUCLEO_ROBUSTO
3520701,20,1.0,NUCLEO_ROBUSTO
3520961,20,1.0,NUCLEO_ROBUSTO
3521249,20,1.0,NUCLEO_ROBUSTO
3521338,20,1.0,NUCLEO_ROBUSTO
3521618,20,1.0,NUCLEO_ROBUSTO
3521695,20,1.0,NUCLEO_ROBUSTO
3522650,20,0.6,ESTABLE
3522834,20,1.0,NUCLEO_ROBUSTO
3522876,20,1.0,NUCLEO_ROBUSTO
3522929,20,1.0,NUCLEO_ROBUSTO
3527093,20,1.0,NUCLEO_ROBUSTO
3527135,20,1.0,NUCLEO_ROBUSTO
3538460,20,1.0,NUCLEO_ROBUSTO
3538483,8,1.0,NUCLEO_ROBUSTO
3538485,20,1.0,NUCLEO_ROBUSTO
3538997,20,1.0,NUCLEO_ROBUSTO
6218403,20,1.0,NUCLEO_ROBUSTO
6218571,20,1.0,NUCLEO_ROBUSTO
6236981,20,1.0,NUCLEO_ROBUSTO
6271468,-1,0.8,NUCLEO_ROBUSTO
6271547,20,1.0,NUCLEO_ROBUSTO
6271620,20,1.0,NUCLEO_ROBUSTO
6271621,20,1.0,NUCLEO_ROBUSTO
6271633,20,1.0,NUCLEO_ROBUSTO
6271649,20,1.0,NUCLEO_ROBUSTO
6271697,-1,0.8,NUCLEO_ROBUSTO
6271700,20,1.0,NUCLEO_ROBUSTO
6271719,20,1.0,NUCLEO_ROBUSTO
6271722,20,1.0,NUCLEO_ROBUSTO
6271879,20,1.0,NUCLEO_ROBUSTO
6271888,20,1.0,NUCLEO_ROBUSTO
6271890,20,1.0,NUCLEO_ROBUSTO
6272326,-1,1.0,NUCLEO_ROBUSTO
6272386,-1,0.4,SENSIBLE
6272469,20,1.0,NUCLEO_ROBUSTO
6272576,7,1.0,NUCLEO_ROBUSTO
6272579,20,1.0,NUCLEO_ROBUSTO
6272630,-1,0.8,NUCLEO_ROBUSTO
6272660,20,1.0,NUCLEO_ROBUSTO
6272799,18,1.0,NUCLEO_ROBUSTO
6376090,20,1.0,NUCLEO_ROBUSTO
6376587,20,1.0,NUCLEO_ROBUSTO
6376589,20,1.0,NUCLEO_ROBUSTO
6376590,20,1.0,NUCLEO_ROBUSTO
6376592,20,1.0,NUCLEO_ROBUSTO
6376593,20,1.0,NUCLEO_ROBUSTO
6376595,20,1.0,NUCLEO_ROBUSTO
6376598,20,1.0,NUCLEO_ROBUSTO
6376651,20,1.0,NUCLEO_ROBUSTO
6376672,20,1.0,NUCLEO_ROBUSTO
6376869,20,1.0,NUCLEO_ROBUSTO
6376958,20,1.0,NUCLEO_ROBUSTO
6377080,20,1.0,NUCLEO_ROBUSTO
6377087,-1,1.0,NUCLEO_ROBUSTO
6377092,20,1.0,NUCLEO_ROBUSTO
6377115,20,1.0,NUCLEO_ROBUSTO
6377119,20,1.0,NUCLEO_ROBUSTO
6377126,20,1.0,NUCLEO_ROBUSTO
6377129,20,1.0,NUCLEO_ROBUSTO
6377130,20,1.0,NUCLEO_ROBUSTO
6377131,20,1.0,NUCLEO_ROBUSTO
6377138,20,1.0,NUCLEO_ROBUSTO
6377155,20,1.0,NUCLEO_ROBUSTO
6377157,20,1.0,NUCLEO_ROBUSTO
6377162,20,1.0,NUCLEO_ROBUSTO
6377165,20,1.0,NUCLEO_ROBUSTO
6377173,20,1.0,NUCLEO_ROBUSTO
6377179,20,1.0,NUCLEO_ROBUSTO
6377361,20,1.0,NUCLEO_ROBUSTO
6377404,20,1.0,NUCLEO_ROBUSTO
6377458,20,1.0,NUCLEO_ROBUSTO
6377751,20,1.0,NUCLEO_ROBUSTO
6377776,20,1.0,NUCLEO_ROBUSTO
6377777,20,1.0,NUCLEO_ROBUSTO
6377792,-1,0.8,NUCLEO_ROBUSTO
6377919,7,1.0,NUCLEO_ROBUSTO
6377984,20,1.0,NUCLEO_ROBUSTO
6378165,13,1.0,NUCLEO_ROBUSTO
6378222,-1,1.0,NUCLEO_ROBUSTO
6378253,20,1.0,NUCLEO_ROBUSTO
6378259,-1,1.0,NUCLEO_ROBUSTO
6378287,-1,0.8,NUCLEO_ROBUSTO
6378302,20,1.0,NUCLEO_ROBUSTO
6378314,20,1.0,NUCLEO_ROBUSTO
6378318,20,1.0,NUCLEO_ROBUSTO
6378340,20,1.0,NUCLEO_ROBUSTO
6378360,20,1.0,NUCLEO_ROBUSTO
6378366,20,1.0,NUCLEO_ROBUSTO
6378379,20,1.0,NUCLEO_ROBUSTO
6378422,20,1.0,NUCLEO_ROBUSTO
6378672,-1,0.8,NUCLEO_ROBUSTO
6378673,20,0.6,ESTABLE
6379022,20,1.0,NUCLEO_ROBUSTO
6379033,-1,1.0,NUCLEO_ROBUSTO
6379428,20,1.0,NUCLEO_ROBUSTO
6379431,20,1.0,NUCLEO_ROBUSTO
6379514,20,1.0,NUCLEO_ROBUSTO
6379587,-1,1.0,NUCLEO_ROBUSTO
6379672,20,1.0,NUCLEO_ROBUSTO
6379677,20,1.0,NUCLEO_ROBUSTO
6379890,-1,1.0,NUCLEO_ROBUSTO
6380160,-1,1.0,NUCLEO_ROBUSTO
6380163,20,1.0,NUCLEO_ROBUSTO
6380168,7,1.0,NUCLEO_ROBUSTO
6380169,7,1.0,NUCLEO_ROBUSTO
6380512,20,1.0,NUCLEO_ROBUSTO
6380632,20,1.0,NUCLEO_ROBUSTO
6380649,20,1.0,NUCLEO_ROBUSTO
6406035,20,1.0,NUCLEO_ROBUSTO
6406687,20,1.0,NUCLEO_ROBUSTO
6406688,20,1.0,NUCLEO_ROBUSTO
6406690,20,1.0,NUCLEO_ROBUSTO
6420413,20,1.0,NUCLEO_ROBUSTO
6421246,20,1.0,NUCLEO_ROBUSTO
6421247,20,1.0,NUCLEO_ROBUSTO
6421272,20,1.0,NUCLEO_ROBUSTO
6448327,20,1.0,NUCLEO_ROBUSTO
6448524,-1,1.0,NUCLEO_ROBUSTO
6448966,20,1.0,NUCLEO_ROBUSTO
6449158,20,1.0,NUCLEO_ROBUSTO
6449447,20,1.0,NUCLEO_ROBUSTO
6449931,-1,0.4,SENSIBLE
6450047,8,1.0,NUCLEO_ROBUSTO
6450073,-1,1.0,NUCLEO_ROBUSTO
6450161,20,1.0,NUCLEO_ROBUSTO
6450486,20,1.0,NUCLEO_ROBUSTO
6450917,20,1.0,NUCLEO_ROBUSTO
6450975,20,1.0,NUCLEO_ROBUSTO
6480466,20,1.0,NUCLEO_ROBUSTO
6504847,20,1.0,NUCLEO_ROBUSTO
6696221,12,0.6,ESTABLE
6700364,-1,0.8,NUCLEO_ROBUSTO
6710335,20,1.0,NUCLEO_ROBUSTO
6710338,20,1.0,NUCLEO_ROBUSTO
6711463,-1,1.0,NUCLEO_ROBUSTO
6717636,-1,0.8,NUCLEO_ROBUSTO
6731812,15,1.0,NUCLEO_ROBUSTO
6737166,20,1.0,NUCLEO_ROBUSTO
6737211,20,1.0,NUCLEO_ROBUSTO
6740703,20,1.0,NUCLEO_ROBUSTO
6755986,20,1.0,NUCLEO_ROBUSTO
6769254,-1,0.8,NUCLEO_ROBUSTO
6797745,20,1.0,NUCLEO_ROBUSTO
6804371,-1,0.8,NUCLEO_ROBUSTO
6804512,20,1.0,NUCLEO_ROBUSTO
6804939,-1,0.8,NUCLEO_ROBUSTO
6806955,20,1.0,NUCLEO_ROBUSTO
6807389,20,1.0,NUCLEO_ROBUSTO
6807746,20,1.0,NUCLEO_ROBUSTO
6856149,7,1.0,NUCLEO_ROBUSTO
6859807,-1,1.0,NUCLEO_ROBUSTO
6860983,20,1.0,NUCLEO_ROBUSTO
6861846,8,1.0,NUCLEO_ROBUSTO
6862584,20,1.0,NUCLEO_ROBUSTO
6874492,7,1.0,NUCLEO_ROBUSTO
6874618,7,1.0,NUCLEO_ROBUSTO
6875485,7,1.0,NUCLEO_ROBUSTO
6881586,20,1.0,NUCLEO_ROBUSTO
6882490,20,1.0,NUCLEO_ROBUSTO
6883489,20,1.0,NUCLEO_ROBUSTO
7445228,20,1.0,NUCLEO_ROBUSTO
7445236,20,1.0,NUCLEO_ROBUSTO
7445395,20,1.0,NUCLEO_ROBUSTO
7445413,20,1.0,NUCLEO_ROBUSTO
7445414,20,1.0,NUCLEO_ROBUSTO
7445428,20,1.0,NUCLEO_ROBUSTO
7445431,20,1.0,NUCLEO_ROBUSTO
7445647,20,1.0,NUCLEO_ROBUSTO
7445718,20,1.0,NUCLEO_ROBUSTO
7445782,20,1.0,NUCLEO_ROBUSTO
7445790,20,1.0,NUCLEO_ROBUSTO
7445868,20,1.0,NUCLEO_ROBUSTO
7445968,20,1.0,NUCLEO_ROBUSTO
7446015,20,1.0,NUCLEO_ROBUSTO
7446079,20,1.0,NUCLEO_ROBUSTO
7510119,3,0.4,SENSIBLE
7516344,-1,0.8,NUCLEO_ROBUSTO
7516455,18,1.0,NUCLEO_ROBUSTO
7516481,18,1.0,NUCLEO_ROBUSTO
7516498,18,0.6,ESTABLE
7516702,18,1.0,NUCLEO_ROBUSTO
7516720,18,1.0,NUCLEO_ROBUSTO
7516998,18,1.0,NUCLEO_ROBUSTO
7517006,18,1.0,NUCLEO_ROBUSTO
7517129,18,1.0,NUCLEO_ROBUSTO
7517255,6,0.8,NUCLEO_ROBUSTO
7517256,6,0.8,NUCLEO_ROBUSTO
7517346,9,1.0,NUCLEO_ROBUSTO
7517353,-1,1.0,NUCLEO_ROBUSTO
7517394,9,1.0,NUCLEO_ROBUSTO
7517401,-1,0.4,SENSIBLE
7517457,9,0.6,ESTABLE
7517492,12,1.0,NUCLEO_ROBUSTO
7517493,12,1.0,NUCLEO_ROBUSTO
7517494,12,1.0,NUCLEO_ROBUSTO
7517495,12,1.0,NUCLEO_ROBUSTO
7517553,5,1.0,NUCLEO_ROBUSTO
7517685,10,1.0,NUCLEO_ROBUSTO
7517686,10,1.0,NUCLEO_ROBUSTO
7517713,18,1.0,NUCLEO_ROBUSTO
7517807,9,0.6,ESTABLE
7517918,10,1.0,NUCLEO_ROBUSTO
7517920,10,1.0,NUCLEO_ROBUSTO
7517927,10,1.0,NUCLEO_ROBUSTO
7517929,10,1.0,NUCLEO_ROBUSTO
7517975,10,1.0,NUCLEO_ROBUSTO
7518002,6,0.8,NUCLEO_ROBUSTO
7518036,-1,0.4,SENSIBLE
7518048,9,1.0,NUCLEO_ROBUSTO
7518059,6,0.8,NUCLEO_ROBUSTO
7535771,12,1.0,NUCLEO_ROBUSTO
7535773,12,1.0,NUCLEO_ROBUSTO
7535780,12,1.0,NUCLEO_ROBUSTO
7535814,12,1.0,NUCLEO_ROBUSTO
7535815,12,1.0,NUCLEO_ROBUSTO
7535833,12,1.0,NUCLEO_ROBUSTO
7535937,12,1.0,NUCLEO_ROBUSTO
7535939,12,1.0,NUCLEO_ROBUSTO
7535941,12,1.0,NUCLEO_ROBUSTO
7535942,12,1.0,NUCLEO_ROBUSTO
7535943,12,1.0,NUCLEO_ROBUSTO
7535957,-1,1.0,NUCLEO_ROBUSTO
7535996,12,1.0,NUCLEO_ROBUSTO
7535998,12,1.0,NUCLEO_ROBUSTO
7536033,-1,1.0,NUCLEO_ROBUSTO
7536065,12,1.0,NUCLEO_ROBUSTO
7536104,-1,0.8,NUCLEO_ROBUSTO
7536111,12,1.0,NUCLEO_ROBUSTO
7536112,12,1.0,NUCLEO_ROBUSTO
7536113,12,1.0,NUCLEO_ROBUSTO
7536115,12,1.0,NUCLEO_ROBUSTO
7536120,12,1.0,NUCLEO_ROBUSTO
7536157,-1,0.8,NUCLEO_ROBUSTO
7536158,-1,0.8,NUCLEO_ROBUSTO
7536168,12,1.0,NUCLEO_ROBUSTO
7536177,12,1.0,NUCLEO_ROBUSTO
7536181,12,1.0,NUCLEO_ROBUSTO
7536226,12,1.0,NUCLEO_ROBUSTO
7536231,12,1.0,NUCLEO_ROBUSTO
7536246,-1,0.4,SENSIBLE
7536268,5,1.0,NUCLEO_ROBUSTO
7536276,5,1.0,NUCLEO_ROBUSTO
7536292,12,1.0,NUCLEO_ROBUSTO
7536345,12,1.0,NUCLEO_ROBUSTO
7536350,12,1.0,NUCLEO_ROBUSTO
7536351,12,1.0,NUCLEO_ROBUSTO
7536378,13,1.0,NUCLEO_ROBUSTO
7536382,13,1.0,NUCLEO_ROBUSTO
7536406,12,1.0,NUCLEO_ROBUSTO
7536435,13,1.0,NUCLEO_ROBUSTO
7536486,13,1.0,NUCLEO_ROBUSTO
7536501,13,1.0,NUCLEO_ROBUSTO
7536509,13,1.0,NUCLEO_ROBUSTO
7536532,12,1.0,NUCLEO_ROBUSTO
7536533,12,1.0,NUCLEO_ROBUSTO
7536534,12,1.0,NUCLEO_ROBUSTO
7536576,12,1.0,NUCLEO_ROBUSTO
7536580,12,1.0,NUCLEO_ROBUSTO
7536581,12,1.0,NUCLEO_ROBUSTO
7536585,12,1.0,NUCLEO_ROBUSTO
7536592,12,1.0,NUCLEO_ROBUSTO
7536594,12,1.0,NUCLEO_ROBUSTO
7536595,12,1.0,NUCLEO_ROBUSTO
7536610,-1,0.8,NUCLEO_ROBUSTO
7536635,12,1.0,NUCLEO_ROBUSTO
7536637,12,1.0,NUCLEO_ROBUSTO
7536638,12,1.0,NUCLEO_ROBUSTO
7536642,12,1.0,NUCLEO_ROBUSTO
7536651,12,1.0,NUCLEO_ROBUSTO
7536654,12,1.0,NUCLEO_ROBUSTO
7536658,12,1.0,NUCLEO_ROBUSTO
7546432,20,1.0,NUCLEO_ROBUSTO
7546547,20,1.0,NUCLEO_ROBUSTO
7546591,20,1.0,NUCLEO_ROBUSTO
7546650,20,1.0,NUCLEO_ROBUSTO
7546681,20,1.0,NUCLEO_ROBUSTO
7546737,20,1.0,NUCLEO_ROBUSTO
7546742,20,1.0,NUCLEO_ROBUSTO
7546753,20,1.0,NUCLEO_ROBUSTO
7546762,20,1.0,NUCLEO_ROBUSTO
7546949,20,1.0,NUCLEO_ROBUSTO
7547068,20,1.0,NUCLEO_ROBUSTO
7547072,20,1.0,NUCLEO_ROBUSTO
7547083,20,1.0,NUCLEO_ROBUSTO
7547174,20,1.0,NUCLEO_ROBUSTO
7547246,20,1.0,NUCLEO_ROBUSTO
7547260,20,1.0,NUCLEO_ROBUSTO
7547324,20,1.0,NUCLEO_ROBUSTO
7547417,20,1.0,NUCLEO_ROBUSTO
7547443,20,1.0,NUCLEO_ROBUSTO
7547473,20,1.0,NUCLEO_ROBUSTO
7547517,20,1.0,NUCLEO_ROBUSTO
7547577,20,1.0,NUCLEO_ROBUSTO
7547627,20,1.0,NUCLEO_ROBUSTO
7547726,20,1.0,NUCLEO_ROBUSTO
7547730,20,1.0,NUCLEO_ROBUSTO
7556740,20,1.0,NUCLEO_ROBUSTO
7568018,20,1.0,NUCLEO_ROBUSTO
7568026,20,1.0,NUCLEO_ROBUSTO
7568096,20,1.0,NUCLEO_ROBUSTO
7568138,20,1.0,NUCLEO_ROBUSTO
7568172,-1,0.8,NUCLEO_ROBUSTO
7568265,20,1.0,NUCLEO_ROBUSTO
7568273,-1,0.4,SENSIBLE
7568319,20,1.0,NUCLEO_ROBUSTO
7568321,20,1.0,NUCLEO_ROBUSTO
7568494,20,1.0,NUCLEO_ROBUSTO
7568502,20,1.0,NUCLEO_ROBUSTO
7568536,-1,0.4,SENSIBLE
7568632,-1,0.4,SENSIBLE
7568644,20,1.0,NUCLEO_ROBUSTO
7568712,20,1.0,NUCLEO_ROBUSTO
7568714,20,1.0,NUCLEO_ROBUSTO
7568773,20,1.0,NUCLEO_ROBUSTO
7568780,20,1.0,NUCLEO_ROBUSTO
7568824,-1,0.8,NUCLEO_ROBUSTO
7568837,20,1.0,NUCLEO_ROBUSTO
7568979,20,1.0,NUCLEO_ROBUSTO
7569057,-1,0.4,SENSIBLE
7569201,-1,1.0,NUCLEO_ROBUSTO
7569463,-1,0.4,SENSIBLE
7569628,20,1.0,NUCLEO_ROBUSTO
7569687,-1,1.0,NUCLEO_ROBUSTO
7569769,-1,0.4,SENSIBLE
7569772,-1,0.8,NUCLEO_ROBUSTO
7580473,1,0.8,NUCLEO_ROBUSTO
7582853,12,1.0,NUCLEO_ROBUSTO
7582869,12,1.0,NUCLEO_ROBUSTO
7582873,12,1.0,NUCLEO_ROBUSTO
7582879,-1,0.8,NUCLEO_ROBUSTO
7582895,15,1.0,NUCLEO_ROBUSTO
7583002,15,1.0,NUCLEO_ROBUSTO
7583005,15,1.0,NUCLEO_ROBUSTO
7583108,13,1.0,NUCLEO_ROBUSTO
7583122,15,1.0,NUCLEO_ROBUSTO
7583210,15,1.0,NUCLEO_ROBUSTO
7583214,13,1.0,NUCLEO_ROBUSTO
7583218,13,1.0,NUCLEO_ROBUSTO
7583224,13,1.0,NUCLEO_ROBUSTO
7583266,15,1.0,NUCLEO_ROBUSTO
7583341,13,1.0,NUCLEO_ROBUSTO
7583382,13,1.0,NUCLEO_ROBUSTO
7583401,-1,0.8,NUCLEO_ROBUSTO
7583436,13,1.0,NUCLEO_ROBUSTO
7583450,13,1.0,NUCLEO_ROBUSTO
7583500,13,1.0,NUCLEO_ROBUSTO
7583502,13,1.0,NUCLEO_ROBUSTO
7583511,13,1.0,NUCLEO_ROBUSTO
7583512,13,1.0,NUCLEO_ROBUSTO
7583516,13,1.0,NUCLEO_ROBUSTO
7583541,15,1.0,NUCLEO_ROBUSTO
7583600,15,1.0,NUCLEO_ROBUSTO
7583667,15,1.0,NUCLEO_ROBUSTO
7583687,13,1.0,NUCLEO_ROBUSTO
7583736,15,1.0,NUCLEO_ROBUSTO
7583770,15,1.0,NUCLEO_ROBUSTO
7595811,20,1.0,NUCLEO_ROBUSTO
7595950,20,1.0,NUCLEO_ROBUSTO
7596002,20,1.0,NUCLEO_ROBUSTO
7596023,20,1.0,NUCLEO_ROBUSTO
7596190,20,1.0,NUCLEO_ROBUSTO
7596300,20,1.0,NUCLEO_ROBUSTO
7596332,20,1.0,NUCLEO_ROBUSTO
7596382,20,1.0,NUCLEO_ROBUSTO
7596388,20,1.0,NUCLEO_ROBUSTO
7596395,20,1.0,NUCLEO_ROBUSTO
7596473,20,1.0,NUCLEO_ROBUSTO
7596556,20,1.0,NUCLEO_ROBUSTO
7596940,-1,1.0,NUCLEO_ROBUSTO
7597078,20,1.0,NUCLEO_ROBUSTO
7597315,20,1.0,NUCLEO_ROBUSTO
7597330,20,1.0,NUCLEO_ROBUSTO
7597335,20,1.0,NUCLEO_ROBUSTO
7597545,20,1.0,NUCLEO_ROBUSTO
7610535,20,1.0,NUCLEO_ROBUSTO
7742634,20,1.0,NUCLEO_ROBUSTO
7742787,8,1.0,NUCLEO_ROBUSTO
7742799,-1,1.0,NUCLEO_ROBUSTO
7742816,20,1.0,NUCLEO_ROBUSTO
7742857,8,1.0,NUCLEO_ROBUSTO
7742903,8,1.0,NUCLEO_ROBUSTO
7742904,8,1.0,NUCLEO_ROBUSTO
7742908,8,1.0,NUCLEO_ROBUSTO
7743007,-1,1.0,NUCLEO_ROBUSTO
7743034,19,1.0,NUCLEO_ROBUSTO
7752270,-1,1.0,NUCLEO_ROBUSTO
7752365,-1,0.8,NUCLEO_ROBUSTO
7752532,20,1.0,NUCLEO_ROBUSTO
7752643,-1,0.6,ESTABLE
7752698,14,0.4,SENSIBLE
7813020,20,1.0,NUCLEO_ROBUSTO
7813024,20,1.0,NUCLEO_ROBUSTO
7827386,20,1.0,NUCLEO_ROBUSTO
7827494,20,1.0,NUCLEO_ROBUSTO
7827567,20,1.0,NUCLEO_ROBUSTO
7827580,20,1.0,NUCLEO_ROBUSTO
7827617,20,1.0,NUCLEO_ROBUSTO
7827629,20,1.0,NUCLEO_ROBUSTO
7827668,20,1.0,NUCLEO_ROBUSTO
7827721,20,1.0,NUCLEO_ROBUSTO
7827907,20,1.0,NUCLEO_ROBUSTO
7827927,20,1.0,NUCLEO_ROBUSTO
7827947,20,1.0,NUCLEO_ROBUSTO
7828000,20,1.0,NUCLEO_ROBUSTO
7828002,20,1.0,NUCLEO_ROBUSTO
7828067,20,1.0,NUCLEO_ROBUSTO
7828675,1,1.0,NUCLEO_ROBUSTO
7852162,20,1.0,NUCLEO_ROBUSTO
7852222,20,1.0,NUCLEO_ROBUSTO
7852288,20,1.0,NUCLEO_ROBUSTO
7852340,20,1.0,NUCLEO_ROBUSTO
7852477,20,1.0,NUCLEO_ROBUSTO
7852543,20,1.0,NUCLEO_ROBUSTO
7852607,20,1.0,NUCLEO_ROBUSTO
7852794,20,1.0,NUCLEO_ROBUSTO
7852926,20,1.0,NUCLEO_ROBUSTO
7852975,20,1.0,NUCLEO_ROBUSTO
7872516,20,1.0,NUCLEO_ROBUSTO
7872777,7,1.0,NUCLEO_ROBUSTO
7873211,20,1.0,NUCLEO_ROBUSTO
7908976,20,1.0,NUCLEO_ROBUSTO
7909495,20,1.0,NUCLEO_ROBUSTO
7955999,-1,0.6,ESTABLE
7956275,20,1.0,NUCLEO_ROBUSTO
7956576,-1,1.0,NUCLEO_ROBUSTO
7956738,-1,0.4,SENSIBLE
7956747,-1,1.0,NUCLEO_ROBUSTO
7956873,11,1.0,NUCLEO_ROBUSTO
8076933,15,1.0,NUCLEO_ROBUSTO
8076984,-1,0.8,NUCLEO_ROBUSTO
8077012,-1,0.8,NUCLEO_ROBUSTO
8077015,17,1.0,NUCLEO_ROBUSTO
8077021,17,1.0,NUCLEO_ROBUSTO
8077093,15,1.0,NUCLEO_ROBUSTO
8077118,15,1.0,NUCLEO_ROBUSTO
8077137,-1,0.8,NUCLEO_ROBUSTO
8077253,16,1.0,NUCLEO_ROBUSTO
8077285,15,1.0,NUCLEO_ROBUSTO
8077287,15,1.0,NUCLEO_ROBUSTO
8077338,15,1.0,NUCLEO_ROBUSTO
8077339,15,1.0,NUCLEO_ROBUSTO
8077429,15,1.0,NUCLEO_ROBUSTO
8077463,15,1.0,NUCLEO_ROBUSTO
8077687,17,1.0,NUCLEO_ROBUSTO
8077703,15,1.0,NUCLEO_ROBUSTO
8081495,-1,1.0,NUCLEO_ROBUSTO
8081551,20,1.0,NUCLEO_ROBUSTO
8081579,11,1.0,NUCLEO_ROBUSTO
8081587,-1,0.6,ESTABLE
8081627,11,1.0,NUCLEO_ROBUSTO
8081736,11,1.0,NUCLEO_ROBUSTO
8081911,-1,1.0,NUCLEO_ROBUSTO
8082063,20,1.0,NUCLEO_ROBUSTO
8082186,20,1.0,NUCLEO_ROBUSTO
8082241,11,1.0,NUCLEO_ROBUSTO
8082242,20,1.0,NUCLEO_ROBUSTO
8088968,8,1.0,NUCLEO_ROBUSTO
8088969,8,1.0,NUCLEO_ROBUSTO
8088970,8,1.0,NUCLEO_ROBUSTO
8088976,7,1.0,NUCLEO_ROBUSTO
8088978,7,1.0,NUCLEO_ROBUSTO
8088992,-1,1.0,NUCLEO_ROBUSTO
8089023,8,1.0,NUCLEO_ROBUSTO
8089083,8,1.0,NUCLEO_ROBUSTO
8089131,8,1.0,NUCLEO_ROBUSTO
8089132,8,1.0,NUCLEO_ROBUSTO
8089208,8,1.0,NUCLEO_ROBUSTO
8089209,8,1.0,NUCLEO_ROBUSTO
8089214,8,1.0,NUCLEO_ROBUSTO
8089248,8,1.0,NUCLEO_ROBUSTO
8089254,8,1.0,NUCLEO_ROBUSTO
8089256,8,1.0,NUCLEO_ROBUSTO
8089261,8,1.0,NUCLEO_ROBUSTO
8089265,8,1.0,NUCLEO_ROBUSTO
8089267,8,1.0,NUCLEO_ROBUSTO
8089321,8,1.0,NUCLEO_ROBUSTO
8089324,8,1.0,NUCLEO_ROBUSTO
8089385,8,1.0,NUCLEO_ROBUSTO
8089409,7,1.0,NUCLEO_ROBUSTO
8089412,7,1.0,NUCLEO_ROBUSTO
8089442,8,1.0,NUCLEO_ROBUSTO
8089451,8,1.0,NUCLEO_ROBUSTO
8089452,8,1.0,NUCLEO_ROBUSTO
8089455,8,1.0,NUCLEO_ROBUSTO
8089467,7,1.0,NUCLEO_ROBUSTO
8089562,8,1.0,NUCLEO_ROBUSTO
8089578,7,1.0,NUCLEO_ROBUSTO
8089588,7,1.0,NUCLEO_ROBUSTO
8089749,7,1.0,NUCLEO_ROBUSTO
8089809,7,1.0,NUCLEO_ROBUSTO
8089889,19,1.0,NUCLEO_ROBUSTO
8089944,19,1.0,NUCLEO_ROBUSTO
8089945,19,1.0,NUCLEO_ROBUSTO
8089946,19,1.0,NUCLEO_ROBUSTO
8089947,19,1.0,NUCLEO_ROBUSTO
8089954,19,0.8,NUCLEO_ROBUSTO
8089962,19,0.8,NUCLEO_ROBUSTO
8089981,-1,1.0,NUCLEO_ROBUSTO
8090013,19,0.8,NUCLEO_ROBUSTO
8090064,19,0.8,NUCLEO_ROBUSTO
8090357,19,1.0,NUCLEO_ROBUSTO
8090358,19,1.0,NUCLEO_ROBUSTO
8090359,19,1.0,NUCLEO_ROBUSTO
8090431,19,1.0,NUCLEO_ROBUSTO
8090455,8,1.0,NUCLEO_ROBUSTO
8090456,8,1.0,NUCLEO_ROBUSTO
8090459,8,1.0,NUCLEO_ROBUSTO
8090460,8,1.0,NUCLEO_ROBUSTO
8090510,8,1.0,NUCLEO_ROBUSTO
8090530,19,1.0,NUCLEO_ROBUSTO
8090552,14,0.4,SENSIBLE
8090610,-1,0.6,ESTABLE
8090624,8,1.0,NUCLEO_ROBUSTO
8090625,8,1.0,NUCLEO_ROBUSTO
8090628,8,1.0,NUCLEO_ROBUSTO
8090633,8,1.0,NUCLEO_ROBUSTO
8090635,8,1.0,NUCLEO_ROBUSTO
8090636,8,1.0,NUCLEO_ROBUSTO
8090643,19,1.0,NUCLEO_ROBUSTO
8105627,-1,0.4,SENSIBLE
8105772,20,1.0,NUCLEO_ROBUSTO
8105786,20,1.0,NUCLEO_ROBUSTO
8105795,-1,0.8,NUCLEO_ROBUSTO
8105878,20,1.0,NUCLEO_ROBUSTO
8105924,-1,0.8,NUCLEO_ROBUSTO
8106106,20,1.0,NUCLEO_ROBUSTO
8106163,20,1.0,NUCLEO_ROBUSTO
8106166,20,1.0,NUCLEO_ROBUSTO
8106247,20,1.0,NUCLEO_ROBUSTO
8106292,20,1.0,NUCLEO_ROBUSTO
8106306,20,1.0,NUCLEO_ROBUSTO
8106336,-1,1.0,NUCLEO_ROBUSTO
8106379,20,1.0,NUCLEO_ROBUSTO
8106424,20,1.0,NUCLEO_ROBUSTO
8106485,20,1.0,NUCLEO_ROBUSTO
8106555,20,1.0,NUCLEO_ROBUSTO
8111497,18,1.0,NUCLEO_ROBUSTO
8111822,13,1.0,NUCLEO_ROBUSTO
8111871,15,1.0,NUCLEO_ROBUSTO
8111875,-1,0.8,NUCLEO_ROBUSTO
8111993,7,1.0,NUCLEO_ROBUSTO
8118934,8,1.0,NUCLEO_ROBUSTO
8118947,19,0.8,NUCLEO_ROBUSTO
8118983,14,0.4,SENSIBLE
8118985,14,0.4,SENSIBLE
8118994,8,1.0,NUCLEO_ROBUSTO
8119047,8,1.0,NUCLEO_ROBUSTO
8119071,19,1.0,NUCLEO_ROBUSTO
8119089,20,1.0,NUCLEO_ROBUSTO
8119338,20,1.0,NUCLEO_ROBUSTO
8119360,-1,1.0,NUCLEO_ROBUSTO
8119393,-1,0.8,NUCLEO_ROBUSTO
8119457,19,0.8,NUCLEO_ROBUSTO
8119582,16,0.8,NUCLEO_ROBUSTO
8119683,-1,0.8,NUCLEO_ROBUSTO
8119853,-1,0.8,NUCLEO_ROBUSTO
8119947,15,1.0,NUCLEO_ROBUSTO
8119994,16,1.0,NUCLEO_ROBUSTO
8120050,16,1.0,NUCLEO_ROBUSTO
8120060,-1,0.8,NUCLEO_ROBUSTO
8120107,16,1.0,NUCLEO_ROBUSTO
8120125,15,0.6,ESTABLE
8120153,-1,0.8,NUCLEO_ROBUSTO
8120209,-1,0.8,NUCLEO_ROBUSTO
8120284,16,1.0,NUCLEO_ROBUSTO
8120398,16,1.0,NUCLEO_ROBUSTO
8120474,-1,0.8,NUCLEO_ROBUSTO
8120482,-1,0.8,NUCLEO_ROBUSTO
8120601,7,1.0,NUCLEO_ROBUSTO
8120898,7,1.0,NUCLEO_ROBUSTO
8121067,7,1.0,NUCLEO_ROBUSTO
8121076,7,1.0,NUCLEO_ROBUSTO
8121090,-1,1.0,NUCLEO_ROBUSTO
8121139,-1,1.0,NUCLEO_ROBUSTO
8121190,-1,1.0,NUCLEO_ROBUSTO
8148498,-1,0.8,NUCLEO_ROBUSTO
8148986,20,1.0,NUCLEO_ROBUSTO
8149056,20,1.0,NUCLEO_ROBUSTO
8149232,20,1.0,NUCLEO_ROBUSTO
8149794,20,1.0,NUCLEO_ROBUSTO
8149795,20,1.0,NUCLEO_ROBUSTO
8149798,20,1.0,NUCLEO_ROBUSTO
8150100,20,1.0,NUCLEO_ROBUSTO
8150148,20,1.0,NUCLEO_ROBUSTO
8150171,20,1.0,NUCLEO_ROBUSTO
8150174,20,1.0,NUCLEO_ROBUSTO
8150205,20,1.0,NUCLEO_ROBUSTO
8150338,20,1.0,NUCLEO_ROBUSTO
8150364,20,1.0,NUCLEO_ROBUSTO
8150426,20,1.0,NUCLEO_ROBUSTO
8150519,20,1.0,NUCLEO_ROBUSTO
8150553,20,1.0,NUCLEO_ROBUSTO
8150576,0,1.0,NUCLEO_ROBUSTO
8150578,0,1.0,NUCLEO_ROBUSTO
8150580,0,1.0,NUCLEO_ROBUSTO
8150626,20,1.0,NUCLEO_ROBUSTO
8150740,20,1.0,NUCLEO_ROBUSTO
8150748,20,1.0,NUCLEO_ROBUSTO
8151346,0,1.0,NUCLEO_ROBUSTO
8151347,0,1.0,NUCLEO_ROBUSTO
8151348,0,1.0,NUCLEO_ROBUSTO
8151349,0,1.0,NUCLEO_ROBUSTO
8151350,0,1.0,NUCLEO_ROBUSTO
8151351,0,1.0,NUCLEO_ROBUSTO
8151353,0,1.0,NUCLEO_ROBUSTO
8151354,0,1.0,NUCLEO_ROBUSTO
8151355,0,1.0,NUCLEO_ROBUSTO
8151357,0,1.0,NUCLEO_ROBUSTO
8151434,20,1.0,NUCLEO_ROBUSTO
8151442,20,1.0,NUCLEO_ROBUSTO
8154728,19,0.8,NUCLEO_ROBUSTO
8154734,-1,0.8,NUCLEO_ROBUSTO
8154789,-1,0.8,NUCLEO_ROBUSTO
8154846,-1,0.8,NUCLEO_ROBUSTO
8154979,-1,1.0,NUCLEO_ROBUSTO
8154989,-1,1.0,NUCLEO_ROBUSTO
8154990,-1,1.0,NUCLEO_ROBUSTO
8155017,-1,0.8,NUCLEO_ROBUSTO
8155020,-1,1.0,NUCLEO_ROBUSTO
8155042,-1,0.8,NUCLEO_ROBUSTO
8155048,-1,1.0,NUCLEO_ROBUSTO
8155079,-1,0.8,NUCLEO_ROBUSTO
8155162,-1,1.0,NUCLEO_ROBUSTO
8173241,20,1.0,NUCLEO_ROBUSTO
8173426,20,1.0,NUCLEO_ROBUSTO
8173750,-1,0.4,SENSIBLE
8173861,20,1.0,NUCLEO_ROBUSTO
8173996,20,1.0,NUCLEO_ROBUSTO
8181639,20,1.0,NUCLEO_ROBUSTO
8181694,20,1.0,NUCLEO_ROBUSTO
8181844,20,1.0,NUCLEO_ROBUSTO
8181918,20,1.0,NUCLEO_ROBUSTO
8181942,20,1.0,NUCLEO_ROBUSTO
8182131,20,1.0,NUCLEO_ROBUSTO
8182220,20,1.0,NUCLEO_ROBUSTO
8182261,-1,0.8,NUCLEO_ROBUSTO
8186296,20,1.0,NUCLEO_ROBUSTO
8186355,20,1.0,NUCLEO_ROBUSTO
8186398,20,1.0,NUCLEO_ROBUSTO
8186428,20,1.0,NUCLEO_ROBUSTO
8186502,20,1.0,NUCLEO_ROBUSTO
8186941,20,1.0,NUCLEO_ROBUSTO
8186959,20,1.0,NUCLEO_ROBUSTO
8186990,20,1.0,NUCLEO_ROBUSTO
8187139,20,1.0,NUCLEO_ROBUSTO
8187147,20,1.0,NUCLEO_ROBUSTO
8187196,20,1.0,NUCLEO_ROBUSTO
8187202,20,1.0,NUCLEO_ROBUSTO
8187317,20,1.0,NUCLEO_ROBUSTO
8187342,20,1.0,NUCLEO_ROBUSTO
8187417,20,1.0,NUCLEO_ROBUSTO
8187474,20,1.0,NUCLEO_ROBUSTO
8187588,20,1.0,NUCLEO_ROBUSTO
8187708,20,1.0,NUCLEO_ROBUSTO
8187716,20,1.0,NUCLEO_ROBUSTO
8213413,0,1.0,NUCLEO_ROBUSTO
8213414,0,1.0,NUCLEO_ROBUSTO
8213418,0,1.0,NUCLEO_ROBUSTO
8213422,0,1.0,NUCLEO_ROBUSTO
8213431,20,1.0,NUCLEO_ROBUSTO
8213484,20,1.0,NUCLEO_ROBUSTO
8213630,20,1.0,NUCLEO_ROBUSTO
8213656,20,1.0,NUCLEO_ROBUSTO
8213812,20,1.0,NUCLEO_ROBUSTO
8213927,20,1.0,NUCLEO_ROBUSTO
8213973,20,1.0,NUCLEO_ROBUSTO
8214050,20,1.0,NUCLEO_ROBUSTO
8214092,20,1.0,NUCLEO_ROBUSTO
8214154,20,1.0,NUCLEO_ROBUSTO
8214215,-1,0.4,SENSIBLE
8214241,-1,0.4,SENSIBLE
8214349,20,1.0,NUCLEO_ROBUSTO
8214389,20,1.0,NUCLEO_ROBUSTO
8214544,20,1.0,NUCLEO_ROBUSTO
8214548,20,1.0,NUCLEO_ROBUSTO
8214557,20,1.0,NUCLEO_ROBUSTO
8214594,20,1.0,NUCLEO_ROBUSTO
8214604,20,1.0,NUCLEO_ROBUSTO
8214726,20,1.0,NUCLEO_ROBUSTO
8214747,20,1.0,NUCLEO_ROBUSTO
8214788,20,1.0,NUCLEO_ROBUSTO
8214876,20,1.0,NUCLEO_ROBUSTO
8215177,20,1.0,NUCLEO_ROBUSTO
8221991,-1,1.0,NUCLEO_ROBUSTO
8234260,-1,1.0,NUCLEO_ROBUSTO
8234288,20,1.0,NUCLEO_ROBUSTO
8234481,20,1.0,NUCLEO_ROBUSTO
8234493,20,1.0,NUCLEO_ROBUSTO
8234558,20,1.0,NUCLEO_ROBUSTO
8234648,20,1.0,NUCLEO_ROBUSTO
8234730,20,1.0,NUCLEO_ROBUSTO
8234775,20,1.0,NUCLEO_ROBUSTO
8234818,20,1.0,NUCLEO_ROBUSTO
8234829,20,1.0,NUCLEO_ROBUSTO
8234944,20,1.0,NUCLEO_ROBUSTO
8235083,20,1.0,NUCLEO_ROBUSTO
8235120,20,1.0,NUCLEO_ROBUSTO
8235175,20,1.0,NUCLEO_ROBUSTO
8235201,20,1.0,NUCLEO_ROBUSTO
8235221,20,1.0,NUCLEO_ROBUSTO
8235239,20,1.0,NUCLEO_ROBUSTO
8235288,20,1.0,NUCLEO_ROBUSTO
8235336,20,1.0,NUCLEO_ROBUSTO
8271528,8,1.0,NUCLEO_ROBUSTO
8271596,12,1.0,NUCLEO_ROBUSTO
8271601,12,1.0,NUCLEO_ROBUSTO
8271627,16,1.0,NUCLEO_ROBUSTO
8271635,16,1.0,NUCLEO_ROBUSTO
8271641,7,1.0,NUCLEO_ROBUSTO
8271651,12,1.0,NUCLEO_ROBUSTO
8271663,12,1.0,NUCLEO_ROBUSTO
8271664,12,1.0,NUCLEO_ROBUSTO
8271665,12,1.0,NUCLEO_ROBUSTO
8271711,12,1.0,NUCLEO_ROBUSTO
8271808,-1,0.6,ESTABLE
8271822,7,1.0,NUCLEO_ROBUSTO
8271825,7,1.0,NUCLEO_ROBUSTO
8271868,7,1.0,NUCLEO_ROBUSTO
8271908,-1,0.4,SENSIBLE
8271912,15,0.6,ESTABLE
8271948,13,1.0,NUCLEO_ROBUSTO
8272002,-1,0.8,NUCLEO_ROBUSTO
8272057,7,1.0,NUCLEO_ROBUSTO
8272064,13,1.0,NUCLEO_ROBUSTO
8272142,15,1.0,NUCLEO_ROBUSTO
8272237,13,1.0,NUCLEO_ROBUSTO
8279469,20,1.0,NUCLEO_ROBUSTO
8279928,7,1.0,NUCLEO_ROBUSTO
8284977,20,1.0,NUCLEO_ROBUSTO
8285194,20,1.0,NUCLEO_ROBUSTO
8285287,20,1.0,NUCLEO_ROBUSTO
8296728,20,1.0,NUCLEO_ROBUSTO
8307135,20,1.0,NUCLEO_ROBUSTO
8307253,20,1.0,NUCLEO_ROBUSTO
8307337,20,1.0,NUCLEO_ROBUSTO
8307391,-1,0.6,ESTABLE
8307573,-1,0.4,SENSIBLE
8307638,20,1.0,NUCLEO_ROBUSTO
8307829,20,1.0,NUCLEO_ROBUSTO
8307836,20,1.0,NUCLEO_ROBUSTO
8307875,20,1.0,NUCLEO_ROBUSTO
8307881,20,1.0,NUCLEO_ROBUSTO
8308071,20,1.0,NUCLEO_ROBUSTO
8308147,20,1.0,NUCLEO_ROBUSTO
8308184,20,1.0,NUCLEO_ROBUSTO
8308308,20,1.0,NUCLEO_ROBUSTO
8308315,20,1.0,NUCLEO_ROBUSTO
8308321,20,1.0,NUCLEO_ROBUSTO
8308330,20,1.0,NUCLEO_ROBUSTO
8308334,20,1.0,NUCLEO_ROBUSTO
8308389,20,1.0,NUCLEO_ROBUSTO
8308448,20,1.0,NUCLEO_ROBUSTO
8308579,20,1.0,NUCLEO_ROBUSTO
8308596,20,1.0,NUCLEO_ROBUSTO
8308817,20,1.0,NUCLEO_ROBUSTO
8308917,20,1.0,NUCLEO_ROBUSTO
8308941,20,1.0,NUCLEO_ROBUSTO
8323039,18,1.0,NUCLEO_ROBUSTO
8324384,20,1.0,NUCLEO_ROBUSTO
8324508,20,1.0,NUCLEO_ROBUSTO
8324552,21,1.0,NUCLEO_ROBUSTO
8324571,20,1.0,NUCLEO_ROBUSTO
8324668,20,1.0,NUCLEO_ROBUSTO
8324880,20,1.0,NUCLEO_ROBUSTO
8324882,20,1.0,NUCLEO_ROBUSTO
8325068,21,1.0,NUCLEO_ROBUSTO
8325090,20,1.0,NUCLEO_ROBUSTO
8325180,20,1.0,NUCLEO_ROBUSTO
8325309,20,1.0,NUCLEO_ROBUSTO
8325392,20,1.0,NUCLEO_ROBUSTO
8325410,20,1.0,NUCLEO_ROBUSTO
8325427,20,1.0,NUCLEO_ROBUSTO
8325435,20,1.0,NUCLEO_ROBUSTO
8325588,20,1.0,NUCLEO_ROBUSTO
8325658,20,1.0,NUCLEO_ROBUSTO
8325842,20,1.0,NUCLEO_ROBUSTO
8325911,20,1.0,NUCLEO_ROBUSTO
8325987,20,1.0,NUCLEO_ROBUSTO
8326061,20,1.0,NUCLEO_ROBUSTO
8327943,20,1.0,NUCLEO_ROBUSTO
8328061,-1,1.0,NUCLEO_ROBUSTO
8328063,-1,1.0,NUCLEO_ROBUSTO
8328269,20,1.0,NUCLEO_ROBUSTO
8328626,20,1.0,NUCLEO_ROBUSTO
8328866,20,1.0,NUCLEO_ROBUSTO
8328903,20,1.0,NUCLEO_ROBUSTO
8328966,20,1.0,NUCLEO_ROBUSTO
8328970,20,1.0,NUCLEO_ROBUSTO
8329012,20,1.0,NUCLEO_ROBUSTO
8329145,20,1.0,NUCLEO_ROBUSTO
8329184,20,1.0,NUCLEO_ROBUSTO
8329237,20,1.0,NUCLEO_ROBUSTO
8329286,20,1.0,NUCLEO_ROBUSTO
8329328,20,1.0,NUCLEO_ROBUSTO
8340644,20,1.0,NUCLEO_ROBUSTO
8341007,20,1.0,NUCLEO_ROBUSTO
8341063,20,1.0,NUCLEO_ROBUSTO
8341197,20,1.0,NUCLEO_ROBUSTO
8341229,20,1.0,NUCLEO_ROBUSTO
8341296,20,1.0,NUCLEO_ROBUSTO
8341443,20,1.0,NUCLEO_ROBUSTO
8341444,20,1.0,NUCLEO_ROBUSTO
8341590,20,1.0,NUCLEO_ROBUSTO
8341641,20,1.0,NUCLEO_ROBUSTO
8341674,20,1.0,NUCLEO_ROBUSTO
8341729,20,1.0,NUCLEO_ROBUSTO
8341845,20,1.0,NUCLEO_ROBUSTO
8423254,20,1.0,NUCLEO_ROBUSTO
8423406,20,1.0,NUCLEO_ROBUSTO
8423566,20,1.0,NUCLEO_ROBUSTO
8423631,-1,0.8,NUCLEO_ROBUSTO
8423906,20,1.0,NUCLEO_ROBUSTO
8424072,20,1.0,NUCLEO_ROBUSTO
8468096,20,1.0,NUCLEO_ROBUSTO
8486663,20,1.0,NUCLEO_ROBUSTO
8493130,20,1.0,NUCLEO_ROBUSTO
8514390,20,1.0,NUCLEO_ROBUSTO
8544909,20,1.0,NUCLEO_ROBUSTO
8545073,20,1.0,NUCLEO_ROBUSTO
8551205,20,1.0,NUCLEO_ROBUSTO
8558680,9,1.0,NUCLEO_ROBUSTO
8558730,-1,1.0,NUCLEO_ROBUSTO
8558799,12,1.0,NUCLEO_ROBUSTO
8558800,12,1.0,NUCLEO_ROBUSTO
8558845,12,1.0,NUCLEO_ROBUSTO
8558846,12,1.0,NUCLEO_ROBUSTO
8558851,12,1.0,NUCLEO_ROBUSTO
8559020,-1,1.0,NUCLEO_ROBUSTO
8559050,3,0.4,SENSIBLE
8559079,13,1.0,NUCLEO_ROBUSTO
8559241,-1,0.8,NUCLEO_ROBUSTO
8559469,-1,0.6,ESTABLE
8559472,8,1.0,NUCLEO_ROBUSTO
8559534,19,1.0,NUCLEO_ROBUSTO
8559539,19,1.0,NUCLEO_ROBUSTO
8559575,8,1.0,NUCLEO_ROBUSTO
8559579,8,1.0,NUCLEO_ROBUSTO
8559589,8,1.0,NUCLEO_ROBUSTO
8559600,19,1.0,NUCLEO_ROBUSTO
8559602,19,1.0,NUCLEO_ROBUSTO
8559650,19,1.0,NUCLEO_ROBUSTO
8559701,7,1.0,NUCLEO_ROBUSTO
8559733,-1,0.6,ESTABLE
8560086,4,0.6,ESTABLE
8560185,16,1.0,NUCLEO_ROBUSTO
8560193,-1,0.8,NUCLEO_ROBUSTO
8565209,20,1.0,NUCLEO_ROBUSTO
8591449,20,1.0,NUCLEO_ROBUSTO
8591497,20,1.0,NUCLEO_ROBUSTO
8591506,20,1.0,NUCLEO_ROBUSTO
8591599,20,1.0,NUCLEO_ROBUSTO
8591704,14,0.4,SENSIBLE
8591721,-1,0.8,NUCLEO_ROBUSTO
8591740,20,1.0,NUCLEO_ROBUSTO
8591905,-1,0.8,NUCLEO_ROBUSTO
8592014,20,1.0,NUCLEO_ROBUSTO
8592143,20,1.0,NUCLEO_ROBUSTO
8592165,7,1.0,NUCLEO_ROBUSTO
8592241,-1,0.8,NUCLEO_ROBUSTO
8592476,-1,0.8,NUCLEO_ROBUSTO
8592566,20,1.0,NUCLEO_ROBUSTO
8592581,-1,1.0,NUCLEO_ROBUSTO
8592582,-1,1.0,NUCLEO_ROBUSTO
8592721,20,1.0,NUCLEO_ROBUSTO
8592814,-1,1.0,NUCLEO_ROBUSTO
8593046,20,1.0,NUCLEO_ROBUSTO
8617830,20,1.0,NUCLEO_ROBUSTO
8628377,20,1.0,NUCLEO_ROBUSTO
8628703,20,1.0,NUCLEO_ROBUSTO
8632816,20,1.0,NUCLEO_ROBUSTO
8656983,3,0.4,SENSIBLE
8656998,20,1.0,NUCLEO_ROBUSTO
8657112,20,1.0,NUCLEO_ROBUSTO
8657113,20,1.0,NUCLEO_ROBUSTO
8657219,-1,0.4,SENSIBLE
8658050,20,1.0,NUCLEO_ROBUSTO
8658272,20,1.0,NUCLEO_ROBUSTO
8658345,20,1.0,NUCLEO_ROBUSTO
8658409,-1,0.4,SENSIBLE
8658415,-1,0.8,NUCLEO_ROBUSTO
8658463,20,1.0,NUCLEO_ROBUSTO
8658661,11,1.0,NUCLEO_ROBUSTO
8666098,-1,1.0,NUCLEO_ROBUSTO
8666104,12,1.0,NUCLEO_ROBUSTO
8666139,18,1.0,NUCLEO_ROBUSTO
8666157,13,1.0,NUCLEO_ROBUSTO
8666237,18,1.0,NUCLEO_ROBUSTO
8666254,12,1.0,NUCLEO_ROBUSTO
8666502,9,1.0,NUCLEO_ROBUSTO
8666708,-1,1.0,NUCLEO_ROBUSTO
8666908,-1,1.0,NUCLEO_ROBUSTO
8691868,9,1.0,NUCLEO_ROBUSTO
8691880,20,1.0,NUCLEO_ROBUSTO
8692000,-1,0.8,NUCLEO_ROBUSTO
8692051,8,1.0,NUCLEO_ROBUSTO
8695352,20,1.0,NUCLEO_ROBUSTO
8703395,20,1.0,NUCLEO_ROBUSTO
8703733,21,1.0,NUCLEO_ROBUSTO
8703951,20,1.0,NUCLEO_ROBUSTO
8704023,-1,0.8,NUCLEO_ROBUSTO
8704163,20,1.0,NUCLEO_ROBUSTO
8718752,8,1.0,NUCLEO_ROBUSTO
8724427,20,1.0,NUCLEO_ROBUSTO
8724577,20,1.0,NUCLEO_ROBUSTO
8724591,20,1.0,NUCLEO_ROBUSTO
8724658,20,1.0,NUCLEO_ROBUSTO
8724791,20,1.0,NUCLEO_ROBUSTO
8724860,20,1.0,NUCLEO_ROBUSTO
8724894,20,1.0,NUCLEO_ROBUSTO
8724933,20,1.0,NUCLEO_ROBUSTO
8724993,20,1.0,NUCLEO_ROBUSTO
8725042,-1,0.4,SENSIBLE
8743027,20,1.0,NUCLEO_ROBUSTO
8743151,20,1.0,NUCLEO_ROBUSTO
8743306,20,1.0,NUCLEO_ROBUSTO
8743448,0,1.0,NUCLEO_ROBUSTO
8743449,20,1.0,NUCLEO_ROBUSTO
8743460,20,1.0,NUCLEO_ROBUSTO
8743587,20,1.0,NUCLEO_ROBUSTO
8743613,20,1.0,NUCLEO_ROBUSTO
8743702,20,1.0,NUCLEO_ROBUSTO
8743791,20,1.0,NUCLEO_ROBUSTO
8743798,20,1.0,NUCLEO_ROBUSTO
8743963,20,1.0,NUCLEO_ROBUSTO
8744194,20,1.0,NUCLEO_ROBUSTO
8744245,20,1.0,NUCLEO_ROBUSTO
8744610,11,1.0,NUCLEO_ROBUSTO
8773802,20,1.0,NUCLEO_ROBUSTO
8773945,20,1.0,NUCLEO_ROBUSTO
8774011,20,1.0,NUCLEO_ROBUSTO
8774079,20,1.0,NUCLEO_ROBUSTO
8774133,-1,0.8,NUCLEO_ROBUSTO
8774144,20,1.0,NUCLEO_ROBUSTO
8774249,-1,1.0,NUCLEO_ROBUSTO
8774453,20,1.0,NUCLEO_ROBUSTO
8774566,20,1.0,NUCLEO_ROBUSTO
8774605,20,1.0,NUCLEO_ROBUSTO
8776413,20,1.0,NUCLEO_ROBUSTO
8776415,20,1.0,NUCLEO_ROBUSTO
8776420,20,1.0,NUCLEO_ROBUSTO
8776470,20,1.0,NUCLEO_ROBUSTO
8776533,20,1.0,NUCLEO_ROBUSTO
8776569,20,1.0,NUCLEO_ROBUSTO
8776735,13,1.0,NUCLEO_ROBUSTO
8776765,19,1.0,NUCLEO_ROBUSTO
8776810,19,1.0,NUCLEO_ROBUSTO
8776861,8,1.0,NUCLEO_ROBUSTO
8776893,-1,0.8,NUCLEO_ROBUSTO
8776900,8,1.0,NUCLEO_ROBUSTO
8776906,8,1.0,NUCLEO_ROBUSTO
8776952,8,1.0,NUCLEO_ROBUSTO
8776988,7,1.0,NUCLEO_ROBUSTO
8777005,8,1.0,NUCLEO_ROBUSTO
8777006,8,1.0,NUCLEO_ROBUSTO
8777012,8,1.0,NUCLEO_ROBUSTO
8777150,15,1.0,NUCLEO_ROBUSTO
8777183,12,1.0,NUCLEO_ROBUSTO
8777188,12,1.0,NUCLEO_ROBUSTO
8777369,19,0.8,NUCLEO_ROBUSTO
8777489,13,1.0,NUCLEO_ROBUSTO
8777499,15,1.0,NUCLEO_ROBUSTO
8777500,15,1.0,NUCLEO_ROBUSTO
8777526,8,1.0,NUCLEO_ROBUSTO
8790876,-1,0.4,SENSIBLE
8791083,20,1.0,NUCLEO_ROBUSTO
8791090,20,1.0,NUCLEO_ROBUSTO
8791094,20,1.0,NUCLEO_ROBUSTO
8791112,20,1.0,NUCLEO_ROBUSTO
8791295,20,1.0,NUCLEO_ROBUSTO
8791344,20,1.0,NUCLEO_ROBUSTO
8791528,20,1.0,NUCLEO_ROBUSTO
8791693,20,1.0,NUCLEO_ROBUSTO
8791723,20,1.0,NUCLEO_ROBUSTO
8791790,20,1.0,NUCLEO_ROBUSTO
8792030,20,1.0,NUCLEO_ROBUSTO
8792059,20,1.0,NUCLEO_ROBUSTO
8792147,20,1.0,NUCLEO_ROBUSTO
8800523,20,1.0,NUCLEO_ROBUSTO
8800585,20,1.0,NUCLEO_ROBUSTO
8800796,20,1.0,NUCLEO_ROBUSTO
8800839,20,1.0,NUCLEO_ROBUSTO
8800849,20,1.0,NUCLEO_ROBUSTO
8800985,20,1.0,NUCLEO_ROBUSTO
8801109,20,1.0,NUCLEO_ROBUSTO
8801342,20,1.0,NUCLEO_ROBUSTO
8801416,20,1.0,NUCLEO_ROBUSTO
8801458,20,1.0,NUCLEO_ROBUSTO
8801480,20,1.0,NUCLEO_ROBUSTO
8801533,20,1.0,NUCLEO_ROBUSTO
8801667,-1,1.0,NUCLEO_ROBUSTO
8801682,20,1.0,NUCLEO_ROBUSTO
8802428,20,1.0,NUCLEO_ROBUSTO
8803664,20,1.0,NUCLEO_ROBUSTO
8803988,7,1.0,NUCLEO_ROBUSTO
8804064,20,1.0,NUCLEO_ROBUSTO
8804107,20,1.0,NUCLEO_ROBUSTO
8804116,20,1.0,NUCLEO_ROBUSTO
8804135,14,0.4,SENSIBLE
8810993,-1,0.4,SENSIBLE
8811012,20,1.0,NUCLEO_ROBUSTO
8811050,-1,1.0,NUCLEO_ROBUSTO
8811230,20,1.0,NUCLEO_ROBUSTO
8811239,20,1.0,NUCLEO_ROBUSTO
8811294,20,1.0,NUCLEO_ROBUSTO
8811303,20,1.0,NUCLEO_ROBUSTO
8811399,20,1.0,NUCLEO_ROBUSTO
8811601,20,1.0,NUCLEO_ROBUSTO
8811660,20,1.0,NUCLEO_ROBUSTO
8811687,20,1.0,NUCLEO_ROBUSTO
8811746,-1,0.8,NUCLEO_ROBUSTO
8812076,21,1.0,NUCLEO_ROBUSTO
8812179,20,1.0,NUCLEO_ROBUSTO
8812291,20,1.0,NUCLEO_ROBUSTO
8825626,20,1.0,NUCLEO_ROBUSTO
8825757,20,1.0,NUCLEO_ROBUSTO
8825776,20,1.0,NUCLEO_ROBUSTO
8825823,20,1.0,NUCLEO_ROBUSTO
8825889,20,1.0,NUCLEO_ROBUSTO
8825928,20,1.0,NUCLEO_ROBUSTO
8825935,20,1.0,NUCLEO_ROBUSTO
8825993,20,1.0,NUCLEO_ROBUSTO
8825995,20,1.0,NUCLEO_ROBUSTO
8826102,20,1.0,NUCLEO_ROBUSTO
8826207,20,1.0,NUCLEO_ROBUSTO
8826209,20,1.0,NUCLEO_ROBUSTO
8826253,20,1.0,NUCLEO_ROBUSTO
8826387,20,1.0,NUCLEO_ROBUSTO
8826391,20,1.0,NUCLEO_ROBUSTO
8826447,20,1.0,NUCLEO_ROBUSTO
8826501,20,1.0,NUCLEO_ROBUSTO
8826682,11,1.0,NUCLEO_ROBUSTO
8826802,11,1.0,NUCLEO_ROBUSTO
8826803,11,1.0,NUCLEO_ROBUSTO
8826865,-1,0.6,ESTABLE
8826922,-1,0.6,ESTABLE
8826969,20,1.0,NUCLEO_ROBUSTO
8827010,20,1.0,NUCLEO_ROBUSTO
8827022,20,1.0,NUCLEO_ROBUSTO
8827028,20,1.0,NUCLEO_ROBUSTO
8827243,20,1.0,NUCLEO_ROBUSTO
8827318,20,1.0,NUCLEO_ROBUSTO
8827378,20,1.0,NUCLEO_ROBUSTO
8849063,20,1.0,NUCLEO_ROBUSTO
8849064,20,1.0,NUCLEO_ROBUSTO
8849159,20,1.0,NUCLEO_ROBUSTO
8849223,20,1.0,NUCLEO_ROBUSTO
8849389,20,1.0,NUCLEO_ROBUSTO
8849444,20,0.6,ESTABLE
8857556,20,1.0,NUCLEO_ROBUSTO
8857823,9,1.0,NUCLEO_ROBUSTO
8857958,20,1.0,NUCLEO_ROBUSTO
8869455,20,1.0,NUCLEO_ROBUSTO
8869561,20,1.0,NUCLEO_ROBUSTO
8869591,20,1.0,NUCLEO_ROBUSTO
8882000,-1,1.0,NUCLEO_ROBUSTO
8895234,20,1.0,NUCLEO_ROBUSTO
8930032,1,0.8,NUCLEO_ROBUSTO
8937072,20,1.0,NUCLEO_ROBUSTO
8949535,8,1.0,NUCLEO_ROBUSTO
8950272,20,1.0,NUCLEO_ROBUSTO
8950327,20,1.0,NUCLEO_ROBUSTO
8950431,20,1.0,NUCLEO_ROBUSTO
8950452,15,1.0,NUCLEO_ROBUSTO
8950595,16,1.0,NUCLEO_ROBUSTO
8950702,19,0.8,NUCLEO_ROBUSTO
8950764,20,1.0,NUCLEO_ROBUSTO
8950799,20,1.0,NUCLEO_ROBUSTO
8950830,20,1.0,NUCLEO_ROBUSTO
8950852,20,1.0,NUCLEO_ROBUSTO
8950875,0,1.0,NUCLEO_ROBUSTO
8975443,18,1.0,NUCLEO_ROBUSTO
8975548,13,1.0,NUCLEO_ROBUSTO
8978344,20,1.0,NUCLEO_ROBUSTO
8998301,-1,0.8,NUCLEO_ROBUSTO
9008109,0,1.0,NUCLEO_ROBUSTO
9008597,13,1.0,NUCLEO_ROBUSTO
9008642,20,1.0,NUCLEO_ROBUSTO
9041079,20,1.0,NUCLEO_ROBUSTO
9051731,20,1.0,NUCLEO_ROBUSTO
9057119,20,1.0,NUCLEO_ROBUSTO
9061594,20,1.0,NUCLEO_ROBUSTO
9064050,13,1.0,NUCLEO_ROBUSTO
9064688,1,1.0,NUCLEO_ROBUSTO
9069818,20,1.0,NUCLEO_ROBUSTO
9077417,20,1.0,NUCLEO_ROBUSTO
9082634,20,1.0,NUCLEO_ROBUSTO
9089004,20,1.0,NUCLEO_ROBUSTO
9093864,20,1.0,NUCLEO_ROBUSTO
9103648,20,1.0,NUCLEO_ROBUSTO
9104302,20,1.0,NUCLEO_ROBUSTO
9106148,20,1.0,NUCLEO_ROBUSTO
9110899,15,1.0,NUCLEO_ROBUSTO
9119688,20,1.0,NUCLEO_ROBUSTO
9121558,18,1.0,NUCLEO_ROBUSTO
9131206,20,1.0,NUCLEO_ROBUSTO
9133565,20,1.0,NUCLEO_ROBUSTO
9141601,18,1.0,NUCLEO_ROBUSTO
9143358,20,1.0,NUCLEO_ROBUSTO
9146812,-1,1.0,NUCLEO_ROBUSTO
9152800,20,1.0,NUCLEO_ROBUSTO
9160494,1,1.0,NUCLEO_ROBUSTO
9162358,-1,1.0,NUCLEO_ROBUSTO
9163465,-1,1.0,NUCLEO_ROBUSTO
9176687,-1,0.8,NUCLEO_ROBUSTO
9186538,20,1.0,NUCLEO_ROBUSTO
9186781,20,1.0,NUCLEO_ROBUSTO
9190437,20,1.0,NUCLEO_ROBUSTO
9195682,16,1.0,NUCLEO_ROBUSTO
9196319,-1,0.4,SENSIBLE
9205485,11,1.0,NUCLEO_ROBUSTO
9212421,20,1.0,NUCLEO_ROBUSTO
9217695,20,1.0,NUCLEO_ROBUSTO
9222989,20,1.0,NUCLEO_ROBUSTO
9240814,-1,0.8,NUCLEO_ROBUSTO
9262295,20,1.0,NUCLEO_ROBUSTO
9262983,-1,0.8,NUCLEO_ROBUSTO
9263243,-1,0.4,SENSIBLE
9263439,20,1.0,NUCLEO_ROBUSTO
9275104,20,1.0,NUCLEO_ROBUSTO
9276500,20,1.0,NUCLEO_ROBUSTO
9310888,20,1.0,NUCLEO_ROBUSTO
9314079,20,1.0,NUCLEO_ROBUSTO
9318189,10,1.0,NUCLEO_ROBUSTO
9326544,20,1.0,NUCLEO_ROBUSTO
9338916,20,1.0,NUCLEO_ROBUSTO
9340441,20,1.0,NUCLEO_ROBUSTO
9342827,20,1.0,NUCLEO_ROBUSTO
9347429,-1,0.4,SENSIBLE
9347738,7,1.0,NUCLEO_ROBUSTO
9356032,20,1.0,NUCLEO_ROBUSTO
9358409,20,1.0,NUCLEO_ROBUSTO
9368359,20,1.0,NUCLEO_ROBUSTO
9370987,20,1.0,NUCLEO_ROBUSTO
9382195,20,1.0,NUCLEO_ROBUSTO
9382667,20,1.0,NUCLEO_ROBUSTO
9382934,20,1.0,NUCLEO_ROBUSTO
9396400,20,1.0,NUCLEO_ROBUSTO
9399740,20,1.0,NUCLEO_ROBUSTO
9403850,20,1.0,NUCLEO_ROBUSTO
9421744,20,0.6,ESTABLE
9424485,20,1.0,NUCLEO_ROBUSTO
9426230,20,1.0,NUCLEO_ROBUSTO
9429082,20,1.0,NUCLEO_ROBUSTO
9430900,20,1.0,NUCLEO_ROBUSTO
9431429,20,1.0,NUCLEO_ROBUSTO
9436030,20,1.0,NUCLEO_ROBUSTO
9439587,21,1.0,NUCLEO_ROBUSTO
9440095,20,1.0,NUCLEO_ROBUSTO
9440701,7,1.0,NUCLEO_ROBUSTO
9440829,-1,0.4,SENSIBLE
9441318,20,1.0,NUCLEO_ROBUSTO
9443327,20,1.0,NUCLEO_ROBUSTO
9448228,20,1.0,NUCLEO_ROBUSTO
9448994,20,1.0,NUCLEO_ROBUSTO
9449748,20,1.0,NUCLEO_ROBUSTO
9449925,20,1.0,NUCLEO_ROBUSTO
9450029,20,1.0,NUCLEO_ROBUSTO
9450732,11,1.0,NUCLEO_ROBUSTO
9469025,20,1.0,NUCLEO_ROBUSTO
9469923,-1,1.0,NUCLEO_ROBUSTO
9487631,2,1.0,NUCLEO_ROBUSTO
9488204,20,1.0,NUCLEO_ROBUSTO
9490274,20,1.0,NUCLEO_ROBUSTO
9492182,7,1.0,NUCLEO_ROBUSTO
9492616,20,1.0,NUCLEO_ROBUSTO
9493700,20,1.0,NUCLEO_ROBUSTO
9496517,20,1.0,NUCLEO_ROBUSTO
9496523,8,1.0,NUCLEO_ROBUSTO
9497066,20,1.0,NUCLEO_ROBUSTO
9497091,11,1.0,NUCLEO_ROBUSTO
9500940,20,1.0,NUCLEO_ROBUSTO
9503024,2,1.0,NUCLEO_ROBUSTO
9504605,20,1.0,NUCLEO_ROBUSTO
9505418,-1,1.0,NUCLEO_ROBUSTO
9507110,20,1.0,NUCLEO_ROBUSTO
9507594,20,1.0,NUCLEO_ROBUSTO
9509416,20,1.0,NUCLEO_ROBUSTO
9509429,-1,0.8,NUCLEO_ROBUSTO
9510396,16,1.0,NUCLEO_ROBUSTO
9514804,9,1.0,NUCLEO_ROBUSTO
9516959,-1,0.8,NUCLEO_ROBUSTO
9518958,-1,0.8,NUCLEO_ROBUSTO
9522648,7,1.0,NUCLEO_ROBUSTO
9523377,-1,0.4,SENSIBLE
9526016,0,1.0,NUCLEO_ROBUSTO
9527433,10,1.0,NUCLEO_ROBUSTO
9532267,21,1.0,NUCLEO_ROBUSTO
9532991,20,1.0,NUCLEO_ROBUSTO
9537198,16,1.0,NUCLEO_ROBUSTO
9537285,20,1.0,NUCLEO_ROBUSTO
9537886,20,1.0,NUCLEO_ROBUSTO
9538319,20,1.0,NUCLEO_ROBUSTO
9538799,20,1.0,NUCLEO_ROBUSTO
9538904,17,1.0,NUCLEO_ROBUSTO
9541793,13,1.0,NUCLEO_ROBUSTO
9542306,20,1.0,NUCLEO_ROBUSTO
9543645,20,1.0,NUCLEO_ROBUSTO
9546390,12,1.0,NUCLEO_ROBUSTO
9547387,20,1.0,NUCLEO_ROBUSTO
9549827,-1,0.8,NUCLEO_ROBUSTO
9550482,20,1.0,NUCLEO_ROBUSTO
9552490,8,1.0,NUCLEO_ROBUSTO
9554030,0,1.0,NUCLEO_ROBUSTO
9554223,20,1.0,NUCLEO_ROBUSTO
9554656,-1,1.0,NUCLEO_ROBUSTO
9557885,5,1.0,NUCLEO_ROBUSTO
9558604,5,1.0,NUCLEO_ROBUSTO
9560716,20,1.0,NUCLEO_ROBUSTO
9561746,12,1.0,NUCLEO_ROBUSTO
9561968,20,1.0,NUCLEO_ROBUSTO
9562256,15,1.0,NUCLEO_ROBUSTO
9562292,12,1.0,NUCLEO_ROBUSTO
9562502,13,1.0,NUCLEO_ROBUSTO
9564879,20,1.0,NUCLEO_ROBUSTO
9565883,2,1.0,NUCLEO_ROBUSTO
9566007,8,1.0,NUCLEO_ROBUSTO
9567306,20,1.0,NUCLEO_ROBUSTO
9567689,-1,1.0,NUCLEO_ROBUSTO
9567780,-1,0.8,NUCLEO_ROBUSTO
9570072,-1,0.8,NUCLEO_ROBUSTO
9570452,2,1.0,NUCLEO_ROBUSTO
9572523,0,1.0,NUCLEO_ROBUSTO
9573427,-1,0.8,NUCLEO_ROBUSTO
9573835,2,1.0,NUCLEO_ROBUSTO
9576445,20,1.0,NUCLEO_ROBUSTO
9576977,-1,0.8,NUCLEO_ROBUSTO
9577301,8,1.0,NUCLEO_ROBUSTO
9578825,20,1.0,NUCLEO_ROBUSTO
9578942,7,1.0,NUCLEO_ROBUSTO
9579577,-1,1.0,NUCLEO_ROBUSTO
9579663,-1,1.0,NUCLEO_ROBUSTO
9580713,20,1.0,NUCLEO_ROBUSTO
9581183,12,1.0,NUCLEO_ROBUSTO
9582523,-1,1.0,NUCLEO_ROBUSTO
9583749,20,1.0,NUCLEO_ROBUSTO
9583898,12,1.0,NUCLEO_ROBUSTO
9583948,-1,0.4,SENSIBLE
9584838,1,1.0,NUCLEO_ROBUSTO
9585675,20,1.0,NUCLEO_ROBUSTO
9585843,20,1.0,NUCLEO_ROBUSTO
9586612,-1,0.4,SENSIBLE
9586647,1,1.0,NUCLEO_ROBUSTO
9587691,4,0.6,ESTABLE
9588000,20,1.0,NUCLEO_ROBUSTO
9590208,8,1.0,NUCLEO_ROBUSTO
9593582,-1,0.8,NUCLEO_ROBUSTO
9593985,-1,0.6,ESTABLE
9595298,20,1.0,NUCLEO_ROBUSTO
9596193,6,1.0,NUCLEO_ROBUSTO
9596827,21,1.0,NUCLEO_ROBUSTO
9597549,20,1.0,NUCLEO_ROBUSTO
9599199,-1,0.8,NUCLEO_ROBUSTO
9600947,20,1.0,NUCLEO_ROBUSTO
9601380,20,1.0,NUCLEO_ROBUSTO
9601409,20,1.0,NUCLEO_ROBUSTO
9601908,20,1.0,NUCLEO_ROBUSTO
9602058,20,1.0,NUCLEO_ROBUSTO
9602537,15,1.0,NUCLEO_ROBUSTO
9603382,20,1.0,NUCLEO_ROBUSTO
9603576,8,1.0,NUCLEO_ROBUSTO
9603653,11,0.8,NUCLEO_ROBUSTO
9604781,-1,0.4,SENSIBLE
9605960,8,1.0,NUCLEO_ROBUSTO
9606073,20,1.0,NUCLEO_ROBUSTO
9607389,-1,1.0,NUCLEO_ROBUSTO
9607547,20,1.0,NUCLEO_ROBUSTO
9607623,8,1.0,NUCLEO_ROBUSTO
9607947,10,1.0,NUCLEO_ROBUSTO
9608252,20,1.0,NUCLEO_ROBUSTO
9608271,20,1.0,NUCLEO_ROBUSTO
9608951,20,1.0,NUCLEO_ROBUSTO
9609335,20,1.0,NUCLEO_ROBUSTO
9609975,-1,0.8,NUCLEO_ROBUSTO
9612493,20,1.0,NUCLEO_ROBUSTO
9614227,20,1.0,NUCLEO_ROBUSTO
9615311,-1,0.6,ESTABLE
9615726,-1,0.6,ESTABLE
9616691,12,1.0,NUCLEO_ROBUSTO
9617427,0,1.0,NUCLEO_ROBUSTO
9618361,20,1.0,NUCLEO_ROBUSTO
9622459,0,1.0,NUCLEO_ROBUSTO
9622673,20,1.0,NUCLEO_ROBUSTO
9624257,20,1.0,NUCLEO_ROBUSTO
9624500,0,1.0,NUCLEO_ROBUSTO
9624559,7,1.0,NUCLEO_ROBUSTO
9625232,13,1.0,NUCLEO_ROBUSTO
9626261,15,1.0,NUCLEO_ROBUSTO
9626470,1,1.0,NUCLEO_ROBUSTO
9626513,20,0.6,ESTABLE
9627768,8,1.0,NUCLEO_ROBUSTO
9629047,8,1.0,NUCLEO_ROBUSTO
9629224,20,1.0,NUCLEO_ROBUSTO
9631816,20,1.0,NUCLEO_ROBUSTO
9633372,1,1.0,NUCLEO_ROBUSTO
9637988,8,1.0,NUCLEO_ROBUSTO
9638860,20,1.0,NUCLEO_ROBUSTO
9641881,20,1.0,NUCLEO_ROBUSTO
9643750,4,0.6,ESTABLE
9643985,-1,0.8,NUCLEO_ROBUSTO
9645042,20,1.0,NUCLEO_ROBUSTO
9645342,20,1.0,NUCLEO_ROBUSTO
9645629,-1,0.4,SENSIBLE
9645802,8,1.0,NUCLEO_ROBUSTO
9646010,-1,0.8,NUCLEO_ROBUSTO
9646742,0,1.0,NUCLEO_ROBUSTO
9646977,20,1.0,NUCLEO_ROBUSTO
9647097,-1,0.4,SENSIBLE
9647643,20,1.0,NUCLEO_ROBUSTO
9650235,20,1.0,NUCLEO_ROBUSTO
9650425,8,1.0,NUCLEO_ROBUSTO
9650678,1,1.0,NUCLEO_ROBUSTO
9651461,20,1.0,NUCLEO_ROBUSTO
9655567,20,1.0,NUCLEO_ROBUSTO
9655787,8,1.0,NUCLEO_ROBUSTO
9655873,8,1.0,NUCLEO_ROBUSTO
9658639,13,1.0,NUCLEO_ROBUSTO
9664415,20,1.0,NUCLEO_ROBUSTO
9665003,4,0.6,ESTABLE
9665800,10,1.0,NUCLEO_ROBUSTO
9666370,20,1.0,NUCLEO_ROBUSTO
9667041,5,1.0,NUCLEO_ROBUSTO
9667104,10,1.0,NUCLEO_ROBUSTO
9667233,17,1.0,NUCLEO_ROBUSTO
9670321,-1,0.8,NUCLEO_ROBUSTO
9671608,-1,1.0,NUCLEO_ROBUSTO
9673598,20,1.0,NUCLEO_ROBUSTO
9677599,-1,0.8,NUCLEO_ROBUSTO
9677908,8,1.0,NUCLEO_ROBUSTO
9678823,12,1.0,NUCLEO_ROBUSTO
9680215,20,1.0,NUCLEO_ROBUSTO
9682319,7,1.0,NUCLEO_ROBUSTO
9682948,19,1.0,NUCLEO_ROBUSTO
9686645,0,1.0,NUCLEO_ROBUSTO
9686805,2,1.0,NUCLEO_ROBUSTO
9688805,12,1.0,NUCLEO_ROBUSTO
9689073,-1,1.0,NUCLEO_ROBUSTO
9691695,20,1.0,NUCLEO_ROBUSTO
9692451,20,1.0,NUCLEO_ROBUSTO
9692561,2,1.0,NUCLEO_ROBUSTO
9693185,20,1.0,NUCLEO_ROBUSTO
9693534,-1,0.8,NUCLEO_ROBUSTO
9693787,-1,0.8,NUCLEO_ROBUSTO
9695706,4,0.6,ESTABLE
9696684,20,1.0,NUCLEO_ROBUSTO
9698680,12,1.0,NUCLEO_ROBUSTO
9698792,15,1.0,NUCLEO_ROBUSTO
9698798,16,1.0,NUCLEO_ROBUSTO
9699201,-1,1.0,NUCLEO_ROBUSTO
9699755,20,1.0,NUCLEO_ROBUSTO
9700780,-1,1.0,NUCLEO_ROBUSTO
9704198,-1,0.4,SENSIBLE
9706371,8,1.0,NUCLEO_ROBUSTO
9707796,-1,0.8,NUCLEO_ROBUSTO
9708022,5,1.0,NUCLEO_ROBUSTO
9710955,2,1.0,NUCLEO_ROBUSTO
9711698,-1,0.8,NUCLEO_ROBUSTO
9713776,12,1.0,NUCLEO_ROBUSTO
9714120,20,1.0,NUCLEO_ROBUSTO
9714245,20,1.0,NUCLEO_ROBUSTO
9714434,7,1.0,NUCLEO_ROBUSTO
9714996,20,1.0,NUCLEO_ROBUSTO
9716091,19,1.0,NUCLEO_ROBUSTO
9716291,19,1.0,NUCLEO_ROBUSTO
9719680,0,1.0,NUCLEO_ROBUSTO
9720001,8,1.0,NUCLEO_ROBUSTO
9721038,20,1.0,NUCLEO_ROBUSTO
9721531,12,1.0,NUCLEO_ROBUSTO
9721683,19,0.8,NUCLEO_ROBUSTO
9721989,20,1.0,NUCLEO_ROBUSTO
9725562,8,1.0,NUCLEO_ROBUSTO
9725591,20,1.0,NUCLEO_ROBUSTO
9726139,-1,0.4,SENSIBLE
9726334,20,1.0,NUCLEO_ROBUSTO
9727655,-1,1.0,NUCLEO_ROBUSTO
9729943,20,1.0,NUCLEO_ROBUSTO
9730300,8,1.0,NUCLEO_ROBUSTO
9732201,-1,0.8,NUCLEO_ROBUSTO
9734080,20,1.0,NUCLEO_ROBUSTO
9734956,7,1.0,NUCLEO_ROBUSTO
9736060,1,1.0,NUCLEO_ROBUSTO
9737328,8,1.0,NUCLEO_ROBUSTO
9737370,19,1.0,NUCLEO_ROBUSTO
9738041,20,1.0,NUCLEO_ROBUSTO
9738307,15,1.0,NUCLEO_ROBUSTO
9738983,-1,0.6,ESTABLE
9739056,0,1.0,NUCLEO_ROBUSTO
9740934,20,1.0,NUCLEO_ROBUSTO
9741843,0,1.0,NUCLEO_ROBUSTO
9743137,20,1.0,NUCLEO_ROBUSTO
9744385,1,1.0,NUCLEO_ROBUSTO
9744393,20,1.0,NUCLEO_ROBUSTO
9744453,20,1.0,NUCLEO_ROBUSTO
9745670,-1,0.4,SENSIBLE
9746409,20,1.0,NUCLEO_ROBUSTO
9747796,8,1.0,NUCLEO_ROBUSTO
9748693,-1,0.4,SENSIBLE
9748985,20,1.0,NUCLEO_ROBUSTO
9749949,20,1.0,NUCLEO_ROBUSTO
9751337,20,1.0,NUCLEO_ROBUSTO
9751436,20,1.0,NUCLEO_ROBUSTO
9753170,20,1.0,NUCLEO_ROBUSTO
9753712,12,1.0,NUCLEO_ROBUSTO
9756854,20,1.0,NUCLEO_ROBUSTO
9758694,20,1.0,NUCLEO_ROBUSTO
9758856,8,1.0,NUCLEO_ROBUSTO
9758889,20,1.0,NUCLEO_ROBUSTO
9759489,20,1.0,NUCLEO_ROBUSTO
9760993,-1,0.4,SENSIBLE
9761106,20,1.0,NUCLEO_ROBUSTO
9762574,20,1.0,NUCLEO_ROBUSTO
9765166,0,1.0,NUCLEO_ROBUSTO
9765565,20,1.0,NUCLEO_ROBUSTO
9766841,10,1.0,NUCLEO_ROBUSTO
9768569,20,1.0,NUCLEO_ROBUSTO
9768672,20,1.0,NUCLEO_ROBUSTO
9768939,6,0.8,NUCLEO_ROBUSTO
9769774,-1,1.0,NUCLEO_ROBUSTO
9770376,0,1.0,NUCLEO_ROBUSTO
9771005,-1,0.8,NUCLEO_ROBUSTO
9771459,15,1.0,NUCLEO_ROBUSTO
9772118,20,1.0,NUCLEO_ROBUSTO
9773675,2,1.0,NUCLEO_ROBUSTO
9778390,-1,1.0,NUCLEO_ROBUSTO
9779932,10,1.0,NUCLEO_ROBUSTO
9781404,-1,1.0,NUCLEO_ROBUSTO
9781488,5,1.0,NUCLEO_ROBUSTO
9782031,13,1.0,NUCLEO_ROBUSTO
9785283,-1,1.0,NUCLEO_ROBUSTO
9786423,17,1.0,NUCLEO_ROBUSTO
9786658,-1,0.8,NUCLEO_ROBUSTO
9788790,-1,1.0,NUCLEO_ROBUSTO
9789114,20,1.0,NUCLEO_ROBUSTO
9790070,20,1.0,NUCLEO_ROBUSTO
9790945,20,1.0,NUCLEO_ROBUSTO
9793072,10,1.0,NUCLEO_ROBUSTO
9793293,12,1.0,NUCLEO_ROBUSTO
9795876,-1,0.4,SENSIBLE
9796820,20,1.0,NUCLEO_ROBUSTO
9797307,10,1.0,NUCLEO_ROBUSTO
9799052,-1,1.0,NUCLEO_ROBUSTO
9799908,12,1.0,NUCLEO_ROBUSTO
9800677,8,1.0,NUCLEO_ROBUSTO
9803079,12,1.0,NUCLEO_ROBUSTO
9803171,20,1.0,NUCLEO_ROBUSTO
9804661,8,1.0,NUCLEO_ROBUSTO
9806014,20,1.0,NUCLEO_ROBUSTO
9806316,20,1.0,NUCLEO_ROBUSTO
9806524,13,1.0,NUCLEO_ROBUSTO
9806943,18,1.0,NUCLEO_ROBUSTO
9808157,-1,0.4,SENSIBLE
9808553,-1,0.8,NUCLEO_ROBUSTO
9811213,8,1.0,NUCLEO_ROBUSTO
9811409,8,1.0,NUCLEO_ROBUSTO
9811455,-1,0.8,NUCLEO_ROBUSTO
9812704,3,0.4,SENSIBLE
9813565,20,1.0,NUCLEO_ROBUSTO
9815057,20,1.0,NUCLEO_ROBUSTO
9816193,-1,0.8,NUCLEO_ROBUSTO
9816780,-1,0.4,SENSIBLE
9817284,15,0.6,ESTABLE
9818950,20,1.0,NUCLEO_ROBUSTO
9819742,8,1.0,NUCLEO_ROBUSTO
9820660,20,1.0,NUCLEO_ROBUSTO
9821062,18,1.0,NUCLEO_ROBUSTO
9821790,0,1.0,NUCLEO_ROBUSTO
9821823,20,1.0,NUCLEO_ROBUSTO
9824246,20,1.0,NUCLEO_ROBUSTO
9825149,20,1.0,NUCLEO_ROBUSTO
9825379,8,1.0,NUCLEO_ROBUSTO
9826359,-1,1.0,NUCLEO_ROBUSTO
9827043,8,1.0,NUCLEO_ROBUSTO
9829741,20,1.0,NUCLEO_ROBUSTO
9830481,16,1.0,NUCLEO_ROBUSTO
9831055,12,1.0,NUCLEO_ROBUSTO
9832686,20,1.0,NUCLEO_ROBUSTO
9832799,8,1.0,NUCLEO_ROBUSTO
9833995,-1,0.4,SENSIBLE
9834409,8,1.0,NUCLEO_ROBUSTO
9835014,19,1.0,NUCLEO_ROBUSTO
9835631,20,1.0,NUCLEO_ROBUSTO
9836088,20,1.0,NUCLEO_ROBUSTO
9836782,12,1.0,NUCLEO_ROBUSTO
9838665,-1,0.8,NUCLEO_ROBUSTO
9840439,20,1.0,NUCLEO_ROBUSTO
9840835,1,1.0,NUCLEO_ROBUSTO
9842004,12,1.0,NUCLEO_ROBUSTO
9842622,10,1.0,NUCLEO_ROBUSTO
9844272,7,1.0,NUCLEO_ROBUSTO
9844554,-1,0.8,NUCLEO_ROBUSTO
9844619,20,1.0,NUCLEO_ROBUSTO
9845985,13,1.0,NUCLEO_ROBUSTO
9846399,20,1.0,NUCLEO_ROBUSTO
9846750,2,1.0,NUCLEO_ROBUSTO
9848042,13,1.0,NUCLEO_ROBUSTO
9848800,20,1.0,NUCLEO_ROBUSTO
9849747,2,1.0,NUCLEO_ROBUSTO
9850300,20,1.0,NUCLEO_ROBUSTO
9852943,20,1.0,NUCLEO_ROBUSTO
9853238,-1,1.0,NUCLEO_ROBUSTO
9854496,20,1.0,NUCLEO_ROBUSTO
9858680,8,1.0,NUCLEO_ROBUSTO
9862847,20,1.0,NUCLEO_ROBUSTO
9864317,20,1.0,NUCLEO_ROBUSTO
9865261,20,1.0,NUCLEO_ROBUSTO
9865310,20,1.0,NUCLEO_ROBUSTO
9867810,20,1.0,NUCLEO_ROBUSTO
9869607,20,1.0,NUCLEO_ROBUSTO
9873082,-1,1.0,NUCLEO_ROBUSTO
9873737,-1,0.6,ESTABLE
9874329,20,1.0,NUCLEO_ROBUSTO
9875162,-1,0.8,NUCLEO_ROBUSTO
9875454,-1,0.4,SENSIBLE
9877093,-1,1.0,NUCLEO_ROBUSTO
9877139,17,1.0,NUCLEO_ROBUSTO
9877794,0,1.0,NUCLEO_ROBUSTO
9877804,8,1.0,NUCLEO_ROBUSTO
9878240,8,1.0,NUCLEO_ROBUSTO
9879172,0,1.0,NUCLEO_ROBUSTO
9880349,8,1.0,NUCLEO_ROBUSTO
9882131,-1,0.8,NUCLEO_ROBUSTO
9882147,9,1.0,NUCLEO_ROBUSTO
9882710,20,1.0,NUCLEO_ROBUSTO
9883208,-1,0.8,NUCLEO_ROBUSTO
9884098,10,1.0,NUCLEO_ROBUSTO
9884634,20,1.0,NUCLEO_ROBUSTO
9886309,20,1.0,NUCLEO_ROBUSTO
9887325,1,1.0,NUCLEO_ROBUSTO
9887643,20,1.0,NUCLEO_ROBUSTO
9888228,8,1.0,NUCLEO_ROBUSTO
9888544,4,0.6,ESTABLE
9889342,20,1.0,NUCLEO_ROBUSTO
9889591,4,0.6,ESTABLE
9890180,8,1.0,NUCLEO_ROBUSTO
9890969,8,1.0,NUCLEO_ROBUSTO
9891169,2,1.0,NUCLEO_ROBUSTO
9893499,9,1.0,NUCLEO_ROBUSTO
9893812,-1,0.4,SENSIBLE
9894257,8,1.0,NUCLEO_ROBUSTO
9894967,20,1.0,NUCLEO_ROBUSTO
9897787,10,1.0,NUCLEO_ROBUSTO
9900535,20,1.0,NUCLEO_ROBUSTO
9901147,1,1.0,NUCLEO_ROBUSTO
9902564,12,1.0,NUCLEO_ROBUSTO
9903623,20,1.0,NUCLEO_ROBUSTO
9905106,6,1.0,NUCLEO_ROBUSTO
9905780,5,1.0,NUCLEO_ROBUSTO
9907331,20,1.0,NUCLEO_ROBUSTO
9910704,8,1.0,NUCLEO_ROBUSTO
9910907,12,1.0,NUCLEO_ROBUSTO
9911069,20,1.0,NUCLEO_ROBUSTO
9912520,20,1.0,NUCLEO_ROBUSTO
9913208,20,1.0,NUCLEO_ROBUSTO
9913591,0,1.0,NUCLEO_ROBUSTO
9915492,12,1.0,NUCLEO_ROBUSTO
9916706,13,1.0,NUCLEO_ROBUSTO
9918803,20,1.0,NUCLEO_ROBUSTO
9919696,-1,0.4,SENSIBLE
9920113,8,1.0,NUCLEO_ROBUSTO
9924656,20,1.0,NUCLEO_ROBUSTO
9925742,-1,0.6,ESTABLE
9926222,8,1.0,NUCLEO_ROBUSTO
9926814,-1,0.8,NUCLEO_ROBUSTO
9927616,20,1.0,NUCLEO_ROBUSTO
9928091,20,1.0,NUCLEO_ROBUSTO
9929384,20,1.0,NUCLEO_ROBUSTO
9930931,20,1.0,NUCLEO_ROBUSTO
9932990,20,1.0,NUCLEO_ROBUSTO
9933572,9,1.0,NUCLEO_ROBUSTO
9935490,8,1.0,NUCLEO_ROBUSTO
9935846,20,1.0,NUCLEO_ROBUSTO
9936813,17,1.0,NUCLEO_ROBUSTO
9937426,20,1.0,NUCLEO_ROBUSTO
9937446,20,1.0,NUCLEO_ROBUSTO
9937990,20,1.0,NUCLEO_ROBUSTO
9938752,8,1.0,NUCLEO_ROBUSTO
9939011,15,0.6,ESTABLE
9939140,13,1.0,NUCLEO_ROBUSTO
9939223,20,1.0,NUCLEO_ROBUSTO
9940491,20,1.0,NUCLEO_ROBUSTO
9942071,20,1.0,NUCLEO_ROBUSTO
9944463,-1,0.8,NUCLEO_ROBUSTO
9945020,12,1.0,NUCLEO_ROBUSTO
9948104,8,1.0,NUCLEO_ROBUSTO
9948424,-1,1.0,NUCLEO_ROBUSTO
9949099,20,1.0,NUCLEO_ROBUSTO
9949312,20,1.0,NUCLEO_ROBUSTO
9951033,-1,1.0,NUCLEO_ROBUSTO
9953332,8,1.0,NUCLEO_ROBUSTO
9954897,20,1.0,NUCLEO_ROBUSTO
9956563,20,1.0,NUCLEO_ROBUSTO
9957888,13,1.0,NUCLEO_ROBUSTO
9958833,0,1.0,NUCLEO_ROBUSTO
9960329,15,1.0,NUCLEO_ROBUSTO
9960955,20,1.0,NUCLEO_ROBUSTO
9961755,20,1.0,NUCLEO_ROBUSTO
9963160,19,1.0,NUCLEO_ROBUSTO
9963645,12,1.0,NUCLEO_ROBUSTO
9967359,10,1.0,NUCLEO_ROBUSTO
9968047,10,1.0,NUCLEO_ROBUSTO
9969710,-1,0.8,NUCLEO_ROBUSTO
9970863,8,1.0,NUCLEO_ROBUSTO
9971391,20,1.0,NUCLEO_ROBUSTO
9972601,20,1.0,NUCLEO_ROBUSTO
9973420,-1,0.8,NUCLEO_ROBUSTO
9975356,0,1.0,NUCLEO_ROBUSTO
9976017,20,1.0,NUCLEO_ROBUSTO
9976591,-1,0.4,SENSIBLE
9976750,20,1.0,NUCLEO_ROBUSTO
9977310,-1,1.0,NUCLEO_ROBUSTO
9978459,-1,0.6,ESTABLE
9978507,13,0.6,ESTABLE
9978940,20,1.0,NUCLEO_ROBUSTO
9979555,20,1.0,NUCLEO_ROBUSTO
9979751,1,1.0,NUCLEO_ROBUSTO
9980361,20,1.0,NUCLEO_ROBUSTO
9982146,-1,1.0,NUCLEO_ROBUSTO
9982218,-1,1.0,NUCLEO_ROBUSTO
9983228,-1,0.8,NUCLEO_ROBUSTO
9983862,20,1.0,NUCLEO_ROBUSTO
9984291,12,1.0,NUCLEO_ROBUSTO
9984663,9,1.0,NUCLEO_ROBUSTO
9986210,20,1.0,NUCLEO_ROBUSTO
9986563,10,1.0,NUCLEO_ROBUSTO
9986772,20,1.0,NUCLEO_ROBUSTO
9986905,0,1.0,NUCLEO_ROBUSTO
9988013,11,1.0,NUCLEO_ROBUSTO
9988046,-1,0.8,NUCLEO_ROBUSTO
9988141,16,1.0,NUCLEO_ROBUSTO
9989160,13,1.0,NUCLEO_ROBUSTO
9989682,8,1.0,NUCLEO_ROBUSTO
9991413,2,1.0,NUCLEO_ROBUSTO
9995758,13,1.0,NUCLEO_ROBUSTO
9996738,-1,0.8,NUCLEO_ROBUSTO
9997292,16,1.0,NUCLEO_ROBUSTO
9998173,20,1.0,NUCLEO_ROBUSTO
9998917,-1,1.0,NUCLEO_ROBUSTO
9998975,20,1.0,NUCLEO_ROBUSTO
10000929,20,1.0,NUCLEO_ROBUSTO
10003612,10,1.0,NUCLEO_ROBUSTO
10003960,20,1.0,NUCLEO_ROBUSTO
10004442,13,1.0,NUCLEO_ROBUSTO
10004686,-1,0.4,SENSIBLE
10005589,20,1.0,NUCLEO_ROBUSTO
10005695,-1,1.0,NUCLEO_ROBUSTO
10006695,20,1.0,NUCLEO_ROBUSTO
10006837,-1,1.0,NUCLEO_ROBUSTO
10008398,10,1.0,NUCLEO_ROBUSTO
10015831,20,1.0,NUCLEO_ROBUSTO
10016740,8,1.0,NUCLEO_ROBUSTO
10017062,17,1.0,NUCLEO_ROBUSTO
10019895,-1,0.8,NUCLEO_ROBUSTO
10022082,0,1.0,NUCLEO_ROBUSTO
10022415,2,1.0,NUCLEO_ROBUSTO
10022875,10,1.0,NUCLEO_ROBUSTO
10025914,-1,0.8,NUCLEO_ROBUSTO
10026284,17,1.0,NUCLEO_ROBUSTO
10027188,-1,1.0,NUCLEO_ROBUSTO
10027204,20,1.0,NUCLEO_ROBUSTO
10027215,20,1.0,NUCLEO_ROBUSTO
10028111,20,1.0,NUCLEO_ROBUSTO
10028627,20,1.0,NUCLEO_ROBUSTO
10029125,8,1.0,NUCLEO_ROBUSTO
10031490,12,1.0,NUCLEO_ROBUSTO
10032897,10,1.0,NUCLEO_ROBUSTO
10032990,20,1.0,NUCLEO_ROBUSTO
10033080,20,1.0,NUCLEO_ROBUSTO
10033211,6,0.8,NUCLEO_ROBUSTO
10035143,12,1.0,NUCLEO_ROBUSTO
10035627,20,1.0,NUCLEO_ROBUSTO
10036184,20,1.0,NUCLEO_ROBUSTO
10036672,20,1.0,NUCLEO_ROBUSTO
10037003,21,1.0,NUCLEO_ROBUSTO
10037640,12,1.0,NUCLEO_ROBUSTO
10039334,3,0.4,SENSIBLE
10042045,20,1.0,NUCLEO_ROBUSTO
10042837,7,1.0,NUCLEO_ROBUSTO
10043695,20,1.0,NUCLEO_ROBUSTO
10044580,-1,0.8,NUCLEO_ROBUSTO
10044767,20,1.0,NUCLEO_ROBUSTO
10044856,-1,0.6,ESTABLE
10045917,-1,0.8,NUCLEO_ROBUSTO
10046052,15,1.0,NUCLEO_ROBUSTO
10050073,20,1.0,NUCLEO_ROBUSTO
10050420,20,1.0,NUCLEO_ROBUSTO
10050529,14,0.4,SENSIBLE
10052855,20,1.0,NUCLEO_ROBUSTO
10053921,20,1.0,NUCLEO_ROBUSTO
10058006,20,1.0,NUCLEO_ROBUSTO
10059132,6,0.8,NUCLEO_ROBUSTO
10066022,10,1.0,NUCLEO_ROBUSTO
10066057,7,1.0,NUCLEO_ROBUSTO
10066451,12,1.0,NUCLEO_ROBUSTO
10066748,13,1.0,NUCLEO_ROBUSTO
10070023,20,1.0,NUCLEO_ROBUSTO
10070109,7,1.0,NUCLEO_ROBUSTO
10070336,-1,0.6,ESTABLE
10070671,2,1.0,NUCLEO_ROBUSTO
10071394,20,1.0,NUCLEO_ROBUSTO
10072052,20,1.0,NUCLEO_ROBUSTO
10073107,20,1.0,NUCLEO_ROBUSTO
10073930,-1,0.4,SENSIBLE
10074902,-1,0.6,ESTABLE
10075201,21,1.0,NUCLEO_ROBUSTO
10077720,17,1.0,NUCLEO_ROBUSTO
10079324,13,1.0,NUCLEO_ROBUSTO
10080099,13,1.0,NUCLEO_ROBUSTO
10080557,-1,0.8,NUCLEO_ROBUSTO
10081924,20,1.0,NUCLEO_ROBUSTO
10082165,20,1.0,NUCLEO_ROBUSTO
10082641,20,1.0,NUCLEO_ROBUSTO
10083403,13,1.0,NUCLEO_ROBUSTO
10084679,20,1.0,NUCLEO_ROBUSTO
10084760,20,1.0,NUCLEO_ROBUSTO
10086318,20,1.0,NUCLEO_ROBUSTO
10086701,8,1.0,NUCLEO_ROBUSTO
10087437,0,1.0,NUCLEO_ROBUSTO
10089387,19,1.0,NUCLEO_ROBUSTO
10089394,-1,0.8,NUCLEO_ROBUSTO
10092830,4,0.6,ESTABLE
10095007,12,1.0,NUCLEO_ROBUSTO
10095526,-1,0.4,SENSIBLE
10099363,8,1.0,NUCLEO_ROBUSTO
10099552,20,1.0,NUCLEO_ROBUSTO
10099624,20,1.0,NUCLEO_ROBUSTO
10100878,6,0.8,NUCLEO_ROBUSTO
10102341,13,1.0,NUCLEO_ROBUSTO
10105364,13,1.0,NUCLEO_ROBUSTO
10105937,13,1.0,NUCLEO_ROBUSTO
10105987,8,1.0,NUCLEO_ROBUSTO
10106749,17,1.0,NUCLEO_ROBUSTO
10107397,13,1.0,NUCLEO_ROBUSTO
10107897,20,1.0,NUCLEO_ROBUSTO
10108097,9,1.0,NUCLEO_ROBUSTO
10108182,20,1.0,NUCLEO_ROBUSTO
10109707,8,1.0,NUCLEO_ROBUSTO
10110017,-1,0.8,NUCLEO_ROBUSTO
10110380,-1,0.4,SENSIBLE
10110570,20,1.0,NUCLEO_ROBUSTO
10110594,8,1.0,NUCLEO_ROBUSTO
10111205,20,1.0,NUCLEO_ROBUSTO
10112688,13,1.0,NUCLEO_ROBUSTO
10114256,-1,0.8,NUCLEO_ROBUSTO
10117929,13,1.0,NUCLEO_ROBUSTO
10118182,7,1.0,NUCLEO_ROBUSTO
10118580,20,1.0,NUCLEO_ROBUSTO
10119497,20,1.0,NUCLEO_ROBUSTO
10119532,-1,0.4,SENSIBLE
10120083,19,0.8,NUCLEO_ROBUSTO
10121620,-1,0.8,NUCLEO_ROBUSTO
10122074,8,1.0,NUCLEO_ROBUSTO
10122585,8,1.0,NUCLEO_ROBUSTO
10123445,20,1.0,NUCLEO_ROBUSTO
10124014,12,1.0,NUCLEO_ROBUSTO
10126402,18,1.0,NUCLEO_ROBUSTO
10127747,20,1.0,NUCLEO_ROBUSTO
10128179,12,1.0,NUCLEO_ROBUSTO
10128542,20,1.0,NUCLEO_ROBUSTO
10130536,20,1.0,NUCLEO_ROBUSTO
10130542,10,1.0,NUCLEO_ROBUSTO
10130970,-1,1.0,NUCLEO_ROBUSTO
10135051,-1,0.4,SENSIBLE
10136090,20,1.0,NUCLEO_ROBUSTO
10138264,20,1.0,NUCLEO_ROBUSTO
10140670,2,1.0,NUCLEO_ROBUSTO
10141949,12,1.0,NUCLEO_ROBUSTO
10142148,-1,0.8,NUCLEO_ROBUSTO
10145353,20,1.0,NUCLEO_ROBUSTO
10147048,-1,0.8,NUCLEO_ROBUSTO
10148313,-1,1.0,NUCLEO_ROBUSTO
10149564,-1,0.8,NUCLEO_ROBUSTO
10149604,8,1.0,NUCLEO_ROBUSTO
10151046,8,1.0,NUCLEO_ROBUSTO
10151216,-1,0.8,NUCLEO_ROBUSTO
10152379,7,1.0,NUCLEO_ROBUSTO
10152800,3,0.4,SENSIBLE
10154898,-1,0.4,SENSIBLE
10155531,-1,1.0,NUCLEO_ROBUSTO
10156236,-1,0.8,NUCLEO_ROBUSTO
10158944,13,1.0,NUCLEO_ROBUSTO
10162754,16,1.0,NUCLEO_ROBUSTO
10162804,20,1.0,NUCLEO_ROBUSTO
10163283,20,1.0,NUCLEO_ROBUSTO
10164173,15,1.0,NUCLEO_ROBUSTO
10165371,5,1.0,NUCLEO_ROBUSTO
10165470,20,1.0,NUCLEO_ROBUSTO
10165523,5,1.0,NUCLEO_ROBUSTO
10166694,20,1.0,NUCLEO_ROBUSTO
10167917,20,1.0,NUCLEO_ROBUSTO
10168229,20,1.0,NUCLEO_ROBUSTO
10170764,15,1.0,NUCLEO_ROBUSTO
10170954,8,1.0,NUCLEO_ROBUSTO
10171375,20,1.0,NUCLEO_ROBUSTO
10171415,20,1.0,NUCLEO_ROBUSTO
10171647,5,1.0,NUCLEO_ROBUSTO
10172714,-1,0.6,ESTABLE
10173971,0,1.0,NUCLEO_ROBUSTO
10174375,20,1.0,NUCLEO_ROBUSTO
10176584,-1,0.8,NUCLEO_ROBUSTO
10177205,12,1.0,NUCLEO_ROBUSTO
10178045,10,0.6,ESTABLE
10178860,8,1.0,NUCLEO_ROBUSTO
10181994,10,1.0,NUCLEO_ROBUSTO
10182979,8,1.0,NUCLEO_ROBUSTO
10183338,7,1.0,NUCLEO_ROBUSTO
10183341,10,1.0,NUCLEO_ROBUSTO
10185110,17,1.0,NUCLEO_ROBUSTO
10185647,12,1.0,NUCLEO_ROBUSTO
10186332,20,1.0,NUCLEO_ROBUSTO
10188652,-1,0.8,NUCLEO_ROBUSTO
10191344,20,1.0,NUCLEO_ROBUSTO
10192417,11,0.8,NUCLEO_ROBUSTO
10194425,17,1.0,NUCLEO_ROBUSTO
10196906,20,1.0,NUCLEO_ROBUSTO
10199301,21,1.0,NUCLEO_ROBUSTO
10199421,-1,1.0,NUCLEO_ROBUSTO
10200827,10,1.0,NUCLEO_ROBUSTO
10200913,20,1.0,NUCLEO_ROBUSTO
10201029,20,1.0,NUCLEO_ROBUSTO
10202079,19,1.0,NUCLEO_ROBUSTO
10203065,0,1.0,NUCLEO_ROBUSTO
10203275,20,1.0,NUCLEO_ROBUSTO
10203516,20,1.0,NUCLEO_ROBUSTO
10203934,20,1.0,NUCLEO_ROBUSTO
10204940,10,1.0,NUCLEO_ROBUSTO
10205043,15,1.0,NUCLEO_ROBUSTO
10205167,7,1.0,NUCLEO_ROBUSTO
10207099,20,1.0,NUCLEO_ROBUSTO
10207480,20,1.0,NUCLEO_ROBUSTO
10207928,20,1.0,NUCLEO_ROBUSTO
10208351,9,1.0,NUCLEO_ROBUSTO
10209551,8,1.0,NUCLEO_ROBUSTO
10210431,2,1.0,NUCLEO_ROBUSTO
10211267,8,1.0,NUCLEO_ROBUSTO
10212411,20,1.0,NUCLEO_ROBUSTO
10213903,20,1.0,NUCLEO_ROBUSTO
10214543,13,1.0,NUCLEO_ROBUSTO
10215068,20,1.0,NUCLEO_ROBUSTO
10216999,15,1.0,NUCLEO_ROBUSTO
10217042,8,1.0,NUCLEO_ROBUSTO
10217112,20,1.0,NUCLEO_ROBUSTO
10222684,20,1.0,NUCLEO_ROBUSTO
10223672,12,1.0,NUCLEO_ROBUSTO
10223876,-1,1.0,NUCLEO_ROBUSTO
10225342,20,1.0,NUCLEO_ROBUSTO
10226034,20,0.6,ESTABLE
10228391,8,1.0,NUCLEO_ROBUSTO
10228561,20,1.0,NUCLEO_ROBUSTO
10229886,-1,0.8,NUCLEO_ROBUSTO
10229937,8,1.0,NUCLEO_ROBUSTO
10233483,-1,1.0,NUCLEO_ROBUSTO
10233658,13,1.0,NUCLEO_ROBUSTO
10234746,20,1.0,NUCLEO_ROBUSTO
10234902,10,1.0,NUCLEO_ROBUSTO
10235450,20,1.0,NUCLEO_ROBUSTO
10235831,20,1.0,NUCLEO_ROBUSTO
10238101,10,1.0,NUCLEO_ROBUSTO
10240617,20,1.0,NUCLEO_ROBUSTO
10240745,20,1.0,NUCLEO_ROBUSTO
10241302,13,1.0,NUCLEO_ROBUSTO
10241797,20,1.0,NUCLEO_ROBUSTO
10242164,13,1.0,NUCLEO_ROBUSTO
10242829,-1,1.0,NUCLEO_ROBUSTO
10244681,-1,0.8,NUCLEO_ROBUSTO
10244905,17,1.0,NUCLEO_ROBUSTO
10247398,20,1.0,NUCLEO_ROBUSTO
10247696,12,1.0,NUCLEO_ROBUSTO
10250505,-1,1.0,NUCLEO_ROBUSTO
10251262,13,1.0,NUCLEO_ROBUSTO
10252364,3,0.4,SENSIBLE
10257474,20,1.0,NUCLEO_ROBUSTO
10257614,20,1.0,NUCLEO_ROBUSTO
10259769,12,1.0,NUCLEO_ROBUSTO
10262715,8,1.0,NUCLEO_ROBUSTO
10262786,12,1.0,NUCLEO_ROBUSTO
10263756,10,1.0,NUCLEO_ROBUSTO
10264700,21,1.0,NUCLEO_ROBUSTO
10264760,8,1.0,NUCLEO_ROBUSTO
10267780,8,1.0,NUCLEO_ROBUSTO
10269000,20,1.0,NUCLEO_ROBUSTO
10270856,0,1.0,NUCLEO_ROBUSTO
10272473,20,1.0,NUCLEO_ROBUSTO
10275055,8,1.0,NUCLEO_ROBUSTO
10276195,-1,0.8,NUCLEO_ROBUSTO
10279073,7,0.8,NUCLEO_ROBUSTO
10279585,-1,0.4,SENSIBLE
10279795,20,1.0,NUCLEO_ROBUSTO
10280069,20,1.0,NUCLEO_ROBUSTO
10283068,-1,0.6,ESTABLE
10283600,18,1.0,NUCLEO_ROBUSTO
10284384,20,1.0,NUCLEO_ROBUSTO
10285691,0,1.0,NUCLEO_ROBUSTO
10285789,-1,1.0,NUCLEO_ROBUSTO
10286307,8,1.0,NUCLEO_ROBUSTO
10287094,13,1.0,NUCLEO_ROBUSTO
10288800,20,1.0,NUCLEO_ROBUSTO
10289854,20,1.0,NUCLEO_ROBUSTO
10291186,-1,0.8,NUCLEO_ROBUSTO
10291206,20,1.0,NUCLEO_ROBUSTO
10293153,0,1.0,NUCLEO_ROBUSTO
10293899,20,1.0,NUCLEO_ROBUSTO
10295653,8,1.0,NUCLEO_ROBUSTO
10295874,20,1.0,NUCLEO_ROBUSTO
10295902,8,1.0,NUCLEO_ROBUSTO
10296431,20,1.0,NUCLEO_ROBUSTO
10297890,13,1.0,NUCLEO_ROBUSTO
10299458,20,1.0,NUCLEO_ROBUSTO
10299824,-1,1.0,NUCLEO_ROBUSTO
10299932,8,1.0,NUCLEO_ROBUSTO
10302542,-1,0.8,NUCLEO_ROBUSTO
10302559,10,1.0,NUCLEO_ROBUSTO
10305062,20,1.0,NUCLEO_ROBUSTO
10305911,20,1.0,NUCLEO_ROBUSTO
10306154,20,1.0,NUCLEO_ROBUSTO
10307645,6,0.8,NUCLEO_ROBUSTO
10308581,1,1.0,NUCLEO_ROBUSTO
10309967,12,1.0,NUCLEO_ROBUSTO
10310691,-1,1.0,NUCLEO_ROBUSTO
10310924,13,1.0,NUCLEO_ROBUSTO
10313421,10,1.0,NUCLEO_ROBUSTO
10314860,20,1.0,NUCLEO_ROBUSTO
10315135,15,1.0,NUCLEO_ROBUSTO
10318163,20,1.0,NUCLEO_ROBUSTO
10318667,8,1.0,NUCLEO_ROBUSTO
10319139,-1,0.8,NUCLEO_ROBUSTO
10319838,10,1.0,NUCLEO_ROBUSTO
10320492,-1,0.8,NUCLEO_ROBUSTO
10320931,20,1.0,NUCLEO_ROBUSTO
10321716,10,1.0,NUCLEO_ROBUSTO
10321926,-1,0.6,ESTABLE
10322242,8,1.0,NUCLEO_ROBUSTO
10324576,7,0.8,NUCLEO_ROBUSTO
10324923,20,1.0,NUCLEO_ROBUSTO
10325577,16,1.0,NUCLEO_ROBUSTO
10325840,21,1.0,NUCLEO_ROBUSTO
10326277,20,1.0,NUCLEO_ROBUSTO
10326610,20,1.0,NUCLEO_ROBUSTO
10326839,20,1.0,NUCLEO_ROBUSTO
10327922,-1,0.4,SENSIBLE
10328922,8,1.0,NUCLEO_ROBUSTO
10329863,20,1.0,NUCLEO_ROBUSTO
10330193,12,1.0,NUCLEO_ROBUSTO
10330477,-1,0.6,ESTABLE
10332270,8,1.0,NUCLEO_ROBUSTO
10332753,10,1.0,NUCLEO_ROBUSTO
10334355,20,1.0,NUCLEO_ROBUSTO
10336911,10,1.0,NUCLEO_ROBUSTO
10337224,0,1.0,NUCLEO_ROBUSTO
10340036,12,1.0,NUCLEO_ROBUSTO
10340072,-1,0.4,SENSIBLE
10340326,20,1.0,NUCLEO_ROBUSTO
10340864,7,1.0,NUCLEO_ROBUSTO
10342101,-1,0.6,ESTABLE
10344313,8,1.0,NUCLEO_ROBUSTO
10349030,-1,1.0,NUCLEO_ROBUSTO
10349037,20,1.0,NUCLEO_ROBUSTO
10349252,20,1.0,NUCLEO_ROBUSTO
10351117,21,1.0,NUCLEO_ROBUSTO
10353101,20,1.0,NUCLEO_ROBUSTO
10354086,20,1.0,NUCLEO_ROBUSTO
10355156,0,1.0,NUCLEO_ROBUSTO
10355781,-1,0.4,SENSIBLE
10356238,5,1.0,NUCLEO_ROBUSTO
10356582,17,1.0,NUCLEO_ROBUSTO
10356802,21,1.0,NUCLEO_ROBUSTO
10358968,19,0.8,NUCLEO_ROBUSTO
10360147,20,1.0,NUCLEO_ROBUSTO
10362454,20,1.0,NUCLEO_ROBUSTO
10363670,8,1.0,NUCLEO_ROBUSTO
10363731,13,1.0,NUCLEO_ROBUSTO
10365182,20,1.0,NUCLEO_ROBUSTO
10367012,13,1.0,NUCLEO_ROBUSTO
10367084,20,1.0,NUCLEO_ROBUSTO
10367086,20,1.0,NUCLEO_ROBUSTO
10367842,20,1.0,NUCLEO_ROBUSTO
10369150,6,0.8,NUCLEO_ROBUSTO
10369657,-1,0.4,SENSIBLE
10370581,20,1.0,NUCLEO_ROBUSTO
10373718,-1,0.8,NUCLEO_ROBUSTO
10376182,-1,0.8,NUCLEO_ROBUSTO
10377212,20,1.0,NUCLEO_ROBUSTO
10378469,0,1.0,NUCLEO_ROBUSTO
10378500,20,1.0,NUCLEO_ROBUSTO
10378634,16,1.0,NUCLEO_ROBUSTO
10378992,-1,1.0,NUCLEO_ROBUSTO
10380642,-1,1.0,NUCLEO_ROBUSTO
10380905,8,1.0,NUCLEO_ROBUSTO
10381013,8,1.0,NUCLEO_ROBUSTO
10381674,8,1.0,NUCLEO_ROBUSTO
10382850,8,1.0,NUCLEO_ROBUSTO
10385075,8,1.0,NUCLEO_ROBUSTO
10385660,20,1.0,NUCLEO_ROBUSTO
10388706,8,1.0,NUCLEO_ROBUSTO
10388715,-1,1.0,NUCLEO_ROBUSTO
10393290,13,1.0,NUCLEO_ROBUSTO
10394844,8,1.0,NUCLEO_ROBUSTO
10396121,20,1.0,NUCLEO_ROBUSTO
10397121,20,1.0,NUCLEO_ROBUSTO
10397393,12,1.0,NUCLEO_ROBUSTO
10398573,8,1.0,NUCLEO_ROBUSTO
10400116,20,1.0,NUCLEO_ROBUSTO
10400844,12,1.0,NUCLEO_ROBUSTO
10401755,8,1.0,NUCLEO_ROBUSTO
10408842,20,1.0,NUCLEO_ROBUSTO
10408987,7,1.0,NUCLEO_ROBUSTO
10412831,20,1.0,NUCLEO_ROBUSTO
10414011,7,1.0,NUCLEO_ROBUSTO
10414484,-1,0.8,NUCLEO_ROBUSTO
10415143,13,1.0,NUCLEO_ROBUSTO
10416511,13,1.0,NUCLEO_ROBUSTO
10416578,8,1.0,NUCLEO_ROBUSTO
10422963,3,0.4,SENSIBLE
10423373,20,1.0,NUCLEO_ROBUSTO
10424527,18,1.0,NUCLEO_ROBUSTO
10424786,20,1.0,NUCLEO_ROBUSTO
10425042,0,1.0,NUCLEO_ROBUSTO
10427677,20,1.0,NUCLEO_ROBUSTO
10428648,20,1.0,NUCLEO_ROBUSTO
10431692,20,1.0,NUCLEO_ROBUSTO
10433849,20,1.0,NUCLEO_ROBUSTO
10437217,-1,0.8,NUCLEO_ROBUSTO
10439317,2,1.0,NUCLEO_ROBUSTO
10442715,-1,0.8,NUCLEO_ROBUSTO
10443852,-1,0.8,NUCLEO_ROBUSTO
10444636,-1,0.4,SENSIBLE
10449384,20,1.0,NUCLEO_ROBUSTO
10449831,20,1.0,NUCLEO_ROBUSTO
10450577,20,1.0,NUCLEO_ROBUSTO
10450970,12,1.0,NUCLEO_ROBUSTO
10451408,8,1.0,NUCLEO_ROBUSTO
10451898,-1,0.6,ESTABLE
10452979,17,1.0,NUCLEO_ROBUSTO
10454438,3,0.4,SENSIBLE
10457318,21,1.0,NUCLEO_ROBUSTO
10458121,12,1.0,NUCLEO_ROBUSTO
10459233,-1,0.8,NUCLEO_ROBUSTO
10459860,20,1.0,NUCLEO_ROBUSTO
10460358,0,1.0,NUCLEO_ROBUSTO
10460817,4,0.6,ESTABLE
10460850,20,1.0,NUCLEO_ROBUSTO
10462183,15,1.0,NUCLEO_ROBUSTO
10462395,10,1.0,NUCLEO_ROBUSTO
10463273,20,1.0,NUCLEO_ROBUSTO
10463908,20,1.0,NUCLEO_ROBUSTO
10465571,-1,0.8,NUCLEO_ROBUSTO
10465606,17,1.0,NUCLEO_ROBUSTO
10467023,-1,0.6,ESTABLE
10467069,20,1.0,NUCLEO_ROBUSTO
10469327,20,1.0,NUCLEO_ROBUSTO
10470373,15,1.0,NUCLEO_ROBUSTO
10473501,16,1.0,NUCLEO_ROBUSTO
10473694,20,1.0,NUCLEO_ROBUSTO
10475239,20,1.0,NUCLEO_ROBUSTO
10476338,0,1.0,NUCLEO_ROBUSTO
10476667,20,1.0,NUCLEO_ROBUSTO
10479379,-1,1.0,NUCLEO_ROBUSTO
10482546,10,1.0,NUCLEO_ROBUSTO
10483239,-1,0.8,NUCLEO_ROBUSTO
10483301,8,1.0,NUCLEO_ROBUSTO
10486549,20,1.0,NUCLEO_ROBUSTO
10486885,-1,0.8,NUCLEO_ROBUSTO
10487535,20,1.0,NUCLEO_ROBUSTO
10487764,9,1.0,NUCLEO_ROBUSTO
10487855,11,0.8,NUCLEO_ROBUSTO
10491728,5,1.0,NUCLEO_ROBUSTO
10492837,10,1.0,NUCLEO_ROBUSTO
10494863,8,1.0,NUCLEO_ROBUSTO
10494935,20,1.0,NUCLEO_ROBUSTO
10498655,5,1.0,NUCLEO_ROBUSTO
10498672,8,1.0,NUCLEO_ROBUSTO
10498990,20,1.0,NUCLEO_ROBUSTO
10499350,-1,0.8,NUCLEO_ROBUSTO
10500192,8,1.0,NUCLEO_ROBUSTO
10501043,7,1.0,NUCLEO_ROBUSTO
10502231,0,1.0,NUCLEO_ROBUSTO
10502751,12,1.0,NUCLEO_ROBUSTO
10504211,20,1.0,NUCLEO_ROBUSTO
10504214,20,1.0,NUCLEO_ROBUSTO
10505223,-1,0.4,SENSIBLE
10505401,20,1.0,NUCLEO_ROBUSTO
10506528,13,1.0,NUCLEO_ROBUSTO
10509186,0,1.0,NUCLEO_ROBUSTO
10512141,20,1.0,NUCLEO_ROBUSTO
10512913,20,1.0,NUCLEO_ROBUSTO
10513565,-1,0.8,NUCLEO_ROBUSTO
10514119,-1,0.8,NUCLEO_ROBUSTO
10515052,4,0.6,ESTABLE
10516572,20,1.0,NUCLEO_ROBUSTO
10516759,8,1.0,NUCLEO_ROBUSTO
10519649,20,1.0,NUCLEO_ROBUSTO
10521260,20,1.0,NUCLEO_ROBUSTO
10521535,5,1.0,NUCLEO_ROBUSTO
10523615,12,1.0,NUCLEO_ROBUSTO
10525339,20,1.0,NUCLEO_ROBUSTO
10526395,17,1.0,NUCLEO_ROBUSTO
10526626,20,1.0,NUCLEO_ROBUSTO
10529287,-1,0.4,SENSIBLE
10529635,20,1.0,NUCLEO_ROBUSTO
10530864,8,1.0,NUCLEO_ROBUSTO
10532361,8,1.0,NUCLEO_ROBUSTO
10532724,20,1.0,NUCLEO_ROBUSTO
10532776,-1,0.6,ESTABLE
10534405,20,1.0,NUCLEO_ROBUSTO
10534587,9,1.0,NUCLEO_ROBUSTO
10534718,-1,0.8,NUCLEO_ROBUSTO
10534846,20,1.0,NUCLEO_ROBUSTO
10534862,12,1.0,NUCLEO_ROBUSTO
10534994,-1,0.8,NUCLEO_ROBUSTO
10536532,13,1.0,NUCLEO_ROBUSTO
10538333,20,1.0,NUCLEO_ROBUSTO
10539281,20,1.0,NUCLEO_ROBUSTO
10539478,3,0.4,SENSIBLE
10541104,8,1.0,NUCLEO_ROBUSTO
10543092,10,1.0,NUCLEO_ROBUSTO
10543399,8,1.0,NUCLEO_ROBUSTO
10545052,20,1.0,NUCLEO_ROBUSTO
10547070,20,1.0,NUCLEO_ROBUSTO
10547918,-1,0.8,NUCLEO_ROBUSTO
10547936,20,1.0,NUCLEO_ROBUSTO
10548095,20,1.0,NUCLEO_ROBUSTO
10550259,-1,0.4,SENSIBLE
10551167,-1,0.8,NUCLEO_ROBUSTO
10551950,-1,0.8,NUCLEO_ROBUSTO
10552596,-1,0.8,NUCLEO_ROBUSTO
10557620,-1,1.0,NUCLEO_ROBUSTO
10557989,0,1.0,NUCLEO_ROBUSTO
10560248,0,1.0,NUCLEO_ROBUSTO
10560431,12,1.0,NUCLEO_ROBUSTO
10560959,-1,0.4,SENSIBLE
10561044,-1,1.0,NUCLEO_ROBUSTO
10562721,21,0.6,ESTABLE
10565895,10,1.0,NUCLEO_ROBUSTO
10567965,8,1.0,NUCLEO_ROBUSTO
10568758,8,1.0,NUCLEO_ROBUSTO
10569220,16,1.0,NUCLEO_ROBUSTO
10570024,10,1.0,NUCLEO_ROBUSTO
10571108,-1,1.0,NUCLEO_ROBUSTO
10573856,-1,0.4,SENSIBLE
10577120,-1,0.4,SENSIBLE
10577224,20,1.0,NUCLEO_ROBUSTO
10577641,16,1.0,NUCLEO_ROBUSTO
10579458,8,1.0,NUCLEO_ROBUSTO
10580334,12,1.0,NUCLEO_ROBUSTO
10581833,13,1.0,NUCLEO_ROBUSTO
10581886,-1,1.0,NUCLEO_ROBUSTO
10582661,20,1.0,NUCLEO_ROBUSTO
10582863,7,1.0,NUCLEO_ROBUSTO
10584367,20,1.0,NUCLEO_ROBUSTO
10584505,20,1.0,NUCLEO_ROBUSTO
10587121,11,1.0,NUCLEO_ROBUSTO
10587198,7,1.0,NUCLEO_ROBUSTO
10587254,12,1.0,NUCLEO_ROBUSTO
10588679,11,0.8,NUCLEO_ROBUSTO
10589034,20,1.0,NUCLEO_ROBUSTO
10590391,8,1.0,NUCLEO_ROBUSTO
10591061,20,1.0,NUCLEO_ROBUSTO
10591460,-1,1.0,NUCLEO_ROBUSTO
10591920,8,1.0,NUCLEO_ROBUSTO
10592259,20,1.0,NUCLEO_ROBUSTO
10592502,20,1.0,NUCLEO_ROBUSTO
10593260,20,1.0,NUCLEO_ROBUSTO
10594960,20,1.0,NUCLEO_ROBUSTO
10595076,13,1.0,NUCLEO_ROBUSTO
10595405,20,1.0,NUCLEO_ROBUSTO
10596385,20,1.0,NUCLEO_ROBUSTO
10597677,-1,0.6,ESTABLE
10597934,20,1.0,NUCLEO_ROBUSTO
10599010,20,1.0,NUCLEO_ROBUSTO
10599178,0,1.0,NUCLEO_ROBUSTO
10600302,12,1.0,NUCLEO_ROBUSTO
10601053,8,1.0,NUCLEO_ROBUSTO
10601135,14,0.4,SENSIBLE
10601783,20,1.0,NUCLEO_ROBUSTO
10602639,9,1.0,NUCLEO_ROBUSTO
10603356,20,1.0,NUCLEO_ROBUSTO
10603581,12,1.0,NUCLEO_ROBUSTO
10604968,20,1.0,NUCLEO_ROBUSTO
10605394,20,1.0,NUCLEO_ROBUSTO
10605473,5,1.0,NUCLEO_ROBUSTO
10605675,15,1.0,NUCLEO_ROBUSTO
10607143,20,1.0,NUCLEO_ROBUSTO
10607222,0,1.0,NUCLEO_ROBUSTO
10609671,20,1.0,NUCLEO_ROBUSTO
10609784,8,1.0,NUCLEO_ROBUSTO
10612354,-1,0.4,SENSIBLE
10613204,10,1.0,NUCLEO_ROBUSTO
10614532,20,1.0,NUCLEO_ROBUSTO
10615496,-1,0.8,NUCLEO_ROBUSTO
10616018,11,1.0,NUCLEO_ROBUSTO
10616692,12,1.0,NUCLEO_ROBUSTO
10620095,17,1.0,NUCLEO_ROBUSTO
10621880,13,1.0,NUCLEO_ROBUSTO
10622482,-1,0.8,NUCLEO_ROBUSTO
10623693,8,1.0,NUCLEO_ROBUSTO
10626296,8,1.0,NUCLEO_ROBUSTO
10628064,13,1.0,NUCLEO_ROBUSTO
10629018,1,1.0,NUCLEO_ROBUSTO
10630799,-1,1.0,NUCLEO_ROBUSTO
10631870,20,1.0,NUCLEO_ROBUSTO
10633060,-1,0.8,NUCLEO_ROBUSTO
10633598,12,1.0,NUCLEO_ROBUSTO
10635911,20,1.0,NUCLEO_ROBUSTO
10637530,0,1.0,NUCLEO_ROBUSTO
10638976,-1,1.0,NUCLEO_ROBUSTO
10639108,20,1.0,NUCLEO_ROBUSTO
10639291,20,1.0,NUCLEO_ROBUSTO
10642697,8,1.0,NUCLEO_ROBUSTO
10643504,0,1.0,NUCLEO_ROBUSTO
10644107,5,1.0,NUCLEO_ROBUSTO
10644833,20,1.0,NUCLEO_ROBUSTO
10644880,20,1.0,NUCLEO_ROBUSTO
10644996,20,1.0,NUCLEO_ROBUSTO
10645474,20,1.0,NUCLEO_ROBUSTO
10645648,10,1.0,NUCLEO_ROBUSTO
10648105,20,1.0,NUCLEO_ROBUSTO
10649653,0,1.0,NUCLEO_ROBUSTO
10651638,10,1.0,NUCLEO_ROBUSTO
10653236,12,1.0,NUCLEO_ROBUSTO
10655916,8,1.0,NUCLEO_ROBUSTO
10655974,20,1.0,NUCLEO_ROBUSTO
10655978,2,1.0,NUCLEO_ROBUSTO
10656807,20,1.0,NUCLEO_ROBUSTO
10656950,-1,1.0,NUCLEO_ROBUSTO
10659223,20,1.0,NUCLEO_ROBUSTO
10660025,20,1.0,NUCLEO_ROBUSTO
10661264,-1,0.4,SENSIBLE
10661266,20,1.0,NUCLEO_ROBUSTO
10664588,7,1.0,NUCLEO_ROBUSTO
10665096,20,1.0,NUCLEO_ROBUSTO
10665459,0,1.0,NUCLEO_ROBUSTO
10666717,8,1.0,NUCLEO_ROBUSTO
10669450,20,1.0,NUCLEO_ROBUSTO
10670336,2,1.0,NUCLEO_ROBUSTO
10672043,20,1.0,NUCLEO_ROBUSTO
10672794,20,1.0,NUCLEO_ROBUSTO
10672940,16,1.0,NUCLEO_ROBUSTO
10673652,2,1.0,NUCLEO_ROBUSTO
10673806,-1,1.0,NUCLEO_ROBUSTO
10675700,12,1.0,NUCLEO_ROBUSTO
10676082,8,1.0,NUCLEO_ROBUSTO
10676987,8,1.0,NUCLEO_ROBUSTO
10678285,20,1.0,NUCLEO_ROBUSTO
10680166,12,1.0,NUCLEO_ROBUSTO
10680410,19,0.8,NUCLEO_ROBUSTO
10680868,-1,0.4,SENSIBLE
10683058,20,1.0,NUCLEO_ROBUSTO
10684495,21,1.0,NUCLEO_ROBUSTO
10685496,5,1.0,NUCLEO_ROBUSTO
10686262,-1,0.8,NUCLEO_ROBUSTO
10687795,8,1.0,NUCLEO_ROBUSTO
10688446,20,1.0,NUCLEO_ROBUSTO
10688850,20,1.0,NUCLEO_ROBUSTO
10689209,-1,0.4,SENSIBLE
10689395,13,1.0,NUCLEO_ROBUSTO
10689809,20,1.0,NUCLEO_ROBUSTO
10690218,13,1.0,NUCLEO_ROBUSTO
10692662,20,1.0,NUCLEO_ROBUSTO
10693571,20,1.0,NUCLEO_ROBUSTO
10695586,20,1.0,NUCLEO_ROBUSTO
10697192,20,1.0,NUCLEO_ROBUSTO
10697249,20,1.0,NUCLEO_ROBUSTO
10698169,20,1.0,NUCLEO_ROBUSTO
10699486,-1,1.0,NUCLEO_ROBUSTO
10701300,13,1.0,NUCLEO_ROBUSTO
10701742,17,1.0,NUCLEO_ROBUSTO
10701786,13,1.0,NUCLEO_ROBUSTO
10704266,19,0.8,NUCLEO_ROBUSTO
10705880,13,1.0,NUCLEO_ROBUSTO
10706547,10,1.0,NUCLEO_ROBUSTO
10707022,-1,0.8,NUCLEO_ROBUSTO
10707389,8,1.0,NUCLEO_ROBUSTO
10708110,8,1.0,NUCLEO_ROBUSTO
10712015,20,1.0,NUCLEO_ROBUSTO
10714244,12,1.0,NUCLEO_ROBUSTO
10714466,21,1.0,NUCLEO_ROBUSTO
10714811,20,1.0,NUCLEO_ROBUSTO
10715113,-1,0.8,NUCLEO_ROBUSTO
10715360,-1,1.0,NUCLEO_ROBUSTO
10715972,20,1.0,NUCLEO_ROBUSTO
10717149,20,1.0,NUCLEO_ROBUSTO
10717588,-1,0.8,NUCLEO_ROBUSTO
10718963,13,1.0,NUCLEO_ROBUSTO
10720055,20,1.0,NUCLEO_ROBUSTO
10720177,20,1.0,NUCLEO_ROBUSTO
10722966,20,1.0,NUCLEO_ROBUSTO
10724349,8,1.0,NUCLEO_ROBUSTO
10724615,10,1.0,NUCLEO_ROBUSTO
10724852,20,1.0,NUCLEO_ROBUSTO
10727296,20,1.0,NUCLEO_ROBUSTO
10728399,20,1.0,NUCLEO_ROBUSTO
10728537,20,1.0,NUCLEO_ROBUSTO
10728868,20,1.0,NUCLEO_ROBUSTO
10730020,8,1.0,NUCLEO_ROBUSTO
10730428,20,1.0,NUCLEO_ROBUSTO
10730979,-1,0.4,SENSIBLE
10732265,7,1.0,NUCLEO_ROBUSTO
10732337,-1,0.4,SENSIBLE
10732477,12,1.0,NUCLEO_ROBUSTO
10732616,8,1.0,NUCLEO_ROBUSTO
10734696,20,1.0,NUCLEO_ROBUSTO
10735598,20,1.0,NUCLEO_ROBUSTO
10740318,8,1.0,NUCLEO_ROBUSTO
10741374,13,1.0,NUCLEO_ROBUSTO
10743410,4,0.6,ESTABLE
10743532,12,1.0,NUCLEO_ROBUSTO
10745637,20,1.0,NUCLEO_ROBUSTO
10745915,10,1.0,NUCLEO_ROBUSTO
10746110,20,1.0,NUCLEO_ROBUSTO
10747145,7,0.8,NUCLEO_ROBUSTO
10747473,20,1.0,NUCLEO_ROBUSTO
10747743,17,1.0,NUCLEO_ROBUSTO
10749897,8,1.0,NUCLEO_ROBUSTO
10750406,20,1.0,NUCLEO_ROBUSTO
10752139,12,1.0,NUCLEO_ROBUSTO
10752985,8,1.0,NUCLEO_ROBUSTO
10753974,20,1.0,NUCLEO_ROBUSTO
10763499,-1,0.4,SENSIBLE
10764563,20,1.0,NUCLEO_ROBUSTO
10764782,8,1.0,NUCLEO_ROBUSTO
10768303,8,1.0,NUCLEO_ROBUSTO
10771406,-1,0.8,NUCLEO_ROBUSTO
10772217,7,1.0,NUCLEO_ROBUSTO
10772502,20,1.0,NUCLEO_ROBUSTO
10772582,8,1.0,NUCLEO_ROBUSTO
10772901,20,1.0,NUCLEO_ROBUSTO
10773335,8,1.0,NUCLEO_ROBUSTO
10774013,20,1.0,NUCLEO_ROBUSTO
10776569,-1,1.0,NUCLEO_ROBUSTO
10776806,20,1.0,NUCLEO_ROBUSTO
10778198,13,1.0,NUCLEO_ROBUSTO
10778950,20,1.0,NUCLEO_ROBUSTO
10779757,13,1.0,NUCLEO_ROBUSTO
10780379,0,1.0,NUCLEO_ROBUSTO
10780476,8,1.0,NUCLEO_ROBUSTO
10780861,20,1.0,NUCLEO_ROBUSTO
10782403,8,1.0,NUCLEO_ROBUSTO
10783166,-1,1.0,NUCLEO_ROBUSTO
10786863,8,1.0,NUCLEO_ROBUSTO
10788794,7,1.0,NUCLEO_ROBUSTO
10788895,0,1.0,NUCLEO_ROBUSTO
10790146,20,1.0,NUCLEO_ROBUSTO
10792370,-1,0.8,NUCLEO_ROBUSTO
10793628,20,1.0,NUCLEO_ROBUSTO
10794076,15,1.0,NUCLEO_ROBUSTO
10794777,20,1.0,NUCLEO_ROBUSTO
10795531,12,1.0,NUCLEO_ROBUSTO
10796233,21,1.0,NUCLEO_ROBUSTO
10796413,17,1.0,NUCLEO_ROBUSTO
10796420,-1,0.8,NUCLEO_ROBUSTO
10797028,4,0.6,ESTABLE
10798145,20,1.0,NUCLEO_ROBUSTO
10800123,10,1.0,NUCLEO_ROBUSTO
10800240,8,1.0,NUCLEO_ROBUSTO
10801344,20,1.0,NUCLEO_ROBUSTO
10801837,8,1.0,NUCLEO_ROBUSTO
10802047,4,0.6,ESTABLE
10804272,13,1.0,NUCLEO_ROBUSTO
10809118,3,0.4,SENSIBLE
10810328,10,1.0,NUCLEO_ROBUSTO
10810339,3,0.4,SENSIBLE
10812093,1,1.0,NUCLEO_ROBUSTO
10814031,12,1.0,NUCLEO_ROBUSTO
10814800,10,1.0,NUCLEO_ROBUSTO
10815242,8,1.0,NUCLEO_ROBUSTO
10816501,7,1.0,NUCLEO_ROBUSTO
10819893,7,1.0,NUCLEO_ROBUSTO
10821035,20,1.0,NUCLEO_ROBUSTO
10821911,8,1.0,NUCLEO_ROBUSTO
10822412,20,1.0,NUCLEO_ROBUSTO
10822622,12,1.0,NUCLEO_ROBUSTO
10824357,20,1.0,NUCLEO_ROBUSTO
10824663,20,1.0,NUCLEO_ROBUSTO
10825333,20,1.0,NUCLEO_ROBUSTO
10825527,0,1.0,NUCLEO_ROBUSTO
10826592,20,1.0,NUCLEO_ROBUSTO
10829221,12,1.0,NUCLEO_ROBUSTO
10829276,20,1.0,NUCLEO_ROBUSTO
10830397,10,1.0,NUCLEO_ROBUSTO
10830903,8,1.0,NUCLEO_ROBUSTO
10832710,10,1.0,NUCLEO_ROBUSTO
10832777,8,1.0,NUCLEO_ROBUSTO
10835522,20,1.0,NUCLEO_ROBUSTO
10838869,20,1.0,NUCLEO_ROBUSTO
10840207,10,1.0,NUCLEO_ROBUSTO
10842586,20,1.0,NUCLEO_ROBUSTO
10845140,20,1.0,NUCLEO_ROBUSTO
10845522,20,1.0,NUCLEO_ROBUSTO
10849575,20,1.0,NUCLEO_ROBUSTO
10851316,20,1.0,NUCLEO_ROBUSTO
10853894,20,1.0,NUCLEO_ROBUSTO
10854548,20,1.0,NUCLEO_ROBUSTO
10855322,17,1.0,NUCLEO_ROBUSTO
10855574,8,1.0,NUCLEO_ROBUSTO
10855925,8,1.0,NUCLEO_ROBUSTO
10858004,-1,0.6,ESTABLE
10858304,10,1.0,NUCLEO_ROBUSTO
10858434,0,1.0,NUCLEO_ROBUSTO
10859241,-1,0.8,NUCLEO_ROBUSTO
10859695,10,1.0,NUCLEO_ROBUSTO
10860435,8,1.0,NUCLEO_ROBUSTO
10860992,12,1.0,NUCLEO_ROBUSTO
10861713,5,1.0,NUCLEO_ROBUSTO
10864285,20,1.0,NUCLEO_ROBUSTO
10864653,13,1.0,NUCLEO_ROBUSTO
10865729,20,1.0,NUCLEO_ROBUSTO
10865960,8,1.0,NUCLEO_ROBUSTO
10866423,7,1.0,NUCLEO_ROBUSTO
10867274,12,1.0,NUCLEO_ROBUSTO
10873654,20,1.0,NUCLEO_ROBUSTO
10874691,-1,0.6,ESTABLE
10876257,8,1.0,NUCLEO_ROBUSTO
10878401,13,1.0,NUCLEO_ROBUSTO
10879045,-1,0.4,SENSIBLE
10879522,20,1.0,NUCLEO_ROBUSTO
10880450,20,1.0,NUCLEO_ROBUSTO
10881176,20,1.0,NUCLEO_ROBUSTO
10881383,20,1.0,NUCLEO_ROBUSTO
10883025,8,1.0,NUCLEO_ROBUSTO
10883590,12,1.0,NUCLEO_ROBUSTO
10884292,20,1.0,NUCLEO_ROBUSTO
10884504,-1,1.0,NUCLEO_ROBUSTO
10884852,20,1.0,NUCLEO_ROBUSTO
10885351,5,1.0,NUCLEO_ROBUSTO
10885910,20,1.0,NUCLEO_ROBUSTO
10886031,20,1.0,NUCLEO_ROBUSTO
10886581,13,1.0,NUCLEO_ROBUSTO
10887195,17,1.0,NUCLEO_ROBUSTO
10890322,2,1.0,NUCLEO_ROBUSTO
10891268,20,1.0,NUCLEO_ROBUSTO
10892675,-1,1.0,NUCLEO_ROBUSTO
10893041,20,1.0,NUCLEO_ROBUSTO
10893825,17,1.0,NUCLEO_ROBUSTO
10894891,20,1.0,NUCLEO_ROBUSTO
10897001,12,1.0,NUCLEO_ROBUSTO
10897834,20,1.0,NUCLEO_ROBUSTO
10899776,10,1.0,NUCLEO_ROBUSTO
10899970,10,1.0,NUCLEO_ROBUSTO
10900036,20,1.0,NUCLEO_ROBUSTO
10900481,-1,0.8,NUCLEO_ROBUSTO
10902660,20,1.0,NUCLEO_ROBUSTO
10903869,-1,0.8,NUCLEO_ROBUSTO
10905070,6,0.8,NUCLEO_ROBUSTO
10906285,13,1.0,NUCLEO_ROBUSTO
10906391,-1,0.6,ESTABLE
10906464,4,0.6,ESTABLE
10907036,20,1.0,NUCLEO_ROBUSTO
10908289,10,1.0,NUCLEO_ROBUSTO
10913085,12,1.0,NUCLEO_ROBUSTO
10913706,20,1.0,NUCLEO_ROBUSTO
10914124,20,1.0,NUCLEO_ROBUSTO
10915224,0,1.0,NUCLEO_ROBUSTO
10916050,12,1.0,NUCLEO_ROBUSTO
10917814,2,1.0,NUCLEO_ROBUSTO
10919840,-1,1.0,NUCLEO_ROBUSTO
10920805,6,0.8,NUCLEO_ROBUSTO
10921556,20,1.0,NUCLEO_ROBUSTO
10922531,-1,0.4,SENSIBLE
10923053,10,1.0,NUCLEO_ROBUSTO
10923381,20,1.0,NUCLEO_ROBUSTO
10923762,20,1.0,NUCLEO_ROBUSTO
10924561,12,1.0,NUCLEO_ROBUSTO
10926601,12,1.0,NUCLEO_ROBUSTO
10926847,15,1.0,NUCLEO_ROBUSTO
10929115,0,1.0,NUCLEO_ROBUSTO
10930458,10,1.0,NUCLEO_ROBUSTO
10930608,20,1.0,NUCLEO_ROBUSTO
10933030,-1,0.6,ESTABLE
10933086,20,1.0,NUCLEO_ROBUSTO
10933312,20,1.0,NUCLEO_ROBUSTO
10934763,19,1.0,NUCLEO_ROBUSTO
10934801,12,1.0,NUCLEO_ROBUSTO
10935752,8,1.0,NUCLEO_ROBUSTO
10935953,20,1.0,NUCLEO_ROBUSTO
10937256,20,1.0,NUCLEO_ROBUSTO
10939082,8,1.0,NUCLEO_ROBUSTO
10940394,7,1.0,NUCLEO_ROBUSTO
10941020,20,1.0,NUCLEO_ROBUSTO
10941241,7,0.8,NUCLEO_ROBUSTO
10941334,10,1.0,NUCLEO_ROBUSTO
10943481,20,1.0,NUCLEO_ROBUSTO
10943553,-1,1.0,NUCLEO_ROBUSTO
10943707,20,1.0,NUCLEO_ROBUSTO
10945679,20,1.0,NUCLEO_ROBUSTO
10947291,-1,0.4,SENSIBLE
10947392,8,1.0,NUCLEO_ROBUSTO
10950297,20,1.0,NUCLEO_ROBUSTO
10950801,-1,1.0,NUCLEO_ROBUSTO
10952603,20,1.0,NUCLEO_ROBUSTO
10953107,20,1.0,NUCLEO_ROBUSTO
10958244,20,1.0,NUCLEO_ROBUSTO
10962292,20,1.0,NUCLEO_ROBUSTO
10964160,2,1.0,NUCLEO_ROBUSTO
10964436,20,1.0,NUCLEO_ROBUSTO
10964749,4,0.6,ESTABLE
10965648,8,1.0,NUCLEO_ROBUSTO
10965941,-1,1.0,NUCLEO_ROBUSTO
10966285,8,1.0,NUCLEO_ROBUSTO
10970262,20,1.0,NUCLEO_ROBUSTO
10973260,12,1.0,NUCLEO_ROBUSTO
10973562,20,1.0,NUCLEO_ROBUSTO
10974162,20,1.0,NUCLEO_ROBUSTO
10975166,8,1.0,NUCLEO_ROBUSTO
10978017,13,1.0,NUCLEO_ROBUSTO
10978442,7,1.0,NUCLEO_ROBUSTO
10978757,20,1.0,NUCLEO_ROBUSTO
10980156,11,0.8,NUCLEO_ROBUSTO
10980534,8,1.0,NUCLEO_ROBUSTO
10981722,-1,1.0,NUCLEO_ROBUSTO
10982912,20,1.0,NUCLEO_ROBUSTO
10983150,13,1.0,NUCLEO_ROBUSTO
10984789,20,1.0,NUCLEO_ROBUSTO
10984892,6,0.8,NUCLEO_ROBUSTO
10985716,7,1.0,NUCLEO_ROBUSTO
10986129,20,1.0,NUCLEO_ROBUSTO
10987653,12,1.0,NUCLEO_ROBUSTO
10987943,0,1.0,NUCLEO_ROBUSTO
10989948,12,1.0,NUCLEO_ROBUSTO
10990870,-1,0.8,NUCLEO_ROBUSTO
10993407,2,1.0,NUCLEO_ROBUSTO
10994072,-1,0.8,NUCLEO_ROBUSTO
10994290,5,1.0,NUCLEO_ROBUSTO
10995833,-1,0.8,NUCLEO_ROBUSTO
10996464,-1,0.6,ESTABLE
10996915,20,1.0,NUCLEO_ROBUSTO
10997860,19,0.8,NUCLEO_ROBUSTO
10999669,20,1.0,NUCLEO_ROBUSTO
11000440,20,1.0,NUCLEO_ROBUSTO
11001405,20,1.0,NUCLEO_ROBUSTO
11003520,20,1.0,NUCLEO_ROBUSTO
11005703,-1,1.0,NUCLEO_ROBUSTO
11006126,0,1.0,NUCLEO_ROBUSTO
11007851,0,1.0,NUCLEO_ROBUSTO
11008953,20,1.0,NUCLEO_ROBUSTO
11011090,0,1.0,NUCLEO_ROBUSTO
11019180,20,1.0,NUCLEO_ROBUSTO
11019386,20,1.0,NUCLEO_ROBUSTO
11019648,12,1.0,NUCLEO_ROBUSTO
11020210,20,1.0,NUCLEO_ROBUSTO
11021100,20,1.0,NUCLEO_ROBUSTO
11023311,8,1.0,NUCLEO_ROBUSTO
11025183,20,1.0,NUCLEO_ROBUSTO
11027995,12,1.0,NUCLEO_ROBUSTO
11029051,20,1.0,NUCLEO_ROBUSTO
11029802,20,1.0,NUCLEO_ROBUSTO
11030339,20,1.0,NUCLEO_ROBUSTO
11030788,10,1.0,NUCLEO_ROBUSTO
11030886,2,1.0,NUCLEO_ROBUSTO
11031066,8,1.0,NUCLEO_ROBUSTO
11031386,0,1.0,NUCLEO_ROBUSTO
11032475,19,1.0,NUCLEO_ROBUSTO
11032506,20,1.0,NUCLEO_ROBUSTO
11035524,-1,1.0,NUCLEO_ROBUSTO
11035641,12,1.0,NUCLEO_ROBUSTO
11035803,-1,0.4,SENSIBLE
11041629,17,1.0,NUCLEO_ROBUSTO
11041659,20,1.0,NUCLEO_ROBUSTO
11042986,12,1.0,NUCLEO_ROBUSTO
11044169,21,1.0,NUCLEO_ROBUSTO
11045728,13,1.0,NUCLEO_ROBUSTO
11046571,0,1.0,NUCLEO_ROBUSTO
11046739,-1,1.0,NUCLEO_ROBUSTO
11047120,12,1.0,NUCLEO_ROBUSTO
11047305,18,0.4,SENSIBLE
11047417,20,1.0,NUCLEO_ROBUSTO
11049436,20,1.0,NUCLEO_ROBUSTO
11052623,10,1.0,NUCLEO_ROBUSTO
11054153,7,1.0,NUCLEO_ROBUSTO
11054352,2,1.0,NUCLEO_ROBUSTO
11054645,10,1.0,NUCLEO_ROBUSTO
11054909,18,1.0,NUCLEO_ROBUSTO
11056486,-1,0.8,NUCLEO_ROBUSTO
11057268,12,1.0,NUCLEO_ROBUSTO
11057298,20,1.0,NUCLEO_ROBUSTO
11057967,20,1.0,NUCLEO_ROBUSTO
11060270,0,1.0,NUCLEO_ROBUSTO
11060467,2,1.0,NUCLEO_ROBUSTO
11060778,13,1.0,NUCLEO_ROBUSTO
11060999,20,1.0,NUCLEO_ROBUSTO
11061800,16,0.8,NUCLEO_ROBUSTO
11063080,5,1.0,NUCLEO_ROBUSTO
11064714,20,1.0,NUCLEO_ROBUSTO
11065669,20,1.0,NUCLEO_ROBUSTO
11065835,20,1.0,NUCLEO_ROBUSTO
11066337,-1,0.8,NUCLEO_ROBUSTO
11066896,20,1.0,NUCLEO_ROBUSTO
11068444,20,1.0,NUCLEO_ROBUSTO
11072217,20,1.0,NUCLEO_ROBUSTO
11073004,8,1.0,NUCLEO_ROBUSTO
11073048,-1,0.4,SENSIBLE
11074130,20,1.0,NUCLEO_ROBUSTO
11074514,20,1.0,NUCLEO_ROBUSTO
11074737,20,1.0,NUCLEO_ROBUSTO
11077541,20,1.0,NUCLEO_ROBUSTO
11079693,20,1.0,NUCLEO_ROBUSTO
11080501,20,1.0,NUCLEO_ROBUSTO
11081907,8,1.0,NUCLEO_ROBUSTO
11084020,8,1.0,NUCLEO_ROBUSTO
11085300,8,1.0,NUCLEO_ROBUSTO
11085776,7,0.8,NUCLEO_ROBUSTO
11088856,13,1.0,NUCLEO_ROBUSTO
11090303,20,1.0,NUCLEO_ROBUSTO
11090715,6,0.8,NUCLEO_ROBUSTO
11091469,0,1.0,NUCLEO_ROBUSTO
11093129,-1,1.0,NUCLEO_ROBUSTO
11093294,20,1.0,NUCLEO_ROBUSTO
11094258,3,0.4,SENSIBLE
11094457,-1,0.4,SENSIBLE
11095597,7,1.0,NUCLEO_ROBUSTO
11096231,-1,0.8,NUCLEO_ROBUSTO
11096797,-1,0.6,ESTABLE
11096808,20,1.0,NUCLEO_ROBUSTO
11098507,4,0.6,ESTABLE
11099113,8,1.0,NUCLEO_ROBUSTO
11099319,19,0.8,NUCLEO_ROBUSTO
11101157,12,1.0,NUCLEO_ROBUSTO
11102048,13,1.0,NUCLEO_ROBUSTO
11102708,20,1.0,NUCLEO_ROBUSTO
11108584,15,1.0,NUCLEO_ROBUSTO
11108879,15,1.0,NUCLEO_ROBUSTO
11109263,8,1.0,NUCLEO_ROBUSTO
11109748,10,1.0,NUCLEO_ROBUSTO
11109769,-1,0.6,ESTABLE
11112789,8,1.0,NUCLEO_ROBUSTO
11112882,10,1.0,NUCLEO_ROBUSTO
11113561,20,1.0,NUCLEO_ROBUSTO
11117660,20,1.0,NUCLEO_ROBUSTO
11119257,8,1.0,NUCLEO_ROBUSTO
11119423,8,1.0,NUCLEO_ROBUSTO
11119679,8,1.0,NUCLEO_ROBUSTO
11121340,-1,0.4,SENSIBLE
11122642,0,1.0,NUCLEO_ROBUSTO
11123192,9,1.0,NUCLEO_ROBUSTO
11123287,20,1.0,NUCLEO_ROBUSTO
11124867,-1,0.6,ESTABLE
11126282,20,1.0,NUCLEO_ROBUSTO
11126971,17,1.0,NUCLEO_ROBUSTO
11129024,8,1.0,NUCLEO_ROBUSTO
11129046,19,1.0,NUCLEO_ROBUSTO
11132888,20,1.0,NUCLEO_ROBUSTO
11133129,20,1.0,NUCLEO_ROBUSTO
11133786,8,1.0,NUCLEO_ROBUSTO
11134609,-1,0.8,NUCLEO_ROBUSTO
11134731,20,1.0,NUCLEO_ROBUSTO
11137575,8,1.0,NUCLEO_ROBUSTO
11138887,-1,0.4,SENSIBLE
11139884,-1,0.4,SENSIBLE
11140298,20,1.0,NUCLEO_ROBUSTO
11140676,14,0.4,SENSIBLE
11141301,20,1.0,NUCLEO_ROBUSTO
11144181,-1,0.8,NUCLEO_ROBUSTO
11145185,12,1.0,NUCLEO_ROBUSTO
11145351,20,1.0,NUCLEO_ROBUSTO
11145508,12,1.0,NUCLEO_ROBUSTO
11149643,8,1.0,NUCLEO_ROBUSTO
11150594,20,1.0,NUCLEO_ROBUSTO
11151930,21,1.0,NUCLEO_ROBUSTO
11152164,20,1.0,NUCLEO_ROBUSTO
11153117,20,1.0,NUCLEO_ROBUSTO
11154016,13,1.0,NUCLEO_ROBUSTO
11154206,-1,0.8,NUCLEO_ROBUSTO
11154531,20,1.0,NUCLEO_ROBUSTO
11154691,13,1.0,NUCLEO_ROBUSTO
11155368,20,1.0,NUCLEO_ROBUSTO
11155463,8,1.0,NUCLEO_ROBUSTO
11158371,20,1.0,NUCLEO_ROBUSTO
11158998,2,1.0,NUCLEO_ROBUSTO
11161213,15,1.0,NUCLEO_ROBUSTO
11162051,8,1.0,NUCLEO_ROBUSTO
11162601,12,1.0,NUCLEO_ROBUSTO
11162688,17,1.0,NUCLEO_ROBUSTO
11163310,-1,0.4,SENSIBLE
11163648,4,0.6,ESTABLE
11164016,20,1.0,NUCLEO_ROBUSTO
11164809,-1,0.4,SENSIBLE
11165046,20,1.0,NUCLEO_ROBUSTO
11165545,19,1.0,NUCLEO_ROBUSTO
11166096,20,1.0,NUCLEO_ROBUSTO
11166293,8,1.0,NUCLEO_ROBUSTO
11166315,20,1.0,NUCLEO_ROBUSTO
11166952,6,0.8,NUCLEO_ROBUSTO
11167247,-1,0.8,NUCLEO_ROBUSTO
11169870,8,1.0,NUCLEO_ROBUSTO
11170157,-1,0.8,NUCLEO_ROBUSTO
11171305,20,1.0,NUCLEO_ROBUSTO
11172227,10,1.0,NUCLEO_ROBUSTO
11173505,-1,0.8,NUCLEO_ROBUSTO
11173772,8,1.0,NUCLEO_ROBUSTO
11175166,20,1.0,NUCLEO_ROBUSTO
11177027,20,1.0,NUCLEO_ROBUSTO
11178217,16,1.0,NUCLEO_ROBUSTO
11178886,12,1.0,NUCLEO_ROBUSTO
11178941,20,1.0,NUCLEO_ROBUSTO
11179294,8,1.0,NUCLEO_ROBUSTO
11179323,11,1.0,NUCLEO_ROBUSTO
11179475,0,1.0,NUCLEO_ROBUSTO
11179476,20,1.0,NUCLEO_ROBUSTO
11182505,20,1.0,NUCLEO_ROBUSTO
11183668,8,1.0,NUCLEO_ROBUSTO
11184079,20,1.0,NUCLEO_ROBUSTO
11184554,1,1.0,NUCLEO_ROBUSTO
11185488,8,1.0,NUCLEO_ROBUSTO
11187363,20,1.0,NUCLEO_ROBUSTO
11187918,20,1.0,NUCLEO_ROBUSTO
11188686,20,1.0,NUCLEO_ROBUSTO
11189833,10,1.0,NUCLEO_ROBUSTO
11190449,10,1.0,NUCLEO_ROBUSTO
11192956,-1,1.0,NUCLEO_ROBUSTO
11193078,9,1.0,NUCLEO_ROBUSTO
11193287,21,1.0,NUCLEO_ROBUSTO
11194114,7,0.8,NUCLEO_ROBUSTO
11195444,0,1.0,NUCLEO_ROBUSTO
11196890,10,1.0,NUCLEO_ROBUSTO
11197516,5,1.0,NUCLEO_ROBUSTO
11197761,8,1.0,NUCLEO_ROBUSTO
11197981,20,1.0,NUCLEO_ROBUSTO
11198278,8,1.0,NUCLEO_ROBUSTO
11200959,20,1.0,NUCLEO_ROBUSTO
11201502,10,1.0,NUCLEO_ROBUSTO
11201628,12,1.0,NUCLEO_ROBUSTO
11201837,20,1.0,NUCLEO_ROBUSTO
11202038,15,1.0,NUCLEO_ROBUSTO
11204027,20,1.0,NUCLEO_ROBUSTO
11206599,20,1.0,NUCLEO_ROBUSTO
11208623,18,1.0,NUCLEO_ROBUSTO
11208760,21,1.0,NUCLEO_ROBUSTO
11211424,20,1.0,NUCLEO_ROBUSTO
11214410,13,1.0,NUCLEO_ROBUSTO
11214772,18,1.0,NUCLEO_ROBUSTO
11215366,-1,0.4,SENSIBLE
11218866,8,1.0,NUCLEO_ROBUSTO
11220801,-1,0.6,ESTABLE
11221651,0,1.0,NUCLEO_ROBUSTO
11221708,8,1.0,NUCLEO_ROBUSTO
11227498,20,1.0,NUCLEO_ROBUSTO
11228464,20,1.0,NUCLEO_ROBUSTO
11228865,20,1.0,NUCLEO_ROBUSTO
11229433,8,1.0,NUCLEO_ROBUSTO
11229908,20,1.0,NUCLEO_ROBUSTO
11230023,8,1.0,NUCLEO_ROBUSTO
11233532,15,1.0,NUCLEO_ROBUSTO
11233822,19,0.8,NUCLEO_ROBUSTO
11238827,18,1.0,NUCLEO_ROBUSTO
11239096,20,1.0,NUCLEO_ROBUSTO
11239535,8,1.0,NUCLEO_ROBUSTO
11241115,20,1.0,NUCLEO_ROBUSTO
11241345,20,1.0,NUCLEO_ROBUSTO
11241547,16,1.0,NUCLEO_ROBUSTO
11241622,13,1.0,NUCLEO_ROBUSTO
11242200,16,1.0,NUCLEO_ROBUSTO
11243191,16,0.8,NUCLEO_ROBUSTO
11243286,20,1.0,NUCLEO_ROBUSTO
11246864,20,1.0,NUCLEO_ROBUSTO
11247223,20,1.0,NUCLEO_ROBUSTO
11247231,13,1.0,NUCLEO_ROBUSTO
11248741,20,1.0,NUCLEO_ROBUSTO
11250722,3,0.4,SENSIBLE
11250821,0,1.0,NUCLEO_ROBUSTO
11252324,8,1.0,NUCLEO_ROBUSTO
11252625,20,1.0,NUCLEO_ROBUSTO
11255589,7,1.0,NUCLEO_ROBUSTO
11255760,20,1.0,NUCLEO_ROBUSTO
11255997,8,1.0,NUCLEO_ROBUSTO
11257822,20,1.0,NUCLEO_ROBUSTO
11258257,20,1.0,NUCLEO_ROBUSTO
11258347,10,1.0,NUCLEO_ROBUSTO
11258960,20,1.0,NUCLEO_ROBUSTO
11259950,8,1.0,NUCLEO_ROBUSTO
11261521,20,1.0,NUCLEO_ROBUSTO
11261802,20,1.0,NUCLEO_ROBUSTO
11263779,20,1.0,NUCLEO_ROBUSTO
11265134,20,1.0,NUCLEO_ROBUSTO
11266961,13,1.0,NUCLEO_ROBUSTO
11267020,-1,0.4,SENSIBLE
11269789,20,1.0,NUCLEO_ROBUSTO
11269881,-1,0.8,NUCLEO_ROBUSTO
11270149,7,1.0,NUCLEO_ROBUSTO
11270615,4,0.6,ESTABLE
11270978,20,1.0,NUCLEO_ROBUSTO
11271472,20,1.0,NUCLEO_ROBUSTO
11272063,20,1.0,NUCLEO_ROBUSTO
11272319,13,1.0,NUCLEO_ROBUSTO
11273293,-1,0.8,NUCLEO_ROBUSTO
11273322,7,1.0,NUCLEO_ROBUSTO
11273664,8,1.0,NUCLEO_ROBUSTO
11276153,10,1.0,NUCLEO_ROBUSTO
11277991,20,1.0,NUCLEO_ROBUSTO
11280485,13,1.0,NUCLEO_ROBUSTO
11281382,20,1.0,NUCLEO_ROBUSTO
11283085,20,1.0,NUCLEO_ROBUSTO
11283705,15,0.6,ESTABLE
11283734,20,1.0,NUCLEO_ROBUSTO
11284395,19,1.0,NUCLEO_ROBUSTO
11285541,-1,0.8,NUCLEO_ROBUSTO
11285607,-1,1.0,NUCLEO_ROBUSTO
11285853,-1,0.6,ESTABLE
11289661,8,1.0,NUCLEO_ROBUSTO
11289927,20,1.0,NUCLEO_ROBUSTO
11290346,8,1.0,NUCLEO_ROBUSTO
11292276,20,1.0,NUCLEO_ROBUSTO
11293300,8,1.0,NUCLEO_ROBUSTO
11293807,20,1.0,NUCLEO_ROBUSTO
11293842,13,1.0,NUCLEO_ROBUSTO
11294592,8,1.0,NUCLEO_ROBUSTO
11297294,8,1.0,NUCLEO_ROBUSTO
11298088,2,1.0,NUCLEO_ROBUSTO
11300183,20,1.0,NUCLEO_ROBUSTO
11301847,20,1.0,NUCLEO_ROBUSTO
11303687,8,1.0,NUCLEO_ROBUSTO
11303863,17,1.0,NUCLEO_ROBUSTO
11304112,20,1.0,NUCLEO_ROBUSTO
11304210,8,1.0,NUCLEO_ROBUSTO
11305942,13,1.0,NUCLEO_ROBUSTO
11306171,20,1.0,NUCLEO_ROBUSTO
11306236,20,0.6,ESTABLE
11310014,8,1.0,NUCLEO_ROBUSTO
11311162,8,1.0,NUCLEO_ROBUSTO
11311430,10,1.0,NUCLEO_ROBUSTO
11313187,8,1.0,NUCLEO_ROBUSTO
11313921,20,1.0,NUCLEO_ROBUSTO
11314805,0,1.0,NUCLEO_ROBUSTO
11315354,7,1.0,NUCLEO_ROBUSTO
11315680,10,1.0,NUCLEO_ROBUSTO
11316912,20,1.0,NUCLEO_ROBUSTO
11317327,1,1.0,NUCLEO_ROBUSTO
11318222,-1,1.0,NUCLEO_ROBUSTO
11318425,-1,1.0,NUCLEO_ROBUSTO
11318631,20,1.0,NUCLEO_ROBUSTO
11319881,17,1.0,NUCLEO_ROBUSTO
11321509,13,1.0,NUCLEO_ROBUSTO
11322054,21,1.0,NUCLEO_ROBUSTO
11323910,2,1.0,NUCLEO_ROBUSTO
11326175,13,1.0,NUCLEO_ROBUSTO
11326930,0,1.0,NUCLEO_ROBUSTO
11330481,20,1.0,NUCLEO_ROBUSTO
11332144,8,1.0,NUCLEO_ROBUSTO
11335651,-1,0.8,NUCLEO_ROBUSTO
11337329,20,1.0,NUCLEO_ROBUSTO
11338353,20,1.0,NUCLEO_ROBUSTO
11338950,20,1.0,NUCLEO_ROBUSTO
11339503,9,1.0,NUCLEO_ROBUSTO
11339946,8,1.0,NUCLEO_ROBUSTO
11341531,-1,1.0,NUCLEO_ROBUSTO
11341938,7,1.0,NUCLEO_ROBUSTO
11341985,-1,0.8,NUCLEO_ROBUSTO
11344348,20,1.0,NUCLEO_ROBUSTO
11344361,10,1.0,NUCLEO_ROBUSTO
11344389,10,1.0,NUCLEO_ROBUSTO
11345095,4,0.6,ESTABLE
11347848,15,1.0,NUCLEO_ROBUSTO
11349499,20,1.0,NUCLEO_ROBUSTO
11352303,10,1.0,NUCLEO_ROBUSTO
11352441,8,1.0,NUCLEO_ROBUSTO
11354648,20,1.0,NUCLEO_ROBUSTO
11355400,8,1.0,NUCLEO_ROBUSTO
11359086,8,1.0,NUCLEO_ROBUSTO
11359489,20,1.0,NUCLEO_ROBUSTO
11359496,-1,0.4,SENSIBLE
11361010,-1,0.8,NUCLEO_ROBUSTO
11362835,20,1.0,NUCLEO_ROBUSTO
11363580,12,1.0,NUCLEO_ROBUSTO
11363666,20,1.0,NUCLEO_ROBUSTO
11363907,10,1.0,NUCLEO_ROBUSTO
11364129,10,1.0,NUCLEO_ROBUSTO
11364388,20,1.0,NUCLEO_ROBUSTO
11366509,20,1.0,NUCLEO_ROBUSTO
11372159,17,1.0,NUCLEO_ROBUSTO
11372338,6,0.8,NUCLEO_ROBUSTO
11372483,20,1.0,NUCLEO_ROBUSTO
11372845,17,1.0,NUCLEO_ROBUSTO
11372930,-1,0.8,NUCLEO_ROBUSTO
11373772,20,1.0,NUCLEO_ROBUSTO
11374064,1,1.0,NUCLEO_ROBUSTO
11374196,20,1.0,NUCLEO_ROBUSTO
11374652,-1,0.8,NUCLEO_ROBUSTO
11375962,-1,0.4,SENSIBLE
11376336,1,1.0,NUCLEO_ROBUSTO
11378553,20,1.0,NUCLEO_ROBUSTO
11379774,11,0.8,NUCLEO_ROBUSTO
11382766,8,1.0,NUCLEO_ROBUSTO
11383407,10,1.0,NUCLEO_ROBUSTO
11384577,20,1.0,NUCLEO_ROBUSTO
11385615,20,1.0,NUCLEO_ROBUSTO
11386154,20,1.0,NUCLEO_ROBUSTO
11387296,0,1.0,NUCLEO_ROBUSTO
11387621,-1,0.8,NUCLEO_ROBUSTO
11388796,20,1.0,NUCLEO_ROBUSTO
11389904,20,1.0,NUCLEO_ROBUSTO
11391131,-1,1.0,NUCLEO_ROBUSTO
11392794,5,1.0,NUCLEO_ROBUSTO
11392928,20,1.0,NUCLEO_ROBUSTO
11394654,20,1.0,NUCLEO_ROBUSTO
11399354,-1,1.0,NUCLEO_ROBUSTO
11399676,20,1.0,NUCLEO_ROBUSTO
11399723,20,1.0,NUCLEO_ROBUSTO
11400241,-1,0.8,NUCLEO_ROBUSTO
11405458,20,1.0,NUCLEO_ROBUSTO
11407141,-1,1.0,NUCLEO_ROBUSTO
11407345,15,1.0,NUCLEO_ROBUSTO
11407838,19,0.8,NUCLEO_ROBUSTO
11408703,20,1.0,NUCLEO_ROBUSTO
11410075,20,1.0,NUCLEO_ROBUSTO
11410156,20,1.0,NUCLEO_ROBUSTO
11412288,12,1.0,NUCLEO_ROBUSTO
11414186,-1,0.4,SENSIBLE
11418562,20,1.0,NUCLEO_ROBUSTO
11419549,12,1.0,NUCLEO_ROBUSTO
11421219,20,1.0,NUCLEO_ROBUSTO
11423289,20,1.0,NUCLEO_ROBUSTO
11424369,-1,1.0,NUCLEO_ROBUSTO
11424478,20,1.0,NUCLEO_ROBUSTO
11424728,12,1.0,NUCLEO_ROBUSTO
11426712,20,1.0,NUCLEO_ROBUSTO
11426898,5,1.0,NUCLEO_ROBUSTO
11427286,20,1.0,NUCLEO_ROBUSTO
11427639,-1,1.0,NUCLEO_ROBUSTO
11428421,10,1.0,NUCLEO_ROBUSTO
11429037,15,1.0,NUCLEO_ROBUSTO
11430400,15,1.0,NUCLEO_ROBUSTO
11432676,1,1.0,NUCLEO_ROBUSTO
11435260,10,1.0,NUCLEO_ROBUSTO
11435706,-1,1.0,NUCLEO_ROBUSTO
11437665,13,1.0,NUCLEO_ROBUSTO
11440105,20,1.0,NUCLEO_ROBUSTO
11442158,20,1.0,NUCLEO_ROBUSTO
11443003,8,1.0,NUCLEO_ROBUSTO
11444576,20,1.0,NUCLEO_ROBUSTO
11444838,20,1.0,NUCLEO_ROBUSTO
11445845,12,1.0,NUCLEO_ROBUSTO
11446479,7,1.0,NUCLEO_ROBUSTO
11446757,20,1.0,NUCLEO_ROBUSTO
11447783,20,1.0,NUCLEO_ROBUSTO
11448908,15,1.0,NUCLEO_ROBUSTO
11449580,20,1.0,NUCLEO_ROBUSTO
11450697,8,1.0,NUCLEO_ROBUSTO
11450969,15,1.0,NUCLEO_ROBUSTO
11454522,20,1.0,NUCLEO_ROBUSTO
11458648,20,1.0,NUCLEO_ROBUSTO
11461042,-1,0.6,ESTABLE
11461415,8,1.0,NUCLEO_ROBUSTO
11462311,-1,0.6,ESTABLE
11464962,17,1.0,NUCLEO_ROBUSTO
11467703,8,1.0,NUCLEO_ROBUSTO
11469096,2,1.0,NUCLEO_ROBUSTO
11469239,20,1.0,NUCLEO_ROBUSTO
11469686,20,1.0,NUCLEO_ROBUSTO
11470013,20,1.0,NUCLEO_ROBUSTO
11473077,20,1.0,NUCLEO_ROBUSTO
11473147,10,1.0,NUCLEO_ROBUSTO
11473176,20,1.0,NUCLEO_ROBUSTO
11473501,16,1.0,NUCLEO_ROBUSTO
11475307,20,1.0,NUCLEO_ROBUSTO
11477067,20,1.0,NUCLEO_ROBUSTO
11477368,20,1.0,NUCLEO_ROBUSTO
11477729,20,1.0,NUCLEO_ROBUSTO
11478063,20,1.0,NUCLEO_ROBUSTO
11479943,20,1.0,NUCLEO_ROBUSTO
11479995,20,1.0,NUCLEO_ROBUSTO
11480134,19,1.0,NUCLEO_ROBUSTO
11483058,20,1.0,NUCLEO_ROBUSTO
11483581,8,1.0,NUCLEO_ROBUSTO
11483852,20,1.0,NUCLEO_ROBUSTO
11484003,7,1.0,NUCLEO_ROBUSTO
11484735,7,1.0,NUCLEO_ROBUSTO
11484797,16,1.0,NUCLEO_ROBUSTO
11485401,20,1.0,NUCLEO_ROBUSTO
11486692,20,1.0,NUCLEO_ROBUSTO
11488206,7,1.0,NUCLEO_ROBUSTO
11489003,-1,0.8,NUCLEO_ROBUSTO
11492067,13,1.0,NUCLEO_ROBUSTO
11492108,20,1.0,NUCLEO_ROBUSTO
11492967,8,1.0,NUCLEO_ROBUSTO
11495272,7,1.0,NUCLEO_ROBUSTO
11499902,7,1.0,NUCLEO_ROBUSTO
11500738,-1,1.0,NUCLEO_ROBUSTO
11501249,-1,0.8,NUCLEO_ROBUSTO
11501338,-1,1.0,NUCLEO_ROBUSTO
11504110,-1,1.0,NUCLEO_ROBUSTO
11505026,20,1.0,NUCLEO_ROBUSTO
11506157,20,1.0,NUCLEO_ROBUSTO
11506784,20,1.0,NUCLEO_ROBUSTO
11507019,20,1.0,NUCLEO_ROBUSTO
11507713,2,1.0,NUCLEO_ROBUSTO
11508876,20,1.0,NUCLEO_ROBUSTO
11512977,20,1.0,NUCLEO_ROBUSTO
11513668,1,0.8,NUCLEO_ROBUSTO
11515213,8,1.0,NUCLEO_ROBUSTO
11520682,17,1.0,NUCLEO_ROBUSTO
11521781,8,1.0,NUCLEO_ROBUSTO
11522444,1,1.0,NUCLEO_ROBUSTO
11522640,20,1.0,NUCLEO_ROBUSTO
11526940,10,1.0,NUCLEO_ROBUSTO
11528292,8,1.0,NUCLEO_ROBUSTO
11529201,-1,0.8,NUCLEO_ROBUSTO
11529279,10,1.0,NUCLEO_ROBUSTO
11529793,2,1.0,NUCLEO_ROBUSTO
11530114,7,1.0,NUCLEO_ROBUSTO
11530961,8,1.0,NUCLEO_ROBUSTO
11532114,12,1.0,NUCLEO_ROBUSTO
11532617,-1,0.8,NUCLEO_ROBUSTO
11533607,-1,1.0,NUCLEO_ROBUSTO
11534099,20,1.0,NUCLEO_ROBUSTO
11534767,20,1.0,NUCLEO_ROBUSTO
11536634,7,1.0,NUCLEO_ROBUSTO
11537868,8,1.0,NUCLEO_ROBUSTO
11538051,20,1.0,NUCLEO_ROBUSTO
11539121,8,1.0,NUCLEO_ROBUSTO
11541569,8,1.0,NUCLEO_ROBUSTO
11542656,-1,0.8,NUCLEO_ROBUSTO
11543148,10,1.0,NUCLEO_ROBUSTO
11544181,20,1.0,NUCLEO_ROBUSTO
11544858,20,1.0,NUCLEO_ROBUSTO
11544955,20,1.0,NUCLEO_ROBUSTO
11546063,-1,0.8,NUCLEO_ROBUSTO
11546509,20,1.0,NUCLEO_ROBUSTO
11546648,2,1.0,NUCLEO_ROBUSTO
11546717,20,1.0,NUCLEO_ROBUSTO
11548815,10,1.0,NUCLEO_ROBUSTO
11550369,-1,0.8,NUCLEO_ROBUSTO
11550721,20,1.0,NUCLEO_ROBUSTO
11551532,11,1.0,NUCLEO_ROBUSTO
11553478,13,1.0,NUCLEO_ROBUSTO
11554232,0,1.0,NUCLEO_ROBUSTO
11557653,10,1.0,NUCLEO_ROBUSTO
11558341,19,0.8,NUCLEO_ROBUSTO
11558955,4,0.6,ESTABLE
11559564,1,1.0,NUCLEO_ROBUSTO
11561358,20,1.0,NUCLEO_ROBUSTO
11563363,1,1.0,NUCLEO_ROBUSTO
11564100,-1,0.8,NUCLEO_ROBUSTO
11564452,-1,0.4,SENSIBLE
11564564,8,1.0,NUCLEO_ROBUSTO
11564756,8,1.0,NUCLEO_ROBUSTO
11565494,-1,0.8,NUCLEO_ROBUSTO
11565683,-1,0.8,NUCLEO_ROBUSTO
11567275,-1,0.4,SENSIBLE
11569982,20,1.0,NUCLEO_ROBUSTO
11571294,10,1.0,NUCLEO_ROBUSTO
11571297,0,1.0,NUCLEO_ROBUSTO
11572338,20,1.0,NUCLEO_ROBUSTO
11573361,9,1.0,NUCLEO_ROBUSTO
11573367,8,1.0,NUCLEO_ROBUSTO
11575232,20,1.0,NUCLEO_ROBUSTO
11577314,20,1.0,NUCLEO_ROBUSTO
11577381,20,1.0,NUCLEO_ROBUSTO
11579022,-1,0.8,NUCLEO_ROBUSTO
11580049,7,1.0,NUCLEO_ROBUSTO
11580086,-1,0.8,NUCLEO_ROBUSTO
11580764,8,1.0,NUCLEO_ROBUSTO
11580803,-1,1.0,NUCLEO_ROBUSTO
11581741,20,1.0,NUCLEO_ROBUSTO
11582634,12,1.0,NUCLEO_ROBUSTO
11583043,-1,1.0,NUCLEO_ROBUSTO
11583702,-1,0.6,ESTABLE
11584627,20,1.0,NUCLEO_ROBUSTO
11588367,-1,0.6,ESTABLE
11589183,10,1.0,NUCLEO_ROBUSTO
11589651,17,1.0,NUCLEO_ROBUSTO
11589663,20,1.0,NUCLEO_ROBUSTO
11592281,20,1.0,NUCLEO_ROBUSTO
11593147,20,1.0,NUCLEO_ROBUSTO
11593279,20,1.0,NUCLEO_ROBUSTO
11594301,16,1.0,NUCLEO_ROBUSTO
11594537,20,1.0,NUCLEO_ROBUSTO
11594778,20,1.0,NUCLEO_ROBUSTO
11595744,20,1.0,NUCLEO_ROBUSTO
11598435,20,1.0,NUCLEO_ROBUSTO
11598531,12,1.0,NUCLEO_ROBUSTO
11604622,20,1.0,NUCLEO_ROBUSTO
11604677,20,1.0,NUCLEO_ROBUSTO
11609430,-1,0.4,SENSIBLE
11609626,19,1.0,NUCLEO_ROBUSTO
11611084,20,1.0,NUCLEO_ROBUSTO
11611491,20,1.0,NUCLEO_ROBUSTO
11612598,-1,1.0,NUCLEO_ROBUSTO
11614413,12,1.0,NUCLEO_ROBUSTO
11615335,20,1.0,NUCLEO_ROBUSTO
11615381,17,1.0,NUCLEO_ROBUSTO
11615691,8,1.0,NUCLEO_ROBUSTO
11615748,-1,0.4,SENSIBLE
11616528,20,1.0,NUCLEO_ROBUSTO
11618391,20,1.0,NUCLEO_ROBUSTO
11619141,13,1.0,NUCLEO_ROBUSTO
11620168,7,1.0,NUCLEO_ROBUSTO
11621595,20,1.0,NUCLEO_ROBUSTO
11622326,14,0.4,SENSIBLE
11623635,20,1.0,NUCLEO_ROBUSTO
11623966,20,1.0,NUCLEO_ROBUSTO
11624274,-1,0.4,SENSIBLE
11628828,15,1.0,NUCLEO_ROBUSTO
11630218,20,1.0,NUCLEO_ROBUSTO
11631077,16,1.0,NUCLEO_ROBUSTO
11631890,10,1.0,NUCLEO_ROBUSTO
11633655,8,1.0,NUCLEO_ROBUSTO
11634045,5,1.0,NUCLEO_ROBUSTO
11634927,10,1.0,NUCLEO_ROBUSTO
11636144,-1,0.8,NUCLEO_ROBUSTO
11636419,20,1.0,NUCLEO_ROBUSTO
11639480,16,1.0,NUCLEO_ROBUSTO
11640123,19,1.0,NUCLEO_ROBUSTO
11640978,20,1.0,NUCLEO_ROBUSTO
11642514,19,0.8,NUCLEO_ROBUSTO
11642701,12,1.0,NUCLEO_ROBUSTO
11643058,20,1.0,NUCLEO_ROBUSTO
11643234,0,1.0,NUCLEO_ROBUSTO
11644547,16,1.0,NUCLEO_ROBUSTO
11644832,20,1.0,NUCLEO_ROBUSTO
11645262,5,1.0,NUCLEO_ROBUSTO
11646775,-1,0.4,SENSIBLE
11647962,20,1.0,NUCLEO_ROBUSTO
11649583,20,1.0,NUCLEO_ROBUSTO
11650642,5,1.0,NUCLEO_ROBUSTO
11654135,13,1.0,NUCLEO_ROBUSTO
11656171,0,1.0,NUCLEO_ROBUSTO
11656609,12,1.0,NUCLEO_ROBUSTO
11657228,20,1.0,NUCLEO_ROBUSTO
11658977,17,1.0,NUCLEO_ROBUSTO
11659808,21,1.0,NUCLEO_ROBUSTO
11660440,-1,0.8,NUCLEO_ROBUSTO
11660495,21,1.0,NUCLEO_ROBUSTO
11660921,20,1.0,NUCLEO_ROBUSTO
11661064,-1,0.8,NUCLEO_ROBUSTO
11663310,17,1.0,NUCLEO_ROBUSTO
11665384,20,1.0,NUCLEO_ROBUSTO
11666077,20,1.0,NUCLEO_ROBUSTO
11666606,8,1.0,NUCLEO_ROBUSTO
11666621,8,1.0,NUCLEO_ROBUSTO
11666630,-1,1.0,NUCLEO_ROBUSTO
11667221,20,1.0,NUCLEO_ROBUSTO
11667601,10,1.0,NUCLEO_ROBUSTO
11671258,20,1.0,NUCLEO_ROBUSTO
11671499,20,1.0,NUCLEO_ROBUSTO
11672277,13,1.0,NUCLEO_ROBUSTO
11676707,8,1.0,NUCLEO_ROBUSTO
11677116,-1,0.6,ESTABLE
11679670,13,1.0,NUCLEO_ROBUSTO
11680126,20,1.0,NUCLEO_ROBUSTO
11680512,13,1.0,NUCLEO_ROBUSTO
11680692,20,1.0,NUCLEO_ROBUSTO
11681413,-1,0.4,SENSIBLE
11684425,7,1.0,NUCLEO_ROBUSTO
11689038,20,1.0,NUCLEO_ROBUSTO
11691450,20,1.0,NUCLEO_ROBUSTO
11691545,-1,0.8,NUCLEO_ROBUSTO
11691965,20,1.0,NUCLEO_ROBUSTO
11693158,10,1.0,NUCLEO_ROBUSTO
11693226,2,1.0,NUCLEO_ROBUSTO
11694021,20,1.0,NUCLEO_ROBUSTO
11694073,-1,1.0,NUCLEO_ROBUSTO
11696415,-1,0.4,SENSIBLE
11696817,20,1.0,NUCLEO_ROBUSTO
11697374,20,1.0,NUCLEO_ROBUSTO
11697744,13,1.0,NUCLEO_ROBUSTO
11699478,20,1.0,NUCLEO_ROBUSTO
11699480,20,1.0,NUCLEO_ROBUSTO
11699604,8,1.0,NUCLEO_ROBUSTO
11700757,20,1.0,NUCLEO_ROBUSTO
11700896,-1,0.4,SENSIBLE
11702286,2,1.0,NUCLEO_ROBUSTO
11703192,6,0.8,NUCLEO_ROBUSTO
11724505,20,1.0,NUCLEO_ROBUSTO
11725414,18,1.0,NUCLEO_ROBUSTO
11727869,20,1.0,NUCLEO_ROBUSTO
11728091,20,1.0,NUCLEO_ROBUSTO
11728648,19,1.0,NUCLEO_ROBUSTO
11742444,20,1.0,NUCLEO_ROBUSTO
11744835,20,1.0,NUCLEO_ROBUSTO
11745353,20,1.0,NUCLEO_ROBUSTO
11745445,20,1.0,NUCLEO_ROBUSTO
11749434,-1,0.8,NUCLEO_ROBUSTO
11761615,-1,0.6,ESTABLE
11764740,20,1.0,NUCLEO_ROBUSTO
11766483,20,1.0,NUCLEO_ROBUSTO
11770540,20,1.0,NUCLEO_ROBUSTO
11777299,20,1.0,NUCLEO_ROBUSTO
11780366,20,1.0,NUCLEO_ROBUSTO
11781502,20,1.0,NUCLEO_ROBUSTO
11785965,20,1.0,NUCLEO_ROBUSTO
11787505,-1,1.0,NUCLEO_ROBUSTO
11788752,-1,1.0,NUCLEO_ROBUSTO
11790180,20,1.0,NUCLEO_ROBUSTO
11791834,20,1.0,NUCLEO_ROBUSTO
11792163,20,1.0,NUCLEO_ROBUSTO
11794943,20,1.0,NUCLEO_ROBUSTO
11802358,12,1.0,NUCLEO_ROBUSTO
11803256,20,1.0,NUCLEO_ROBUSTO
11813472,20,1.0,NUCLEO_ROBUSTO
11815686,20,1.0,NUCLEO_ROBUSTO
11816255,20,1.0,NUCLEO_ROBUSTO
11818382,20,1.0,NUCLEO_ROBUSTO
11818488,20,1.0,NUCLEO_ROBUSTO
11819031,20,1.0,NUCLEO_ROBUSTO
11820759,-1,0.8,NUCLEO_ROBUSTO
11821152,20,1.0,NUCLEO_ROBUSTO
11825973,20,1.0,NUCLEO_ROBUSTO
11827938,-1,0.4,SENSIBLE
11828397,20,1.0,NUCLEO_ROBUSTO
11833465,-1,1.0,NUCLEO_ROBUSTO
11834008,20,1.0,NUCLEO_ROBUSTO
11834820,20,1.0,NUCLEO_ROBUSTO
11844486,10,1.0,NUCLEO_ROBUSTO
11844637,20,1.0,NUCLEO_ROBUSTO
11845945,10,1.0,NUCLEO_ROBUSTO
12269326,20,1.0,NUCLEO_ROBUSTO
12269327,20,1.0,NUCLEO_ROBUSTO
12269328,20,1.0,NUCLEO_ROBUSTO
12269340,20,1.0,NUCLEO_ROBUSTO
12269343,-1,0.8,NUCLEO_ROBUSTO
12269361,-1,0.8,NUCLEO_ROBUSTO
12269440,20,1.0,NUCLEO_ROBUSTO
12269443,20,1.0,NUCLEO_ROBUSTO
12269447,20,1.0,NUCLEO_ROBUSTO
12288313,20,1.0,NUCLEO_ROBUSTO
12288315,20,1.0,NUCLEO_ROBUSTO
12288317,20,1.0,NUCLEO_ROBUSTO
12288322,20,1.0,NUCLEO_ROBUSTO
12288324,20,1.0,NUCLEO_ROBUSTO
12288330,20,1.0,NUCLEO_ROBUSTO
12288334,20,1.0,NUCLEO_ROBUSTO
12288341,20,1.0,NUCLEO_ROBUSTO
12288354,-1,0.8,NUCLEO_ROBUSTO
12288366,-1,1.0,NUCLEO_ROBUSTO
12288369,20,1.0,NUCLEO_ROBUSTO
12288372,20,1.0,NUCLEO_ROBUSTO
12299719,20,1.0,NUCLEO_ROBUSTO
