d_llave,clee,nom_est,raz_soc,cve_scian,desc_scian,Descripcion estrato personal ocupado,Tipo de vialidad,Nombre de la vialidad,Tipo de entre vialidad 1,Nombre de entre vialidad 1,Tipo de entre vialidad 2,Nombre de entre vialidad 2,Tipo de entre vialidad 3,Nombre de entre vialidad 3,Numero exterior o kilometro,Letra exterior,Edificio,Edificio Piso,Numero interior,Letra interior,Tipo de asentamiento humano,Nombre de asentamiento humano,Tipo centro comercial,"Corredor industrial, centro comercial o mercado publico",Numero de local,Codigo Postal,Clave entidad,Entidad federativa,Clave municipio,Municipio,cve_loc,localidad,Area geoestadistica basica,Manzana,Numero de telefono,Correo electronico,Sitio en Internet,Tipo de establecimiento,Latitud,Longitud,Fecha de incorporacion al DENUE,coincide_filtro_scian,coincide_filtro_texto,textil,mezclilla,humedo_explicito,lavado_generico,produccion,maquila,proceso_seco_explicito,scian_textil,scian_acabado_humedo,scian_lavanderia,sector_textil,evidencia_hidrica
11691450,21114313310000301000000000U1,ACABADO DE PRODUCTOS TEXTILES SIN NOMBRE,PLAYERAS VAZCO,313310,Acabado de productos textiles,0 a 5 personas,CALLE,AVENIDA 36 PONIENTE,CIRCUITO,UNIDAD HABITACIONAL PROFESOR JORGE MURAD,CALLE,35 NORTE,BOULEVARD,NORTE,,SN,,,3302,,COLONIA,JORGE MURAD,,,,72044,21,PUEBLA,114,Puebla,0001,Heroica Puebla de Zaragoza,0126,001,2228136512,ADMVEN.CAZCO@GMAIL.COM,,Fijo,19.07198574,-98.21020224,2024-11,True,True,False,False,True,False,False,False,False,True,True,False,INCLUIR,SI
11444838,21114313310000253000000000U4,ACABADOS ANUAR,,313310,Acabado de productos textiles,11 a 30 personas,CALLE,ANTIGUO CAMINO A LA RESURRECCION,PRIVADA,PARAISO,CALLE,RESURRECCION SUR,PRIVADA,RESURRECCION PONIENTE,10428,32,,,,,PARQUE INDUSTRIAL,LA RESURRECCION,,,,72228,21,PUEBLA,114,Puebla,0001,Heroica Puebla de Zaragoza,1641,033,,ANUARAAC@GMAIL.COM,,Fijo,19.08300258,-98.16052031,2024-11,True,False,False,False,False,False,False,False,False,True,True,False,INCLUIR,SI
3344947,21114313210000483011000000U9,ACABADOS ANUAR,,313310,Acabado de productos textiles,0 a 5 personas,CALLE,ANTIGUO CAMINO A LA RESURRECCION,PRIVADA,PARAISO,CALLE,RESURRECCION SUR,PRIVADA,RESURRECCION PONIENTE,10428,,,,,,PARQUE INDUSTRIAL,LA RESURRECCION,,,,72228,21,PUEBLA,114,Puebla,0001,Heroica Puebla de Zaragoza,1641,033,,,,Fijo,19.08293087,-98.16060671,2014-12,True,False,False,False,False,False,False,False,False,True,True,False,INCLUIR,SI
6378673,21114313310000165000000000U0,ACABADOS RIO TEJO,ACABADOS RIO TEJO,313310,Acabado de productos textiles,51 a 100 personas,AVENIDA,PUEBLA-TLAXCALA,PRIVADA,NINGUNO,PRIVADA,NINGUNO,OTRO(ESPECIFIQUE),RIO ATOYAC,5003,A,,,,,COLONIA,SAN JERONIMO CALERAS,,,,72100,21,PUEBLA,114,Puebla,0001,Heroica Puebla de Zaragoza,3101,002,2223432480,ACA.RIOTEJO@OUTLOOK.COM,,Fijo,19.10981831,-98.22903214,2010-07,True,False,False,False,False,False,False,False,False,True,True,False,INCLUIR,SI
6378340,21140313310000015001000000U2,ACABADOS TEXTILES BORIN,ACABADOS TEXTILES BORIN,313310,Acabado de productos textiles,51 a 100 personas,AVENIDA,5 PONIENTE,CALLE,11 SUR,CALLE,13 SUR,AVENIDA,3 PONIENTE,1113,,,,,,COLONIA,CENTRO,,,,72760,21,PUEBLA,140,San Pedro Cholula,0001,Cholula de Rivadavia,0056,033,,DIRECCION.ADMINISTRATIVO@ACTEXBORIN.COM,,Fijo,19.06508856,-98.31618504,2010-07,True,False,False,False,False,False,False,False,False,True,True,False,INCLUIR,SI
6378672,21114313320000035000000000U4,ACAFINTEX,ACABADOS FINOS TEXTILES,313310,Acabado de productos textiles,51 a 100 personas,AVENIDA,PRIMERA DE CUAUHTÉMOC,PRIVADA,NINGUNO,PRIVADA,SEGUNDA PRIVADA CUAUHTÉMOC,PRIVADA,DOMINGO ARENAS,148,,,,,,COLONIA,AGRICOLA IGNACIO ZARAGOZA,,,,72100,21,PUEBLA,114,Puebla,0001,Heroica Puebla de Zaragoza,3116,021,,CONTABILIDAD@ACAFINTEX.COM,WWW.ACAFINTEX.COM,Fijo,19.12513292,-98.22614097,2010-07,True,False,False,False,False,False,False,False,False,True,True,False,INCLUIR,SI
3264971,21114313310000102010000000U3,AFELPADOS FINOS,AFELPADOS FINOS,313310,Acabado de productos textiles,6 a 10 personas,CALLE,AVENIDA 2 PONIENTE,CALLE,15 NORTE,CALLE,17 NORTE,AVENIDA,REFORMA,1505,,,,,,COLONIA,CENTRO,,,,72000,21,PUEBLA,114,Puebla,0001,Heroica Puebla de Zaragoza,0499,040,,AFINSACV@GMAIL.COM,,Fijo,19.05089974,-98.20921673,2010-07,True,False,False,False,False,False,False,False,False,True,True,False,INCLUIR,SI
10122585,21074315223000971000000000U0,ALEJANDRO GARITA JUAREZ,DESHEBRADO DE PANTALON,315229,Confección en serie de otra ropa exterior de materiales textiles,0 a 5 personas,CALLE,LOS REYES,CALLE,LA PIEDAD,CALLE,CALLE DEL CARMEN,CALLE,JUAN PIZACO,33,,,,,,LOCALIDAD,SANTA ANA XALMIMILULCO,,,,74169,21,PUEBLA,074,Huejotzingo,0029,Santa Ana Xalmimilulco,0025,049,,,,Fijo,19.2090004,-98.37746816,2024-11,True,True,True,True,False,False,True,False,True,True,False,False,INCLUIR,REVISAR
6377115,21114313310000176000000000U7,ALILTEX,ALILTEX,313310,Acabado de productos textiles,101 a 250 personas,CALLE,ANTIGUO CAMINO A MANZANILLA,AVENIDA,18 DE NOVIEMBRE (FEDERAL PUEBLA-TEHUACÁN),CALLE,NINGUNO,OTRO(ESPECIFIQUE),BARRANCO,59,,,,,,COLONIA,JOAQUIN COLOMBRES,PARQUE INDUSTRIAL,RESURRECCION,SN,72300,21,PUEBLA,114,Puebla,0001,Heroica Puebla de Zaragoza,0338,033,,TEREPC@ALILTEX.COM,,Fijo,19.05664146,-98.15516569,2010-07,True,False,False,False,False,False,False,False,False,True,True,False,INCLUIR,SI
6271633,21114313310000186000000000U6,ALTO ACABADO,ALTO ACABADO,313310,Acabado de productos textiles,101 a 250 personas,CALLE,30 NORTE,AVENIDA,12 ORIENTE,CALLE,NINGUNO,CALLE,32 NORTE BIS,1008,,,,,,COLONIA,HUMBOLDT,,,,72370,21,PUEBLA,114,Puebla,0001,Heroica Puebla de Zaragoza,0624,014,,ADMINISTRACION@ALTOACABADO.COM,,Fijo,19.04151798,-98.17460254,2010-07,True,True,False,False,True,False,False,False,False,True,True,False,INCLUIR,SI
12288354,21114313310000323000000000U5,B&D MANUFACTURING,B&D MANUFACTURING,313310,Acabado de productos textiles,11 a 30 personas,CALLE,VENUSTIANO CARRANZA,CERRADA,PRIMERA 18 DE MARZO,CALLE,CAMINO REAL A SAN PABLO,CALLE,18 DE MARZO,8,,,,,,BARRIO,SN BARTOLO SN P MONT07,,,,90970,21,PUEBLA,114,Puebla,0001,Heroica Puebla de Zaragoza,5451,032,,ISRAEL@BD-MANUFACTIRING.COM,,Fijo,19.11372094,-98.18274562,2026-04,True,False,False,False,False,False,False,False,False,True,True,False,INCLUIR,SI
3353207,21114313310000195011037724M7,COMPAÑIA TEXTIL SANTA BARBARA,COMPAÑIA TEXTIL SANTA BARBARA,313310,Acabado de productos textiles,6 a 10 personas,CALLE,MANUEL ÁVILA CAMACHO,CALLE,34 NORTE,CALLE,38 NORTE,OTRO(ESPECIFIQUE),BARRANCA,,SN,,,,SN,COLONIA,SANTA BÁRBARA,,,,72380,21,PUEBLA,114,Puebla,0001,Heroica Puebla de Zaragoza,3845,012,,CONTACTO@TEXTILSANTABARBARA.COM.MX,,Fijo,19.03348301,-98.17671475,2010-07,True,True,True,False,False,False,False,False,False,True,True,False,INCLUIR,SI
8493130,21041313310000014001037724S5,COMPAÑIA TEXTIL SANTA BARBARA,COMPAÑIA TEXTIL SANTA BARBARA,313310,Acabado de productos textiles,51 a 100 personas,CALLE,SAN BERNARDO,AVENIDA,VICENTE GUERRERO,AVENIDA,CAMINO A SAN LORENZO,CALLE,RÍO GRIJALVA,414,,,,,,ZONA INDUSTRIAL,SANCTORUM,,,,72730,21,PUEBLA,041,Cuautlancingo,0008,Sanctorum,0202,017,2227089863,CONTACTO@TEXTILSANTABARBARA.COM.MX,,Fijo,19.1077676,-98.25401795,2019-11,True,True,True,False,False,False,False,False,False,True,True,False,INCLUIR,SI
10534862,21134315229001751000000000U4,COSTURA Y DESHEBRADO SIN NOMBRE,,315229,Confección en serie de otra ropa exterior de materiales textiles,0 a 5 personas,PRIVADA,NINGUNO,PRIVADA,NINGUNO,PRIVADA,NINGUNO,CALLE,SAN MARTIN,439,A,,,,,LOCALIDAD,SAN MATIAS TLALANCALECA,,,,74110,21,PUEBLA,134,San Matías Tlalancaleca,0001,San Matías Tlalancaleca,0044,019,2481381281,,,Fijo,19.32300611,-98.49318903,2024-11,True,True,True,True,False,False,True,False,True,True,False,False,INCLUIR,REVISAR
3326133,21074315229001451000000000U9,DESEBRADO DE BLUSA SIN NOMBRE,,315229,Confección en serie de otra ropa exterior de materiales textiles,0 a 5 personas,PRIVADA,DOMINGO ARENAS,CALLE,EL REBOZO,CALLE,ADOLFO LOPEZ MATEOS,CALLE,VIOLETAS PONIENTE,52,,,,,,LOCALIDAD,SANTA ANA XALMIMILULCO,,,,74169,21,PUEBLA,074,Huejotzingo,0029,Santa Ana Xalmimilulco,0190,021,2271093445,,,Fijo,19.2125903,-98.38502297,2014-12,True,True,True,True,False,False,True,False,True,True,False,False,INCLUIR,REVISAR
9645802,21074315223001251000000000U6,DESHEBRADO,DESHEBRADO DE PANTALON,315229,Confección en serie de otra ropa exterior de materiales textiles,0 a 5 personas,CALLE,NIÑO PERDIDO,PRIVADA,NINGUNO,CALLE,LINDA VISTA,CALLE,SANTA CRUZ,1,,,,,,COLONIA,SANTA CRUZ,,,,74169,21,PUEBLA,074,Huejotzingo,0029,Santa Ana Xalmimilulco,0203,010,2481769980,,,Fijo,19.21790672,-98.37946319,2024-11,True,True,True,True,False,False,True,False,True,True,False,False,INCLUIR,REVISAR
11530961,21074315223000342000000000U4,DESHEBRADO,,315229,Confección en serie de otra ropa exterior de materiales textiles,6 a 10 personas,PRIVADA,NINGUNO,CALLE,MELCHOR OCAMPO,CALLE,SAN RAFAEL,CALLE,MELCHOR OCAMPO,35,,,,,,LOCALIDAD,CUARTA SECCION,,,,74169,21,PUEBLA,074,Huejotzingo,0029,Santa Ana Xalmimilulco,0203,026,2481000897,,,Fijo,19.2133537,-98.37415935,2024-11,True,True,True,True,False,False,True,False,True,True,False,False,INCLUIR,REVISAR
8118934,21074315229002071000000000U4,DESHEBRADO,,315229,Confección en serie de otra ropa exterior de materiales textiles,0 a 5 personas,CALLE,NINGUNO,CALLE,DOMINGO ARENAS,CALLE,VIOLETAS PONIENTE,CALLE,REFORMA,1,,,,,,PUEBLO,SANTA ANA XALMIMINULCO,,,,74169,21,PUEBLA,074,Huejotzingo,0029,Santa Ana Xalmimilulco,0190,009,2271124857,,,Fijo,19.21184171,-98.38357506,2019-11,True,True,True,True,False,False,True,False,True,True,False,False,INCLUIR,REVISAR
11304210,21074315223000561000000000U9,DESHEBRADO,,315229,Confección en serie de otra ropa exterior de materiales textiles,0 a 5 personas,PRIVADA,PRIVADA DE LA GLORIA,CALLE,LOS REYES,CALLE,GLORIA,CALLE,NINGUNO,1,,,,,,LOCALIDAD,SANTA ANA XALMIMILULCO,,,,74169,21,PUEBLA,074,Huejotzingo,0029,Santa Ana Xalmimilulco,0025,052,,,,Fijo,19.20863774,-98.37699365,2024-11,True,True,True,True,False,False,True,False,True,True,False,False,INCLUIR,REVISAR
11031066,21074315223000271000000000U5,DESHEBRADO,,315229,Confección en serie de otra ropa exterior de materiales textiles,0 a 5 personas,CALLE,NINGUNO,CALLE,TEYUCA,CALLE,SAUCE,CALLE,JUAN DE LA BARRERA,,SN,,,,,LOCALIDAD,SANTA ANA XALMIMILULCO,,,,74169,21,PUEBLA,074,Huejotzingo,0029,Santa Ana Xalmimilulco,0203,035,2212673866,,,Fijo,19.2132786,-98.36913525,2024-11,True,True,True,True,False,False,True,False,True,True,False,False,INCLUIR,REVISAR
10965648,21074315223000881000000000U1,DESHEBRADO,,315229,Confección en serie de otra ropa exterior de materiales textiles,0 a 5 personas,CALLE,TEYUCA,PRIVADA,NINGUNO,PRIVADA,NINGUNO,CALLE,SAUCE,,SN,,,,,COLONIA,GUADALUPE,,,,74169,21,PUEBLA,074,Huejotzingo,0029,Santa Ana Xalmimilulco,0203,033,,,,Fijo,19.21811505,-98.37231129,2024-11,True,True,True,True,False,False,True,False,True,True,False,False,INCLUIR,REVISAR
7742908,21074311830001391110000000U6,DESHEBRADO,,315229,Confección en serie de otra ropa exterior de materiales textiles,0 a 5 personas,CALLE,REAL DE LA POSTA,PRIVADA,NINGUNO,PRIVADA,NINGUNO,CALLE,SAN ANGEL,,SN,,,,,LOCALIDAD,SANTA ANA XALMIMILULCO,,,,74169,21,PUEBLA,074,Huejotzingo,0029,Santa Ana Xalmimilulco,0203,002,2271457140,,,Fijo,19.21997081,-98.37473248,2019-11,True,True,True,True,False,False,True,False,True,True,False,False,INCLUIR,REVISAR
10966285,21074315223001301000000000U9,DESHEBRADO DE PANTALON,,315229,Confección en serie de otra ropa exterior de materiales textiles,0 a 5 personas,CALLE,GLORIA,CALLE,NINGUNO,CALLE,IXTACUIXTLA NORTE,CALLE,REAL DE PUEBLA,21,,,,,,LOCALIDAD,SANTA ANA XALMIMILULCO,,,,74169,21,PUEBLA,074,Huejotzingo,0029,Santa Ana Xalmimilulco,0025,032,,,,Fijo,19.20761424,-98.37519692,2024-11,True,True,True,True,False,False,True,False,True,True,False,False,INCLUIR,REVISAR
10830903,21074315229002621000000000U6,DESHEBRADO DE PANTALON,,315229,Confección en serie de otra ropa exterior de materiales textiles,0 a 5 personas,PRIVADA,DOMINGO ARENAS,CALLE,AQUILES SERDAN SUR,CALLE,NOGALES,CALLE,AQUILES SERDAN SUR,45,,,,,,LOCALIDAD,SANTA ANA XALMIMILULCO,,,,74169,21,PUEBLA,074,Huejotzingo,0029,Santa Ana Xalmimilulco,0025,030,,,,Fijo,19.21134481,-98.3856217,2024-11,True,True,True,True,False,False,True,False,True,True,False,False,INCLUIR,REVISAR
9590208,21074315223001201000000000U1,DESHEBRADO DE PANTALON,,315229,Confección en serie de otra ropa exterior de materiales textiles,0 a 5 personas,CALLE,CONCEPCION,CALLE,SAN ANGEL,CALLE,LINDA VISTA,CALLE,LA MERCED,3,,,,,,COLONIA,SANTA CRUZ,,,,74169,21,PUEBLA,074,Huejotzingo,0029,Santa Ana Xalmimilulco,0203,005,2271161775,,,Fijo,19.21873841,-98.3777512,2024-11,True,True,True,True,False,False,True,False,True,True,False,False,INCLUIR,REVISAR
9566007,21074315223001311000000000U8,DESHEBRADO DE PANTALON,,315229,Confección en serie de otra ropa exterior de materiales textiles,0 a 5 personas,CALLE,GLORIA,CALLE,NINGUNO,CALLE,IXTACUIXTLA NORTE,CALLE,REAL DE PUEBLA,,SN,,,,,LOCALIDAD,SANTA ANA XALMIMILULCO,,,,74169,21,PUEBLA,074,Huejotzingo,0029,Santa Ana Xalmimilulco,0025,032,,,,Fijo,19.20777613,-98.37572813,2024-11,True,True,True,True,False,False,True,False,True,True,False,False,INCLUIR,REVISAR
8776861,21074461110008371010000000U6,DESHEBRADO DE PANTALON,,315229,Confección en serie de otra ropa exterior de materiales textiles,0 a 5 personas,CALLE,GLORIA,CALLE,NINGUNO,CALLE,IXTACUIXTLA NORTE,CALLE,REAL DE PUEBLA,89,,,,,,LOCALIDAD,SANTA ANA XALMIMILULCO,,,,74169,21,PUEBLA,074,Huejotzingo,0029,Santa Ana Xalmimilulco,0025,032,,,,Fijo,19.20787139,-98.37602851,2019-11,True,True,True,True,False,False,True,False,True,True,False,False,INCLUIR,REVISAR
8089749,21074315229001921000000000U1,DESHEBRADO DE PANTALON SIN NOMBRE,,315229,Confección en serie de otra ropa exterior de materiales textiles,0 a 5 personas,AVENIDA,GUADALUPE VICTORIA,CALLE,FRAY JUAN DE ALAMEDA,PROLONGACION,GUADALUPE VICTORIA,AVENIDA,PORFIRIO DIAZ,1508,,,,,,LOCALIDAD,HUEJOTZINGO,,,,74169,21,PUEBLA,074,Huejotzingo,0001,Huejotzingo,010A,040,,,,Fijo,19.17098447,-98.40741127,2019-11,True,True,True,True,False,False,True,False,True,True,False,False,INCLUIR,REVISAR
8271528,21074315229001641000000000U5,DESHEBRADO DE PANTALON SIN NOMBRE,,315229,Confección en serie de otra ropa exterior de materiales textiles,0 a 5 personas,CALLE,XICOHTENCATL,CALLE,REAL DE PUEBLA,CALLE,PALMA,CALLE,PORFIRIO DIAZ,18,,,,,,COLONIA,CENTRO,,,,74169,21,PUEBLA,074,Huejotzingo,0029,Santa Ana Xalmimilulco,0025,011,,,,Fijo,19.20887583,-98.38169434,2019-11,True,True,True,True,False,False,True,False,True,True,False,False,INCLUIR,REVISAR
8088969,21074315229001661000000000U3,DESHEBRADO DE PANTALON SIN NOMBRE,,315229,Confección en serie de otra ropa exterior de materiales textiles,0 a 5 personas,CALLE,CORREGIDORA,CALLE,CARRIL A DE AGUA SANTA,CALLE,LOS REYES,PRIVADA,LIBERTAD,,SN,,,,,LOCALIDAD,SANTA ANA XALMIMILULCO,,,,74169,21,PUEBLA,074,Huejotzingo,0029,Santa Ana Xalmimilulco,0025,065,,,,Fijo,19.20847206,-98.37541144,2019-11,True,True,True,True,False,False,True,False,True,True,False,False,INCLUIR,REVISAR
10483301,21074315229002461000000000U7,DESHEBRADO DE PANTALON SIN NOMBRE,,315229,Confección en serie de otra ropa exterior de materiales textiles,0 a 5 personas,PRIVADA,CIELITO LINDO,PRIVADA,NINGUNO,PRIVADA,GUADALUPE,PRIVADA,GUADALUPE,20,,,,,,COLONIA,SANTA ANA XALMIMILULCO,,,,74169,21,PUEBLA,074,Huejotzingo,0029,Santa Ana Xalmimilulco,0025,033,,,,Fijo,19.20732028,-98.38949209,2024-11,True,True,True,True,False,False,True,False,True,True,False,False,INCLUIR,REVISAR
11197761,21074315223000481000000000U0,DESHEBRADO DE PANTALON SIN NOMBRE,,315229,Confección en serie de otra ropa exterior de materiales textiles,0 a 5 personas,CALLE,RAFAEL ESPINOSA FLORES,CALLE,AQUILES SERDAN SUR,CALLE,PORFIRIO DIAZ,CALLE,JUQUILA,151,,,,,,LOCALIDAD,SANTA ANA XALMIMILULCO,,,,74169,21,PUEBLA,074,Huejotzingo,0029,Santa Ana Xalmimilulco,0167,004,2212925278,,,Fijo,19.2046455,-98.38502971,2024-11,True,True,True,True,False,False,True,False,True,True,False,False,INCLUIR,REVISAR
8089385,21074315229001861000000000U9,DESHEBRADO SIN NOMBRE,,315229,Confección en serie de otra ropa exterior de materiales textiles,0 a 5 personas,PRIVADA,PRIVADA DEL VOLCAN,CALLE,SAN ANTONIO,CALLEJON,VOLCANCITO,CALLE,AQUILES SERDAN SUR,7,,,,,,COLONIA,SAN ANTONIO,,,,74169,21,PUEBLA,074,Huejotzingo,0029,Santa Ana Xalmimilulco,0025,046,,,,Fijo,19.20865442,-98.38539493,2019-11,True,True,True,True,False,False,True,False,True,True,False,False,INCLUIR,REVISAR
11096231,21114313310000282000000000U3,DOBLADOS Y TORCIDOS LA CONFIANZA,,313310,Acabado de productos textiles,6 a 10 personas,CALLE,CAMINO REAL A SAN ANTONIO,CALLE,SANTA CLARA,PROLONGACION,24 SUR,CALLE,MIGUEL HIDALGO Y COSTILLA,1112,,,,,,BARRIO,SANTA CLARA LA VENTA,,,,72595,21,PUEBLA,114,Puebla,0001,Heroica Puebla de Zaragoza,2673,036,2229062642,FACTURACION@LACONFIANZA.MX.COM,,Fijo,18.96502091,-98.2001371,2024-11,True,False,False,False,False,False,False,False,False,True,True,False,INCLUIR,SI
7582869,21134315229001511000000000U2,ELABORACION DE PANTALON DE MEZCLILLA PARA NIÑOS CACHITOS,,315229,Confección en serie de otra ropa exterior de materiales textiles,0 a 5 personas,CALLE,NINGUNO,CALLE,SAN PEDRO,CALLE,NINGUNO,CALLE,SAN MARTIN,,SN,,,,,LOCALIDAD,SAN MATIAS TLALANCALECA,,,,74110,21,PUEBLA,134,San Matías Tlalancaleca,0001,San Matías Tlalancaleca,0044,051,2482011816,,,Fijo,19.3202326,-98.4955243,2019-11,True,True,True,True,False,False,True,False,False,True,False,False,INCLUIR,REVISAR
9799908,21134315229001711000000000U8,ELABORACION DE PANTALON DE NIÑO LALITOS JEANS,,315229,Confección en serie de otra ropa exterior de materiales textiles,0 a 5 personas,CERRADA,SEGUNDA CERRADA VICENTE GUERRERO,CALLE,CALLE DE LA CAMPANA,CERRADA,PRIMERA VICENTE GUERRERO,CALLE,20 DE NOVIEMBRE,522,A,,,,,LOCALIDAD,SAN MATIAS TLALANCALECA,,,,74110,21,PUEBLA,134,San Matías Tlalancaleca,0001,San Matías Tlalancaleca,003A,004,2481683231,BARRERAHINOJOSAGERARDO@GMAIL.COM,,Fijo,19.32580154,-98.50120502,2024-11,True,True,True,True,False,False,True,False,False,True,False,False,INCLUIR,REVISAR
10259769,21134315229002171000000000U4,ELABORACION DE PANTALON FK JEANS,,315229,Confección en serie de otra ropa exterior de materiales textiles,0 a 5 personas,CARRETERA,FEDERAL MEXICO PUEBLA,CALLE,SAN MARTIN,PRIVADA,NINGUNO,PRIVADA,NINGUNO,5,,,,,,LOCALIDAD,SAN MATIAS TLALANCALECA,,,,74110,21,PUEBLA,134,San Matías Tlalancaleca,0001,San Matías Tlalancaleca,0044,011,2482008161,,,Fijo,19.31599129,-98.49274898,2024-11,True,True,True,True,False,False,True,False,False,True,False,False,INCLUIR,REVISAR
3409720,21134561432000101001000000U4,ELABORACION DE PANTALON TIBURONCITO JEANS,,315229,Confección en serie de otra ropa exterior de materiales textiles,6 a 10 personas,CALLE,CONCEPCION,CALLE,CALLE DE LA CAMPANA,CALLE,GUADALUPE,CALLE,COLON,317,,,,,,LOCALIDAD,SAN MATIAS TLALANCALECA,,,,74110,21,PUEBLA,134,San Matías Tlalancaleca,0001,San Matías Tlalancaleca,003A,003,2228836668,,WWW.TIBURONCITOMODA.COM,Fijo,19.32709371,-98.49952849,2010-07,True,True,True,True,False,False,True,False,False,True,False,False,INCLUIR,REVISAR
11145508,21134315229002001000000000U3,ELABORACION DE ROPA DE MEZCLILLA,,315229,Confección en serie de otra ropa exterior de materiales textiles,0 a 5 personas,CALLE,NIÑO JESUS,PRIVADA,NINGUNO,CALLE,CALLE DE LA LUZ,CERRADA,GUADALUPE,409,,,,,,LOCALIDAD,SAN MATIAS TLALANCALECA,,,,74110,21,PUEBLA,134,San Matías Tlalancaleca,0001,San Matías Tlalancaleca,003A,007,2481315005,,,Fijo,19.32789547,-98.4981133,2024-11,True,True,True,True,False,False,True,False,False,True,False,False,INCLUIR,REVISAR
3409680,21134315229000101001000000U3,ELABORACION DE ROPA DE MEZCLILLA,,315229,Confección en serie de otra ropa exterior de materiales textiles,0 a 5 personas,CALLE,SAN MATIAS,CALLE,CALLE DE LA LUZ,CALLE,PLAZA HIDALGO,CALLE,NIÑO JESUS,31,,,,,,LOCALIDAD,SAN MATIAS TLALANCALECA,,,,74110,21,PUEBLA,134,San Matías Tlalancaleca,0001,San Matías Tlalancaleca,003A,017,2481163765,,,Fijo,19.32617653,-98.49745115,2010-07,True,True,True,True,False,False,True,False,False,True,False,False,INCLUIR,REVISAR
7536115,21134315229001081000000000U6,ELABORACION DE ROPA DE MEZCLILLA SIN NOMBRE,,315229,Confección en serie de otra ropa exterior de materiales textiles,0 a 5 personas,CALLE,NIÑO JESUS,CALLE,GUADALUPE,CALLE,CALLE DE LA LUZ,CALLE,SAN MATIAS,219,,,,,,LOCALIDAD,SAN MATIAS TLALANCALECA,,,,74110,21,PUEBLA,134,San Matías Tlalancaleca,0001,San Matías Tlalancaleca,003A,016,2482071093,,,Fijo,19.3284514,-98.4978479,2019-11,True,True,True,True,False,False,True,False,False,True,False,False,INCLUIR,REVISAR
10596385,21114313310000293000000000U0,ESTAMPADO DE PLAYERAS,,313310,Acabado de productos textiles,11 a 30 personas,CALLE,BENITO JUAREZ,AVENIDA,20 DE NOVIEMBRE,CALLE,INDEPENDENCIA,CIRCUITO,JUAN PABLO II,407,,,,,,COLONIA,SAN BALTAZAR CAMPECHE,,,,72550,21,PUEBLA,114,Puebla,0001,Heroica Puebla de Zaragoza,0751,006,2226582495,,,Fijo,19.02145619,-98.2074266,2024-11,True,True,True,False,False,False,True,False,False,True,True,False,INCLUIR,SI
10616692,21134315229002051000000000U8,FABRICACION DE PANTALON DE MEZCLILLA DE NIÑO LLAVERITO,,315229,Confección en serie de otra ropa exterior de materiales textiles,0 a 5 personas,CALLE,SAN MATIAS,PRIVADA,SEGUNDA PRIVADA SAN MATIAS,PRIVADA,TERCERA PRIVADA SAN MATIAS,PRIVADA,PRIMERA DE LA LUZ,108,,,,,,LOCALIDAD,SAN MATIAS TLALANCALECA,,,,74110,21,PUEBLA,134,San Matías Tlalancaleca,0001,San Matías Tlalancaleca,003A,028,,,,Fijo,19.32814953,-98.49735882,2024-11,True,True,True,True,False,False,True,False,False,True,False,False,INCLUIR,REVISAR
11780366,21114313310000312000000000U8,HABILITACIONES TEXTILES,SALVADOR TELLEZ,313310,Acabado de productos textiles,6 a 10 personas,CALLE,NEVADO DE TOLUCA,CALLE,Gustavo Díaz Ordaz,CALLE,Benito Juárez,AVENIDA,Popocatépetl,19,,,,,,COLONIA,MALINTZI,,,,72210,21,PUEBLA,114,Puebla,0001,Heroica Puebla de Zaragoza,3351,029,,TEXTILES.CONTA@GMAIL.COM,,Fijo,19.07695561,-98.17084196,2025-04,True,False,False,False,False,False,False,False,False,True,True,False,INCLUIR,SI
6376672,21114313310000155001000000U1,HERGO,HERGO,313310,Acabado de productos textiles,11 a 30 personas,AVENIDA,DIAGONAL DEFENSORES DE LA REPUBLICA,PRIVADA,NINGUNO,CALLE,NINGUNO,PRIVADA,NINGUNO,999,,,,,,COLONIA,VICENTE BUDID,,,,72240,21,PUEBLA,114,Puebla,0001,Heroica Puebla de Zaragoza,3563,025,,MARTIN_ARROYO@LAPOBLANA.COM.MX,,Fijo,19.0639982,-98.17464029,2010-07,True,False,False,False,False,False,False,False,False,True,True,False,INCLUIR,SI
10262715,21074313310000111000000000U0,IMPRESOS EN SERVILLETAS PARA RECUERDO,,313310,Acabado de productos textiles,0 a 5 personas,CALLE,MAGNOLIA,CALLE,INDUSTRIA,CALLE,PROVIDENCIA,CALLE,DONATO GUERRA,4,,,,,,COLONIA,CENTRO,,,,74169,21,PUEBLA,074,Huejotzingo,0029,Santa Ana Xalmimilulco,0190,002,2484922581,,,Fijo,19.21216914,-98.38222036,2024-11,True,False,False,False,False,False,False,False,False,True,True,False,INCLUIR,SI
10071394,21114313310000241000000000U9,JRO GRUPO TEXTIL,JRO GRUPO TEXTIL,313310,Acabado de productos textiles,0 a 5 personas,AVENIDA,JUAREZ,CALLE,21 SUR,CALLE,23 SUR,AVENIDA,5 PONIENTE,2108,,,14,,,COLONIA,SAN MATIAS,EDIFICIO COMERCIAL Y DE SERVICIOS,INMOBILIARIA SAGRA SA DE CV,302,72090,21,PUEBLA,114,Puebla,0001,Heroica Puebla de Zaragoza,0380,013,,,,Fijo,19.05007194,-98.21492835,2024-11,True,True,True,False,False,False,False,False,False,True,True,False,INCLUIR,SI
6272576,21074313310000034103000000U4,LAVADOS NACIONALES,LAVADOS NACIONALES,313310,Acabado de productos textiles,51 a 100 personas,OTRO(ESPECIFIQUE),SANTA ANA XALMIMILULCO KM 2+500,AVENIDA,AVENIDA DE LOS ZAPADORES,AVENIDA,AVENIDA DE LA PÓLVORA,PEATONAL,NINGUNO,2500,,,,,,COLONIA,LA LAGUNILLA,,,,74160,21,PUEBLA,074,Huejotzingo,0093,Los Encinos,0097,800,,MARTIN.JUAREZ@HERA.COM.MX,,Fijo,19.17826146,-98.40035305,2010-07,True,False,False,False,False,False,False,False,False,True,True,False,INCLUIR,SI
6696221,21143812210000041011000000U0,LAVANDERIA DE REYES,,313310,Acabado de productos textiles,6 a 10 personas,CARRETERA,FEDERAL MEXICO PUEBLA,CALLE,LINDERO,PRIVADA,NINGUNO,BOULEVARD,BENITO JUAREZ,141,,,,,,LOCALIDAD,SAN LUCAS EL GRANDE,,,,74135,21,PUEBLA,143,San Salvador el Verde,0011,San Lucas el Grande,0128,034,2481155700,,,Fijo,19.30982577,-98.48481491,2016-01,True,True,False,False,False,True,False,False,False,True,True,False,INCLUIR,SI
3410567,21134812210000092001000000U2,LAVANDERIA SAYES,,313310,Acabado de productos textiles,6 a 10 personas,CALLE,SAN MARTIN,PRIVADA,TERCERA PRIVADA SAN PEDRO,CALLE,SAN PEDRO,CALLE,SAN PEDRO,320,,,,,,COLONIA,CENTRO,,,,74110,21,PUEBLA,134,San Matías Tlalancaleca,0001,San Matías Tlalancaleca,0044,010,,SAYES_2014@OUTLOOK.ES,,Fijo,19.32170951,-98.49571856,2010-07,True,True,False,False,False,True,False,False,False,True,True,False,INCLUIR,SI
3410625,21134432111000011010000000U2,LAVANDERIA SIN NOMBRE,,313310,Acabado de productos textiles,0 a 5 personas,CALLE,SANTA ANITA,CALLE,SANTA ANITA,CALLE,NINGUNO,CARRETERA,FEDERAL MEXICO-PUEBLA,,SN,,,,,LOCALIDAD,SAN MATIAS TLALANCALECA,,,,74110,21,PUEBLA,134,San Matías Tlalancaleca,0001,San Matías Tlalancaleca,0044,045,,,,Fijo,19.31809152,-98.50039959,2010-07,True,True,False,False,False,True,False,False,False,True,True,False,INCLUIR,SI
3273813,21132315229000691010000000U7,LAVANDERIA SIN NOMBRE,,313310,Acabado de productos textiles,0 a 5 personas,CALLE,INSURGENTES,PRIVADA,NINGUNO,CALLE,MORELOS,PRIVADA,BENITO JUAREZ,13,,,,,,PUEBLO,SAN BALTAZAR TEMAXCALAC,,,,74126,21,PUEBLA,132,San Martín Texmelucan,0015,Santa María Moyotzingo,0482,021,2481291669,,,Fijo,19.26574751,-98.409746,2014-12,True,True,False,False,False,True,False,False,False,True,True,False,INCLUIR,SI
3428321,21074812210000051011000000U6,LAVANDERIA Y TERMINADOS G C,,313310,Acabado de productos textiles,6 a 10 personas,CALLE,MAGNOLIA,CALLE,16 DE SEPTIEMBRE,CALLE,INDUSTRIA,PRIVADA,16 DE SEPTIEMBRE,5,,,,0,A,COLONIA,CENTRO,,,,74169,21,PUEBLA,074,Huejotzingo,0029,Santa Ana Xalmimilulco,0190,013,2481631503,TERMINADOS.GC@HOTMAIL.COM,,Fijo,19.21176794,-98.37981608,2010-07,True,True,False,False,False,True,False,False,False,True,True,False,INCLUIR,SI
6377126,21114313210000315010000000U3,MANUFACTURERA TEXTIL LA LYONESA,MANUFACTURERA TEXTIL LA LYONESA,313310,Acabado de productos textiles,51 a 100 personas,AVENIDA,12 ORIENTE,CALLE,24 NORTE,CALLE,22 NORTE,AVENIDA,10 ORIENTE,2227,,,,,,COLONIA,LOS REMEDIOS,,,,72377,21,PUEBLA,114,Puebla,0001,Heroica Puebla de Zaragoza,0431,011,,CPJORGE07@HOTMAIL.COM,,Fijo,19.04221342,-98.18142222,2010-07,True,True,True,False,False,False,False,False,False,True,True,False,INCLUIR,SI
3409596,21134315229000221000000000U9,MAQUILA DE FALDA DE MEZCLILLA,,315229,Confección en serie de otra ropa exterior de materiales textiles,0 a 5 personas,PRIVADA,NINGUNO,CALLE,HERMANOS SERDAN,CALLE,NINGUNO,CALLE,5 DE MAYO,617,,,,,,LOCALIDAD,SAN MATIAS TLALANCALECA,,,,74110,21,PUEBLA,134,San Matías Tlalancaleca,0001,San Matías Tlalancaleca,003A,021,2484810596,,,Fijo,19.33068901,-98.5007544,2010-07,True,True,True,True,False,False,False,True,False,True,False,False,INCLUIR,REVISAR
3427952,21074812210000031010000000U8,MAQUILA DE LAVANDERIA DE PANTALON,,313310,Acabado de productos textiles,0 a 5 personas,CALLE,ZARAGOZA,CALLE,16 DE SEPTIEMBRE,CALLE,INDUSTRIA,CALLE,MAGNOLIA,23,,,,,,COLONIA,CENTRO,,,,74169,21,PUEBLA,074,Huejotzingo,0029,Santa Ana Xalmimilulco,0190,014,2211693368,,,Fijo,19.2108461,-98.37936835,2010-07,True,True,True,False,False,True,False,True,False,True,True,False,INCLUIR,SI
3319146,21134315229000701000000000U0,MAQUILA DE MEZCLILLA,,315229,Confección en serie de otra ropa exterior de materiales textiles,0 a 5 personas,CALLE,COLON,CALLE,GUADALUPE,CALLE,CALLE DE LA CAMPANA,CALLE,REFORMA,10,,,,,,LOCALIDAD,SAN MATIAS TLALANCALECA,,,,74110,21,PUEBLA,134,San Matías Tlalancaleca,0001,San Matías Tlalancaleca,003A,010,2481248116,,,Fijo,19.32547751,-98.49985643,2014-12,True,True,True,True,False,False,False,True,False,True,False,False,INCLUIR,REVISAR
3319078,21134315229000822001000000U4,MAQUILA DE MEZCLILLA SIN NOMBRE,,315229,Confección en serie de otra ropa exterior de materiales textiles,0 a 5 personas,CALLE,SAN MATIAS,PRIVADA,TERCERA PRIVADA SAN MATIAS,PRIVADA,CUARTA SAN MATIAS,PRIVADA,PRIMERA DE LA LUZ,426,,,,,,LOCALIDAD,SAN MATIAS TLALANCALECA,,,,74110,21,PUEBLA,134,San Matías Tlalancaleca,0001,San Matías Tlalancaleca,003A,028,2481368411,,,Fijo,19.32860283,-98.49734621,2014-12,True,True,True,True,False,False,False,True,False,True,False,False,INCLUIR,REVISAR
3428151,21074315229001371002000000U9,MAQUILA DE PANTALON DE MESCLILLA,,315229,Confección en serie de otra ropa exterior de materiales textiles,0 a 5 personas,CALLE,CALLE DEL PRADO,CALLE,SAN MARTIN,CALLE,AQUILES SERDAN NORTE,CALLE,VIOLETAS PONIENTE,47,,,,,,COLONIA,SANTA ANA XALMIMINULCO,,,,74169,21,PUEBLA,074,Huejotzingo,0029,Santa Ana Xalmimilulco,0190,010,2271530278,,,Fijo,19.2131021,-98.38392209,2010-07,True,True,True,True,False,False,False,True,False,True,False,False,INCLUIR,REVISAR
3428204,21074315229000241000000000U5,MAQUILA DE PANTALON DE MESCLILLA,,315229,Confección en serie de otra ropa exterior de materiales textiles,0 a 5 personas,CALLE,CALLE DEL REFUGIO,PRIVADA,NINGUNO,CALLEJON,CALLEJON DEL REFUGIO,CALLE,PROVIDENCIA,22,,,,,,PUEBLO,SANTA ANA XALMIMINULCO,,,,74169,21,PUEBLA,074,Huejotzingo,0029,Santa Ana Xalmimilulco,0190,005,,,,Fijo,19.21390585,-98.38287639,2010-07,True,True,True,True,False,False,False,True,False,True,False,False,INCLUIR,REVISAR
3326083,21074315229001261000000000U2,MAQUILA DE PANTALON DE MESCLILLA,,315229,Confección en serie de otra ropa exterior de materiales textiles,0 a 5 personas,CALLE,RIO XOCHIAC,PRIVADA,NINGUNO,CALLE,REAL DE LA POSTA,CALLE,MELCHOR OCAMPO,1,,,,,,LOCALIDAD,SANTA ANA XALMIMILULCO,,,,74169,21,PUEBLA,074,Huejotzingo,0029,Santa Ana Xalmimilulco,0203,007,,,,Fijo,19.2142724,-98.37712002,2014-12,True,True,True,True,False,False,False,True,False,True,False,False,INCLUIR,REVISAR
11558955,21048315229000212000000000U0,MAQUILA DE PANTALON DE MEZCLILLA,,315229,Confección en serie de otra ropa exterior de materiales textiles,6 a 10 personas,CALLE,ZARAGOZA,PRIVADA,ZARAGOZA,AVENIDA,I OVANDO,AVENIDA,NACIONAL,17,,,,,,LOCALIDAD,SAN LORENZO CHIAUTZINGO,,,,74150,21,PUEBLA,048,Chiautzingo,0001,San Lorenzo Chiautzingo,0114,003,,,,Fijo,19.20503438,-98.46568968,2024-11,True,True,True,True,False,False,False,True,False,True,False,False,INCLUIR,REVISAR
3326339,21074315229001291001000000U9,MAQUILA DE PANTALON DE MEZCLILLA SIN NOMBRE,,315229,Confección en serie de otra ropa exterior de materiales textiles,6 a 10 personas,PRIVADA,NINGUNO,CALLE,NARCISO MENDOZA,OTRO(ESPECIFIQUE),CULTIVO,PRIVADA,NINGUNO,17,,,,,,LOCALIDAD,SANTA ANA XALMIMILULCO,,,,74169,21,PUEBLA,074,Huejotzingo,0029,Santa Ana Xalmimilulco,0025,068,,,,Fijo,19.20577329,-98.37807708,2014-12,True,True,True,True,False,False,False,True,False,True,False,False,INCLUIR,REVISAR
10099363,21074315223001011000000000U4,MAQUILA DE PANTALON DE MEZCLILLA SIN NOMBRE,,315229,Confección en serie de otra ropa exterior de materiales textiles,0 a 5 personas,CALLE,SAN ISIDRO,CALLE,IXTACUIXTLA SUR,CALLE,PORFIRIO DIAZ,CALLE,ADOLFO LOPEZ MATEOS,28,,,,,,LOCALIDAD,SANTA ANA XALMIMILULCO,,,,74169,21,PUEBLA,074,Huejotzingo,0029,Santa Ana Xalmimilulco,0167,006,2271136906,,,Fijo,19.20441257,-98.38004211,2024-11,True,True,True,True,False,False,False,True,False,True,False,False,INCLUIR,REVISAR
3326137,21074315229001301002000000U6,MAQUILA DE PANTALON FOSIL JEANS,,315229,Confección en serie de otra ropa exterior de materiales textiles,6 a 10 personas,CALLE,REFORMA,CALLE,VIOLETAS PONIENTE,CALLE,MORELOS,CALLE,MELCHOR OCAMPO,15,,,,,,PUEBLO,SANTA ANA XALMIMINULCO,,,,74169,21,PUEBLA,074,Huejotzingo,0029,Santa Ana Xalmimilulco,0190,009,2227054744,JOSEROBERTO.JUAREZC@GMAIL.COM,,Fijo,19.21180747,-98.38308957,2014-12,True,True,True,True,False,False,False,True,False,True,False,False,INCLUIR,REVISAR
8777526,21074315229002171000000000U2,MAQUILA DESHEBRADO,,315229,Confección en serie de otra ropa exterior de materiales textiles,0 a 5 personas,CALLE,NINGUNO,CALLE,DOMINGO ARENAS,CALLE,VIOLETAS PONIENTE,CALLE,REFORMA,,SN,,,,,PUEBLO,SANTA ANA XALMIMINULCO,,,,74169,21,PUEBLA,074,Huejotzingo,0029,Santa Ana Xalmimilulco,0190,009,,,,Fijo,19.211873,-98.38360262,2019-11,True,True,True,True,False,False,True,True,True,True,False,False,INCLUIR,REVISAR
11133786,21074315229002281000000000U9,MAQUILA DESHEBRADO DE PANTALON SIN NOMBRE,,315229,Confección en serie de otra ropa exterior de materiales textiles,0 a 5 personas,CALLE,VENUSTIANO CARRANZA,PRIVADA,NINGUNO,CALLE,NINGUNO,CALLE,SAN MANUEL,9,,,,,,COLONIA,CENTRO,,,,74169,21,PUEBLA,074,Huejotzingo,0029,Santa Ana Xalmimilulco,0025,016,,,,Fijo,19.20687249,-98.38149947,2024-11,True,True,True,True,False,False,True,True,True,True,False,False,INCLUIR,REVISAR
3409668,21134315229000241000000000U7,MAQUILA PANTALON DE MEZCLILLA PARA NIÑA SIN NOMBRE,,315229,Confección en serie de otra ropa exterior de materiales textiles,0 a 5 personas,PRIVADA,PRIMERA SANTA CECILIA,PRIVADA,SANTA CECILIA,CALLE,SAN MIGUEL,PRIVADA,SAN MIGUEL,403,,,,,,LOCALIDAD,SAN MATIAS TLALANCALECA,,,,74110,21,PUEBLA,134,San Matías Tlalancaleca,0001,San Matías Tlalancaleca,003A,029,2484810760,,,Fijo,19.32502555,-98.49666125,2010-07,True,True,True,True,False,False,False,True,False,True,False,False,INCLUIR,REVISAR
3409657,21134315229000111001000000U2,MAQUILA ROPA DE MEZCLILLA COSTURA SIN NOMBRE,,315229,Confección en serie de otra ropa exterior de materiales textiles,6 a 10 personas,CERRADA,SANTA CECILIA,PRIVADA,NINGUNO,CERRADA,SANTA CECILIA,CERRADA,SANTA CECILIA,10,G,,,,,LOCALIDAD,SAN MATIAS TLALANCALECA,,,,74110,21,PUEBLA,134,San Matías Tlalancaleca,0001,San Matías Tlalancaleca,003A,035,2481552558,,,Fijo,19.32558803,-98.49259074,2010-07,True,True,True,True,False,False,False,True,True,True,False,False,INCLUIR,REVISAR
3426256,21048315229000093001000000U4,MAQUILADORA DE PANTALON DE MEZCLILLA ORTIZ,,315229,Confección en serie de otra ropa exterior de materiales textiles,6 a 10 personas,CALLE,VISTA HERMOSA,AVENIDA,MIGUEL HIDALGO PONIENTE,ANDADOR,VEREDA,ANDADOR,VEREDA,10,,,,,,LOCALIDAD,SAN ANTONIO TLATENCO,,,,74150,21,PUEBLA,048,Chiautzingo,0006,San Antonio Tlatenco,0025,055,2481802635,,,Fijo,19.17124556,-98.49670288,2010-07,True,True,True,True,False,False,True,True,False,True,False,False,INCLUIR,REVISAR
8088970,21074315229001671000000000U2,MAQUILADORA DE PANTALONES DE MEZCLILLA,,315229,Confección en serie de otra ropa exterior de materiales textiles,0 a 5 personas,CALLE,IXTACUIXTLA NORTE,CALLE,GLORIA,PRIVADA,SEGUNDA IXTACUIXTLA,PRIVADA,PRIVADA DE LA GLORIA,8,,,,,,LOCALIDAD,SANTA ANA XALMIMILULCO,,,,74169,21,PUEBLA,074,Huejotzingo,0029,Santa Ana Xalmimilulco,0025,047,,,,Fijo,19.20894047,-98.37831876,2019-11,True,True,True,True,False,False,True,True,False,True,False,False,INCLUIR,REVISAR
9347738,21074315229002223001000000U1,MAQUILADORA ESTYR BLUE MICHELLE JEANS,,315229,Confección en serie de otra ropa exterior de materiales textiles,0 a 5 personas,CALLE,CAMELIA,PRIVADA,MAGISTERIAL,CALLE,LOS PERALES,CALLE,CARLOS ISMAEL BETANCOURT,,SN,,,,,LOCALIDAD,MAGISTERIAL,,,,74160,21,PUEBLA,074,Huejotzingo,0001,Huejotzingo,0133,009,2271017175,,,Fijo,19.15536543,-98.40027993,2021-05,True,True,True,True,False,False,True,True,False,True,False,False,INCLUIR,REVISAR
7535957,21143315192000014010000000U9,PLAYERAS KALUS,PLAYERAS KALUS,313310,Acabado de productos textiles,31 a 50 personas,CALLE,CAMINO REAL IZTACCIHUATL,CALLE,CAMINO REAL IZTACCIHUATL,PRIVADA,NINGUNO,PRIVADA,NINGUNO,,SN,,,,,LOCALIDAD,ANALCO DE PONCIANO ARRIAGA,,,,74137,21,PUEBLA,143,San Salvador el Verde,0008,Analco de Ponciano Arriaga (Santa Cruz Analco),0170,015,2226776926,,,Fijo,19.26188669,-98.50488785,2019-11,True,False,False,False,False,False,False,False,False,True,True,False,INCLUIR,SI
3428329,21074812210000243010000000U9,POLIPROCESO,LIC DANIEL DAVILA ROMERO,313310,Acabado de productos textiles,11 a 30 personas,CALLE,PRIMERO DE MAYO,PRIVADA,PRIVADA DE IXTACUIXTLA,CALLE,JUAN PIZACO,CALLE,IXTACUIXTLA NORTE,1,,,,,,LOCALIDAD,SANTA ANA XALMIMILULCO,,,,74169,21,PUEBLA,074,Huejotzingo,0029,Santa Ana Xalmimilulco,0190,038,2272769418,POLIPROCESO@HOTMAIL.COM,,Fijo,19.21009567,-98.37624609,2010-07,True,True,False,False,True,False,False,False,False,True,True,False,INCLUIR,SI
6450161,21140312113000043001000000U6,PROCESOS TEXTILES ALBRICIA,PROCESOS TEXTILES ALBRICIA SA DE CV,313310,Acabado de productos textiles,11 a 30 personas,CALLE,RIO LERMA SUR,AVENIDA,JUAREZ ORIENTE,AVENIDA,LAGO DE TEXCOCO ORIENTE,CALLE,RIO BRAVO SUR,106,,,,,,COLONIA,MANANTIALES,,,,72757,21,PUEBLA,140,San Pedro Cholula,0014,Santiago Momoxpan,0465,013,2222851576,ALBRICIAS.PUEBLA@GMAIL.COM,,Fijo,19.07886127,-98.27025836,2010-07,True,False,False,False,False,False,False,False,False,True,True,False,INCLUIR,SI
7517401,21180315110000561010000000U3,TALLER DE ACABADO DE CALCETIN SIN NOMBRE,,315121,Fabricación de calcetines y medias de tejido de punto,0 a 5 personas,CALLE,MORELOS,CALLE,CALLE DE BENITO JUAREZ,CALLE,NICOLAS BRAVO,PRIVADA,NINGUNO,4,,,,,,LOCALIDAD,SAN MIGUEL TIANGUISTENCO,,,,74100,21,PUEBLA,180,Tlahuapan,0013,San Miguel Tianguistenco,0140,013,2482253911,,,Fijo,19.29162433,-98.52813552,2019-11,True,True,False,False,True,False,False,False,False,True,False,False,INCLUIR,SI
9637988,21074315223000192000000000U3,TALLER DE DESHEBRADO DE PANTALON,,315229,Confección en serie de otra ropa exterior de materiales textiles,6 a 10 personas,CALLE,SANTA MARIA,CALLE,AQUILES SERDAN SUR,CALLE,SAN MIGUEL,CALLE,SAN VICENTE,1,,,,,,LOCALIDAD,SANTA ANA XALMIMILULCO,,,,74169,21,PUEBLA,074,Huejotzingo,0029,Santa Ana Xalmimilulco,0237,005,,,,Fijo,19.20583312,-98.3875958,2024-11,True,True,True,True,False,False,True,False,True,True,False,False,INCLUIR,REVISAR
11573367,21074315223000071000000000U9,TALLER DE DESHEBRADO DE PANTALON SIN NOMBRE,,315229,Confección en serie de otra ropa exterior de materiales textiles,0 a 5 personas,PROLONGACION,RAFAEL SERRANO,CALLE,AQUILES SERDAN SUR,CALLE,SAN MIGUEL,CALLE,SAN ANTONIO,3,,,,,,COLONIA,SAN ANTONIO,,,,74169,21,PUEBLA,074,Huejotzingo,0029,Santa Ana Xalmimilulco,0025,029,2481987725,,,Fijo,19.20820945,-98.38672241,2024-11,True,True,True,True,False,False,True,False,True,True,False,False,INCLUIR,REVISAR
9605960,21074315229002531000000000U7,TALLER DE DESHEBRADO SIN NOMBRE,,315229,Confección en serie de otra ropa exterior de materiales textiles,0 a 5 personas,CALLE,FLORES MAGON,CALLE,PORFIRIO DIAZ,CALLE,EL VOLCAN,CALLE,MUCIO MARTINEZ,13,,,,,,COLONIA,CENTRO,,,,74169,21,PUEBLA,074,Huejotzingo,0029,Santa Ana Xalmimilulco,0025,001,2221477763,,,Fijo,19.20806014,-98.3839219,2024-11,True,True,True,True,False,False,True,False,True,True,False,False,INCLUIR,REVISAR
8090455,21074315229001931000000000U0,TALLER DE MAQUILA DE MEZCLILLA,,315229,Confección en serie de otra ropa exterior de materiales textiles,0 a 5 personas,PRIVADA,SANDOVAL,PRIVADA,SAN MARTIN,CALLEJON,SAN MARTIN,BOULEVARD,RIO XOCHIAC,52,,,,,,PUEBLO,SANTA ANA XALMININULCO,,,,74169,21,PUEBLA,074,Huejotzingo,0029,Santa Ana Xalmimilulco,0190,019,,,,Fijo,19.21440504,-98.38432234,2019-11,True,True,True,True,False,False,False,True,False,True,False,False,INCLUIR,REVISAR
8949535,21074315229001601000000000U9,TALLER DE MAQUILA DE MEZCLILLA SIN NOMBRE,,315229,Confección en serie de otra ropa exterior de materiales textiles,0 a 5 personas,BOULEVARD,RIO XOCHIAC,CALLEJON,SAN MARTIN,CALLE,SAN MARTIN,CALLEJON,SAN MARTIN,101,,,,,,PUEBLO,SANTA ANA XALMININULCO,,,,74169,21,PUEBLA,074,Huejotzingo,0029,Santa Ana Xalmimilulco,0190,019,2248200085,,,Fijo,19.21556529,-98.38554393,2019-11,True,True,True,True,False,False,False,True,False,True,False,False,INCLUIR,REVISAR
9725562,21074315229002411000000000U2,TALLER DE MAQUILA DE PANTALON DE MEZCLILLA,,315229,Confección en serie de otra ropa exterior de materiales textiles,0 a 5 personas,CALLE,PALMA,PRIVADA,PRIVADA DE LA PALMA,CALLE,PROGRESO,CALLE,REAL DE PUEBLA,25,,,,,,COLONIA,CENTRO,,,,74169,21,PUEBLA,074,Huejotzingo,0029,Santa Ana Xalmimilulco,0025,014,,,,Fijo,19.20750066,-98.38108514,2024-11,True,True,True,True,False,False,False,True,False,True,False,False,INCLUIR,REVISAR
3326348,21074315229001403002000000U0,TALLER DE MAQUILA DE PANTALON DE MEZCLILLA,,315229,Confección en serie de otra ropa exterior de materiales textiles,11 a 30 personas,CALLE,NINGUNO,CALLE,VENUSTIANO CARRANZA,CALLE,SAN MANUEL,CALLE,IXTACUIXTLA SUR,15,,,,,,LOCALIDAD,SANTA ANA XALMIMILULCO,,,,74169,21,PUEBLA,074,Huejotzingo,0029,Santa Ana Xalmimilulco,0025,056,2481462395,,,Fijo,19.20615378,-98.38106673,2014-12,True,True,True,True,False,False,False,True,False,True,False,False,INCLUIR,REVISAR
9915492,21134315229002551000000000U7,TALLER DE MAQUILA DE PANTALON DE MEZCLILLA NIÑO Y NIÑA SIN NOMBRE,,315229,Confección en serie de otra ropa exterior de materiales textiles,0 a 5 personas,CALLE,SANTA ANITA,CALLE,SAN JOSE,CALLE,SAN PEDRO,CALLE,AVIACION,304,,,,,,COLONIA,CENTRO,,,,74110,21,PUEBLA,134,San Matías Tlalancaleca,0001,San Matías Tlalancaleca,0044,013,,,,Fijo,19.32289766,-98.49872793,2024-11,True,True,True,True,False,False,False,True,False,True,False,False,INCLUIR,REVISAR
7742787,21074461160000781011000000U9,TALLER DE MAQUILA Y PANTALONES DE MEZCLILLA,,315229,Confección en serie de otra ropa exterior de materiales textiles,6 a 10 personas,BOULEVARD,RIO XOCHIAC,CALLE,SAN MIGUEL,PRIVADA,NINGUNO,CALLE,SANTA CRUZ,,SN,,,,,COLONIA,SANTA CRUZ,,,,74169,21,PUEBLA,074,Huejotzingo,0029,Santa Ana Xalmimilulco,0203,016,,,,Fijo,19.21474593,-98.38036918,2019-11,True,True,True,True,False,False,False,True,False,True,False,False,INCLUIR,REVISAR
3407919,21180313310000011000000000U7,TEÑIDO DE CALCETIN SIN NOMBRE,,313310,Acabado de productos textiles,0 a 5 personas,AVENIDA,PUEBLA,CALLE,OAXACA,CALLE,BAJA CALIFORNIA,AVENIDA,MEXICO,40,,,,,,LOCALIDAD,SAN RAFAEL IXTAPALUCAN,,,,74100,21,PUEBLA,180,Tlahuapan,0015,San Rafael Ixtapalucan,0174,022,,,,Fijo,19.29271265,-98.55951465,2010-07,True,True,False,False,True,False,False,False,False,True,True,False,INCLUIR,SI
3457805,21015313310000014010000000U9,TEÑIDOS MORLIM,MORLIM,313310,Acabado de productos textiles,31 a 50 personas,AVENIDA,CARRETERA FEDERAL PUEBLA TEHUACAN,AVENIDA,CARRETERA FEDERAL PUEBLA-TEHUACAN,CALLE,CALLE DE LOS PINOS,AVENIDA,NACIONAL NORTE,321,A,,,,,COLONIA,CHAPULTEPEC,,,,72320,21,PUEBLA,015,Amozoc,0031,Casa Blanca,0382,009,,,,Fijo,19.04436289,-98.12644558,2010-07,True,False,False,False,False,False,False,False,False,True,True,False,INCLUIR,SI
3439604,21140313113000034000000000U5,TEÑIDOS TERRY DE PUEBLA,TEÑIDOS TERRY DE PUEBLA,313310,Acabado de productos textiles,11 a 30 personas,CALLE,RIO PAPALOAPAN SUR,AVENIDA,LAGO DE TEXCOCO PONIENTE,AVENIDA,JUAREZ PONIENTE,CALLE,RIO YAQUI SUR,101,,,,,,COLONIA,LOS MANANTIALES,,,,72756,21,PUEBLA,140,San Pedro Cholula,0014,Santiago Momoxpan,0450,018,,TERRYDEPUEBLA@HOTMAIL.COM,WWW.TERRYDEPUEBLA.COM,Fijo,19.07943185,-98.27868475,2010-07,True,False,False,False,False,False,False,False,False,True,True,False,INCLUIR,SI
8591497,21140313310000052000000000U5,TEXTIL GALBE TRADING,GALBE TRADING,313310,Acabado de productos textiles,6 a 10 personas,CALLE,DOROTEO ARANGO,CALLE,PLAN DE AYALA,AVENIDA,HIDALGO SUR,CALLE,LUIS CABRERA,707,,,,,,COLONIA,AMPLIACION MOMOXPAN,,,,72760,21,PUEBLA,140,San Pedro Cholula,0014,Santiago Momoxpan,0287,030,2224691729,,,Fijo,19.07919138,-98.26754472,2019-11,True,True,True,False,False,False,False,False,False,True,True,False,INCLUIR,SI
3325807,21074315229001032000000000U7,TEXTILERA DE PANTALON JEANS EMOCIONES,,315229,Confección en serie de otra ropa exterior de materiales textiles,6 a 10 personas,CALLE,NINGUNO,PRIVADA,NINGUNO,CALLE,JAIME NUNO,CALLE,AYALA,,SN,,,,,COLONIA,SANTA ELENA,,,,74160,21,PUEBLA,074,Huejotzingo,0001,Huejotzingo,0114,025,,,,Fijo,19.16438288,-98.42045081,2014-12,True,True,True,True,False,False,True,False,False,True,False,False,INCLUIR,REVISAR
8119994,21132315229004071000000000U8,TINTORERIA MAYKITOS,,315229,Confección en serie de otra ropa exterior de materiales textiles,0 a 5 personas,CALLE,CAMINO REAL NORTE,CALLE,LUIS DONALDO COLOSIO,CALLE,NINGUNO,CALLE,GUADALUPE VICTORIA,,SN,,,,,PUEBLO,SAN BALTAZAR TEMAXCALAC,,,,74126,21,PUEBLA,132,San Martín Texmelucan,0015,Santa María Moyotzingo,0618,002,2481308180,,,Fijo,19.26900607,-98.40564937,2019-11,True,True,False,False,True,False,False,False,False,True,False,False,INCLUIR,SI
9811409,21074315223001281000000000U3,VICTORIA LIRA LIRA,DESHEBRADO,315229,Confección en serie de otra ropa exterior de materiales textiles,0 a 5 personas,CALLE,LOS REYES,CALLE,CALLE DEL CARMEN,PRIVADA,PRIVADA DE LA GLORIA,CALLE,GLORIA,18,D,,,,,LOCALIDAD,SANTA ANA XALMIMILULCO,,,,74169,21,PUEBLA,074,Huejotzingo,0029,Santa Ana Xalmimilulco,0025,047,,,,Fijo,19.20891569,-98.37730833,2024-11,True,True,True,True,False,False,True,False,True,True,False,False,INCLUIR,REVISAR
10728868,21114313310000261000000000U7,YUU BAN,TEXTILES Y PROVED YU U BAN,313310,Acabado de productos textiles,0 a 5 personas,PRIVADA,47 A PONIENTE,PRIVADA,PALENQUE,CALLE,17 SUR,AVENIDA,49 PONIENTE,1145,,,,,,COLONIA,REFORMA AGUA AZUL,,,,72430,21,PUEBLA,114,Puebla,0001,Heroica Puebla de Zaragoza,0732,026,,,,Fijo,19.03067394,-98.22107356,2024-11,True,False,False,False,False,False,False,False,False,True,True,False,INCLUIR,SI
11341985,21132812210001351000000000U5,AUXILIAR TINTORERIA Y LAVANDERIA YAÑEZ,,812210,Lavanderías y tintorerías,0 a 5 personas,CARRETERA,CARRETERA A SAN SALVADOR EL VERDE,PRIVADA,NINGUNO,PRIVADA,NOCHE BUENA,OTRO(ESPECIFIQUE),ARROYO,37,,,,,,COLONIA,LA HUERTA,,,,74129,21,PUEBLA,132,San Martín Texmelucan,0001,San Martín Texmelucan de Labastida,0406,021,,,,Fijo,19.27585805,-98.44984699,2024-11,True,True,False,False,True,True,False,False,False,False,False,True,REVISAR,REVISAR
3433059,21114812210005661000000000U1,BUBLLES LAVANDERIA Y TINTORERIA,,812210,Lavanderías y tintorerías,0 a 5 personas,PRIVADA,15 B SUR,AVENIDA,79 PONIENTE,AVENIDA,81 PONIENTE,PRIVADA,15 A SUR,7934,,,,,,COLONIA,SAN JOSE MAYORAZGO,,,,72450,21,PUEBLA,114,Puebla,0001,Heroica Puebla de Zaragoza,1514,012,2228912169,,,Fijo,19.00785448,-98.23515074,2010-07,True,True,False,False,True,True,False,False,False,False,False,True,REVISAR,REVISAR
11699478,21041812210001401000000000U1,BURBUCLEAN LAVANDERIA Y TINTORERIA,,812210,Lavanderías y tintorerías,0 a 5 personas,CALLE,EVENECER,CALLE,SEGUNDA DE EVENECER,CALLE,TERCERA DE EVENECER,CALLE,NINGUNO,,SN,,,76,,BARRIO,NUEVO LEON,,,,72760,21,PUEBLA,041,Cuautlancingo,0013,Barrio de Nuevo León,001A,012,,,,Fijo,19.08547526,-98.28984249,2024-11,True,True,False,False,True,True,False,False,False,False,False,True,REVISAR,REVISAR
8826102,21114812210013981000000000U3,CENTRO DE ACOPIO DE LAVANDERIA Y TINTORERIA MOSERRATH,,812210,Lavanderías y tintorerías,0 a 5 personas,CALLE,4 SUR,PRIVADA,75 B ORIENTE,CALLE,75 A ORIENTE,CALLE,4 SUR,7530,,,,0,A,COLONIA,LOMA LINDA,,,,72477,21,PUEBLA,114,Puebla,0001,Heroica Puebla de Zaragoza,2669,023,2225715477,,,Fijo,18.99807779,-98.21782761,2019-11,True,True,False,False,True,True,False,False,False,False,False,True,REVISAR,REVISAR
3416310,21114812210006091100000000U0,CLEAN WASH LAVANDERIA Y TINTORERIA,,812210,Lavanderías y tintorerías,0 a 5 personas,BOULEVARD,PUEBLA,CALLE,1 E,CALLE,1 E,CALLE,5 E,88,,,,,,COLONIA,BOSQUES DE SAN SEBASTIAN,,,,72310,21,PUEBLA,114,Puebla,0001,Heroica Puebla de Zaragoza,4472,075,,,,Fijo,19.06232928,-98.12927885,2010-07,True,True,False,False,True,True,False,False,False,False,False,True,REVISAR,REVISAR
8150205,21114812210014891000000000U3,COMPOSTURA DE ROPA,EPIFANIA GONZALEZ,812210,Lavanderías y tintorerías,0 a 5 personas,PRIVADA,25 PONIENTE,CALLE,17 SUR,PRIVADA,IZTACCIHUATL,AVENIDA,27 PONIENTE,1711,,,,,,COLONIA,LAS PAJARITAS,,,,72410,21,PUEBLA,114,Puebla,0001,Heroica Puebla de Zaragoza,3722,016,,,,Fijo,19.04111763,-98.21659364,2019-11,True,True,True,False,False,False,False,False,False,False,False,True,REVISAR,REVISAR
8591449,21140812210001512001000000U5,DYEABILITY LAVANDERIA INDUSTRIAL,DYEABILITY,812210,Lavanderías y tintorerías,11 a 30 personas,AVENIDA,JUAREZ ORIENTE,CALLE,5 DE MAYO SUR,CALLE,RIO RABANILLO SUR,OTRO(ESPECIFIQUE),ARROYO,111,,,,,,COLONIA,MANANTIALES,,,,72760,21,PUEBLA,140,San Pedro Cholula,0014,Santiago Momoxpan,0465,019,,,,Fijo,19.07971715,-98.27412847,2019-11,True,True,False,False,True,True,True,False,False,False,False,True,REVISAR,REVISAR
8235239,21114722514024321010000000U3,JUSTN CLEAN TINTORERIA LAVANDERIA Y PLANCHADURIA,GABINO CONDE,812210,Lavanderías y tintorerías,0 a 5 personas,BOULEVARD,JOSE MARIA LAFRAGUA,BOULEVARD,MUNICIPIO LIBRE,AVENIDA,LUIS N MORONES,PRIVADA,ODONTOLOGIA,,SN,,,,,COLONIA,UNIVERSIDADES,,,,72592,21,PUEBLA,114,Puebla,0001,Heroica Puebla de Zaragoza,1798,062,,,,Fijo,18.99479269,-98.19556328,2019-11,True,True,False,False,True,True,False,False,False,False,False,True,REVISAR,REVISAR
8118983,21041812210000991000000000U2,LA LAVANDERIA TINTORERIA SIN NOMBRE,,812210,Lavanderías y tintorerías,0 a 5 personas,CALLE,DIAZ ORDAZ,PRIVADA,NINGUNO,CALLE,PRIMERO DE MAYO,CALLE,PRIMERO DE MAYO,,SN,,,,,LOCALIDAD,SAN LORENZO ALMECATLA,,,,72710,21,PUEBLA,041,Cuautlancingo,0012,San Lorenzo Almecatla,019A,040,2225514975,,,Fijo,19.13964647,-98.24381195,2019-11,True,True,False,False,True,True,False,False,False,False,False,True,REVISAR,REVISAR
8173750,21119812210001411000000000U4,LA TINTO TINTORERIA,,812210,Lavanderías y tintorerías,0 a 5 personas,BOULEVARD,LOMAS NORTE,CALLE,NINGUNO,BOULEVARD,LOMAS ORIENTE,CALLE,NINGUNO,5501,A,,1,,,LOCALIDAD,SAN BERNARDINO TLAXCALANCINGO,CENTRO Y PLAZA COMERCIAL,PLAZA VIA LOMAS,3,72830,21,PUEBLA,119,San Andrés Cholula,0013,San Bernardino Tlaxcalancingo,0495,016,2221234773,,,Fijo,19.00272063,-98.26770805,2019-11,True,True,False,False,True,False,False,False,False,False,False,True,REVISAR,REVISAR
11477067,21114812210019671000000000U4,LA TINTO TINTORERIA Y LAVANDERIA,,812210,Lavanderías y tintorerías,0 a 5 personas,CALLE,REFORMA AGUA AZUL,CALLE,17 SUR,CALLE,19 SUR,CIRCUITO,JUAN PABLO II,1717,,,,2,,COLONIA,REFORMA AGUA AZUL,,,,72430,21,PUEBLA,114,Puebla,0001,Heroica Puebla de Zaragoza,2457,032,2229706991,,WWW.LA-TINTO.COM.MX,Fijo,19.03184208,-98.22312955,2024-11,True,True,False,False,True,True,False,False,False,False,False,True,REVISAR,REVISAR
3274186,21114812210008301001000000U1,LAVA- O -TRONIK TINTORERIA,TEPSP,812210,Lavanderías y tintorerías,0 a 5 personas,AVENIDA,25 PONIENTE,CALLE,PRIVADA GREGORIO DE GANTE,CALLE,11 SUR,AVENIDA,23 PONIENTE,1104,3,,,1,,COLONIA,VOLCANES,,,,72410,21,PUEBLA,114,Puebla,0001,Heroica Puebla de Zaragoza,0588,007,,LAVATRONIKTINTORERIAS@GMAIL.COM,WWW.LAVATRONIK.COM,Fijo,19.03923505,-98.21165764,2012-06,True,True,False,False,True,False,False,False,False,False,False,True,REVISAR,REVISAR
9595298,21015812210000461000000000U0,LAVADENDERIA Y TINTORERIA LAVA EXPRESS BURBUJAS,LAVANDERIA,812210,Lavanderías y tintorerías,0 a 5 personas,CALLE,ALLENDE,AVENIDA,NACIONAL NORTE,CALLE,MORELOS,CERRADA,PRIMERA PARICUTIN,,SN,,,,,COLONIA,CASA BLANCA,,,,72361,21,PUEBLA,015,Amozoc,0031,Casa Blanca,0382,018,,,,Fijo,19.04307893,-98.1280139,2024-11,True,True,False,False,True,True,False,False,False,False,False,True,REVISAR,REVISAR
9645342,21114812210022421000000000U9,LAVADO DE ROPA EN DOMICILIO,,812210,Lavanderías y tintorerías,0 a 5 personas,PRIVADA,EL ALAMO,CALLE,GRECIA,AVENIDA,REPUBLICA MEXICANA,CALLE,GRECIA,13,,,,,,COLONIA,IGNACIO ROMERO VARGAS,,,,72724,21,PUEBLA,114,Puebla,0001,Heroica Puebla de Zaragoza,5822,011,2224187574,,,Fijo,19.08152395,-98.25537085,2024-11,True,True,True,False,True,True,False,False,False,False,False,True,INCLUIR,SI
3261466,21114812210001271000000000U3,LAVAGE TINTORERIA Y LAVANDERIA,,812210,Lavanderías y tintorerías,0 a 5 personas,AVENIDA,GRAN AVENIDA,CALLE,AVENIDA 28 PONIENTE,AVENIDA,ENRIQUE REBSAMEN,AVENIDA,RAFAEL SERRANO,,SN,,,,,COLONIA,MAESTRO FEDERAL,,,,72080,21,PUEBLA,114,Puebla,0001,Heroica Puebla de Zaragoza,4237,018,2226498138,JOSECRUZ-ROJAS@HOTMAIL.COM,,Fijo,19.06479547,-98.20784415,2010-07,True,True,False,False,True,True,False,False,False,False,False,True,REVISAR,REVISAR
9602537,21132812210001361000000000U4,LAVANDERIA DE ROPA MR LAUNDRY,,812210,Lavanderías y tintorerías,0 a 5 personas,CALLE,15 DE SEPTIEMBRE,CALLE,BENITO JUAREZ,CALLE,5 DE FEBRERO,CALLE,24 DE FEBRERO,30,,,,,,PUEBLO,SANTA CATARINA HUEYATZACOALCO,,,,74125,21,PUEBLA,132,San Martín Texmelucan,0001,San Martín Texmelucan de Labastida,0410,033,,,,Fijo,19.28575537,-98.45050248,2024-11,True,True,True,False,False,True,False,False,False,False,False,True,REVISAR,REVISAR
8324508,21114812210017771000000000U4,LAVANDERIA DE ROPA URBAN LAUDRY,,812210,Lavanderías y tintorerías,0 a 5 personas,CALLE,12 SUR,AVENIDA,MANUEL AVILA CAMACHO,CALLE,3 ORIENTE,CALLE,HERNAN CORTES,115,B,,,,,COLONIA,EL SALVADOR,,,,72320,21,PUEBLA,114,Puebla,0001,Heroica Puebla de Zaragoza,3968,009,,,,Fijo,19.03765875,-98.1391855,2019-11,True,True,True,False,False,True,False,False,False,False,False,True,REVISAR,REVISAR
11289927,21114812210022371000000000U6,LAVANDERIA INDUSTRIAL SIN NOMBRE,,812210,Lavanderías y tintorerías,0 a 5 personas,CALLE,13 NORTE,AVENIDA,HEROE DE NACOZARI,CALLE,46 PONIENTE,CALLE,11 NORTE,,SN,,,,,COLONIA,SANTA MARIA,,,,72080,21,PUEBLA,114,Puebla,0001,Heroica Puebla de Zaragoza,0130,037,2223040120,,,Fijo,19.06741814,-98.19599632,2024-11,True,True,False,False,True,True,True,False,False,False,False,True,REVISAR,REVISAR
11580049,21074812210000901000000000U2,LAVANDERIA PLANCHADO Y TINTORERIA BUDY 24,,812210,Lavanderías y tintorerías,0 a 5 personas,CALLE,AVENIDA LAS HUERTAS,CALLE,ALDAMA,CALLE,JOSE MARIA MORELOS,AVENIDA,VICENTE GUERRERO,,SN,,,,,BARRIO,CUARTO BARRIO,,,,74160,21,PUEBLA,074,Huejotzingo,0001,Huejotzingo,0044,020,2227176165,,,Fijo,19.16172427,-98.40434779,2024-11,True,True,False,False,True,True,False,False,True,False,False,True,REVISAR,REVISAR
8325090,21114812210017861000000000U3,LAVANDERIA PLANCHADURIA Y TINTORERIA CLOUNDRY,,812210,Lavanderías y tintorerías,0 a 5 personas,AVENIDA,AVENIDA DE LOS EDUCADORES,CALLE,ROSAURA ZAPATA,CALLE,JOSE MARIA LAFRAGUA,CALLE,ENRIQUE REBSAMEN,5663,,,,,,COLONIA,SATELITE,,,,72320,21,PUEBLA,114,Puebla,0001,Heroica Puebla de Zaragoza,3648,037,,,,Fijo,19.04441663,-98.14773545,2019-11,True,True,False,False,True,True,False,False,False,False,False,True,REVISAR,REVISAR
3410293,21114812210004011000000000U0,LAVANDERIA TINTORERIA JP,,812210,Lavanderías y tintorerías,0 a 5 personas,CALLE,16 DE SEPTIEMBRE,AVENIDA,29 PONIENTE,AVENIDA,31 PONIENTE,CALLE,3 SUR,2901,,,,,,COLONIA,CHULA VISTA,,,,72420,21,PUEBLA,114,Puebla,0001,Heroica Puebla de Zaragoza,3737,018,2225565833,KAGUAR021953@GMAIL.COM,,Fijo,19.0334779,-98.2050273,2010-07,True,True,False,False,True,True,False,False,False,False,False,True,REVISAR,REVISAR
10746110,21114812210021751000000000U0,LAVANDERIA TINTORERIA LEON,,812210,Lavanderías y tintorerías,0 a 5 personas,CALLE,CORDILLERA CENTRAL,CALLE,SIERRA MONTES URALES,CALLE,SIERRA DE LOS PIRINEOS,CALLE,CORDILLERA ACONCAGUA,2231,,,,,,FRACCIONAMIENTO,MARAVILLAS,,,,72220,21,PUEBLA,114,Puebla,0001,Heroica Puebla de Zaragoza,3440,004,2212050603,,,Fijo,19.07213242,-98.16726416,2024-11,True,True,False,False,True,True,False,False,False,False,False,True,REVISAR,REVISAR
3431531,21119812210000441000000000U2,LAVANDERIA TINTORERIA MEXICO 68,,812210,Lavanderías y tintorerías,0 a 5 personas,AVENIDA,16 DE SEPTIEMBRE,CALLE,7 ORIENTE,CALLE,5 ORIENTE,CALLE,2 SUR,503,A,,,,,COLONIA,CENTRO,,,,72810,21,PUEBLA,119,San Andrés Cholula,0001,San Andrés Cholula,0194,012,2221817182,,,Fijo,19.04879388,-98.30042786,2010-07,True,True,False,False,True,True,False,False,False,False,False,True,REVISAR,REVISAR
9443327,21114812210019161000000000U6,LAVANDERIA TINTORERIA SMOKING,,812210,Lavanderías y tintorerías,0 a 5 personas,AVENIDA,GUADALUPE,PRIVADA,5 B SUR,CALLE,7 SUR,AVENIDA,137 PONIENTE,,SN,,,,,COLONIA,SAN JUAN BAUTISTA,,,,72495,21,PUEBLA,114,Puebla,0001,Heroica Puebla de Zaragoza,2029,025,2229556721,,,Fijo,18.97220447,-98.24696246,2023-11,True,True,False,False,True,True,False,False,False,False,False,True,REVISAR,REVISAR
10958244,21041812210001441000000000U7,LAVANDERIA TINTORERIA Y PLANCHADURIA AROME,,812210,Lavanderías y tintorerías,0 a 5 personas,AVENIDA,MEXICO PUEBLA,CALLE,NINGUNO,PRIVADA,NINGUNO,CALLE,MOLINO DE LA ASUNCION,46,A,,,,,BARRIO,DEL BAJIO,,,,72700,21,PUEBLA,041,Cuautlancingo,0001,San Juan Cuautlancingo,0255,021,2223371896,,,Fijo,19.08014444,-98.26232372,2024-11,True,True,False,False,True,True,False,False,False,False,False,True,REVISAR,REVISAR
9537886,21114812210021001000000000U0,LAVANDERIA Y COSTURA YE - GI,,812210,Lavanderías y tintorerías,0 a 5 personas,CALLE,5 DE MAYO,AVENIDA,MAXIMO SERDAN,CALLE,FELIPE BERRIOZABAL,CALLE,GENERAL JOAQUIN COLOMBRES,79,,,,,,COLONIA,HEROES DE PUEBLA,,,,72520,21,PUEBLA,114,Puebla,0001,Heroica Puebla de Zaragoza,0728,020,5632208326,,,Fijo,19.02422897,-98.17844843,2024-11,True,True,True,False,False,True,False,False,True,False,False,True,REVISAR,REVISAR
7546762,21114812210015571000000000U0,LAVANDERIA Y REPARACION DE COSTURA,,812210,Lavanderías y tintorerías,0 a 5 personas,CALLE,REFUGIO RODRIGUEZ NORTE,CALLE,NINGUNO,CALLE,MONTE HIMALAYA,CALLE,116 PONIENTE A,11805,,,,,,COLONIA,LOMAS DE SA GERONIMO,,,,72103,21,PUEBLA,114,Puebla,0001,Heroica Puebla de Zaragoza,2705,003,,,,Fijo,19.10411171,-98.21398523,2019-11,True,True,True,False,False,True,False,False,True,False,False,True,REVISAR,REVISAR
8149056,21140812210001351000000000U8,LAVANDERIA Y TINTORERIA,,812210,Lavanderías y tintorerías,0 a 5 personas,AVENIDA,FORJADORES DE PUEBLA,CALLE,NINGUNO,CALLE,24 ORIENTE,PRIVADA,2 NORTE,2413,,,,,,BARRIO,SANTIAGO MIXQUITLA,,,,72760,21,PUEBLA,140,San Pedro Cholula,0001,Cholula de Rivadavia,0380,004,2225118415,,,Fijo,19.07192115,-98.29855203,2019-11,True,True,False,False,True,True,False,False,False,False,False,True,REVISAR,REVISAR
7569769,21114812210015431000000000U7,LAVANDERIA Y TINTORERIA,,812210,Lavanderías y tintorerías,0 a 5 personas,AVENIDA,PABLO JUAREZ RUIZ,CALLE,FRANCISCO I. MADERO,CALLE,MARIANO MATAMOROS,CALLE,BENITO JUAREZ,2,,,,,,COLONIA,SAN CRISTOBAL TULCINGO,,,,72100,21,PUEBLA,114,Puebla,0001,Heroica Puebla de Zaragoza,2870,025,2211492401,,,Fijo,19.11633252,-98.2160314,2019-11,True,True,False,False,True,True,False,False,False,False,False,True,REVISAR,REVISAR
11267020,21119812210002231000000000U5,LAVANDERIA Y TINTORERIA,GRUPO ANCILY,812210,Lavanderías y tintorerías,0 a 5 personas,CALLE,LATERAL NORTE VIA ATLIXCAYOTL,CALLE,NINGUNO,CALLE,NINGUNO,CALLE,LATERAL NORTE VIA ATLIXCAYOTL,6244,,,1,,,LOCALIDAD,SAN ANTONIO CACALOTEPEC,EDIFICIO COMERCIAL Y DE SERVICIOS,PLAZA OUTLET CITY CENTER,7,72825,21,PUEBLA,119,San Andrés Cholula,0013,San Bernardino Tlaxcalancingo,0527,022,,,,Fijo,19.00419293,-98.27314015,2024-11,True,True,False,False,True,True,False,False,False,False,False,True,REVISAR,REVISAR
10174375,21114812210021221000000000U4,LAVANDERIA Y TINTORERIA,,812210,Lavanderías y tintorerías,0 a 5 personas,AVENIDA,CAMINO REAL A MANZANILLA,AVENIDA,CAMINO REAL A MANZANILLA,CALLE,NINGUNO,CALLE,ANTIGUO CAMINO A MANZANILLA,,SN,,,,,COLONIA,BOSQUES DE MANZANILLA,,,,72307,21,PUEBLA,114,Puebla,0001,Heroica Puebla de Zaragoza,1105,009,,,,Fijo,19.06597729,-98.1506123,2024-11,True,True,False,False,True,True,False,False,False,False,False,True,REVISAR,REVISAR
10604968,21114812210019581000000000U5,LAVANDERIA Y TINTORERIA,EILS,812210,Lavanderías y tintorerías,0 a 5 personas,CALLE,5 SUR,AVENIDA,99 PONIENTE,PRIVADA,99 B PONIENTE,PROLONGACION,DE LA 3 SUR,,SN,,,,,COLONIA,ARBOLEDAS DE LOMA BELLA,,,,72474,21,PUEBLA,114,Puebla,0001,Heroica Puebla de Zaragoza,467A,016,2291450131,,,Fijo,18.99625075,-98.22830852,2024-11,True,True,False,False,True,True,False,False,False,False,False,True,REVISAR,REVISAR
11405458,21114812210021261000000000U0,LAVANDERIA Y TINTORERIA,,812210,Lavanderías y tintorerías,0 a 5 personas,CALLE,AVENIDA LA CAÑADA,PRIVADA,PARAISO,PRIVADA,PARAISO,CALLE,5 DE MAYO,,SN,,,,,COLONIA,SANTA CRUZ BUENA VISTA,,,,72150,21,PUEBLA,114,Puebla,0001,Heroica Puebla de Zaragoza,3065,012,,,,Fijo,19.05477622,-98.25483597,2024-11,True,True,False,False,True,True,False,False,False,False,False,True,REVISAR,REVISAR
3254160,21114812210006871000000000U5,LAVANDERIA Y TINTORERIA,,812210,Lavanderías y tintorerías,0 a 5 personas,AVENIDA,88 PONIENTE,ANDADOR,5 NORTE,CALLE,5 NORTE,AVENIDA,86 PONIENTE,507,,,,,,COLONIA,REVOLUCION MEXICANA,,,,72200,21,PUEBLA,114,Puebla,0001,Heroica Puebla de Zaragoza,5019,005,,,,Fijo,19.07851998,-98.18203184,2010-07,True,True,False,False,True,True,False,False,False,False,False,True,REVISAR,REVISAR
3334239,21140812210001011000000000U8,LAVANDERIA Y TINTORERIA 5 ESTRELLAS,,812210,Lavanderías y tintorerías,0 a 5 personas,CALLE,16 DE SEPTIEMBRE,PRIVADA,NINGUNO,CALLE,IGNACIO ZARAGOZA,CALLE,RICARDO FLORES MAGON,3,,,,,,LOCALIDAD,SAN AGUSTIN CALVARIO,,,,72760,21,PUEBLA,140,San Pedro Cholula,0027,San Gregorio Zacapechpan,0342,004,2224550344,,,Fijo,19.04984414,-98.33273795,2014-12,True,True,False,False,True,True,False,False,False,False,False,True,REVISAR,REVISAR
3342198,21114812210012441000000000U9,LAVANDERIA Y TINTORERIA 5 ESTRELLAS,,812210,Lavanderías y tintorerías,0 a 5 personas,CALLE,5 DE MAYO,PRIVADA,5 DE MAYO,CARRETERA,FEDERAL PUEBLA-TLAXCALA,AVENIDA,AVENIDA DE LAS HUERTAS,27,,,,,,COLONIA,SAN PABLO XOCHIMEHUACAN,,,,72014,21,PUEBLA,114,Puebla,0001,Heroica Puebla de Zaragoza,257A,019,2213491461,,,Fijo,19.09140154,-98.20580735,2014-12,True,True,False,False,True,True,False,False,False,False,False,True,REVISAR,REVISAR
8657113,21041812210001061000000000U3,LAVANDERIA Y TINTORERIA AGUA AZUL,,812210,Lavanderías y tintorerías,0 a 5 personas,AVENIDA,MANZANARES,CALLE,20 DE NOVIEMBRE,PRIVADA,NINGUNO,CALLE,MANZANARES,,SN,,,,,BARRIO,PERDON,,,,72700,21,PUEBLA,041,Cuautlancingo,0001,San Juan Cuautlancingo,0240,041,,,,Fijo,19.08383736,-98.26916678,2019-11,True,True,False,False,True,True,False,False,False,False,False,True,REVISAR,REVISAR
11372483,21119812210001861000000000U0,LAVANDERIA Y TINTORERIA AMERICAS,,812210,Lavanderías y tintorerías,0 a 5 personas,CALLE,NINGUNO,AVENIDA,INDEPENDENCIA,PRIVADA,NINGUNO,CALLE,NINGUNO,1802,H,,,,,COLONIA,LAZARO CARDENAS,,,,72776,21,PUEBLA,119,San Andrés Cholula,0001,San Andrés Cholula,0156,017,,,,Fijo,19.05997636,-98.2850809,2024-11,True,True,False,False,True,True,False,False,False,False,False,True,REVISAR,REVISAR
10902660,21114812210020821000000000U2,LAVANDERIA Y TINTORERIA AMY,,812210,Lavanderías y tintorerías,0 a 5 personas,CALLE,RIVERA DEL ATOYAC SUR,CALLE,RIO NILO,CALLE,RIVERA DEL ATOYAC SUR,CALLE,RIVERA DEL ATOYAC SUR,7,,,,,,COLONIA,SANTA CRUZ BUENAVISTA,,,,72150,21,PUEBLA,114,Puebla,0001,Heroica Puebla de Zaragoza,392A,041,2212152528,,,Fijo,19.05686033,-98.2421866,2024-11,True,True,False,False,True,True,False,False,False,False,False,True,REVISAR,REVISAR
10648105,21114812210020251000000000U2,LAVANDERIA Y TINTORERIA ANNY,,812210,Lavanderías y tintorerías,0 a 5 personas,CALLE,53 NORTE,AVENIDA,14 PONIENTE,AVENIDA,12 PONIENTE,CALLE,51 NORTE,5114,,,,,,COLONIA,AQUILES SERDAN,,,,72140,21,PUEBLA,114,Puebla,0001,Heroica Puebla de Zaragoza,3474,001,2226829029,,,Fijo,19.06970263,-98.23023765,2024-11,True,True,False,False,True,True,False,False,False,False,False,True,REVISAR,REVISAR
11657228,21114812210020061000000000U5,LAVANDERIA Y TINTORERIA AROME,,812210,Lavanderías y tintorerías,0 a 5 personas,AVENIDA,PINOS,CALLE,RIVERA DEL ATOYAC SUR,CALLE,JACARANDAS,CALLE,PALMAS,6508,,,17,,,COLONIA,SANTA CRUZ BUENAVISTA,CENTRO Y PLAZA COMERCIAL,PLAZA PINOS,5,72170,21,PUEBLA,114,Puebla,0001,Heroica Puebla de Zaragoza,392A,031,,,,Fijo,19.05397472,-98.24361152,2024-11,True,True,False,False,True,True,False,False,False,False,False,True,REVISAR,REVISAR
10033080,21114812210021271000000000U9,LAVANDERIA Y TINTORERIA AROMITA,,812210,Lavanderías y tintorerías,0 a 5 personas,AVENIDA,4 PONIENTE,CALLE,45 NORTE,CALLE,43 NORTE,CALLE,AVENIDA 2 PONIENTE,4309,,,,,,COLONIA,AQUILES SERDAN,,,,72140,21,PUEBLA,114,Puebla,0001,Heroica Puebla de Zaragoza,3489,003,2223737811,BLAN22306@HOTMAIL.COM,,Fijo,19.06321513,-98.22740531,2024-11,True,True,False,False,True,True,False,False,False,False,False,True,REVISAR,REVISAR
3452756,21140722219002251000000000U9,LAVANDERIA Y TINTORERIA AZUL,,812210,Lavanderías y tintorerías,0 a 5 personas,CALLE,30 ORIENTE,CALLE,8 NORTE,CALLE,6 NORTE,CALLE,24 ORIENTE,628,,,,,,BARRIO,LLANO DE JESÚS TLATEMPA,,,,72770,21,PUEBLA,140,San Pedro Cholula,0001,Cholula de Rivadavia,0380,009,,,,Fijo,19.07200777,-98.2950874,2010-07,True,True,False,False,True,True,False,False,False,False,False,True,REVISAR,REVISAR
3254157,21114812210002211000000000U8,LAVANDERIA Y TINTORERIA AZUL,,812210,Lavanderías y tintorerías,0 a 5 personas,AVENIDA,88 PONIENTE,CALLE,5 NORTE,ANDADOR,5 NORTE,PRIVADA,PRIVADA A 88 PONIENTE,514,,,,,,COLONIA,REVOLUCION MEXICANA,,,,72200,21,PUEBLA,114,Puebla,0001,Heroica Puebla de Zaragoza,5019,004,,,,Fijo,19.07871032,-98.18221025,2010-07,True,True,False,False,True,True,False,False,False,False,False,True,REVISAR,REVISAR
8704163,21114812210013671000000000U0,LAVANDERIA Y TINTORERIA AZUL,,812210,Lavanderías y tintorerías,0 a 5 personas,CALLE,SEPTIMA DE I ZARAGOZA,CALLE,LA VIRGEN,CALLE,32 NORTE,CALLE,CALLE DE LA VIRGEN,,SN,,,,,COLONIA,XONACA,,,,72280,21,PUEBLA,114,Puebla,0001,Heroica Puebla de Zaragoza,0446,007,,,,Fijo,19.05062345,-98.1746848,2019-11,True,True,False,False,True,True,False,False,False,False,False,True,REVISAR,REVISAR
3439835,21114812210004631000000000U5,LAVANDERIA Y TINTORERIA BONAMI,,812210,Lavanderías y tintorerías,0 a 5 personas,BOULEVARD,ATEMPAN,CALLE,7 A,CALLE,8 A,CALLE,18 A,,SN,,,,D,COLONIA,BOSQUES AMALUCAN,,,,72310,21,PUEBLA,114,Puebla,0001,Heroica Puebla de Zaragoza,2828,007,,,,Fijo,19.05493943,-98.13301391,2010-07,True,True,False,False,True,True,False,False,False,False,False,True,REVISAR,REVISAR
3334517,21140812210001001000000000U9,LAVANDERIA Y TINTORERIA BURBUCLIN,,812210,Lavanderías y tintorerías,0 a 5 personas,AVENIDA,MIGUEL HIDALGO,CALLE,15 SUR,CALLE,13 SUR,AVENIDA,3 PONIENTE,1301,A,,,,,LOCALIDAD,CHOLULA DE RIVADAVIA,,,,72762,21,PUEBLA,140,San Pedro Cholula,0001,Cholula de Rivadavia,0056,042,2228498856,,,Fijo,19.06638931,-98.31692571,2014-12,True,True,False,False,True,True,False,False,False,False,False,True,REVISAR,REVISAR
8774566,21114812210013511000000000U8,LAVANDERIA Y TINTORERIA BURBUJA,,812210,Lavanderías y tintorerías,0 a 5 personas,CALLE,PATRIOTISMO,CALLE,JUSTICIA SOCIAL,CALLE,SOBERANIA NACIONAL,CALLE,LIBERTAD,121,,,,,,COLONIA,SOLIDARIDAD,,,,72016,21,PUEBLA,114,Puebla,0001,Heroica Puebla de Zaragoza,5362,019,2222382847,,,Fijo,19.09844792,-98.17770135,2019-11,True,True,False,False,True,True,False,False,False,False,False,True,REVISAR,REVISAR
9609335,21114812210022071000000000U2,LAVANDERIA Y TINTORERIA BURBUJAS,,812210,Lavanderías y tintorerías,0 a 5 personas,CALLE,LAS HARAS,CALLE,CERRO LA MALINTZI,OTRO(ESPECIFIQUE),BARRANCO,CALLE,LA CANTERA,,SN,,,,,COLONIA,AMALUQUILLA,,,,72360,21,PUEBLA,114,Puebla,0001,Heroica Puebla de Zaragoza,677A,022,,,,Fijo,19.03643774,-98.13082137,2024-11,True,True,False,False,True,True,False,False,False,False,False,True,REVISAR,REVISAR
9762574,21034812210000131000000000U0,LAVANDERIA Y TINTORERIA BURBUJISTAS CLEAN,,812210,Lavanderías y tintorerías,0 a 5 personas,AVENIDA,TLAXCALA,AVENIDA,AVENIDA DE LAS FLORES,CALLE,BARDA,CALLE,FAUSTO ORTEGA,,SN,,,,,PUEBLO,SAN FRANCISCO OCOTLAN,,,,72680,21,PUEBLA,034,Coronango,0003,San Francisco Ocotlán (Ocotlán),0119,156,,,,Fijo,19.11492554,-98.27139942,2024-11,True,True,False,False,True,True,False,False,False,False,False,True,REVISAR,REVISAR
3422194,21114812210005061100000000U4,LAVANDERIA Y TINTORERIA CLEAN PINK,,812210,Lavanderías y tintorerías,0 a 5 personas,AVENIDA,FRESNOS,BOULEVARD,JOSE MARIA LAFRAGUA,CALLE,SANTO TOMAS DE AQUINO,CALLE,FRAY SERVANDO TERESA DE MIER,,SN,,,,,COLONIA,TRES CRUCES,,,,72595,21,PUEBLA,114,Puebla,0001,Heroica Puebla de Zaragoza,1798,016,,,,Fijo,18.99221814,-98.1952804,2010-07,True,True,False,False,True,True,False,False,False,False,False,True,REVISAR,REVISAR
3471115,21114812210012221000000000U5,LAVANDERIA Y TINTORERIA COLOR BUBBLES,,812210,Lavanderías y tintorerías,0 a 5 personas,CALLE,CAMINO REAL A SAN JERONIMO,CALLE,2 SUR,PRIVADA,NINGUNO,CALLE,3 ORIENTE,18,1,,,,,COLONIA,GUADALUPE CALERAS,,,,72100,21,PUEBLA,114,Puebla,0001,Heroica Puebla de Zaragoza,5216,016,,,,Fijo,19.10005975,-98.22722335,2010-07,True,True,False,False,True,True,False,False,False,False,False,True,REVISAR,REVISAR
8308321,21114812210014511000000000U7,LAVANDERIA Y TINTORERIA CRISTAL,,812210,Lavanderías y tintorerías,0 a 5 personas,BOULEVARD,OAXACA,CALLE,8 B,CALLE,7 B,RETORNO,5 B,84,,,,,,COLONIA,BOSQUES DE SAN SEBASTIAN,,,,72310,21,PUEBLA,114,Puebla,0001,Heroica Puebla de Zaragoza,1711,012,2221246473,,,Fijo,19.05926903,-98.13180921,2019-11,True,True,False,False,True,True,False,False,False,False,False,True,REVISAR,REVISAR
10154898,21143812210000061000000000U8,LAVANDERIA Y TINTORERIA CRUZ,,812210,Lavanderías y tintorerías,0 a 5 personas,CALLE,AQUILES SERDAN,CARRETERA,FEDERAL MEXICO-PUEBLA,CALLE,AQUILES SERDAN,PRIVADA,IGNACIO ZARAGOZA,1,,,,,,LOCALIDAD,SAN LUCAS EL GRANDE,,,,74135,21,PUEBLA,143,San Salvador el Verde,0011,San Lucas el Grande,0113,009,,,,Fijo,19.3081009,-98.47457904,2024-11,True,True,False,False,True,True,False,False,False,False,False,True,REVISAR,REVISAR
10205043,21132812210001481000000000U0,LAVANDERIA Y TINTORERIA CUZ,,812210,Lavanderías y tintorerías,0 a 5 personas,CALLE,JUAN ALDAMA,CALLE,INDEPENDENCIA SUR,CALLE,IGNACIO ZARAGOZA SUR,CALLE,JUAN CRISOSTOMO BONILLA,,SN,,,,,COLONIA,LOS DICIOS,,,,74080,21,PUEBLA,132,San Martín Texmelucan,0001,San Martín Texmelucan de Labastida,0374,014,2484915251,,,Fijo,19.2789567,-98.43597257,2024-11,True,True,False,False,True,True,False,False,False,False,False,True,REVISAR,REVISAR
3277144,21114812210000961000000000U0,LAVANDERIA Y TINTORERIA DON LAVADO,,812210,Lavanderías y tintorerías,0 a 5 personas,AVENIDA,13 PONIENTE,CALLE,3 SUR,CALLE,5 SUR,CALLE,AVENIDA 11 PONIENTE,302,B,,,,,COLONIA,CENTRO,,,,72000,21,PUEBLA,114,Puebla,0001,Heroica Puebla de Zaragoza,0501,003,2215843711,,,Fijo,19.04081399,-98.20298134,2010-07,True,True,False,False,True,True,False,False,False,False,False,True,REVISAR,REVISAR
8774079,21119812210001331000000000U4,LAVANDERIA Y TINTORERIA EASY CLEAN,,812210,Lavanderías y tintorerías,0 a 5 personas,CALLE,ORION SUR,BOULEVARD,GUSTAVO DIAZ ORDAZ,CALLE,JUPITER,CIRCUITO,MARTE,,SN,,,,,COLONIA,VILLA FLORESTA,,,,72825,21,PUEBLA,119,San Andrés Cholula,0013,San Bernardino Tlaxcalancingo,0423,018,2221776436,,,Fijo,19.02140535,-98.26036262,2019-11,True,True,False,False,True,True,False,False,False,False,False,True,REVISAR,REVISAR
10340326,21114812210021311000000000U3,LAVANDERIA Y TINTORERIA ECOMAX,,812210,Lavanderías y tintorerías,0 a 5 personas,AVENIDA,5 DE MAYO,AVENIDA,GENERAL JOSE RAZO CAMANO,CALLE,RUA DE DIAMANTE,CALLE,GENERAL MANUEL VARELA,,SN,,,153,,COLONIA,HEROES PUEBLA,,,,72520,21,PUEBLA,114,Puebla,0001,Heroica Puebla de Zaragoza,0728,014,,,,Fijo,19.02076684,-98.1769543,2024-11,True,True,False,False,True,True,False,False,False,False,False,True,REVISAR,REVISAR
8150426,21114812210014921000000000U8,LAVANDERIA Y TINTORERIA EL CALCETIN PERDIDO,,812210,Lavanderías y tintorerías,0 a 5 personas,PRIVADA,59 A PONIENTE,CALLE,5 A SUR,CALLE,5 B SUR,CALLE,59 PONIENTE,506,A,,,,,COLONIA,VILLA ENCANTADA,,,,72440,21,PUEBLA,114,Puebla,0001,Heroica Puebla de Zaragoza,531A,020,,,,Fijo,19.01671971,-98.21986943,2019-11,True,True,False,False,True,True,False,False,False,False,False,True,REVISAR,REVISAR
3333845,21140812210000831000000000U0,LAVANDERIA Y TINTORERIA EL JABONCITO LO,,812210,Lavanderías y tintorerías,0 a 5 personas,CALLE,8 NORTE,CALLE,14 ORIENTE,CALLE,12 ORIENTE,CALLE,10 NORTE,1202,,,,,,BARRIO,DE JESUS TLATEMPA,,,,72760,21,PUEBLA,140,San Pedro Cholula,0001,Cholula de Rivadavia,0501,002,,,,Fijo,19.06420329,-98.29863436,2014-12,True,True,False,False,True,True,False,False,False,False,False,True,REVISAR,REVISAR
9850300,21015812210000431000000000U3,LAVANDERIA Y TINTORERIA ENRIQUE,,812210,Lavanderías y tintorerías,0 a 5 personas,BOULEVARD,SAN BARTOLO,AVENIDA,AVENIDA DE LAS TORRES,CALLE,FRESNO,CALLE,COLORINES,,SN,,,,,COLONIA,PARAISO,,,,72350,21,PUEBLA,114,Puebla,0001,Heroica Puebla de Zaragoza,6765,018,2214089407,,,Fijo,19.03912722,-98.122602,2024-11,True,True,False,False,True,True,False,False,False,False,False,True,REVISAR,REVISAR
8826209,21114812210014011000000000U8,LAVANDERIA Y TINTORERIA ESNOM,,812210,Lavanderías y tintorerías,0 a 5 personas,BOULEVARD,MUNICIPIO LIBRE,PROLONGACION,16 SUR,PRIVADA,16 B SUR,PRIVADA,87 A ORIENTE,1601,,,,,,COLONIA,GRANJAS DE SAN ISIDRO,,,,72587,21,PUEBLA,114,Puebla,0001,Heroica Puebla de Zaragoza,5841,018,,,,Fijo,18.99329318,-98.21096103,2019-11,True,True,False,False,True,True,False,False,False,False,False,True,REVISAR,REVISAR
3366553,21114812210012341000000000U1,LAVANDERIA Y TINTORERIA FRIGOSEC,,812210,Lavanderías y tintorerías,0 a 5 personas,CALLE,CALLE DE VALENCIA,CALLE,16 DE SEPTIEMBRE,BOULEVARD,CARLOS CAMACHO ESPIRITU,CALLE,CALLE DE SEVILLA,140,,,,,,COLONIA,GABRIEL PASTOR SEGUNDA SECCION,,,,72425,21,PUEBLA,114,Puebla,0001,Heroica Puebla de Zaragoza,0747,016,,,,Fijo,19.02400059,-98.21269867,2014-12,True,True,False,False,True,True,False,False,False,False,False,True,REVISAR,REVISAR
11301847,21114812210021131000000000U5,LAVANDERIA Y TINTORERIA GARTYS,,812210,Lavanderías y tintorerías,0 a 5 personas,CALLE,119 PONIENTE,CALLE,12 DE OCTUBRE,AVENIDA,3 SUR,CALLE,117 PONIENTE,308,,,,,,COLONIA,GRANJAS PUEBLA,,,,72490,21,PUEBLA,114,Puebla,0001,Heroica Puebla de Zaragoza,4190,023,2224869391,,,Fijo,18.98184688,-98.23634858,2024-11,True,True,False,False,True,True,False,False,False,False,False,True,REVISAR,REVISAR
11787505,21119812210002461000000000U8,LAVANDERIA Y TINTORERIA JABONZITO,,812210,Lavanderías y tintorerías,0 a 5 personas,CALLE,EJÉRCITO NACIONAL,CALLE,La Soledad,CALLE,Jardín de San Antonio,CALLE,San Miguel,,SN,,,205,,LOCALIDAD,SAN MIGUEL,,,,72828,21,PUEBLA,119,San Andrés Cholula,0013,San Bernardino Tlaxcalancingo,032A,001,2229175915,,,Fijo,19.00219248,-98.29318306,2025-04,True,True,False,False,True,True,False,False,False,False,False,True,REVISAR,REVISAR
11215366,21041812210001341000000000U9,LAVANDERIA Y TINTORERIA JUSTO A TIEMPO,,812210,Lavanderías y tintorerías,0 a 5 personas,CALLE,MELCHOR OCAMPO,PRIVADA,NINGUNO,AVENIDA,PUEBLA,CALLE,MELCHOR OCAMPO,5,,,,,,COLONIA,SANCTORUM,,,,72730,21,PUEBLA,041,Cuautlancingo,0008,Sanctorum,0221,069,2228497464,,,Fijo,19.0989277,-98.24153996,2024-11,True,True,False,False,True,True,False,False,False,False,False,True,REVISAR,REVISAR
7546591,21114812210015491000000000U1,LAVANDERIA Y TINTORERIA LA ESPUMA BLANCA,,812210,Lavanderías y tintorerías,0 a 5 personas,CALLE,CAMINO REAL A TLAXCALA,CERRADA,CAMINO REAL,CALLE,IGNACIO COMONFORT,CALLE,SAN CRISTOBAL,16,,,,,,COLONIA,SAN JERONIMO CALERAS,,,,72100,21,PUEBLA,114,Puebla,0001,Heroica Puebla de Zaragoza,3296,008,,,,Fijo,19.09242713,-98.21239931,2019-11,True,True,False,False,True,True,False,False,False,False,False,True,REVISAR,REVISAR
3368920,21114812210012521000000000U8,LAVANDERIA Y TINTORERIA LA VELA VELOZ,,812210,Lavanderías y tintorerías,0 a 5 personas,BOULEVARD,MUNICIPIO LIBRE,PROLONGACION,DE LA 3 SUR,PRIVADA,PRIVADA DE LA 3 SUR,AVENIDA,89 PONIENTE,6726,,,,,,COLONIA,EL JARDIN,,,,72474,21,PUEBLA,114,Puebla,0001,Heroica Puebla de Zaragoza,3898,024,2294068573,,,Fijo,18.99911287,-98.22577549,2014-12,True,True,False,False,True,True,False,False,False,False,False,True,REVISAR,REVISAR
8307337,21114463217002181010000000U0,LAVANDERIA Y TINTORERIA LARGO Y TENDIDO,,812210,Lavanderías y tintorerías,0 a 5 personas,CALLE,MAMEY,AVENIDA,BOSQUE DE MANZANILLA,AVENIDA,CAMINO REAL A MANZANILLA,CALLE,LIMON,,SN,,,,,COLONIA,BOSQUES DE MANZANILLA,,,,72307,21,PUEBLA,114,Puebla,0001,Heroica Puebla de Zaragoza,442A,011,,,,Fijo,19.06802185,-98.1480451,2019-11,True,True,False,False,True,True,False,False,False,False,False,True,REVISAR,REVISAR
3331123,21041812210000151000000000U3,LAVANDERIA Y TINTORERIA LAS TORRES,,812210,Lavanderías y tintorerías,0 a 5 personas,CALLE,DIAZ ORDAZ,CALLE,DIAZ ORDAZ,PRIVADA,NINGUNO,CALLE,PRIMERO DE MAYO,,SN,,,,,LOCALIDAD,SAN LORENZO ALMECATLA,,,,72710,21,PUEBLA,041,Cuautlancingo,0012,San Lorenzo Almecatla,019A,040,2224648204,,,Fijo,19.1407138,-98.24301943,2014-12,True,True,False,False,True,True,False,False,False,False,False,True,REVISAR,REVISAR
3335982,21140812210000521000000000U7,LAVANDERIA Y TINTORERIA LAS TORRES,,812210,Lavanderías y tintorerías,0 a 5 personas,AVENIDA,FORJADORES DE PUEBLA,CALLE,PLAN DE AYALA,CALLE,TORREON,CALLE,DOROTEO ARANGO,85,,,,,,COLONIA,AMPLIACION MOMOXPAN,,,,72760,21,PUEBLA,140,San Pedro Cholula,0014,Santiago Momoxpan,0287,031,,,,Fijo,19.07787241,-98.26642229,2010-07,True,True,False,False,True,True,False,False,False,False,False,True,REVISAR,REVISAR
10639108,21015812210000411000000000U5,LAVANDERIA Y TINTORERIA LAVA BLANCA,,812210,Lavanderías y tintorerías,0 a 5 personas,PRIVADA,PRIMERA NACIONAL,AVENIDA,NACIONAL NORTE,CERRADA,FRANCISCO I. MADERO,CALLE,FRANCISCO I. MADERO,,SN,,,,,COLONIA,CASA BLANCA,,,,72361,21,PUEBLA,015,Amozoc,0031,Casa Blanca,0382,008,2214289382,,,Fijo,19.04311378,-98.12337527,2024-11,True,True,False,False,True,True,False,False,False,False,False,True,REVISAR,REVISAR
3420506,21114812210003611000000000U8,LAVANDERIA Y TINTORERIA LAVA CLICK,,812210,Lavanderías y tintorerías,0 a 5 personas,CALLE,RIO CAZONES,AVENIDA,SAN MANUEL,CIRCUITO,JUAN PABLO II,CALLE,RIO BALSAS,1425,,,,,,COLONIA,JARDINES DE SAN MANUEL,,,,72570,21,PUEBLA,114,Puebla,0001,Heroica Puebla de Zaragoza,0802,030,,,,Fijo,19.01624765,-98.19970763,2010-07,True,True,False,False,True,True,False,False,False,False,False,True,REVISAR,REVISAR
8743449,21114812210017621000000000U1,LAVANDERIA Y TINTORERIA LAVA LUX,,812210,Lavanderías y tintorerías,0 a 5 personas,PROLONGACION,PROLONGACION DE LA 14 SUR,CALLE,117 ORIENTE,CALLE,119 ORIENTE,CALLE,16 SUR,11704,4,,,,,FRACCIONAMIENTO,LOS HEROES 2,,,,72590,21,PUEBLA,114,Puebla,0001,Heroica Puebla de Zaragoza,6356,010,2223809511,,,Fijo,18.96961413,-98.21835836,2019-11,True,True,False,False,True,True,False,False,False,False,False,True,REVISAR,REVISAR
10072052,21119812210002271000000000U1,LAVANDERIA Y TINTORERIA LAVA-HA EXPRESS,,812210,Lavanderías y tintorerías,0 a 5 personas,CALLE,CARRIL A MORILLOTLA,PROLONGACION,REVOLUCION,PRIVADA,PRIVADA DEL CARRIL,OTRO(ESPECIFIQUE),ARROYO,5,,EDIFICIO SIN NOMBRE,1,,D,COLONIA,EX HACIENDA MORILLOTLA,EDIFICIO COMERCIAL Y DE SERVICIOS,SIN NOMBRE,5D,72815,21,PUEBLA,119,San Andrés Cholula,0013,San Bernardino Tlaxcalancingo,0315,001,,,,Fijo,19.03983674,-98.26016263,2024-11,True,True,False,False,True,True,False,False,False,False,False,True,REVISAR,REVISAR
3279515,21114812210006891000000000U3,LAVANDERIA Y TINTORERIA LAVAPLANCH,,812210,Lavanderías y tintorerías,0 a 5 personas,CALLE,25 SUR,AVENIDA,29 PONIENTE,AVENIDA,31 PONIENTE,AVENIDA,29 PONIENTE,2903,B,,,,,CIUDAD INDUSTRIAL,BENITO JUAREZ,,,,72410,21,PUEBLA,114,Puebla,0001,Heroica Puebla de Zaragoza,3718,020,2227526461,,,Fijo,19.04254003,-98.22283625,2010-07,True,True,False,False,True,True,False,False,False,False,False,True,REVISAR,REVISAR
8234481,21114812210016582001000000U6,LAVANDERIA Y TINTORERIA LAVAPLUS,,812210,Lavanderías y tintorerías,0 a 5 personas,CALLE,22 DE SEPTIEMBRE,DIAGONAL,IGNACIO ZARAGOZA,CALLE,18 SUR,DIAGONAL,IGNACIO ZARAGOZA,1613,,,,,,COLONIA,SAN MANUEL,,,,72570,21,PUEBLA,114,Puebla,0001,Heroica Puebla de Zaragoza,1393,043,,,,Fijo,19.01835436,-98.19821001,2019-11,True,True,False,False,True,True,False,False,False,False,False,True,REVISAR,REVISAR
8214544,21114812210017341000000000U6,LAVANDERIA Y TINTORERIA LAVAVANISH,,812210,Lavanderías y tintorerías,0 a 5 personas,ANDADOR,PLAZA DEL ALAMO,ANDADOR,PLAZA DEL ALAMO,CALLE,9 SUR E,BOULEVARD,PERIFERICO ECOLOGICO,5,F,,,1,,UNIDAD HABITACIONAL,SAN BARTOLO,,,,72470,21,PUEBLA,114,Puebla,0001,Heroica Puebla de Zaragoza,4129,020,2229415861,,,Fijo,18.99060522,-98.24158506,2019-11,True,True,False,False,True,True,False,False,False,False,False,True,REVISAR,REVISAR
6450486,21114812210005251000000000U1,LAVANDERIA Y TINTORERIA LAVINCO,,812210,Lavanderías y tintorerías,0 a 5 personas,AVENIDA,15 DE MAYO,CALLE,NINGUNO,PRIVADA,SEGUNDA BENITO JUAREZ,PRIVADA,CARDENAS,45,,,,,,COLONIA,FRANCISCO I MADERO,,,,72130,21,PUEBLA,114,Puebla,0001,Heroica Puebla de Zaragoza,3347,053,2222246464,,,Fijo,19.08215302,-98.23122485,2010-07,True,True,False,False,True,True,False,False,False,False,False,True,REVISAR,REVISAR
8082242,21114812210016411000000000U8,LAVANDERIA Y TINTORERIA LEO Y LAV,,812210,Lavanderías y tintorerías,0 a 5 personas,CALLE,CEDROS,CALLE,LIRIOS,CALLE,ALHELI,CALLE,CLAVELES,30,,,,,,COLONIA,BUGAMBILIAS,,,,72580,21,PUEBLA,114,Puebla,0001,Heroica Puebla de Zaragoza,2438,028,,,,Fijo,19.00640922,-98.21770836,2019-11,True,True,False,False,True,True,False,False,False,False,False,True,REVISAR,REVISAR
3468437,21041812210000481100000000U4,LAVANDERIA Y TINTORERIA LEON,,812210,Lavanderías y tintorerías,0 a 5 personas,CIRCUITO,OBREROS INDEPENDIENTES NORTE,ANDADOR,NINGUNO,ANDADOR,NINGUNO,ANDADOR,VIENA,,SN,D,17,202,,UNIDAD HABITACIONAL,UNIDAD VOLKSWAGEN SUR,,,,72104,21,PUEBLA,041,Cuautlancingo,0008,Sanctorum,0236,049,,,,Fijo,19.10041357,-98.23814513,2010-07,True,True,False,False,True,True,False,False,False,False,False,True,REVISAR,REVISAR
11187363,21114812210021191000000000U9,LAVANDERIA Y TINTORERIA LINAJE,,812210,Lavanderías y tintorerías,0 a 5 personas,CALLE,DOCTOR GONZALO BAUTISTA CASTILLO,CALLE,5 DE MAYO,CALLE,PRIMERO DE MAYO,CALLE,EMILIANO ZAPATA,,SN,,,,,COLONIA,IGNACIO ZARAGOZA,,,,72380,21,PUEBLA,114,Puebla,0001,Heroica Puebla de Zaragoza,3830,029,2212243313,,,Fijo,19.02806117,-98.17997246,2024-11,True,True,False,False,True,True,False,False,False,False,False,True,REVISAR,REVISAR
11145351,21114812210022641000000000U2,LAVANDERIA Y TINTORERIA LOS GANCHITOS,,812210,Lavanderías y tintorerías,0 a 5 personas,CALLE,AVENIDA 2 PONIENTE,CALLE,47 NORTE,PRIVADA,NINGUNO,PROLONGACION,REFORMA,4701,,,,,,COLONIA,AQUILES SERDAN,,,,72140,21,PUEBLA,114,Puebla,0001,Heroica Puebla de Zaragoza,3474,034,,,,Fijo,19.06326735,-98.22988121,2024-11,True,True,False,False,True,True,False,False,False,False,False,True,REVISAR,REVISAR
11192956,21034812210000161000000000U7,LAVANDERIA Y TINTORERIA LUX,,812210,Lavanderías y tintorerías,0 a 5 personas,CALLE,5 DE FEBRERO NORTE,PRIVADA,5 DE FEBRERO,PRIVADA,5 DE MAYO,AVENIDA,5 DE MAYO NORTE,1007,,,,,,BARRIO,ANALCO,,,,72670,21,PUEBLA,034,Coronango,0001,Santa María Coronango,0138,001,2222890456,,,Fijo,19.12334584,-98.29674668,2024-11,True,True,False,False,True,True,False,False,False,False,False,True,REVISAR,REVISAR
10697249,21114812210020351000000000U0,LAVANDERIA Y TINTORERIA MARYHJANE,LAVANDERIA Y TINTORERIA MARYHJANE,812210,Lavanderías y tintorerías,0 a 5 personas,AVENIDA,95 PONIENTE,PRIVADA,PRIVADA DE LA 3 SUR,PROLONGACION,DE LA 3 SUR,AVENIDA,95 PONIENTE,303,,,,,,COLONIA,JARDIN,,,,72474,21,PUEBLA,114,Puebla,0001,Heroica Puebla de Zaragoza,3883,038,2213929841,,,Fijo,18.99721523,-98.22700829,2024-11,True,True,False,False,True,True,False,False,False,False,False,True,REVISAR,REVISAR
10854548,21041812210001261000000000U9,LAVANDERIA Y TINTORERIA MAXICLEAN,,812210,Lavanderías y tintorerías,0 a 5 personas,AVENIDA,PROLONGACION SAN JOAQUIN,CALLE,ALCANFORES,CALLE,SAN ISIDRO,PRIVADA,PROLONGACION CORONILLA,10,,,,,,BARRIO,DEL CALVARIO,,,,72720,21,PUEBLA,041,Cuautlancingo,0001,San Juan Cuautlancingo,0109,024,2222389312,,,Fijo,19.10723333,-98.27122347,2024-11,True,True,False,False,True,True,False,False,False,False,False,True,REVISAR,REVISAR
8658661,21106812210000031000000000U8,LAVANDERIA Y TINTORERIA MONTES,,812210,Lavanderías y tintorerías,0 a 5 personas,CALLE,MORELOS,CALLE,HIDALGO,PRIVADA,NINGUNO,AVENIDA,AGUSTIN PEREZ,,SN,,,,,LOCALIDAD,CEACATLA,,,,72850,21,PUEBLA,106,Ocoyucan,0003,San Bernardino Chalchihuapan,0139,001,,,,Fijo,18.97232558,-98.33629834,2019-11,True,True,False,False,True,True,False,False,False,False,False,True,REVISAR,REVISAR
3452795,21140812210000911000000000U0,LAVANDERIA Y TINTORERIA OPEN CLEAN,,812210,Lavanderías y tintorerías,0 a 5 personas,CALLE,22 ORIENTE,PRIVADA,NINGUNO,CALLE,8 NORTE,CALLE,24 ORIENTE,609,,,,,,BARRIO,DE JESUS TLATEMPA,,,,72760,21,PUEBLA,140,San Pedro Cholula,0001,Cholula de Rivadavia,0408,008,2211666824,,,Fijo,19.06863603,-98.29731375,2010-07,True,True,False,False,True,True,False,False,False,False,False,True,REVISAR,REVISAR
10880450,21114812210004591000000000U1,LAVANDERIA Y TINTORERIA PEDACITO DE CIELO,,812210,Lavanderías y tintorerías,0 a 5 personas,CALLE,5 ORIENTE,CALLE,6 SUR,CALLE,4 SUR,CALLE,7 ORIENTE,403,,,,,,COLONIA,LA LIBERTAD,,,,72130,21,PUEBLA,114,Puebla,0001,Heroica Puebla de Zaragoza,0198,027,2212864708,,,Fijo,19.06641403,-98.23305519,2024-11,True,True,False,False,True,True,False,False,False,False,False,True,REVISAR,REVISAR
3313524,21015812210000151000000000U7,LAVANDERIA Y TINTORERIA PISCIS,,812210,Lavanderías y tintorerías,0 a 5 personas,BOULEVARD,CARRETERA FEDERAL PUEBLA TEHUACAN,CALLE,MIRTOS,CALLE,GUAYACAN,AVENIDA,NACIONAL,450,,,,,,COLONIA,EL ARENAL,,,,72990,21,PUEBLA,015,Amozoc,0001,Amozoc de Mota,033A,061,2227044758,,,Fijo,19.0443966,-98.08796631,2014-12,True,True,False,False,True,True,False,False,False,False,False,True,REVISAR,REVISAR
10660025,21114812210019561000000000U7,LAVANDERIA Y TINTORERIA PISCIS,,812210,Lavanderías y tintorerías,0 a 5 personas,BOULEVARD,XONACA,PRIVADA,20 NORTE,AVENIDA,20 ORIENTE,PRIVADA,RANCHO DE LA ROSA,2039,,,,,,COLONIA,XONACA,,,,72280,21,PUEBLA,114,Puebla,0001,Heroica Puebla de Zaragoza,0431,022,2227106488,,,Fijo,19.04514688,-98.18183775,2024-11,True,True,False,False,True,True,False,False,False,False,False,True,REVISAR,REVISAR
10774013,21114812210021031000000000U7,LAVANDERIA Y TINTORERIA PLANCHA EXPRESS,,812210,Lavanderías y tintorerías,0 a 5 personas,CALLE,OLMECA,CALLE,XOCOYOTZIN,CALLE,AHUITZOTL,CALLE,CUAUHTEMOC,,SN,,,,,COLONIA,BELLO HORIZONTE,,,,72754,21,PUEBLA,114,Puebla,0001,Heroica Puebla de Zaragoza,3050,049,2224475087,,,Fijo,19.05551971,-98.27232032,2024-11,True,True,False,False,True,True,False,False,False,False,False,True,REVISAR,REVISAR
10003960,21015812210000591000000000U4,LAVANDERIA Y TINTORERIA QUICK WASH,,812210,Lavanderías y tintorerías,0 a 5 personas,CALLE,MIGUEL HIDALGO,CALLE,EMILIANO ZAPATA,CALLE,JORGE CASTAÑEDA AYALA,CALLE,FERNANDO MONTES DE OCA,,SN,,,,,COLONIA,CASA BLANCA,,,,72631,21,PUEBLA,015,Amozoc,0031,Casa Blanca,0397,005,2211682163,,,Fijo,19.03940458,-98.1186373,2024-11,True,True,False,False,True,True,False,False,False,False,False,True,REVISAR,REVISAR
3422213,21114812210003161000000000U4,LAVANDERIA Y TINTORERIA RANAWASH,,812210,Lavanderías y tintorerías,0 a 5 personas,BOULEVARD,CIRCUNVALACION,BOULEVARD,22 SUR,CALLE,RIO PAPALOAPAN,AVENIDA,SAN IGNACIO,2408,,,,,,FRACCIONAMIENTO,JARDINES DE SAN MANUEL,,,,72570,21,PUEBLA,114,Puebla,0001,Heroica Puebla de Zaragoza,0817,018,,,,Fijo,19.00544873,-98.19744188,2010-07,True,True,False,False,True,True,False,False,False,False,False,True,REVISAR,REVISAR
10424527,21015812210000611000000000U0,LAVANDERIA Y TINTORERIA ROMO,,812210,Lavanderías y tintorerías,0 a 5 personas,CALLE,CARRETERA FEDERAL PUEBLA TEHUACAN,CALLE,NINGUNO,CALLE,TRES,AVENIDA,FRANCISCO I MADERO,,SN,,,,,COLONIA,LAS ANIMAS,,,,72980,21,PUEBLA,015,Amozoc,0001,Amozoc de Mota,0132,048,,,,Fijo,19.04469333,-98.05999648,2024-11,True,True,False,False,True,True,False,False,False,False,False,True,REVISAR,REVISAR
10825333,21114812210020001000000000U1,LAVANDERIA Y TINTORERIA ROMY,,812210,Lavanderías y tintorerías,0 a 5 personas,PROLONGACION,AVENIDA DE LOS MARTIRES,CALLE,9 NORTE,CALLE,13 NORTE,AVENIDA,REFORMA,,SN,,,,,COLONIA,EL SALVADOR,,,,72320,21,PUEBLA,114,Puebla,0001,Heroica Puebla de Zaragoza,3953,015,2821012966,,,Fijo,19.03953232,-98.14602532,2024-11,True,True,False,False,True,True,False,False,False,False,False,True,REVISAR,REVISAR
3456613,21114812210004981100000000U4,LAVANDERIA Y TINTORERIA ROYAL CLEAN,,812210,Lavanderías y tintorerías,0 a 5 personas,PRIVADA,LAZARO CARDENAS,CALLE,ALAMEDAS,CALLE,BENITO JUAREZ,AVENIDA,15 DE MAYO,18,,,,,,FRACCIONAMIENTO,PRIVANZA,,,,72130,21,PUEBLA,114,Puebla,0001,Heroica Puebla de Zaragoza,3347,002,2214330002,,,Fijo,19.0804833,-98.23076851,2010-07,True,True,False,False,True,True,False,False,False,False,False,True,REVISAR,REVISAR
3371419,21114812210009211000000000U1,LAVANDERIA Y TINTORERIA SAN FRANCISCO,,812210,Lavanderías y tintorerías,0 a 5 personas,CALLE,2 NORTE,CALLE,2 ORIENTE,PROLONGACION,BENITO JUAREZ,CALLE,IGNACIO ZARAGOZA,13,A,,1,,,BARRIO,SANTA CATARINA,CENTRO Y PLAZA COMERCIAL,PLAZA RAYITO DE LUNA,D,72960,21,PUEBLA,114,Puebla,0001,Heroica Puebla de Zaragoza,4260,015,,MAROLIGUEZE@HOTMAIL.COM,,Fijo,18.97053134,-98.18397111,2014-12,True,True,False,False,True,True,False,False,False,False,False,True,REVISAR,REVISAR
11423289,21114812210021061000000000U4,LAVANDERIA Y TINTORERIA SERVI EXPRESS,,812210,Lavanderías y tintorerías,0 a 5 personas,CALZADA,ALFREDO TOXQUI,CALLE,SANTA ALEJANDRA,CALLE,SANTA MARTHA,CALLE,XALTONAC,,SN,,,4,,COLONIA,SANTA ROSA,,,,72228,21,PUEBLA,114,Puebla,0001,Heroica Puebla de Zaragoza,1641,069,2223487288,AMELIAGONZALEZ625@GMAIL.COM,,Fijo,19.08551232,-98.16342946,2024-11,True,True,False,False,True,True,False,False,False,False,False,True,REVISAR,REVISAR
3337260,21119812210000781000000000U1,LAVANDERIA Y TINTORERIA SERVI EXPRESS,,812210,Lavanderías y tintorerías,0 a 5 personas,CALLE,ATZALA,PRIVADA,NINGUNO,PRIVADA,NINGUNO,PROLONGACION,14 ORIENTE,,SN,,,,,COLONIA,SANTIAGO XICOTENCO,,,,72810,21,PUEBLA,119,San Andrés Cholula,0001,San Andrés Cholula,0279,006,2221521226,,,Fijo,19.04903673,-98.28143489,2014-12,True,True,False,False,True,True,False,False,False,False,False,True,REVISAR,REVISAR
10812093,21053812210000341000000000U5,LAVANDERIA Y TINTORERIA SIN NOMBRE,,812210,Lavanderías y tintorerías,0 a 5 personas,CALLE,QUINTA CALLE DE FRANCISCO SALINAS,CALLE,FRANCISCO SALINAS,PROLONGACION,JUAN NEPOMUCENO MENDEZ,CALLE,JAVIER MINA,,SN,,,,,BARRIO,TEOTLALPAN,,,,73300,21,PUEBLA,053,Chignahuapan,0001,Ciudad de Chignahuapan,0275,045,7971055482,,,Fijo,19.8336809,-98.03030281,2024-11,True,True,False,False,True,True,False,False,False,False,False,True,REVISAR,REVISAR
11359489,21114812210021351000000000U9,LAVANDERIA Y TINTORERIA SIN NOMBRE,,812210,Lavanderías y tintorerías,0 a 5 personas,AVENIDA,MARIO BENEDETTI,AVENIDA,3 SUR,CALLE,AMADO NERVO,PRIVADA,ARTICULO 41,,SN,,,,,COLONIA,BALCONES DEL SUR,,,,72499,21,PUEBLA,114,Puebla,0001,Heroica Puebla de Zaragoza,1938,035,,,,Fijo,18.95118402,-98.23729352,2024-11,True,True,False,False,True,True,False,False,False,False,False,True,REVISAR,REVISAR
9567306,21119812210002331000000000U3,LAVANDERIA Y TINTORERIA SIN NOMBRE,,812210,Lavanderías y tintorerías,0 a 5 personas,CALLE,ORION NORTE,CIRCUITO,MARTE,CALLE,JUPITER,CIRCUITO,MARTE,,SN,,,,,COLONIA,VILLA FLORESTA,,,,72825,21,PUEBLA,119,San Andrés Cholula,0013,San Bernardino Tlaxcalancingo,0423,037,,,,Fijo,19.01891166,-98.26202834,2024-11,True,True,False,False,True,True,False,False,False,False,False,True,REVISAR,REVISAR
3461271,21114812210005321000000000U2,LAVANDERIA Y TINTORERIA SIN NOMBRE,,812210,Lavanderías y tintorerías,0 a 5 personas,CALLE,5 DE MAYO,AVENIDA,GENERAL IGNACIO ZARAGOZA,AVENIDA,MAXIMO SERDAN,CALLE,GENERAL JOAQUIN COLOMBRES,41,,,,,,COLONIA,HEROES DE PUEBLA,,,,72520,21,PUEBLA,114,Puebla,0001,Heroica Puebla de Zaragoza,0728,019,2223744817,,,Fijo,19.02564384,-98.17913807,2010-07,True,True,False,False,True,True,False,False,False,False,False,True,REVISAR,REVISAR
10367086,21114812210021371000000000U7,LAVANDERIA Y TINTORERIA SMART BUBBLE,,812210,Lavanderías y tintorerías,0 a 5 personas,AVENIDA,DIAGONAL 18 A SUR,CALLE,121 ORIENTE,CALLE,121 A ORIENTE,PRIVADA,NINGUNO,12118,2,,,,,FRACCIONAMIENTO,LOS HEROES PUEBLA 2,,,,72590,21,PUEBLA,114,Puebla,0001,Heroica Puebla de Zaragoza,6356,009,2223582509,,,Fijo,18.96574932,-98.21494142,2024-11,True,True,False,False,True,True,False,False,False,False,False,True,REVISAR,REVISAR
3337413,21119812210001111000000000U0,LAVANDERIA Y TINTORERIA SO CLEAN,,812210,Lavanderías y tintorerías,0 a 5 personas,AVENIDA,5 DE MAYO,CALLE,4 ORIENTE,CALLE,2 ORIENTE,CALLE,2 NORTE,208,E,,,,,COLONIA,CENTRO,,,,72810,21,PUEBLA,119,San Andrés Cholula,0001,San Andrés Cholula,0207,018,,,,Fijo,19.05260615,-98.29858626,2014-12,True,True,False,False,True,True,False,False,False,False,False,True,REVISAR,REVISAR
10952603,21114812210020891000000000U5,LAVANDERIA Y TINTORERIA SPLASH,,812210,Lavanderías y tintorerías,0 a 5 personas,CALLE,LIBERTAD,AVENIDA,GUADALUPE VICTORIA,AVENIDA,3 DE MAYO,AVENIDA,EJIDO,5901,,,,,,COLONIA,JUNTA AUXILIAR SAN BALTAZAR CAMPECHE,,,,72550,21,PUEBLA,114,Puebla,0001,Heroica Puebla de Zaragoza,0766,003,,,,Fijo,19.01541029,-98.20372837,2024-11,True,True,False,False,True,True,False,False,False,False,False,True,REVISAR,REVISAR
7445782,21119812210001681000000000U2,LAVANDERIA Y TINTORERIA STAR CLEAN,,812210,Lavanderías y tintorerías,0 a 5 personas,CALLE,CAMINO NACIONAL A MOMOXPAN,CALLE,PAULINA,PRIVADA,ZACATECAS,CALLE,NINGUNO,2,,,,,,COLONIA,LAZARO CARDENAS,,,,72776,21,PUEBLA,119,San Andrés Cholula,0001,San Andrés Cholula,0156,017,2227536919,,,Fijo,19.06672972,-98.28402142,2019-11,True,True,False,False,True,True,False,False,False,False,False,True,REVISAR,REVISAR
9714996,21140812210001681000000000U8,LAVANDERIA Y TINTORERIA SUNNY DAY,,812210,Lavanderías y tintorerías,0 a 5 personas,CALLE,13 SUR,AVENIDA,13 PONIENTE,AVENIDA,11 PONIENTE,CALLE,15 SUR,1102,,,,,,BARRIO,LA SANTÍSIMA,,,,72762,21,PUEBLA,140,San Pedro Cholula,0001,Cholula de Rivadavia,0060,036,2224357961,,,Fijo,19.06194772,-98.31897139,2024-11,True,True,False,False,True,True,False,False,False,False,False,True,REVISAR,REVISAR
9537285,21114812210019171000000000U5,LAVANDERIA Y TINTORERIA THE ROOM LAUNDRY AND DRY,,812210,Lavanderías y tintorerías,0 a 5 personas,CALLE,OJO DE AGUA,AVENIDA,15 DE MAYO,CALLE,AGUA CLARA,CALLE,AZABACHE,1025,,,,,,COLONIA,VILLA POSADAS,,,,72060,21,PUEBLA,114,Puebla,0001,Heroica Puebla de Zaragoza,4218,035,,THEROOMLAUNDRYANDDRY@GMAIL.COM,,Fijo,19.07192705,-98.22204147,2024-11,True,True,False,False,True,True,False,False,False,False,False,True,REVISAR,REVISAR
8565209,21119812210001431000000000U2,LAVANDERIA Y TINTORERIA TINTO SOL,,812210,Lavanderías y tintorerías,0 a 5 personas,CALLE,NINGUNO,CALLE,CALLE DEL POZO,CALLE,NINGUNO,PRIVADA,AJALPAN,5515,,,,,,FRACCIONAMIENTO,GEOVILLAS ATLIXCAYOTL,,,,72836,21,PUEBLA,119,San Andrés Cholula,0013,San Bernardino Tlaxcalancingo,0584,012,2226406758,,,Fijo,19.03635529,-98.24949001,2019-11,True,True,False,False,True,True,False,False,False,False,False,True,REVISAR,REVISAR
11182505,21114812210021471000000000U5,LAVANDERIA Y TINTORERIA TINTOSOL,,812210,Lavanderías y tintorerías,0 a 5 personas,CALLE,AZTECA NORTE,CALLE,YENUEM,CALLE,CAMECUARO,CALLE,ANGAGUAN,,SN,,,,,FRACCIONAMIENTO,FUENTES DEL CAMINO REAL,,,,72760,21,PUEBLA,114,Puebla,0001,Heroica Puebla de Zaragoza,3050,059,2229460160,,TINTOSOL.COM,Fijo,19.05132439,-98.27176932,2024-11,True,True,False,False,True,True,False,False,False,False,False,True,REVISAR,REVISAR
3364573,21114812210009181000000000U6,LAVANDERIA Y TINTORERIA TINTOSOL,,812210,Lavanderías y tintorerías,0 a 5 personas,BOULEVARD,18 SUR,AVENIDA,SAN IGNACIO,BOULEVARD,CIRCUNVALACION,CALLE,RIO BRAVO,5942,A,,,,,FRACCIONAMIENTO,JARDINES DE SAN MANUEL,,,,72570,21,PUEBLA,114,Puebla,0001,Heroica Puebla de Zaragoza,0817,030,2222337598,,,Fijo,19.00675125,-98.20097825,2014-12,True,True,False,False,True,True,False,False,False,False,False,True,REVISAR,REVISAR
11659808,21015812210000441000000000U2,LAVANDERIA Y TINTORERIA TRAPITOS SUCIOS,,812210,Lavanderías y tintorerías,0 a 5 personas,CALLE,4 NORTE,CALLE,2 ORIENTE,AVENIDA,NIÑOS HEROES ORIENTE,CALLE,2 NORTE,,SN,,,,,COLONIA,CHACHAPA CENTRO,,,,72990,21,PUEBLA,015,Amozoc,0001,Amozoc de Mota,033A,021,,,,Fijo,19.04768392,-98.09265999,2024-11,True,True,False,False,True,True,False,False,False,False,False,True,REVISAR,REVISAR
11354648,21114812210020961000000000U6,LAVANDERIA Y TINTORERIA VIPS,,812210,Lavanderías y tintorerías,0 a 5 personas,CALZADA,ZAVALETA,PRIVADA,FRESNOS,AVENIDA,CAMPESTRE,CALLE,NINGUNO,130,,,1,,,COLONIA,SANTA CRUZ BUENAVISTA,CENTRO Y PLAZA COMERCIAL,PLAZA ALTA VISTA,6,72170,21,PUEBLA,114,Puebla,0001,Heroica Puebla de Zaragoza,4612,017,,,,Fijo,19.05278238,-98.24913477,2024-11,True,True,False,False,True,True,False,False,False,False,False,True,REVISAR,REVISAR
9664415,21114812210019261000000000U4,LAVANDERIA Y TINTORERIA WASH PREMIUM,,812210,Lavanderías y tintorerías,0 a 5 personas,AVENIDA,20 DE NOVIEMBRE,CALLE,SAN FRANCISCO,CIRCUITO,JUAN PABLO II,CIRCUITO,JUAN PABLO II,5511,,,,,,COLONIA,SAN BALTAZAR CAMPECHE,,,,72550,21,PUEBLA,114,Puebla,0001,Heroica Puebla de Zaragoza,0747,042,,,,Fijo,19.02028024,-98.20878869,2024-11,True,True,False,False,True,True,False,False,False,False,False,True,REVISAR,REVISAR
9093864,21119812210001781000000000U0,LAVANDERIA Y TINTORERIA WASSHA,,812210,Lavanderías y tintorerías,0 a 5 personas,AVENIDA,14 ORIENTE,CALLE,6 NORTE,CALLE,4 NORTE,CALLE,12 ORIENTE,405,,,,2,,COLONIA,SAN ANDRES,,,,72810,21,PUEBLA,119,San Andrés Cholula,0001,San Andrés Cholula,0207,045,2228273509,,,Fijo,19.05549325,-98.29319131,2019-11,True,True,False,False,True,True,False,False,False,False,False,True,REVISAR,REVISAR
3409224,21114812210003811000000000U4,LAVANDERIAY TINTORERIA MAX,,812210,Lavanderías y tintorerías,0 a 5 personas,AVENIDA,27 PONIENTE,CALLE,3 SUR,CALLE,5 SUR,AVENIDA,29 PONIENTE,305,C,,,,,COLONIA,CHULA VISTA,,,,72420,21,PUEBLA,114,Puebla,0001,Heroica Puebla de Zaragoza,3737,011,2221900778,,,Fijo,19.03561539,-98.20709014,2010-07,True,True,False,False,True,False,False,False,False,False,False,True,REVISAR,REVISAR
3277288,21114812210011331000000000U3,LAVATRONIC,TINTORERIA ELECTRONICA PLAZA SAN PEDRO,812210,Lavanderías y tintorerías,0 a 5 personas,CALLE,2 SUR,AVENIDA,13 ORIENTE,AVENIDA,15 ORIENTE,CALLE,16 DE SEPTIEMBRE,1311,,,,,,COLONIA,EL CARMEN,,,,72530,21,PUEBLA,114,Puebla,0001,Heroica Puebla de Zaragoza,3760,007,2222432809,LAVOTRONIKTINYOTERIAS@HMAIL.COM,,Fijo,19.03843671,-98.20014469,2010-07,True,True,False,False,True,False,False,False,False,False,False,True,REVISAR,REVISAR
3274185,21114812210008291000000000U4,LAVATRONIK TINTORERIAS,TINTORERIA ELECTRONICA PLAZA SAN PEDRO,812210,Lavanderías y tintorerías,0 a 5 personas,CARRETERA,PUEBLA ATLIXCO,CALLE,NINGUNO,CALLE,CALLE DEL POZO,AVENIDA,REAL ZAVALETA,3507,,,,7,,MANZANA,RESERVA TERRITORIAL ATLIXCAYOTL CONCEPCION LA CRUZ,CENTRO Y PLAZA COMERCIAL,PLAZA AMJESTIC,7,72197,21,PUEBLA,119,San Andrés Cholula,0013,San Bernardino Tlaxcalancingo,0584,016,2222432809,LAVOTRONIKTINTORERIAS@GMAIL.COM,WWW.LAVATRONIK.COM,Fijo,19.03662627,-98.24884522,2012-06,True,True,False,False,True,False,False,False,False,False,False,True,REVISAR,REVISAR
11272063,21114812210021811000000000U2,LAVO PRENDAS Y TINTORERIA,,812210,Lavanderías y tintorerías,0 a 5 personas,PROLONGACION,2 SUR,CALLE,111 A ORIENTE,CALLE,111 B ORIENTE,PRIVADA,B ORIENTE DE LA 16 DE SEPTIEMBRE,11115,,,,,,COLONIA,ARBOLEDAS DE LOMA BELLA,,,,72474,21,PUEBLA,114,Puebla,0001,Heroica Puebla de Zaragoza,4684,057,2228629887,,,Fijo,18.98500412,-98.22992365,2024-11,True,True,False,False,True,False,False,False,False,False,False,True,REVISAR,REVISAR
3274189,21114812210008381000000000U3,LAVO TRONIK TINTORERIAS,TINTORERIA ELECTRONICA PLAZA SAN PEDRO,812210,Lavanderías y tintorerías,0 a 5 personas,AVENIDA,JUAREZ,CALLE,27 SUR,CALLE,25 SUR,CALLE,9 PONIENTE,2503,,,,,,COLONIA,LA PAZ,,,,72160,21,PUEBLA,114,Puebla,0001,Heroica Puebla de Zaragoza,0376,039,,LAVOTRONIKTINTORERIAS@GMAIL.COM,WWW.LAVOTRONIK.COM,Fijo,19.05144357,-98.21824266,2012-06,True,True,False,False,True,False,False,False,False,False,False,True,REVISAR,REVISAR
8811294,21114812210016041000000000U3,LAVOTRONIC,TINTORERIA ELECTRONICA PLAZA SAN PEDRO,812210,Lavanderías y tintorerías,0 a 5 personas,AVENIDA,12 ORIENTE,CALLE,34 NORTE,CALLE,32 NORTE BIS,PRIVADA,10 ORIENTE,3213,,,,,,COLONIA,HUMBOLDT SUR,,,,72370,21,PUEBLA,114,Puebla,0001,Heroica Puebla de Zaragoza,0520,027,,LAVOTRONIKTINTORERIAS@GMAIL.COM,,Fijo,19.04267052,-98.17088273,2019-11,True,True,False,False,True,False,False,False,False,False,False,True,REVISAR,REVISAR
3274188,21114812210008391000000000U7,LAV-O-TRONIC,TINTORERIA ELECTRONICA PLAZA SAN PEDRO,812210,Lavanderías y tintorerías,0 a 5 personas,BOULEVARD,VICENTE GUERRERO,BOULEVARD,HOMBRES ILUSTRES,RETORNO,NINGUNO,RETORNO,NINGUNO,,SN,,,,,FRACCIONAMIENTO,VALLE DEL SOL,,,,72565,21,PUEBLA,114,Puebla,0001,Heroica Puebla de Zaragoza,3972,020,,LAVATRONIKTINTORERIAS@GMAIL.COM,,Fijo,19.01024173,-98.18744429,2012-06,True,True,False,False,True,False,False,False,False,False,False,True,REVISAR,REVISAR
11141301,21114812210019801000000000U7,LEON TINTORERIA,,812210,Lavanderías y tintorerías,0 a 5 personas,BOULEVARD,HEROES DEL 5 DE MAYO,CALLE,48 PONIENTE,PROLONGACION,DIAGONAL DEFENSORES DE LA REPUBLICA,CALLE,3 NORTE,,SN,,,,,COLONIA,JOSE MARIA MORELOS,,,,72080,21,PUEBLA,114,Puebla,0001,Heroica Puebla de Zaragoza,3544,040,2212050603,,,Fijo,19.06423688,-98.19109974,2024-11,True,True,False,False,True,False,False,False,False,False,False,True,REVISAR,REVISAR
3338343,21119812210000811000000000U6,MAX TINTORERIA,,812210,Lavanderías y tintorerías,0 a 5 personas,BOULEVARD,LOMAS ORIENTE,CALLE,NINGUNO,BOULEVARD,LOMAS ORIENTE,BOULEVARD,LOMAS ORIENTE,10000,,,1,,,LOCALIDAD,SAN BERNARDINO TLAXCALANCINGO,CENTRO Y PLAZA COMERCIAL,ARCO LOMAS,9,72830,21,PUEBLA,119,San Andrés Cholula,0013,San Bernardino Tlaxcalancingo,0495,006,2222839673,TINTORERIASMAX_ARCOLOMAS@HOTMAIL.COM,WWW.TINTORERIASMAX.COM,Fijo,18.99989706,-98.26098937,2014-12,True,True,False,False,True,False,False,False,False,False,False,True,REVISAR,REVISAR
7852975,21114812210015981000000000U1,NICE & CLEAN TINTORERIA LAVANDERIA Y PLANCHADO,,812210,Lavanderías y tintorerías,0 a 5 personas,PRIVADA,15 PONIENTE,PROLONGACION,JALPAN,CALLE,ALMOLONGA,CALLE,AVENIDA 17 PONIENTE,4505,,,,,,COLONIA,LA PAZ,,,,72160,21,PUEBLA,114,Puebla,0001,Heroica Puebla de Zaragoza,2508,038,,,,Fijo,19.05567262,-98.23471342,2019-11,True,True,False,False,True,True,False,False,True,False,False,True,REVISAR,REVISAR
10344313,21074812210000951000000000U7,PLANCHA DE PANTALON,,812210,Lavanderías y tintorerías,0 a 5 personas,CALLE,GLORIA,CALLE,NINGUNO,PRIVADA,GLORIA,CALLE,LOS REYES,27,,,,,,LOCALIDAD,SANTA ANA XALMIMILULCO,,,,74169,21,PUEBLA,074,Huejotzingo,0029,Santa Ana Xalmimilulco,0025,052,,,,Fijo,19.20788768,-98.37592313,2024-11,True,True,True,False,False,False,False,False,False,False,False,True,REVISAR,REVISAR
7517493,21134315229000851010000000U3,PLANCHADO DE MAQUILA,,812210,Lavanderías y tintorerías,0 a 5 personas,CALLE,5 DE MAYO,OTRO(ESPECIFIQUE),NINGUNO,CALLE,HERMANOS SERDAN,CALLE,ZAPOTITLAN,1011,B,,,,,LOCALIDAD,SAN MATIAS TLALANCALECA,,,,74110,21,PUEBLA,134,San Matías Tlalancaleca,0001,San Matías Tlalancaleca,003A,044,2481550311,,,Fijo,19.332372,-98.50279003,2019-11,True,True,False,False,False,False,False,True,True,False,False,True,REVISAR,REVISAR
3326130,21074812210000351000000000U0,PLANCHADO DE PANTALON,,812210,Lavanderías y tintorerías,0 a 5 personas,CALLE,ADOLFO LOPEZ MATEOS,CALLE,VIOLETAS PONIENTE,CALLE,DOMINGO ARENAS,CALLE,AQUILES SERDAN NORTE,3,,,,,,LOCALIDAD,SANTA ANA XALMIMILULCO,,,,74169,21,PUEBLA,074,Huejotzingo,0029,Santa Ana Xalmimilulco,0190,022,,,,Fijo,19.2118204,-98.38540714,2014-12,True,True,True,False,False,False,False,False,True,False,False,True,REVISAR,REVISAR
11297294,21074812210000932000000000U7,PLANCHADO DE PANTALON SIN NOMBRE,,812210,Lavanderías y tintorerías,6 a 10 personas,CALLE,RAFAEL SERRANO,CALLE,PORFIRIO DIAZ,CALLE,EL VOLCAN,CALLE,FLORES MAGON,12,,,,,,COLONIA,CENTRO,,,,74169,21,PUEBLA,074,Huejotzingo,0029,Santa Ana Xalmimilulco,0025,003,2214027713,,,Fijo,19.20740894,-98.38441686,2024-11,True,True,True,False,False,False,False,False,True,False,False,True,REVISAR,REVISAR
3409625,21134812210000082000000000U3,PLANCHADO DE ROPA,,812210,Lavanderías y tintorerías,0 a 5 personas,CALLE,NIÑO JESUS,CALLE,GUADALUPE,PRIVADA,NINGUNO,CERRADA,GUADALUPE,425,,,,,,LOCALIDAD,SAN MATIAS TLALANCALECA,,,,74110,21,PUEBLA,134,San Matías Tlalancaleca,0001,San Matías Tlalancaleca,003A,007,2481196491,,,Fijo,19.32883334,-98.49790506,2010-07,True,True,True,False,False,False,False,False,True,False,False,True,REVISAR,REVISAR
3409709,21134812210000021002000000U1,PLANCHADO TEXTIL Y LAVANDERIA ARICHEL,,812210,Lavanderías y tintorerías,6 a 10 personas,PRIVADA,NINGUNO,PRIVADA,NINGUNO,CALLE,CALLE DE LA LUZ,CALLE,SAN MATIAS,30,,,,,,LOCALIDAD,SAN MATIAS TLALANCALECA,,,,74110,21,PUEBLA,134,San Matías Tlalancaleca,0001,San Matías Tlalancaleca,003A,017,2481825974,,,Fijo,19.32562602,-98.49790567,2010-07,True,True,True,False,False,True,False,False,True,False,False,True,REVISAR,REVISAR
7547730,21114812210015811000000000U0,PLANCHADURIA Y TINTORERIA SIN NOMBRE,,812210,Lavanderías y tintorerías,0 a 5 personas,CALLE,CALZADA O CRISTO REY,PRIVADA,SEGUNDA DE CRISTO REY,CALLE,VERACRUZ,CALLE,CRISTO REY,16,,,,,,COLONIA,IGNACIO ROMERO VARGAS,,,,72120,21,PUEBLA,114,Puebla,0001,Heroica Puebla de Zaragoza,5818,005,2221242569,,,Fijo,19.07978469,-98.24706286,2019-11,True,True,False,False,True,False,False,False,False,False,False,True,REVISAR,REVISAR
7536651,21134812210000201001000000U9,PLANCHAS DE ROPA SIN NOMBRE,,812210,Lavanderías y tintorerías,6 a 10 personas,CALLE,SAN MARTIN,CALLE,MORELOS,PRIVADA,NINGUNO,CALLE,MORELOS,305,,,,,,COLONIA,CENTRO,,,,74110,21,PUEBLA,134,San Matías Tlalancaleca,0001,San Matías Tlalancaleca,0078,001,2481792250,,,Fijo,19.32277851,-98.49639434,2019-11,True,True,True,False,False,False,False,False,False,False,False,True,REVISAR,REVISAR
10042045,21114812210020911000000000U1,SERVI EXPRES TINTORERIA,,812210,Lavanderías y tintorerías,0 a 5 personas,AVENIDA,ADOLFO LOPEZ MATEOS,CALLE,BRINDISI,CALLE,XALTONATL,CALLE,BRINDISI,34,1,,,,,COLONIA,ROMA,,,,72210,21,PUEBLA,114,Puebla,0001,Heroica Puebla de Zaragoza,3351,019,,,,Fijo,19.07661669,-98.17672096,2024-11,True,True,False,False,True,False,False,False,False,False,False,True,REVISAR,REVISAR
8235120,21114812210016711000000000U1,SERVI EXPRESS LAVANDERIA Y TINTORERIA,,812210,Lavanderías y tintorerías,0 a 5 personas,CIRCUITO,CIRCUITO JUAN PABLO II,CALLE,SALTO DE AGUA,CALLE,COCOYOC,PRIVADA,COVADONGA,2411,102,,,,,COLONIA,LA HACIENDA,,,,72570,21,PUEBLA,114,Puebla,0001,Heroica Puebla de Zaragoza,0821,019,2223487288,AMELIAGONZALEZ@GMAIL.COM,,Fijo,19.01323145,-98.19247118,2019-11,True,True,False,False,True,True,False,False,False,False,False,True,REVISAR,REVISAR
7752365,21140812210001181000000000U9,SERVICIO DE LAVADO DE ROPA MR CLEAN,,812210,Lavanderías y tintorerías,0 a 5 personas,CALLE,ESTATAL PUEBLA CORONANGO,CALLE,BRECHA CAMINO A OCOTLAN,PRIVADA,NINGUNO,PROLONGACION,16 DE SEPTIEMBRE,510,,,,,,LOCALIDAD,SANTA BARBARA ALMOLOYA,,,,72750,21,PUEBLA,140,San Pedro Cholula,0001,Cholula de Rivadavia,0234,006,,,,Fijo,19.0836832,-98.30024734,2019-11,True,True,True,False,True,True,False,False,False,False,False,True,INCLUIR,SI
3254892,21114812210008684001000000U0,SERVICIOS INDUSTRIALES SAN MIGUEL,LAVADO INDUSTRIAL SAN MIGUEL,812210,Lavanderías y tintorerías,11 a 30 personas,PRIVADA,CAMINO REAL A SAN PABLO,OTRO(ESPECIFIQUE),NINGUNO,CALLE,REAL A SAN PABLO XOCHIMEHUACAN,AVENIDA,FERROCARRIL,6,,,,,,COLONIA,SAN PABLO XOCHIMEHUACAN,,,,72014,21,PUEBLA,114,Puebla,0001,Heroica Puebla de Zaragoza,257A,023,,INFO@SISM.COM.MX,WWW.SERVICIOSINDUSTRIALESSMIGUEL.COM,Fijo,19.08697133,-98.2010119,2010-07,True,True,False,False,True,True,True,False,False,False,False,True,REVISAR,REVISAR
8182261,21114812210016521100000000U4,STAR LAVANDERIA Y TINTORERIA,,812210,Lavanderías y tintorerías,0 a 5 personas,CALLE,JOSE MARIA LAFRAGUA,PRIVADA,NINGUNO,CALLE,NINGUNO,CALLE,LIRIO,,SN,,,,,BARRIO,SANTA CLARA LA VENTA,,,,72595,21,PUEBLA,114,Puebla,0001,Heroica Puebla de Zaragoza,2902,075,2229065118,,,Fijo,18.96784344,-98.19947751,2019-11,True,True,False,False,True,True,False,False,False,False,False,True,REVISAR,REVISAR
6861846,21074812210000364001000000U3,STONE LAV,STONE LAV,812210,Lavanderías y tintorerías,51 a 100 personas,CALLE,SAUCE,CALLE,CIPRÉS,CALLE,AHUEHUETES,CALLE,NINGUNO,5,,,,,,PUEBLO,SANTA ANA XAMIMILULCO,,,,74169,21,PUEBLA,074,Huejotzingo,0029,Santa Ana Xalmimilulco,0203,033,,SEC.CONTABILIDAD@HOTMAIL.COM,,Fijo,19.21707716,-98.37347932,2019-04,True,True,False,True,True,False,False,False,False,False,False,True,INCLUIR,SI
10451408,21074812210000861000000000U8,STONE LAV,STON LAV,812210,Lavanderías y tintorerías,0 a 5 personas,CALLE,SAUCE,CALLE,CIPRES,CALLE,AHUEHUETES,CALLE,MELCHOR OCAMPO,6,,,,,,COLONIA,GUADALUPE,,,,74169,21,PUEBLA,074,Huejotzingo,0029,Santa Ana Xalmimilulco,0203,053,,ADMINISTRACION1@STONELAV.COM,,Fijo,19.21703648,-98.37353551,2024-11,True,True,False,True,True,False,False,False,False,False,False,True,INCLUIR,SI
7852477,21114812210015901000000000U9,SUPER LAVANDERIA Y TINTORERIA EXPRESS DE PUEBLA,,812210,Lavanderías y tintorerías,0 a 5 personas,AVENIDA,35 PONIENTE,CALLE,3 SUR,AVENIDA,33 PONIENTE,CALLE,16 DE SEPTIEMBRE,140,,,,,,COLONIA,CHULA VISTA,,,,72420,21,PUEBLA,114,Puebla,0001,Heroica Puebla de Zaragoza,3737,025,2221212262,,,Fijo,19.03192076,-98.2078209,2019-11,True,True,False,False,True,True,False,False,False,False,False,True,REVISAR,REVISAR
7742634,21041812210000551000000000U4,SUPRA LAVANDERIA Y TINTORERIA,,812210,Lavanderías y tintorerías,0 a 5 personas,AVENIDA,TLAXCALA,CALLE,SAN LORENZO,CALLE,SAN JUAN,CALLE,SAN LORENZO,56,,,,,,BARRIO,DEL ALTO,,,,72700,21,PUEBLA,041,Cuautlancingo,0001,San Juan Cuautlancingo,0109,073,,,,Fijo,19.09599677,-98.28327022,2019-11,True,True,False,False,True,True,False,False,False,False,False,True,REVISAR,REVISAR
3521338,21114812210000901000000000U6,TINTORERIA,,812210,Lavanderías y tintorerías,0 a 5 personas,CALLE,5 SUR,AVENIDA,107 PONIENTE,CALLE,107 A PONIENTE,PRIVADA,3 A SUR,10703,,,,3,,COLONIA,LOMA ENCANTADA,,,,72474,21,PUEBLA,114,Puebla,0001,Heroica Puebla de Zaragoza,4684,018,2222709895,,,Fijo,18.99109345,-98.23144153,2010-07,True,True,False,False,True,False,False,False,False,False,False,True,REVISAR,REVISAR
3252980,21114812210006751000000000U9,TINTORERIA ALEX,,812210,Lavanderías y tintorerías,0 a 5 personas,PROLONGACION,PROLONGACION DE LA 9 NORTE,AVENIDA,102 PONIENTE,CALLE,NINGUNO,AVENIDA,102 PONIENTE,,SN,,,,,COLONIA,VILLA FRONTERA,,,,72200,21,PUEBLA,114,Puebla,0001,Heroica Puebla de Zaragoza,5803,037,2222882335,,,Fijo,19.08497932,-98.1828345,2010-07,True,True,False,False,True,False,False,False,False,False,False,True,REVISAR,REVISAR
3265607,21132812210000311000000000U0,TINTORERIA AMERICAN,,812210,Lavanderías y tintorerías,0 a 5 personas,CALLE,INDEPENDENCIA NORTE,AVENIDA,BENITO JUAREZ PONIENTE,AVENIDA,PROFESOR FLORENCIO ESPINOSA PONIENTE,CALLE,ZARAGOZA NORTE,7,A,,,,,COLONIA,CENTRO,,,,74000,21,PUEBLA,132,San Martín Texmelucan,0001,San Martín Texmelucan de Labastida,0054,016,2481092608,,,Fijo,19.28357671,-98.4350736,2010-07,True,True,False,False,True,False,False,False,False,False,False,True,REVISAR,REVISAR
8423254,21140812210001081000000000U1,TINTORERIA AMERICAN,,812210,Lavanderías y tintorerías,0 a 5 personas,CALLE,5 NORTE,AVENIDA,8 PONIENTE,AVENIDA,10 PONIENTE,CALLE,7 NORTE,809,,,,,,BARRIO,SAN JUAN CALVARIO,,,,72760,21,PUEBLA,140,San Pedro Cholula,0001,Cholula de Rivadavia,0499,015,,,,Fijo,19.06676008,-98.30829476,2019-11,True,True,False,False,True,False,False,False,False,False,False,True,REVISAR,REVISAR
3267098,21132812210000201000000000U3,TINTORERIA AMERICAN,,812210,Lavanderías y tintorerías,0 a 5 personas,AVENIDA,BENITO JUAREZ ORIENTE,CALLE,FRANCISCO I. MADERO SUR,CALLE,JOSEFA ORTIZ DE DOMINGUEZ NORTE,CALLE,JOSE MARIA MORELOS ORIENTE,404,,,,,,COLONIA,DOMINGO ARENAS,,,,74050,21,PUEBLA,132,San Martín Texmelucan,0001,San Martín Texmelucan de Labastida,0054,022,,,,Fijo,19.28245622,-98.43121592,2010-07,True,True,False,False,True,False,False,False,False,False,False,True,REVISAR,REVISAR
8187196,21114812210018481000000000U9,TINTORERIA ANGELES,,812210,Lavanderías y tintorerías,0 a 5 personas,CALLE,JARDINES DE SANTIAGO,PRIVADA,SAN JOSE,CALLE,SAN MARTIN,PROLONGACION,DE LA 18 SUR,33,A,,,,,COLONIA,GRANJAS SAN ISIDRO,,,,72587,21,PUEBLA,114,Puebla,0001,Heroica Puebla de Zaragoza,4580,016,,,,Fijo,18.98245193,-98.20803155,2019-11,True,True,False,False,True,False,False,False,False,False,False,True,REVISAR,REVISAR
3363166,21114812210009361000000000U4,TINTORERIA ANGY,,812210,Lavanderías y tintorerías,0 a 5 personas,CALLE,CAPITAN JOSE LUIS RODRIGUEZ ALCONEDO,AVENIDA,VICENTE GUERRERO,AVENIDA,GENERAL JOSE RAZO CAMANO,CALLE,CORONEL EMILIO RODRIGUEZ,6,B,,,0,B,COLONIA,HEROES DE PUEBLA,,,,72520,21,PUEBLA,114,Puebla,0001,Heroica Puebla de Zaragoza,0728,034,2213258394,CARITOCORTES76@GMAIL.COM,,Fijo,19.0197441,-98.18126883,2014-12,True,True,False,False,True,False,False,False,False,False,False,True,REVISAR,REVISAR
8703951,21114812210013641000000000U3,TINTORERIA AQUA PLIUS,,812210,Lavanderías y tintorerías,0 a 5 personas,AVENIDA,AVENIDA DE LOS EDUCADORES,CALLE,JOSE MARIA LAFRAGUA,CALLE,ROSAURA ZAPATA,AVENIDA,AVENIDA DE LOS DRAMATURGOS,5652,2,,,,,COLONIA,SATELITE,,,,72320,21,PUEBLA,114,Puebla,0001,Heroica Puebla de Zaragoza,2419,036,,,,Fijo,19.04455736,-98.14754095,2019-11,True,True,False,False,True,False,False,False,False,False,False,True,REVISAR,REVISAR
3521618,21114812210002831000000000U3,TINTORERIA ARBOLEDAS,,812210,Lavanderías y tintorerías,0 a 5 personas,CALLE,5 SUR,AVENIDA,105 PONIENTE,CALLE,103 PONIENTE,PRIVADA,DE LA 3 SUR,10326,,,,,,COLONIA,ARBOLEDAS DE LOMA BELLA,,,,72474,21,PUEBLA,114,Puebla,0001,Heroica Puebla de Zaragoza,467A,013,2221576201,ARBOLEDASGO@HOTMAIL.COM,,Fijo,18.99280571,-98.23042928,2010-07,True,True,False,False,True,False,False,False,False,False,False,True,REVISAR,REVISAR
3438524,21114812210003221000000000U6,TINTORERIA ARIES,,812210,Lavanderías y tintorerías,0 a 5 personas,CALLE,JESUS CASTILLO SOSA,CALLE,ENRIQUE GARCIA CARRETO,CALLE,FELICIANO MARTINEZ,CALLE,ENRIQUE GARCIA CARRETO,,SN,,1,,,UNIDAD HABITACIONAL,MANUEL RIVERA ANAYA,MERCADO PUBLICO,UNION DE COMERCIANTES MANUEL RIVERA ANAYA AC,57,72309,21,PUEBLA,114,Puebla,0001,Heroica Puebla de Zaragoza,2372,015,2221097890,,,Fijo,19.05733266,-98.14626719,2010-07,True,True,False,False,True,False,False,False,False,False,False,True,REVISAR,REVISAR
3257309,21114812210003771000000000U0,TINTORERIA AZUL,,812210,Lavanderías y tintorerías,0 a 5 personas,AVENIDA,FRANCISCO SARABIA,CALLE,VENUSTIANO CARRANZA,CALLE,FRANCISCO VILLA,PRIVADA,IGNACIO ZARAGOZA,1015,2,,,,,COLONIA,ADOLFO LOPEZ MATEOS,,,,72240,21,PUEBLA,114,Puebla,0001,Heroica Puebla de Zaragoza,353A,012,2225762601,,,Fijo,19.06574039,-98.18023257,2010-07,True,True,False,False,True,False,False,False,False,False,False,True,REVISAR,REVISAR
3471982,21114812210002821000000000U4,TINTORERIA BLANQUITA,,812210,Lavanderías y tintorerías,0 a 5 personas,CALLE,CAMINO REAL A TLAXCALA,CALLE,IGNACIO COMONFORT,CALLE,AQUILES SERDAN,PRIVADA,PRIVADA IGNACIO COMONFORT,6,,,,,,COLONIA,SAN JERONIMO CALERAS,,,,72100,21,PUEBLA,114,Puebla,0001,Heroica Puebla de Zaragoza,3309,025,,,,Fijo,19.09258781,-98.2131005,2010-07,True,True,False,False,True,False,False,False,False,False,False,True,REVISAR,REVISAR
9887325,21053812210000311000000000U8,TINTORERIA BLU DRY,,812210,Lavanderías y tintorerías,0 a 5 personas,CALLE,FRANCISCO I MADERO,CALLE,CUARTA CALLE DE OSORNO,CALLE,PRIMERA CALLE DE EMILIANO ZAPATA,CALLE,CALLE DE JESUS MERINO,,SN,,,,,BARRIO,TOLTEMPAN,,,,73300,21,PUEBLA,053,Chignahuapan,0001,Ciudad de Chignahuapan,028A,004,2221113399,,,Fijo,19.83607298,-98.0348564,2024-11,True,True,False,False,True,False,False,False,False,False,False,True,REVISAR,REVISAR
9509416,21119812210002001000000000U2,TINTORERIA BONILLA,TINTORERIA BONILLA,812210,Lavanderías y tintorerías,0 a 5 personas,CALLE,EL MOLINITO,CALLE,CEBADA,CALLE,RAMON IBARRA Y GONZALEZ,BOULEVARD,MUNICIPIIO LIBRE,,SN,,,,,COLONIA,EMILIANO ZAPATA,,,,72824,21,PUEBLA,119,San Andrés Cholula,0013,San Bernardino Tlaxcalancingo,0457,026,2227750411,,,Fijo,19.03257154,-98.25595372,2024-11,True,True,False,False,True,False,False,False,False,False,False,True,REVISAR,REVISAR
3338223,21119812210000861000000000U1,TINTORERIA BRITANICA,TINTORERIA BRITANICA,812210,Lavanderías y tintorerías,0 a 5 personas,BOULEVARD,LOMAS NORTE,BOULEVARD,LOMAS NORTE,CALLE,NINGUNO,CALLE,PASEO DEL ARAGON,5500,,,1,,,FRACCIONAMIENTO,VALLE REAL,CENTRO Y PLAZA COMERCIAL,PLAZA PABELLON LOMAS,103,72830,21,PUEBLA,119,San Andrés Cholula,0013,San Bernardino Tlaxcalancingo,0508,035,,,,Fijo,19.00375728,-98.26712771,2014-12,True,True,False,False,True,False,False,False,False,False,False,True,REVISAR,REVISAR
9693185,21015812210000551000000000U8,TINTORERIA BURBUJAS,,812210,Lavanderías y tintorerías,0 a 5 personas,PRIVADA,INDEPENDENCIA,PRIVADA,CUAUHTEMOC,CARRETERA,FEDERAL PUEBLA-TEHUACAN,CARRETERA,FEDERAL PUEBLA-TEHUACAN,,SN,,,,,COLONIA,AZTECA,,,,72310,21,PUEBLA,015,Amozoc,0001,Amozoc de Mota,0452,059,,,,Fijo,19.0449291,-98.12452344,2024-11,True,True,False,False,True,False,False,False,False,False,False,True,REVISAR,REVISAR
3320639,21180812210000021000000000U4,TINTORERIA CALCETAS OSLO,,812210,Lavanderías y tintorerías,0 a 5 personas,CALLE,GUERRERO,AVENIDA,PUEBLA,CALLE,CAMPECHE,CALLE,BAJA CALIFORNIA,,SN,,,,,LOCALIDAD,SAN RAFAEL IXTAPALUCAN,,,,74100,21,PUEBLA,180,Tlahuapan,0015,San Rafael Ixtapalucan,0189,025,2484820381,CALCETERAOSLO@YAHOO.COM.MX,,Fijo,19.29282178,-98.56131862,2014-12,True,True,False,False,True,False,False,False,False,False,False,True,REVISAR,REVISAR
3250995,21114812210000801100000000U8,TINTORERIA CARDAMI,,812210,Lavanderías y tintorerías,0 a 5 personas,CALLE,FRANCISCO I MADERO,CALLE,FRANCISCO I. MADERO,CALLE,JUSTINO SANCHEZ,CALLE,LOS PINOS,94,,,,,,COLONIA,SAN PABLO XOCHIMIHUACAN,,,,72014,21,PUEBLA,114,Puebla,0001,Heroica Puebla de Zaragoza,435A,005,,,,Fijo,19.09492671,-98.19739425,2010-07,True,True,False,False,True,False,False,False,False,False,False,True,REVISAR,REVISAR
3444753,21114812210012881000000000U6,TINTORERIA CARINA,,812210,Lavanderías y tintorerías,0 a 5 personas,AVENIDA,14 ORIENTE,CALLE,24 NORTE,PRIVADA,RANCHO DE LA ROSA,PROLONGACION,20 ORIENTE,2210,B,,,,,COLONIA,BARRIO DE LOS REMEDIOS,,,,72377,21,PUEBLA,114,Puebla,0001,Heroica Puebla de Zaragoza,0431,023,2223877231,,,Fijo,19.04313513,-98.18170426,2010-07,True,True,False,False,True,False,False,False,False,False,False,True,REVISAR,REVISAR
8181942,21114812210016491000000000U0,TINTORERIA CARINA,,812210,Lavanderías y tintorerías,0 a 5 personas,CALLE,32 NORTE,AVENIDA,2 ORIENTE,CALLE,MANUEL AVILA CAMACHO,CALLE,34 NORTE,8,A,,,,,COLONIA,SANTA BARBARA,,,,72380,21,PUEBLA,114,Puebla,0001,Heroica Puebla de Zaragoza,3845,010,,,,Fijo,19.03417817,-98.1778337,2019-11,True,True,False,False,True,False,False,False,False,False,False,True,REVISAR,REVISAR
3505854,21053812210000011000000000U4,TINTORERIA CASTILLA,,812210,Lavanderías y tintorerías,0 a 5 personas,CALLE,PRIMERA CALLE DE ALDAMA,CALLE,TERCERA CALLE DE MIGUEL HIDALGO,CALLE,TERCERA CALLE DE JUAN CRISOSTOMO BONILLA,CALLE,HIDALGO,,SN,,,,,COLONIA,CENTRO,,,,73300,21,PUEBLA,053,Chignahuapan,0001,Ciudad de Chignahuapan,0275,017,,,,Fijo,19.8375459,-98.02971835,2010-07,True,True,False,False,True,False,False,False,False,False,False,True,REVISAR,REVISAR
3439528,21140812210000041000000000U6,TINTORERIA CLAUDIA,,812210,Lavanderías y tintorerías,0 a 5 personas,CALLE,RIO SABINAS NORTE,CALLE,LAGUNA DE CARMEN,AVENIDA,LAGO DE PATZCUARO PONIENTE,CALLE,RIO SUCHIATE,202,,,,,,COLONIA,MANANTIALES,,,,72760,21,PUEBLA,140,San Pedro Cholula,0014,Santiago Momoxpan,0446,003,2222002705,,,Fijo,19.08113243,-98.28081054,2010-07,True,True,False,False,True,False,False,False,False,False,False,True,REVISAR,REVISAR
3434878,21119812210000471000000000U9,TINTORERIA CLEAN & FIX,,812210,Lavanderías y tintorerías,0 a 5 personas,AVENIDA,5 DE MAYO,CALLE,CIRCUITO,AVENIDA,14 ORIENTE,CALLE,CIRCUITO,1410,4,,,,,BARRIO,SAN JUAN AQUIAHUAC,,,,72810,21,PUEBLA,119,San Andrés Cholula,0001,San Andrés Cholula,0090,002,,,,Fijo,19.05751122,-98.29617605,2010-07,True,True,False,False,True,False,False,False,False,False,False,True,REVISAR,REVISAR
3256188,21114812210003121000000000U8,TINTORERIA COLUMBUS,,812210,Lavanderías y tintorerías,0 a 5 personas,AVENIDA,68 PONIENTE,CALLE,7 NORTE,CALLE,9 NORTE,AVENIDA,66 PONIENTE,701,,,,,,COLONIA,GUADALUPE VICTORIA,,,,72230,21,PUEBLA,114,Puebla,0001,Heroica Puebla de Zaragoza,3525,030,,,,Fijo,19.07213458,-98.1885285,2010-07,True,True,False,False,True,False,False,False,False,False,False,True,REVISAR,REVISAR
3445609,21114812210003801000000000U5,TINTORERIA COSMOS,,812210,Lavanderías y tintorerías,0 a 5 personas,AVENIDA,AVENIDA DE LOS EDUCADORES,CALLE,PLAZUELA DEL ALTO,CALLE,PLAZUELA DE ANALCO,CALLE,NINGUNO,5811,B,,,,,COLONIA,PLAZAS AMALUCAN,,,,72310,21,PUEBLA,114,Puebla,0001,Heroica Puebla de Zaragoza,5273,019,,,,Fijo,19.04436523,-98.14615555,2010-07,True,True,False,False,True,False,False,False,False,False,False,True,REVISAR,REVISAR
3420530,21114812210005121000000000U6,TINTORERIA DE PIEL BOHORQUEZ,,812210,Lavanderías y tintorerías,0 a 5 personas,BOULEVARD,14 SUR,CIRCUITO,JUAN PABLO II,AVENIDA,SAN MANUEL,CALLE,RIO YAQUI,5319,,,,,,FRACCIONAMIENTO,JARDINES DE SAN MANUEL,,,,72570,21,PUEBLA,114,Puebla,0001,Heroica Puebla de Zaragoza,0802,026,2228492042,,,Fijo,19.01613235,-98.20157192,2010-07,True,True,False,False,True,False,False,False,False,False,False,True,REVISAR,REVISAR
3520701,21114812210003911000000000U2,TINTORERIA DEL ANGEL,,812210,Lavanderías y tintorerías,0 a 5 personas,CALLE,TAMAULIPAS,AVENIDA,105 PONIENTE,CALLE,NINGUNO,CALLE,TABASCO,10502,B,,,,,COLONIA,POPULAR COATEPEC,,,,72470,21,PUEBLA,114,Puebla,0001,Heroica Puebla de Zaragoza,4133,023,2222944174,,,Fijo,18.99669298,-98.23839064,2010-07,True,True,False,False,True,False,False,False,False,False,False,True,REVISAR,REVISAR
10228561,21114812210021331000000000U1,TINTORERIA DEL ANGEL,,812210,Lavanderías y tintorerías,0 a 5 personas,CALLE,TAMAULIPAS,AVENIDA,105 PONIENTE,CALLE,NINGUNO,CALLE,TABASCO,10512,,,,,,COLONIA,POPULAR COATEPEC,,,,72470,21,PUEBLA,114,Puebla,0001,Heroica Puebla de Zaragoza,4133,023,2225507297,,,Fijo,18.99630816,-98.23863662,2024-11,True,True,False,False,True,False,False,False,False,False,False,True,REVISAR,REVISAR
3256677,21114812210009491000000000U9,TINTORERIA DISA CL.EAN,,812210,Lavanderías y tintorerías,0 a 5 personas,CALLE,VALLADOLID,AVENIDA,MORELOS,CALLE,FRANCISCO JAVIER MINA,CALLE,31 DE JULIO,32,,,,,,COLONIA,TEPEYAC,,,,72210,21,PUEBLA,114,Puebla,0001,Heroica Puebla de Zaragoza,4307,019,2228200189,,,Fijo,19.07087581,-98.17830282,2010-07,True,True,False,False,True,False,False,False,False,False,False,True,REVISAR,REVISAR
3368278,21114812210003871000000000U8,TINTORERIA DLHORETT,,812210,Lavanderías y tintorerías,0 a 5 personas,CALLE,16 DE SEPTIEMBRE,CALLE,CIPRES,AVENIDA,CONSTITUCION,CALLE,3 SUR,,SN,,,,,COLONIA,VISTA HERMOSA SUR,,,,72470,21,PUEBLA,114,Puebla,0001,Heroica Puebla de Zaragoza,3864,008,2228912359,,,Fijo,19.00573231,-98.22021011,2010-07,True,True,False,False,True,False,False,False,False,False,False,True,REVISAR,REVISAR
9314079,21114812210018941000000000U2,TINTORERIA DRY & CLEAN,,812210,Lavanderías y tintorerías,0 a 5 personas,CALLE,JADE,AVENIDA,SAN FELIPE,CERRADA,RANCHO COLORADO,CERRADA,RANCHO COLORADO,3902,,,1,,,COLONIA,ZONA CEMENTOS ATOYAC,CENTRO Y PLAZA COMERCIAL,PLAZA RANCHO COLORADO,O,72023,21,PUEBLA,114,Puebla,0001,Heroica Puebla de Zaragoza,3402,005,,,,Fijo,19.07422628,-98.21850739,2020-11,True,True,False,False,True,False,False,False,False,False,False,True,REVISAR,REVISAR
3462840,21114812210006311000000000U2,TINTORERIA DRY CLEAN,,812210,Lavanderías y tintorerías,0 a 5 personas,CALLE,SEGUNDA DE BENITO JUAREZ,PRIVADA,SANTA ELENA,AVENIDA,TEHUACAN,CALLE,IGNACIO ALLENDE,6320,,,,,,COLONIA,VICENTE GUERRERO,,,,72470,21,PUEBLA,114,Puebla,0001,Heroica Puebla de Zaragoza,385A,002,,,,Fijo,19.00987387,-98.22760569,2010-07,True,True,False,False,True,False,False,False,False,False,False,True,REVISAR,REVISAR
8544909,21114812210014611000000000U5,TINTORERIA DRY CLEAN,,812210,Lavanderías y tintorerías,0 a 5 personas,CALZADA,ZAVALETA,CALLE,NINGUNO,PRIVADA,NINGUNO,CALLE,CUMBRES,2519,,,1,,,COLONIA,SANTA CRUZ BUENAVISTA,CENTRO Y PLAZA COMERCIAL,PLAZAREALZAVALETA,D,72125,21,PUEBLA,114,Puebla,0001,Heroica Puebla de Zaragoza,3065,007,,,,Fijo,19.0528528,-98.24941944,2019-11,True,True,False,False,True,False,False,False,False,False,False,True,REVISAR,REVISAR
8776415,21114812210015071000000000U1,TINTORERIA DRY CLEAR,,812210,Lavanderías y tintorerías,0 a 5 personas,AVENIDA,ADOLFO LOPEZ MATEOS,AVENIDA,MIGUEL HIDALGO,CALLE,RADAMES TREVIÑO,AVENIDA,MIGUEL HIDALGO,,SN,,,,,COLONIA,UNIDAD MAGISTERIAL MEXICO 68,,,,72300,21,PUEBLA,114,Puebla,0001,Heroica Puebla de Zaragoza,2279,029,,,,Fijo,19.05241207,-98.16093101,2019-11,True,True,False,False,True,False,False,False,False,False,False,True,REVISAR,REVISAR
3421713,21114812210008472001000000U0,TINTORERIA DURAN,,812210,Lavanderías y tintorerías,6 a 10 personas,AVENIDA,29 ORIENTE,CALLE,SEGUNDA CALLE DEL CADETE V. SUAREZ,CALLE,SEGUNDA CALLE DE CARMEN SERDAN,AVENIDA,25 ORIENTE,1610,D,,,,,COLONIA,BELLA VISTA,,,,72500,21,PUEBLA,114,Puebla,0001,Heroica Puebla de Zaragoza,0696,013,2222404218,,,Fijo,19.02804766,-98.1942398,2010-07,True,True,False,False,True,False,False,False,False,False,False,True,REVISAR,REVISAR
3420687,21114812210004581000000000U2,TINTORERIA DURAN,,812210,Lavanderías y tintorerías,0 a 5 personas,CALLE,RIO PAPAGAYO,BOULEVARD,CIRCUNVALACION,AVENIDA,SAN CLAUDIO,CALLE,RIO NEXAPA,6153,,,,,,COLONIA,JARDINES DE SAN MANUEL,,,,72570,21,PUEBLA,114,Puebla,0001,Heroica Puebla de Zaragoza,2635,009,2228934019,,TINTORERIASDURAN.COM,Fijo,19.00185741,-98.1940311,2010-07,True,True,False,False,True,False,False,False,False,False,False,True,REVISAR,REVISAR
3362595,21114812210013132002000000U3,TINTORERIA DURAN,,812210,Lavanderías y tintorerías,6 a 10 personas,CALLE,16 DE SEPTIEMBRE,AVENIDA,21 ORIENTE,PRIVADA,NUEVO LEON,CALLE,2 SUR,1914,,,,0,A,COLONIA,EL CARMEN,,,,72530,21,PUEBLA,114,Puebla,0001,Heroica Puebla de Zaragoza,3760,029,,TINTORERIADURAN@GMAIL.COM,,Fijo,19.03708062,-98.20280947,2014-12,True,True,False,False,True,False,False,False,False,False,False,True,REVISAR,REVISAR
3358662,21114812210010811100000000U5,TINTORERIA ECOCLEANERS,,812210,Lavanderías y tintorerías,0 a 5 personas,CALLE,INSURGENTES,PRIVADA,TERCERA DE INSURGENTES,PRIVADA,MONTE ALBAN,PRIVADA,INSURGENTES,,SN,,,,,COLONIA,LA LOMA,,,,72150,21,PUEBLA,114,Puebla,0001,Heroica Puebla de Zaragoza,3065,029,2216570783,ECOCLINERS@OUTLOOK.ES,,Fijo,19.05538256,-98.25115131,2014-12,True,True,False,False,True,False,False,False,False,False,False,True,REVISAR,REVISAR
10367842,21119812210001851000000000U1,TINTORERIA EL MECATE,,812210,Lavanderías y tintorerías,0 a 5 personas,CALLE,POLUX ORIENTE,CALLE,CHABACANOS,CALLE,ORION NORTE,PRIVADA,ROBLE,,SN,,,,,COLONIA,EMILIANO ZAPATA,,,,72842,21,PUEBLA,119,San Andrés Cholula,0013,San Bernardino Tlaxcalancingo,0419,023,2228670670,,,Fijo,19.02903428,-98.2592039,2024-11,True,True,False,False,True,False,False,False,False,False,False,True,REVISAR,REVISAR
3456244,21114812210006781000000000U6,TINTORERIA EXPRESS,,812210,Lavanderías y tintorerías,0 a 5 personas,CALLE,CALLE DEL FRESNO,ANDADOR,CAMELIA,ANDADOR,DALIA,PRIVADA,NINGUNO,,SN,,,,,COLONIA,RANCHO COLORADO,,,,72040,21,PUEBLA,114,Puebla,0001,Heroica Puebla de Zaragoza,339A,015,2227582201,,,Fijo,19.07770776,-98.21709242,2010-07,True,True,False,False,True,False,False,False,False,False,False,True,REVISAR,REVISAR
3430861,21119812210000111000000000U1,TINTORERIA EXPRESS,,812210,Lavanderías y tintorerías,0 a 5 personas,CARRETERA,PUEBLA,CALLE,ACATLAN,CALLE,TEPEACA,CALLE,EL VERDE,16,C,,,,,LOCALIDAD,SAN FRANCISCO ACATEPEC,,,,72845,21,PUEBLA,119,San Andrés Cholula,0001,San Andrés Cholula,0086,050,2228440861,,,Fijo,19.02329067,-98.30624331,2010-07,True,True,False,False,True,False,False,False,False,False,False,True,REVISAR,REVISAR
3442601,21114812210004681000000000U0,TINTORERIA FAIRA,,812210,Lavanderías y tintorerías,0 a 5 personas,AVENIDA,AVENIDA DE LAS TORRES,CALLE,ESPINO,AVENIDA,AVENIDA DEL ROBLE,AVENIDA,AVENIDA DEL ROBLE,14,,,,,,COLONIA,INFONAVIT AMALUCAN,,,,72310,21,PUEBLA,114,Puebla,0001,Heroica Puebla de Zaragoza,2387,028,,,,Fijo,19.04941765,-98.14699606,2010-07,True,True,False,False,True,False,False,False,False,False,False,True,REVISAR,REVISAR
3449350,21140812210000221000000000U4,TINTORERIA FENIX,,812210,Lavanderías y tintorerías,0 a 5 personas,AVENIDA,2 PONIENTE,CALLE,9 NORTE,CALLE,7 NORTE,AVENIDA,MIGUEL HIDALGO,729,A,,,,,BARRIO,SAN JUAN CALVARIO,,,,72764,21,PUEBLA,140,San Pedro Cholula,0001,Cholula de Rivadavia,0056,023,2214211765,,,Fijo,19.06539489,-98.31263745,2010-07,True,True,False,False,True,False,False,False,False,False,False,True,REVISAR,REVISAR
3439853,21114812210004441000000000U9,TINTORERIA GALAXS CLEANER,,812210,Lavanderías y tintorerías,0 a 5 personas,CALLE,16 A,BOULEVARD,ATEMPAN,CALLE,IXTEPEC,CALLE,15 A,33,B,,,,,COLONIA,BOSQUES DE AMALUCAN,,,,72310,21,PUEBLA,114,Puebla,0001,Heroica Puebla de Zaragoza,2828,035,,,,Fijo,19.05355604,-98.1292814,2010-07,True,True,False,False,True,False,False,False,False,False,False,True,REVISAR,REVISAR
3367017,21114812210008751000000000U7,TINTORERIA GANCHITOS,,812210,Lavanderías y tintorerías,0 a 5 personas,CALLE,5 B SUR,AVENIDA,57 PONIENTE,PRIVADA,57 A PONIENTE,CALLE,5 B SUR,5702,,,,,,COLONIA,VILLA ENCANTADA,,,,72440,21,PUEBLA,114,Puebla,0001,Heroica Puebla de Zaragoza,5305,032,2222456424,,,Fijo,19.02022815,-98.21791442,2014-12,True,True,False,False,True,False,False,False,False,False,False,True,REVISAR,REVISAR
11140298,21114812210019691000000000U2,TINTORERIA GARCIA,,812210,Lavanderías y tintorerías,0 a 5 personas,CALLE,16 SUR,CALLE,115 B ORIENTE,CALLE,117 ORIENTE,CALLE,18 SUR,1526,2,,,,,FRACCIONAMIENTO,LOS HEROES PUEBLA 2,,,,72580,21,PUEBLA,114,Puebla,0001,Heroica Puebla de Zaragoza,6356,002,2229594474,,,Fijo,18.97088461,-98.2162714,2024-11,True,True,False,False,True,False,False,False,False,False,False,True,REVISAR,REVISAR
3436350,21114812210008572001000000U7,TINTORERIA GBM,,812210,Lavanderías y tintorerías,0 a 5 personas,CALZADA,ZAVALETA,PRIVADA,LA CONCEPCION ZAVALETA,PRIVADA,CALZADA DEL ACUEDUCTO,PRIVADA,49 A PONIENTE,4906,,,1,,,FRACCIONAMIENTO,ESTRELLAS DEL SUR,CENTRO Y PLAZA COMERCIAL,LA BELLA PIAZZA,2 Y 3,72190,21,PUEBLA,114,Puebla,0001,Heroica Puebla de Zaragoza,4612,010,,FER_ALQUISIRRA@LIVE.COM.MX,,Fijo,19.04375563,-98.24981142,2010-07,True,True,False,False,True,False,False,False,False,False,False,True,REVISAR,REVISAR
10720177,21114812210019861000000000U1,TINTORERIA GELA,,812210,Lavanderías y tintorerías,0 a 5 personas,AVENIDA,18 ORIENTE,CALLE,36 NORTE,CALLE,34 NORTE,AVENIDA,20 ORIENTE,3410,A,,,,,COLONIA,CRISTOBAL COLON,,,,72330,21,PUEBLA,114,Puebla,0001,Heroica Puebla de Zaragoza,0520,022,,,,Fijo,19.04574496,-98.17056289,2024-11,True,True,False,False,True,False,False,False,False,False,False,True,REVISAR,REVISAR
11269789,21114812210020161000000000U3,TINTORERIA GOTITAS,,812210,Lavanderías y tintorerías,0 a 5 personas,AVENIDA,27 SUR,CALLE,PIRUL,AVENIDA,141 PONIENTE,CALLE,29 SUR,14111,,,1,,,FRACCIONAMIENTO,HACIENDA SANTA CLARA,CENTRO Y PLAZA COMERCIAL,SANTA CLARA,7,72493,21,PUEBLA,114,Puebla,0001,Heroica Puebla de Zaragoza,645A,029,,,,Fijo,18.9814371,-98.27370886,2024-11,True,True,False,False,True,False,False,False,False,False,False,True,REVISAR,REVISAR
7597545,21114812210017131000000000U1,TINTORERIA GUILLE MAR,,812210,Lavanderías y tintorerías,0 a 5 personas,CALLE,7 NORTE,AVENIDA,38 PONIENTE,CALLE,NINGUNO,CALLE,5 NORTE,3802,,,,,,COLONIA,SANTA MARIA,,,,72080,21,PUEBLA,114,Puebla,0001,Heroica Puebla de Zaragoza,3578,003,2226000395,,,Fijo,19.06142151,-98.19452737,2019-11,True,True,False,False,True,False,False,False,False,False,False,True,REVISAR,REVISAR
3257362,21114812210011901000000000U3,TINTORERIA H & M,,812210,Lavanderías y tintorerías,0 a 5 personas,AVENIDA,BATALLONES DE ZACAPOAXTLA,CALLE,GENERAL MIGUEL AUZA,CALLE,GENERAL IGNACIO MEJIA,CALLE,GENERAL IGNACIO ALATORRE,3,,,,,,FRACCIONAMIENTO,LOMAS DE LORETO,,,,72260,21,PUEBLA,114,Puebla,0001,Heroica Puebla de Zaragoza,3563,036,2222664843,,,Fijo,19.06161385,-98.1817439,2010-07,True,True,False,False,True,False,False,False,False,False,False,True,REVISAR,REVISAR
8271825,21074812210000401000000000U3,TINTORERIA HIGIENICA,,812210,Lavanderías y tintorerías,0 a 5 personas,AVENIDA,12 DE OCTUBRE,CALLE,AYALA,CALLE,REFORMA,CALLE,20 DE NOVIEMBRE,,SN,,,,,BARRIO,TERCER,,,,74160,21,PUEBLA,074,Huejotzingo,0001,Huejotzingo,0044,014,2225540544,,,Fijo,19.16117536,-98.41133705,2019-11,True,True,False,False,True,False,False,False,False,False,False,True,REVISAR,REVISAR
8811230,21114812210016011000000000U6,TINTORERIA HYH,TINTORERIA HYH,812210,Lavanderías y tintorerías,0 a 5 personas,AVENIDA,SAUL COLOMBRES,OTRO(ESPECIFIQUE),SIN REFERENCIA,CALLE,CARMEN SERDAN,OTRO(ESPECIFIQUE),,63,,,,,,COLONIA,JOAQUIN COLOMBRES,,,,72300,21,PUEBLA,114,Puebla,0001,Heroica Puebla de Zaragoza,0450,026,,,,Fijo,19.05261703,-98.1542272,2019-11,True,True,False,False,True,False,False,False,False,False,False,True,REVISAR,REVISAR
8307253,21114812210014371000000000U6,TINTORERIA INDUSLAP,,812210,Lavanderías y tintorerías,0 a 5 personas,CALLE,MANUEL JOSE OTHON,CALLE,IGNACIO MANUEL ALTAMIRANO,CALLE,ANTONIO CASO,AVENIDA,AVENIDA DE LOS DRAMATURGOS,5817,,,,,,COLONIA,SATELITE,,,,72320,21,PUEBLA,114,Puebla,0001,Heroica Puebla de Zaragoza,2419,033,,,,Fijo,19.04738632,-98.14849877,2019-11,True,True,False,False,True,False,False,False,False,False,False,True,REVISAR,REVISAR
8307836,21114812210014431000000000U8,TINTORERIA JARDIN,TINTORERIA JARDIN,812210,Lavanderías y tintorerías,0 a 5 personas,AVENIDA,FILOMENO ESCAMILLA,CALLE,PABLO PEREZ,CALLE,MIGUEL LOPEZ PEREZ,AVENIDA,FILOMENO ESCAMILLA,8,,,,,,UNIDAD HABITACIONAL,MANUEL RIVERA ANAYA,,,,72309,21,PUEBLA,114,Puebla,0001,Heroica Puebla de Zaragoza,2368,033,2221901880,,,Fijo,19.05580642,-98.14842465,2019-11,True,True,False,False,True,False,False,False,False,False,False,True,REVISAR,REVISAR
3447867,21140812210000201000000000U6,TINTORERIA JERUSALEN,,812210,Lavanderías y tintorerías,0 a 5 personas,CALLE,4 PONIENTE,CALLE,7 NORTE,CALLE,9 NORTE,AVENIDA,6 PONIENTE,722,8,,,,,CIUDAD,SAN JUAN CALVARIO,,,,72764,21,PUEBLA,140,San Pedro Cholula,0001,Cholula de Rivadavia,0516,004,2228786145,,,Fijo,19.06598885,-98.31165816,2010-07,True,True,False,False,True,False,False,False,False,False,False,True,REVISAR,REVISAR
8325410,21114812210017901000000000U7,TINTORERIA JESSY,,812210,Lavanderías y tintorerías,0 a 5 personas,CALLE,PRIMERO DE NOVIEMBRE,CALLE,FRESNO,CALLE,MARIA,CALLE,FRESNO,,SN,,,,,COLONIA,PARAISO,,,,72350,21,PUEBLA,114,Puebla,0001,Heroica Puebla de Zaragoza,677A,006,2227330784,,,Fijo,19.03824321,-98.12533958,2019-11,True,True,False,False,True,False,False,False,False,False,False,True,REVISAR,REVISAR
3279016,21114812210007551000000000U2,TINTORERIA JJ,,812210,Lavanderías y tintorerías,0 a 5 personas,CALLE,DIAGONAL 19 PONIENTE,CALLE,29 SUR,AVENIDA,29 PONIENTE,AVENIDA,29 PONIENTE,2711,C,,,,,COLONIA,SANTA MARIA LOS ANGER,,,,72400,21,PUEBLA,114,Puebla,0001,Heroica Puebla de Zaragoza,2495,002,2228688964,,,Fijo,19.04469856,-98.22657707,2010-07,True,True,False,False,True,False,False,False,False,False,False,True,REVISAR,REVISAR
3344740,21114812210011091000000000U3,TINTORERIA JL,,812210,Lavanderías y tintorerías,0 a 5 personas,CALLE,OLMO,AVENIDA,BOSQUE DE MANZANILLA,AVENIDA,CAMINO REAL A MANZANILLA,CALLE,PERA,5032,A,,,,,COLONIA,BOSQUES DE MANZANILLA,,,,72307,21,PUEBLA,114,Puebla,0001,Heroica Puebla de Zaragoza,442A,019,,,,Fijo,19.06859634,-98.14506632,2014-12,True,True,False,False,True,False,False,False,False,False,False,True,REVISAR,REVISAR
3339508,21119465311001511010000000U7,TINTORERIA JULYYS,,812210,Lavanderías y tintorerías,0 a 5 personas,CALLE,GENERAL JUAN MUJICA Y OSORIO,CALLE,GENERAL GUADALUPE VICTORIA,CALLE,DOCTOR RAFAEL MORENO VALLE,CALLE,GENERAL JUAN CRISOSTOMO BONILLA,,SN,,,,,COLONIA,GOBERNADORES,,,,72810,21,PUEBLA,119,San Andrés Cholula,0013,San Bernardino Tlaxcalancingo,0419,020,2251251116,,,Fijo,19.02649367,-98.26335606,2014-12,True,True,False,False,True,False,False,False,False,False,False,True,REVISAR,REVISAR
3374057,21114812210011301000000000U6,TINTORERIA JUQUILITA,,812210,Lavanderías y tintorerías,0 a 5 personas,ANDADOR,PLAZA F M 10,AVENIDA,117 PONIENTE,AVENIDA,119 PONIENTE,AVENIDA,119 PONIENTE,902,,,1,72,,UNIDAD HABITACIONAL,AGUA SANTA,MERCADO PUBLICO,MERCADO AGUA SANTA,SN,72490,21,PUEBLA,114,Puebla,0001,Heroica Puebla de Zaragoza,4171,001,2211109648,,,Fijo,18.98742444,-98.24567227,2014-12,True,True,False,False,True,False,False,False,False,False,False,True,REVISAR,REVISAR
3362048,21114812210011751100000000U2,TINTORERIA JUST N CLEAN UP,,812210,Lavanderías y tintorerías,0 a 5 personas,CALLE,18 SUR,AVENIDA,15 ORIENTE,AVENIDA,13 ORIENTE,CALLE,20 SUR,1302,,,,,,COLONIA,AZCARATE,,,,72501,21,PUEBLA,114,Puebla,0001,Heroica Puebla de Zaragoza,3775,004,,,,Fijo,19.03370503,-98.18971679,2014-12,True,True,False,False,True,False,False,False,False,False,False,True,REVISAR,REVISAR
3463124,21114812210000911000000000U5,TINTORERIA JYJ,,812210,Lavanderías y tintorerías,0 a 5 personas,AVENIDA,LAS MARGARITAS,CALLE,IGNACIO ZARAGOZA,CALLE,SEGUNDA DE BENITO JUAREZ,CALLE,IGNACIO ZARAGOZA,706,1,,,,,COLONIA,EL PATRIMONIO,,,,72450,21,PUEBLA,114,Puebla,0001,Heroica Puebla de Zaragoza,086A,040,2228682248,,,Fijo,19.01591749,-98.22393547,2010-07,True,True,False,False,True,False,False,False,False,False,False,True,REVISAR,REVISAR
3520961,21114812210001711000000000U8,TINTORERIA JYJ,,812210,Lavanderías y tintorerías,0 a 5 personas,RETORNO,CUARTO RETORNO 5 B SUR,ANDADOR,PLAZA DEL RECUERDO,AVENIDA,109 PONIENTE,RETORNO,CUARTO RETORNO 5 C SUR,,SN,,,,,CONJUNTO HABITACIONAL,LOMA BELLA,,,,72490,21,PUEBLA,114,Puebla,0001,Heroica Puebla de Zaragoza,4082,005,2228920737,,,Fijo,18.99190281,-98.23556117,2010-07,True,True,False,False,True,False,False,False,False,False,False,True,REVISAR,REVISAR
7547517,21114812210015731100000000U0,TINTORERIA KARINA,,812210,Lavanderías y tintorerías,0 a 5 personas,PRIVADA,112 ORIENTE,CALLE,ORQUIDEA,CALLE,GLADIOLA,PRIVADA,110 PONIENTE,549,,,,,,COLONIA,REAL DE GUADALUPE,,,,72016,21,PUEBLA,114,Puebla,0001,Heroica Puebla de Zaragoza,6144,005,2225294927,,,Fijo,19.09108921,-98.17788372,2019-11,True,True,False,False,True,False,False,False,False,False,False,True,REVISAR,REVISAR
3472046,21114812110010521000000000U2,TINTORERIA KROY,,812210,Lavanderías y tintorerías,0 a 5 personas,AVENIDA,FRANCISCO VILLA,CALLE,AYUNTAMIENTO,CALLE,NINGUNO,CALLE,3 NORTE,177,4,,,,,COLONIA,FRANCISCO VILLA,,,,72020,21,PUEBLA,114,Puebla,0001,Heroica Puebla de Zaragoza,4294,010,2229229271,,,Fijo,19.0894118,-98.22440432,2010-07,True,True,False,False,True,False,False,False,False,False,False,True,REVISAR,REVISAR
11492108,21114812210022681000000000U8,TINTORERIA LA FE DE VENEMEX,,812210,Lavanderías y tintorerías,0 a 5 personas,AVENIDA,NACIONAL,AVENIDA,20 DE NOVIEMBRE,CERRADA,TECAMACHALCO,PRIVADA,NINGUNO,6506,,,,,,COLONIA,VICENTE GUERRERO,,,,72470,21,PUEBLA,114,Puebla,0001,Heroica Puebla de Zaragoza,385A,014,2212037843,,,Fijo,19.00894163,-98.23100176,2024-11,True,True,False,False,True,False,False,False,False,False,False,True,REVISAR,REVISAR
3314471,21015311812000521020000000U0,TINTORERIA LA MERCED,,812210,Lavanderías y tintorerías,0 a 5 personas,PRIVADA,INDEPENDENCIA,PRIVADA,CUAUHTEMOC,CARRETERA,FEDERAL PUEBLA-TEHUACAN,CALLE,AZTECA,,SN,,,,,COLONIA,AZTECA,,,,72310,21,PUEBLA,015,Amozoc,0001,Amozoc de Mota,0452,059,,,,Fijo,19.04505517,-98.12482446,2014-12,True,True,False,False,True,False,False,False,False,False,False,True,REVISAR,REVISAR
3257496,21114812210006111000000000U6,TINTORERIA LA MERCED,,812210,Lavanderías y tintorerías,0 a 5 personas,AVENIDA,ACUEDUCTO,CALLE,NINGUNO,CALLE,CALLE DE LA ROSA,AVENIDA,LEOBARDO COCA,32,,,,,,COLONIA,MOVIMIENTO OBRER,,,,72260,21,PUEBLA,114,Puebla,0001,Heroica Puebla de Zaragoza,2264,031,2211009022,,,Fijo,19.060695,-98.17087013,2010-07,True,True,False,False,True,False,False,False,False,False,False,True,REVISAR,REVISAR
10207099,21114812210020641000000000U4,TINTORERIA LA MERCED,,812210,Lavanderías y tintorerías,0 a 5 personas,AVENIDA,AVENIDA DE LOS MARTIRES,PRIVADA,5 DE FEBRERO,CALLE,5 DE FEBRERO,CALLE,VENUSTIANO CARRANZA,138,,,,,,COLONIA,VISTA HERMOSA ALAMOS,,,,72320,21,PUEBLA,114,Puebla,0001,Heroica Puebla de Zaragoza,3648,033,2228966718,,,Fijo,19.03967754,-98.14922188,2024-11,True,True,False,False,True,False,False,False,False,False,False,True,REVISAR,REVISAR
3465030,21136812210000031000000000U5,TINTORERIA LA PRIMERA,,812210,Lavanderías y tintorerías,0 a 5 personas,AVENIDA,CORREGIDORA,CALLE,AMADO NERVO,AVENIDA,JESUS CARRANZA,CALLE,NINGUNO,52,,,,,,LOCALIDAD,XOXTLA,,,,72028,21,PUEBLA,136,San Miguel Xoxtla,0001,San Miguel Xoxtla,0049,021,2228189768,,,Fijo,19.17146834,-98.30631287,2010-07,True,True,False,False,True,False,False,False,False,False,False,True,REVISAR,REVISAR
8950764,21114812210015201000000000U4,TINTORERIA LAS HADAS,,812210,Lavanderías y tintorerías,0 a 5 personas,AVENIDA,23 NORTE,CALLE,36 PONIENTE,CALLE,34 PONIENTE,CALLE,25 NORTE,3405,1,,,,,COLONIA,LAS CUARTILLAS,,,,72050,21,PUEBLA,114,Puebla,0001,Heroica Puebla de Zaragoza,0126,041,2227210545,DAF-NEW1932@LIVE.COM,,Fijo,19.06712168,-98.20609796,2019-11,True,True,False,False,True,False,False,False,False,False,False,True,REVISAR,REVISAR
3342184,21114812210012061000000000U5,TINTORERIA LAS HIUERTAS,,812210,Lavanderías y tintorerías,0 a 5 personas,AVENIDA,AVENIDA DE LAS HUERTAS,PRIVADA,NINGUNO,CERRADA,CERRADA DE LOS PINOS,PRIVADA,NINGUNO,16,B,,,,,COLONIA,SAN PABLO XOCHIMEHUACAN,,,,72014,21,PUEBLA,114,Puebla,0001,Heroica Puebla de Zaragoza,257A,003,2211828164,,,Fijo,19.09013346,-98.20240775,2014-12,True,True,False,False,True,False,False,False,False,False,False,True,REVISAR,REVISAR
3358748,21114812210008772001000000U3,TINTORERIA LAV O TRONIK,TEPSD,812210,Lavanderías y tintorerías,0 a 5 personas,AVENIDA,LATERAL DE LA RECTA,CALLE,Meztli,CALLE,Ninguno,CALLE,Getsemani,3502,,,,,,COLONIA,FRACC QUETZALLI,,,,72810,21,PUEBLA,114,Puebla,0001,Heroica Puebla de Zaragoza,3050,003,2222432809,LAVOTRONIKTINTORERIAS@GMAIL.CO,,Fijo,19.05947639,-98.27573737,2014-12,True,True,False,False,True,False,False,False,False,False,False,True,REVISAR,REVISAR
3421504,21114812210008612001000000U1,TINTORERIA LAV O TRONIK,TEPSP,812210,Lavanderías y tintorerías,0 a 5 personas,CALLE,14 SUR,AVENIDA,25 ORIENTE,AVENIDA,29 ORIENTE,CALLE,PRIMERA CALLE DE ESTEBAN DE ANTUÑANO,2507,,,,,,COLONIA,BELLA VISTA,,,,72500,21,PUEBLA,114,Puebla,0001,Heroica Puebla de Zaragoza,0696,018,,LAVOTRONIKTINTORERIAS@GMAIL.COM,WWW.LAVATRONIK.COM,Fijo,19.03063457,-98.19576868,2010-07,True,True,False,False,True,False,False,False,False,False,False,True,REVISAR,REVISAR
7597078,21114812210017061000000000U0,TINTORERIA LAVANDERIA CLEAN CLOTES,,812210,Lavanderías y tintorerías,0 a 5 personas,CALLE,15 NORTE,AVENIDA,50 PONIENTE,CALLE,48 PONIENTE,CALLE,13 NORTE,4808,A,,,,,COLONIA,SANTA MARIA,,,,72080,21,PUEBLA,114,Puebla,0001,Heroica Puebla de Zaragoza,0130,028,2222521177,,,Fijo,19.06836494,-98.19643219,2019-11,True,True,False,False,True,True,False,False,False,False,False,True,REVISAR,REVISAR
9077417,21114812210018701000000000U0,TINTORERIA LAVANDERIA ECO AGUA,,812210,Lavanderías y tintorerías,0 a 5 personas,CALLE,MIXTECA,CALLE,BONAMPAK,CALLE,MAYA NORTE,CALLE,MIXTECA,4,B,,,,,COLONIA,BELLO HORIZONTE,,,,72735,21,PUEBLA,114,Puebla,0001,Heroica Puebla de Zaragoza,5983,035,2211829546,,,Fijo,19.05393204,-98.26853306,2019-11,True,True,False,False,True,True,False,False,False,False,False,True,REVISAR,REVISAR
11815686,21114812210022841000000000U8,TINTORERIA LAVANDERIA Y PLANCHADURIA DRY CLEANER,,812210,Lavanderías y tintorerías,0 a 5 personas,CALLE,HOMBRES ILUSTRES,CALLE,Constitución,CALLE,Primera de Mayo,CALLE,20 de Noviembre,,SN,,,,,COLONIA,IGNACIO ROMERO VARGAS,,,,72120,21,PUEBLA,114,Puebla,0001,Heroica Puebla de Zaragoza,4788,010,,,,Fijo,19.07417756,-98.24360655,2025-04,True,True,False,False,True,True,False,False,False,False,False,True,REVISAR,REVISAR
3275671,21114812210008401001000000U9,TINTORERIA LAV-O-TRONIC,TEPSP,812210,Lavanderías y tintorerías,0 a 5 personas,CALLE,VIA VOLKSWAGEN,CALLE,49 SUR,CALLE,NINGUNO,CALLE,5 PONIENTE,4514,,,,,,COLONIA,LA PAZ,,,,72160,21,PUEBLA,114,Puebla,0001,Heroica Puebla de Zaragoza,2508,016,,LAVATRONIKTINTORERIAS@GMAIL.COM,,Fijo,19.05967276,-98.23406016,2013-07,True,True,False,False,True,False,False,False,False,False,False,True,REVISAR,REVISAR
3275670,21114812210008632002000000U9,TINTORERIA LAVOTRONIK,TEPSP,812210,Lavanderías y tintorerías,6 a 10 personas,CALLE,CALZADA IGNACIO ZARAGOZA,CALLE,NINGUNO,CALLE,NINGUNO,CALLE,NINGUNO,266,,,1,25,A,COLONIA,LOS PINOS,CENTRO Y PLAZA COMERCIAL,PLAZA LORETO,25 AL 27,72210,21,PUEBLA,114,Puebla,0001,Heroica Puebla de Zaragoza,3563,024,2222432809,,WWW.LAVOTRONIK.COM,Fijo,19.06612055,-98.17767272,2010-07,True,True,False,False,True,False,False,False,False,False,False,True,REVISAR,REVISAR
9554223,21114812210021661000000000U1,TINTORERIA LAVOTRONIK,TESP,812210,Lavanderías y tintorerías,0 a 5 personas,CALLE,LUNA,CALLE,SAN DIEGO,CALLE,NINGUNO,CALLE,NINGUNO,420,,,,,,COLONIA,SANTA LUCIA,,,,72499,21,PUEBLA,114,Puebla,0001,Heroica Puebla de Zaragoza,5678,044,,LAVOTRONIKTINTORERIAS@GMAIL.COM,,Fijo,18.96869813,-98.23069726,2024-11,True,True,False,False,True,False,False,False,False,False,False,True,REVISAR,REVISAR
8869455,21114812210015111000000000U5,TINTORERIA LAV-O-TRONIK,TEPSP,812210,Lavanderías y tintorerías,0 a 5 personas,BOULEVARD,NORTE,AVENIDA,CARLOS GONZALEZ,AVENIDA,15 DE MAYO,CALLE,ITALIA,2210,,PLAZA SAN PEDRO,1,,,COLONIA,LAS HADAS,CENTRO Y PLAZA COMERCIAL,PLAZA SAN PEDRO,11,72070,21,PUEBLA,114,Puebla,0001,Heroica Puebla de Zaragoza,4222,007,,LAVOTRONIKTINTORERIAS@GMAIL.COM,,Fijo,19.06594388,-98.21286969,2019-11,True,True,False,False,True,False,False,False,False,False,False,True,REVISAR,REVISAR
3462426,21114812210008371001000000U4,TINTORERIA LAV-O-TRONIK,TEPSP,812210,Lavanderías y tintorerías,0 a 5 personas,BOULEVARD,CARLOS CAMACHO ESPIRITU,AVENIDA,JUAN PABLO II,CALLE,16 DE SEPTIEMBRE,CALLE,5 SUR,115,,,1,,,COLONIA,RESIDENCIAL BOULEVARES,CENTRO Y PLAZA COMERCIAL,PLAZA CRYSTAL,SN,72440,21,PUEBLA,114,Puebla,0001,Heroica Puebla de Zaragoza,0732,045,,LAVATRONICTINTORERIAS@GMAIL.COM,WWW.LAVATRONIK.COM,Fijo,19.02193038,-98.21232796,2010-07,True,True,False,False,True,False,False,False,False,False,False,True,REVISAR,REVISAR
3410303,21114812210008361001000000U5,TINTORERIA LAV-O-TRONIK,TESP,812210,Lavanderías y tintorerías,0 a 5 personas,AVENIDA,31 PONENTE MANUEL ESPINOSA YGLESIAS,CALLE,16 DE SEPTIEMBRE,CALLE,3 SUR,AVENIDA,29 PONIENTE,116,,,,,,COLONIA,CHULA VISTA,,,,72420,21,PUEBLA,114,Puebla,0001,Heroica Puebla de Zaragoza,3737,018,,LAVOTRONIKTINTORERIAS@GMAIL.COM,WWW.LAVOTRONIK.COM,Fijo,19.03318845,-98.20638573,2010-07,True,True,False,False,True,False,False,False,False,False,False,True,REVISAR,REVISAR
3347801,21114812210008932001000000U3,TINTORERIA LAV-O-TRONIK,TEPSP,812210,Lavanderías y tintorerías,0 a 5 personas,BOULEVARD,NORTE,AVENIDA,CARLOS GONZALEZ,AVENIDA,15 DE MAYO,CALLE,ITALIA,2210,,,1,,,COLONIA,LAS HADAS,CENTRO Y PLAZA COMERCIAL,PLAZA SAN PEDRO,10 Y 11,72070,21,PUEBLA,114,Puebla,0001,Heroica Puebla de Zaragoza,4222,007,,LAVOTRONIKTINTORERIAS@GMAIL.COM,,Fijo,19.06594388,-98.21286969,2014-12,True,True,False,False,True,False,False,False,False,False,False,True,REVISAR,REVISAR
3274187,21114812210008311001000000U0,TINTORERIA LAV-O-TRONIK,TEPSP,812210,Lavanderías y tintorerías,0 a 5 personas,AVENIDA,39 PONIENTE,CALLE,5 SUR,PRIVADA,3 B SUR,AVENIDA,39 PONIENTE,,SN,,,,,COLONIA,GABRIEL PASTOR SECCION 1,,,,72534,21,PUEBLA,114,Puebla,0001,Heroica Puebla de Zaragoza,0662,015,,LAVOTRONIKTINTORERIAS@GMAIL.COM,WWW.LAVOTRONIK.COM,Fijo,19.03113366,-98.21008199,2012-06,True,True,False,False,True,False,False,False,False,False,False,True,REVISAR,REVISAR
3459824,21114812210008251000000000U8,TINTORERIA LAV-O-TRONIK,TINTORERIA ELECTRONICA PLAZA SAN PEDRO TEPSP,812210,Lavanderías y tintorerías,0 a 5 personas,AVENIDA,10 PONIENTE,CALLE,29 A NORTE,CALLE,29 NORTE,CALLE,DIAGONAL 10 PONIENTE,2902,,,,,,COLONIA,VILLA SAN ALEJANDRO,,,,72090,21,PUEBLA,114,Puebla,0001,Heroica Puebla de Zaragoza,2283,001,,LAVATRONIKTINTORERIAS@GMAIL.COM,,Fijo,19.05899197,-98.21715564,2010-07,True,True,False,False,True,False,False,False,False,False,False,True,REVISAR,REVISAR
3444839,21114812210000931100000000U5,TINTORERIA LEO,TINTORERIA,812210,Lavanderías y tintorerías,0 a 5 personas,CIRCUITO,PLAZA CENTRAL,AVENIDA,111 PONIENTE,CALLE,NINGUNO,RETORNO,OCTAVO RETORNO 3 C SUR,,SN,,,5,,OTRO,LOMA BELLA,,,,72490,21,PUEBLA,114,Puebla,0001,Heroica Puebla de Zaragoza,4059,031,2222789895,,,Fijo,18.98866734,-98.23513626,2010-07,True,True,False,False,True,False,False,False,False,False,False,True,REVISAR,REVISAR
8776413,21114812210015061000000000U2,TINTORERIA LEON,,812210,Lavanderías y tintorerías,0 a 5 personas,CALLE,FUTBOL,PROLONGACION,DEFENSORES DE LA REPUBLICA,AVENIDA,ADOLFO LOPEZ MATEOS,CALLE,GIMNASIA,,SN,,,,,COLONIA,VILLA VERDE,,,,72300,21,PUEBLA,114,Puebla,0001,Heroica Puebla de Zaragoza,2279,027,2221953547,,,Fijo,19.05331524,-98.16127052,2019-11,True,True,False,False,True,False,False,False,False,False,False,True,REVISAR,REVISAR
9601409,21114812210020511000000000U9,TINTORERIA LEON,,812210,Lavanderías y tintorerías,0 a 5 personas,CALLE,AVENIDA GRANATE,CALLE,AMBAR,CALLE,AVENIDA TOPACIO,CALLE,AMBAR,3902,,,,,,COLONIA,VILLA POSADAS,,,,72060,21,PUEBLA,114,Puebla,0001,Heroica Puebla de Zaragoza,4773,014,2212050603,,,Fijo,19.07075886,-98.21958406,2024-11,True,True,False,False,True,False,False,False,False,False,False,True,REVISAR,REVISAR
7852543,21114812210015911000000000U8,TINTORERIA LETY,,812210,Lavanderías y tintorerías,0 a 5 personas,CALLE,5 SUR,AVENIDA,33 PONIENTE,AVENIDA,31 PONIENTE,PRIVADA,PRIVADA DE LA 3 SUR,3110,,,,,,COLONIA,CHULA VISTA,,,,72420,21,PUEBLA,114,Puebla,0001,Heroica Puebla de Zaragoza,3737,024,,,,Fijo,19.03363798,-98.20883477,2019-11,True,True,False,False,True,False,False,False,False,False,False,True,REVISAR,REVISAR
3355820,21114812210003281000000000U0,TINTORERIA LIDIA,,812210,Lavanderías y tintorerías,0 a 5 personas,CALLE,7 E,CALLE,NINGUNO,BOULEVARD,PUEBLA,ANDADOR,PLAZA RAFAEL MORANTE,66,M,,,0,SN,COLONIA,BOSQUES DE SAN SEBASTIAN,,,,72310,21,PUEBLA,114,Puebla,0001,Heroica Puebla de Zaragoza,4472,002,2215593785,,,Fijo,19.06336795,-98.12748751,2014-12,True,True,False,False,True,False,False,False,False,False,False,True,REVISAR,REVISAR
3427228,21074812210000141000000000U5,TINTORERIA LIZ,,812210,Lavanderías y tintorerías,0 a 5 personas,CALLE,PORFIRIO DIAZ,CALLE,PALMA,CALLE,VENUSTIANO CARRANZA,CALLE,IXTACUIXTLA SUR,30,,,,,,COLONIA,CENTRO,,,,74169,21,PUEBLA,074,Huejotzingo,0029,Santa Ana Xalmimilulco,0025,002,,,,Fijo,19.20766002,-98.38274798,2010-07,True,True,False,False,True,False,False,False,False,False,False,True,REVISAR,REVISAR
3427244,21074812210000131000000000U6,TINTORERIA LIZ,,812210,Lavanderías y tintorerías,0 a 5 personas,CALLE,VENUSTIANO CARRANZA,PRIVADA,NINGUNO,CALLE,NINGUNO,CALLE,SAN MANUEL,12,,,,,,COLONIA,CENTRO,,,,74169,21,PUEBLA,074,Huejotzingo,0029,Santa Ana Xalmimilulco,0025,016,,,,Fijo,19.20685794,-98.38143472,2010-07,True,True,False,False,True,False,False,False,False,False,False,True,REVISAR,REVISAR
8329145,21114812210015371000000000U5,TINTORERIA LOBDRY,,812210,Lavanderías y tintorerías,0 a 5 personas,CALLE,VENUSTIANO CARRANZA,CALLE,PROGRESO,CALLE,31 DE JULIO,CALLE,FRANCISCO JAVIER MINA,,SN,,,,,COLONIA,TEPEYAC,,,,72210,21,PUEBLA,114,Puebla,0001,Heroica Puebla de Zaragoza,4307,010,,,,Fijo,19.070742,-98.17619346,2019-11,True,True,False,False,True,False,False,False,False,False,False,True,REVISAR,REVISAR
3463306,21114812210007121000000000U4,TINTORERIA LOHER,,812210,Lavanderías y tintorerías,0 a 5 personas,CALLE,INDEPENDENCIA,PRIVADA,NINGUNO,CALLE,ALDAMA,CALLE,JOSE MARIA MORELOS Y PAVON,6188,,,,,,COLONIA,EL PATRIMONIO,,,,72450,21,PUEBLA,114,Puebla,0001,Heroica Puebla de Zaragoza,2423,004,,,,Fijo,19.01048288,-98.22371126,2010-07,True,True,False,False,True,False,False,False,False,False,False,True,REVISAR,REVISAR
3334985,21140812210000901000000000U1,TINTORERIA LOS ANGELES,,812210,Lavanderías y tintorerías,0 a 5 personas,AVENIDA,8 ORIENTE,AVENIDA,FORJADORES DE PUEBLA,CALLE,6 NORTE,AVENIDA,6 ORIENTE,412,,,,,,COLONIA,CENTRO,,,,72760,21,PUEBLA,140,San Pedro Cholula,0001,Cholula de Rivadavia,0520,006,,,,Fijo,19.06330909,-98.30194831,2014-12,True,True,False,False,True,False,False,False,False,False,False,True,REVISAR,REVISAR
3462599,21114812210007881000000000U3,TINTORERIA LOS ANGELES,,812210,Lavanderías y tintorerías,0 a 5 personas,CALLE,INDEPENDENCIA,AVENIDA,CRISTOBAL HIDALGO,PRIVADA,INDEPENDENCIA,AVENIDA,CRISTOBAL HIDALGO,5905,,,,,,COLONIA,LOS ANGELES MAYORAZGO,,,,72440,21,PUEBLA,114,Puebla,0001,Heroica Puebla de Zaragoza,5305,011,2223077158,,,Fijo,19.01946519,-98.21989869,2010-07,True,True,False,False,True,False,False,False,False,False,False,True,REVISAR,REVISAR
3419622,21074812210000061000000000U5,TINTORERIA LUCY,,812210,Lavanderías y tintorerías,0 a 5 personas,AVENIDA,CUAUHTEMOC,CALLE,JUSTO SIERRA,CALLE,JUAN DE DIOS PEZA,AVENIDA,EL CARMEN,,SN,,,,,LOCALIDAD,HUEJOTZINGO,,,,74160,21,PUEBLA,074,Huejotzingo,0001,Huejotzingo,0063,018,2271190172,,,Fijo,19.15379417,-98.40422707,2010-07,True,True,False,False,True,False,False,False,False,False,False,True,REVISAR,REVISAR
3314267,21015812210000121100000000U0,TINTORERIA LUPITA,,812210,Lavanderías y tintorerías,0 a 5 personas,AVENIDA,JUAN PABLO II,CALLE,VIRGEN NATIVIDAD,CALLE,SANTA TERESITA,CALLE,JUQUILA,,SN,,,,,COLONIA,SANTA MARGARITA,,,,72310,21,PUEBLA,114,Puebla,0001,Heroica Puebla de Zaragoza,6799,010,2227760986,,,Fijo,19.05212353,-98.12146098,2014-12,True,True,False,False,True,False,False,False,False,False,False,True,REVISAR,REVISAR
8272142,21132812210000901000000000U8,TINTORERIA M Y M,,812210,Lavanderías y tintorerías,0 a 5 personas,CALLE,PICO DE ORIZABA SUR,CALLE,RAFAEL AVILA CAMACHO,CALLE,POPOCATEPETL,CALLE,PARICUTIN SUR,27,,,,,,COLONIA,LINDA VISTA,,,,74070,21,PUEBLA,132,San Martín Texmelucan,0001,San Martín Texmelucan de Labastida,004A,034,2481403509,,,Fijo,19.28265166,-98.44269236,2019-11,True,True,False,False,True,False,False,False,False,False,False,True,REVISAR,REVISAR
3254048,21114812210006411000000000U0,TINTORERIA MADRID,,812210,Lavanderías y tintorerías,0 a 5 personas,AVENIDA,ADOLFO LOPEZ MATEOS,CALLE,GUSTAVO DIAZ ORDAZ,CALLE,BENITO JUAREZ,CALLE,ALVARO OBREGON,60,,,,,,COLONIA,SAN PEDRO,,,,72210,21,PUEBLA,114,Puebla,0001,Heroica Puebla de Zaragoza,3351,014,2222224058,,,Fijo,19.07405235,-98.17355395,2010-07,True,True,False,False,True,False,False,False,False,False,False,True,REVISAR,REVISAR
10036672,21114812210020541000000000U6,TINTORERIA MANAMI,,812210,Lavanderías y tintorerías,0 a 5 personas,AVENIDA,15 DE MAYO,CALLE,37 B NORTE,AVENIDA,SAN FELIPE,CALLE,16 PONIENTE,3729,,,1,,,COLONIA,VILLA POSADAS,CENTRO Y PLAZA COMERCIAL,PLAZA D D,2,72060,21,PUEBLA,114,Puebla,0001,Heroica Puebla de Zaragoza,4203,028,2221528590,NSARQUIZ0812@GMAIL.COM,,Fijo,19.06913986,-98.2193967,2024-11,True,True,False,False,True,False,False,False,False,False,False,True,REVISAR,REVISAR
3269310,21163812210000011000000000U1,TINTORERIA MARTINEZ,,812210,Lavanderías y tintorerías,0 a 5 personas,CALLE,2 PONIENTE,CALLE,2 PONIENTE,CALLE,2 PONIENTE,CALLE,4 PONIENTE,311,,,,,,SECCION,PRIMERA,,,,75100,21,PUEBLA,163,Tepatlaxco de Hidalgo,0001,Tepatlaxco de Hidalgo,0135,014,,,,Fijo,19.08089094,-97.97436912,2010-07,True,True,False,False,True,False,False,False,False,False,False,True,REVISAR,REVISAR
10279585,21114812210021151000000000U3,TINTORERIA MARY FER,,812210,Lavanderías y tintorerías,0 a 5 personas,CALLE,ROMA,AVENIDA,CRISTOBAL COLON,AVENIDA,MIGUEL ALEMAN,CALLE,SAN JUAN,,SN,,,,,COLONIA,SANTA MARIA XONACATEPEC,,,,72229,21,PUEBLA,114,Puebla,0218,Santa María Xonacatepec,6233,017,,,,Fijo,19.08501324,-98.10675422,2024-11,True,True,False,False,True,False,False,False,False,False,False,True,REVISAR,REVISAR
3458854,21114812210006001000000000U9,TINTORERIA MAX,OPERADORA ZAYSE,812210,Lavanderías y tintorerías,0 a 5 personas,AVENIDA,REFORMA,AVENIDA,AARON MERINO FERNANDEZ,CALLE,CHAPULCO,AVENIDA,REFORMA SUR,3117,,,5,,,COLONIA,LA PAZ,CENTRO Y PLAZA COMERCIAL,SUPERMERCADO WALMART,10,72160,21,PUEBLA,114,Puebla,0001,Heroica Puebla de Zaragoza,0361,020,2212276600,MAX.ZAYSE@GMAIL.COM,WWW.TINTORERIAMAXOFICIAL.COM,Fijo,19.0580339,-98.22304011,2010-07,True,True,False,False,True,False,False,False,False,False,False,True,REVISAR,REVISAR
3271820,21114812210008271000000000U6,TINTORERIA MAX,OPERADORA ZAYSE,812210,Lavanderías y tintorerías,0 a 5 personas,CIRCUITO,CIRCUITO JUAN PABLO II,DIAGONAL,IGNACIO ZARAGOZA,CALLE,RIO VERDE,CALLE,18 SUR,5120,,,17,,,COLONIA,VILLA CARMEL,CENTRO Y PLAZA COMERCIAL,PLAZA SOLE,G,72560,21,PUEBLA,114,Puebla,0001,Heroica Puebla de Zaragoza,1406,027,1222646977,MAX.ZAYSE@GMAIL.COM,WWW.TINTORERIAMAXOFICIAL,Fijo,19.01581407,-98.19822765,2012-06,True,True,False,False,True,False,False,False,False,False,False,True,REVISAR,REVISAR
3271819,21114812210008321000000000U9,TINTORERIA MAX,OPERADORA ZAYSE,812210,Lavanderías y tintorerías,0 a 5 personas,PRIVADA,NINGUNO,CIRCUITO,JUAN PABLO II,CIRCUITO,JUAN PABLO II,CALLE,29 SUR,0,SN,,17,2907,I Y I,COLONIA,NUEVO AMANECER,EDIFICIO COMERCIAL Y DE SERVICIOS,PLAZA EXPRESS,I,72400,21,PUEBLA,114,Puebla,0001,Heroica Puebla de Zaragoza,2476,026,,MAX.ZAYSE@GMAIL.COM,,Fijo,19.04043049,-98.22884533,2012-06,True,True,False,False,True,False,False,False,False,False,False,True,REVISAR,REVISAR
3413318,21114812210004931000000000U9,TINTORERIA MAXWIN,,812210,Lavanderías y tintorerías,0 a 5 personas,AVENIDA,FRANCISCO I MADERO,CALLE,SEGUNDA PRIVADA PLAN DE GUADALUPE,CALLE,PLAN DE GUADALUPE,BOULEVARD,PROLONGACION AVENIDA 43 ORIENTE,438,2,,,2,,COLONIA,SAN BALTAZAR CAMPECHE,,,,72550,21,PUEBLA,114,Puebla,0001,Heroica Puebla de Zaragoza,1393,032,2223797506,,,Fijo,19.0252678,-98.20451117,2010-07,True,True,False,False,True,False,False,False,False,False,False,True,REVISAR,REVISAR
9748693,21114812210022271000000000U8,TINTORERIA MAY,,812210,Lavanderías y tintorerías,0 a 5 personas,BOULEVARD,CARLOS CAMACHO ESPIRITU,CALLE,5 NORTE,OTRO(ESPECIFIQUE),NINGUNO,OTRO(ESPECIFIQUE),NINGUNO,,SN,,,,,BARRIO,SANTA CATARINA,,,,72595,21,PUEBLA,114,Puebla,0001,Heroica Puebla de Zaragoza,4275,002,,,,Fijo,18.96990753,-98.18715291,2024-11,True,True,False,False,True,False,False,False,False,False,False,True,REVISAR,REVISAR
3452740,21140812210000141000000000U4,TINTORERIA MEXICANA,,812210,Lavanderías y tintorerías,0 a 5 personas,AVENIDA,FORJADORES DE PUEBLA,OTRO(ESPECIFIQUE),ARROYO,PROLONGACION,6 NORTE,PROLONGACION,6 NORTE,601,,,1,,,COLONIA,SANTIAGO MIXQUITLA,CENTRO Y PLAZA COMERCIAL,PLAZA YELINA,2,72760,21,PUEBLA,140,San Pedro Cholula,0001,Cholula de Rivadavia,0380,022,,,,Fijo,19.07521163,-98.2934509,2010-07,True,True,False,False,True,False,False,False,False,False,False,True,REVISAR,REVISAR
3461283,21114812210011361000000000U0,TINTORERIA MEXICANA,,812210,Lavanderías y tintorerías,0 a 5 personas,AVENIDA,GENERAL IGNACIO ZARAGOZA,CALLE,5 DE MAYO,CALLE,GENERAL JOAQUIN COLOMBRES,AVENIDA,MAXIMO SERDAN,33,6,,,,,COLONIA,HEROES DE PUEBLA,,,,72520,21,PUEBLA,114,Puebla,0001,Heroica Puebla de Zaragoza,0728,019,2241637520,,,Fijo,19.02616704,-98.17957732,2010-07,True,True,False,False,True,False,False,False,False,False,False,True,REVISAR,REVISAR
10845140,21114812210021611000000000U6,TINTORERIA MISTERTINTO,TINTORERIA MISTERTINTO,812210,Lavanderías y tintorerías,0 a 5 personas,AVENIDA,UNIVERSIDAD AUTONOMA DE PUEBLA,AVENIDA,SAN FRANCISCO,AVENIDA,SAN IGNACIO,CALLE,RIO YAQUI,5713,,,,,,FRACCIONAMIENTO,JARDINES DE SAN MANUEL,,,,72570,21,PUEBLA,114,Puebla,0001,Heroica Puebla de Zaragoza,0802,001,,,,Fijo,19.0114941,-98.20303188,2024-11,True,True,False,False,True,False,False,False,False,False,False,True,REVISAR,REVISAR
3258497,21114812210006771000000000U7,TINTORERIA MJ,,812210,Lavanderías y tintorerías,0 a 5 personas,AVENIDA,22 ORIENTE,PRIVADA,6 NORTE,CALZADA,CALZADA DE LOS FUERTES,BOULEVARD,HEROES DEL 5 DE MAYO,1809,,,,,,BARRIO,XANENETLA,,,,72290,21,PUEBLA,114,Puebla,0001,Heroica Puebla de Zaragoza,2194,017,,,,Fijo,19.04942626,-98.18812476,2010-07,True,True,False,False,True,False,False,False,False,False,False,True,REVISAR,REVISAR
10793628,21114812210022291000000000U6,TINTORERIA MUNSI,,812210,Lavanderías y tintorerías,0 a 5 personas,BOULEVARD,MUNICIPIO LIBRE,PRIVADA,1RA. PRIVADA 6 SUR,CALLE,NINGUNO,CALLE,77 ORIENTE,626,,,,,,COLONIA,LOMA LINDA,,,,72477,21,PUEBLA,114,Puebla,0001,Heroica Puebla de Zaragoza,4608,021,2221859523,CORPORATIVOMUNSI@GMAIL.COM,WWW.ICORPORATIVOMUNSI.COM.MX,Fijo,18.99573169,-98.21689383,2024-11,True,True,False,False,True,False,False,False,False,False,False,True,REVISAR,REVISAR
10999669,21114812210021501000000000U9,TINTORERIA O BLACK,,812210,Lavanderías y tintorerías,0 a 5 personas,AVENIDA,GENERAL IGNACIO ZARAGOZA,CALLE,GENERAL FRANCISCO DE LA MADRID,CALLE,GENERAL SANTIAGO TAPIA,CALLE,CORONEL RAFAEL CRAVIOTO,47,2,,,,,COLONIA,HEROES DE PUEBLA,,,,72520,21,PUEBLA,114,Puebla,0001,Heroica Puebla de Zaragoza,3826,031,2212092535,,,Fijo,19.02366866,-98.18036213,2024-11,True,True,False,False,True,False,False,False,False,False,False,True,REVISAR,REVISAR
3434144,21119812210000431000000000U3,TINTORERIA OLIMPICA,,812210,Lavanderías y tintorerías,0 a 5 personas,AVENIDA,GENERAL EMILIANO ZAPATA,CALLE,CORONEL JUAN IXCOATL,CALLE,NINGUNO,AVENIDA,FRANCISCO I. MADERO,14,,,,,,COLONIA,EMILIANO ZAPATA,,,,72820,21,PUEBLA,119,San Andrés Cholula,0013,San Bernardino Tlaxcalancingo,0368,008,2225265408,,,Fijo,19.03562414,-98.26017432,2010-07,True,True,False,False,True,False,False,False,False,False,False,True,REVISAR,REVISAR
3333489,21140812210000991002000000U2,TINTORERIA ONE,,812210,Lavanderías y tintorerías,0 a 5 personas,CALLE,CAMINO A LA CARCAÑA,OTRO(ESPECIFIQUE),BARDA,PROLONGACION,CHOLULA,CALLE,CAMINO A LA CARCAÑA,2403,,,1,3,,FRACCIONAMIENTO,SANTIAGO MOMOXPAN,CENTRO Y PLAZA COMERCIAL,PLAZA GUADALUPE,102,72810,21,PUEBLA,140,San Pedro Cholula,0001,Cholula de Rivadavia,0319,114,2223523251,,,Fijo,19.06042529,-98.27575096,2014-12,True,True,False,False,True,False,False,False,False,False,False,True,REVISAR,REVISAR
7445228,21140812210001411100000000U0,TINTORERIA ONE CLEAN,,812210,Lavanderías y tintorerías,0 a 5 personas,CALLE,CAMINO REAL A CHOLULA MOMOXPAN,CALLE,NINGUNO,CALLE,NINGUNO,OTRO(ESPECIFIQUE),BARDA,1221,,,1,,,ZONA COMERCIAL,LOS ALMENDROS,CENTRO Y PLAZA COMERCIAL,PLAZA RESIDENCIAL LOS ALMENDROS,1,72775,21,PUEBLA,140,San Pedro Cholula,0001,Cholula de Rivadavia,0319,216,,,,Fijo,19.06740935,-98.28213567,2019-11,True,True,False,False,True,False,False,False,False,False,False,True,REVISAR,REVISAR
8800849,21114812210014681000000000U8,TINTORERIA ONE DRY CLEAN,,812210,Lavanderías y tintorerías,0 a 5 personas,CALLE,23 SUR,AVENIDA,31 PONIENTE,AVENIDA,33 PONIENTE,CALLE,25 SUR,3107,B,,,,,COLONIA,BENITO JUAREZ,,,,72410,21,PUEBLA,114,Puebla,0001,Heroica Puebla de Zaragoza,3718,017,,,,Fijo,19.04064147,-98.22198898,2019-11,True,True,False,False,True,False,False,False,False,False,False,True,REVISAR,REVISAR
11821152,21114812210022831000000000U9,TINTORERIA ORDAZ,,812210,Lavanderías y tintorerías,0 a 5 personas,CALLE,HOMBRES ILUSTRES,CALLE,Benito Juárez,CALLE,Anáhuac,CALLE,López Rayón,159,A,,,,,COLONIA,IGNACIO ROMERO VARGAS,,,,72120,21,PUEBLA,114,Puebla,0001,Heroica Puebla de Zaragoza,3313,028,,,,Fijo,19.08017962,-98.24271741,2025-04,True,True,False,False,True,False,False,False,False,False,False,True,REVISAR,REVISAR
8308941,21114812210014601000000000U6,TINTORERIA PLANCHADURIA DELUX CLEANER,,812210,Lavanderías y tintorerías,0 a 5 personas,CALLE,AVENIDA DE LAS ROSAS,CALLE,JURIQUILLA,BOULEVARD,HACIENDAS,CALLE,AVENIDA DE LAS ROSAS,79,,,,,,FRACCIONAMIENTO,HACIENDA LOS CAPULINES DOS,,,,72310,21,PUEBLA,114,Puebla,0001,Heroica Puebla de Zaragoza,6286,014,,,,Fijo,19.05841411,-98.126786,2019-11,True,True,False,False,True,False,False,False,False,False,False,True,REVISAR,REVISAR
8849064,21114812210014771000000000U7,TINTORERIA PLANCHADURIA MULTI CLEAN,,812210,Lavanderías y tintorerías,0 a 5 personas,CALLE,9 SUR,AVENIDA,47 PONIENTE,AVENIDA,49 PONIENTE,PRIVADA,7 B SUR,4730,A,,,,,COLONIA,PRADOS AGUA AZUL,,,,72430,21,PUEBLA,114,Puebla,0001,Heroica Puebla de Zaragoza,0732,016,2223081896,,,Fijo,19.02731971,-98.21641208,2019-11,True,True,False,False,True,False,False,False,False,False,False,True,REVISAR,REVISAR
8154846,21034812210000121000000000U1,TINTORERIA PLUS CLEAN,,812210,Lavanderías y tintorerías,0 a 5 personas,CALLE,EMILIO PORTES GIL PONIENTE,CALLE,FRANCISCO I. MADERO PONIENTE,PRIVADA,POPOCATEPETL,AVENIDA,5 DE MAYO NORTE,,SN,,,,,BARRIO,ANALCO,,,,72670,21,PUEBLA,034,Coronango,0001,Santa María Coronango,0195,002,2225335675,,,Fijo,19.12611203,-98.30245087,2019-11,True,True,False,False,True,False,False,False,False,False,False,True,REVISAR,REVISAR
6769254,21119812210001252001000000U2,TINTORERIA PLUS CLYN MEMBER S,GRUPO ANCLY,812210,Lavanderías y tintorerías,0 a 5 personas,CALLE,PASEO SINFONIA,CALLE,VIENTO,CALLE,MADERAS,CALLE,CONCIERTO,2,,,1,,,LOCALIDAD,SAN BERNARDINO TLAXCALANCINGO,CENTRO Y PLAZA COMERCIAL,PLAZA OPERA,14,72830,21,PUEBLA,119,San Andrés Cholula,0013,San Bernardino Tlaxcalancingo,0565,006,2224921335,,,Fijo,18.99231899,-98.27770232,2016-10,True,True,False,False,True,False,False,False,False,False,False,True,REVISAR,REVISAR
3412546,21114812210003261002000000U2,TINTORERIA PRESSTO,,812210,Lavanderías y tintorerías,0 a 5 personas,BOULEVARD,PROLONGACION AVENIDA 43 ORIENTE,BOULEVARD,PROLONGACION AVENIDA 43 ORIENTE,CALLE,8 SUR,PRIVADA,37 ORIENTE,808,,,,4,,COLONIA,ANZURES,,,,72530,21,PUEBLA,114,Puebla,0001,Heroica Puebla de Zaragoza,0677,035,2227707073,PATTY_MEXLOVE@HOTMAIL.COM,WWW.PRESTO.COM,Fijo,19.02591986,-98.20117927,2010-07,True,True,False,False,True,False,False,False,False,False,False,True,REVISAR,REVISAR
9448994,21114812210019151000000000U7,TINTORERIA PRESSTO,B & C HOLDING,812210,Lavanderías y tintorerías,0 a 5 personas,CALZADA,ZAVALETA,AVENIDA,PALMAS,PRIVADA,NINGUNO,PRIVADA,NINGUNO,4108,,,,,,COLONIA,SANTA CRUZ BUENA VISTA,,,,72150,21,PUEBLA,114,Puebla,0001,Heroica Puebla de Zaragoza,4612,001,,,,Fijo,19.04780154,-98.24888094,2023-11,True,True,False,False,True,False,False,False,False,False,False,True,REVISAR,REVISAR
3270848,21114812210008462000000000U1,TINTORERIA PRINCESS,,812210,Lavanderías y tintorerías,6 a 10 personas,AVENIDA,9 PONIENTE,CALLE,16 DE SEPTIEMBRE,CALLE,3 SUR,AVENIDA,7 PONIENTE,118,,,,,,COLONIA,CENTRO,,,,72000,21,PUEBLA,114,Puebla,0001,Heroica Puebla de Zaragoza,0501,010,,,,Fijo,19.04217674,-98.20177269,2010-07,True,True,False,False,True,False,False,False,False,False,False,True,REVISAR,REVISAR
7547417,21114812210015691000000000U6,TINTORERIA PROFESIONAL,,812210,Lavanderías y tintorerías,0 a 5 personas,PRIVADA,DUODECIMA CUAUHTEMOC,CALLE,CUAUHTEMOC PONIENTE,PROLONGACION,BENITO JUAREZ,PROLONGACION,BENITO JUAREZ,,SN,,,135,,COLONIA,SAN FELIPE HUEYOTLIPAN,,,,72030,21,PUEBLA,114,Puebla,0001,Heroica Puebla de Zaragoza,2550,015,,,,Fijo,19.08782138,-98.21935043,2019-11,True,True,False,False,True,False,False,False,False,False,False,True,REVISAR,REVISAR
3408197,21114812210002261000000000U3,TINTORERIA PUEBLA,,812210,Lavanderías y tintorerías,0 a 5 personas,CALLE,9 SUR,AVENIDA,29 PONIENTE,AVENIDA,31 PONIENTE,CALLE,7 SUR,2906,,,,,,COLONIA,CHULAVISTA,,,,72410,21,PUEBLA,114,Puebla,0001,Heroica Puebla de Zaragoza,3741,011,2222219025,,,Fijo,19.03613186,-98.21120828,2010-07,True,True,False,False,True,False,False,False,False,False,False,True,REVISAR,REVISAR
8340644,21114812210018081000000000U7,TINTORERIA RATA VIEJA,,812210,Lavanderías y tintorerías,0 a 5 personas,AVENIDA,AZTECA NORTE,CIRCUITO,MANICOBA,AVENIDA,YARUMELA,CALLE,HOLMUL,5,,OTRO TIPO DE CONGLOMERADO,1,,,COLONIA,BELLO HORIZONTE,EDIFICIO COMERCIAL Y DE SERVICIOS,SIN NOMBRE,A,72170,21,PUEBLA,114,Puebla,0001,Heroica Puebla de Zaragoza,5983,018,,,,Fijo,19.04943917,-98.26600622,2019-11,True,True,False,False,True,False,False,False,False,False,False,True,REVISAR,REVISAR
8774144,21119812210001361100000000U1,TINTORERIA ROYAL Y LAVANDERIA,,812210,Lavanderías y tintorerías,0 a 5 personas,CALLE,CAMINO REAL A CHOLULA,CALLE,REVOLUCION,CALLE,VISTAS DEL POTRERO,CALLE,VISTAS DE CHOLULA,,SN,,,,,COLONIA,CONJUNTO HABITACIONAL ARA VISTAS DEL ANGEL,,,,72815,21,PUEBLA,119,San Andrés Cholula,0013,San Bernardino Tlaxcalancingo,0368,043,2223374023,,,Fijo,19.03457572,-98.26346399,2019-11,True,True,False,False,True,True,False,False,False,False,False,True,REVISAR,REVISAR
9538319,21114812210019481000000000U8,TINTORERIA RUIZ,,812210,Lavanderías y tintorerías,0 a 5 personas,CALLE,LAZARO CARDENAS,CALLE,EMILIANO ZAPATA,CALLE,PRADERA,CALLE,AVENIDA ADOLFO LOPEZ MATEOS,18,2,,,,,COLONIA,BELLO HORIZONTE,,,,72730,21,PUEBLA,114,Puebla,0001,Heroica Puebla de Zaragoza,5998,025,,,,Fijo,19.0580913,-98.26125536,2024-11,True,True,False,False,True,False,False,False,False,False,False,True,REVISAR,REVISAR
3254383,21114812210004701000000000U6,TINTORERIA SAN FELLIPE,,812210,Lavanderías y tintorerías,0 a 5 personas,CALLE,5 DE FEBRERO ORIENTE,CALLE,ALDAMA NORTE,CALLE,JOSE MARIA MORELOS,CALLE,JOSEFA ORTIZ DE DOMINGUEZ ORIENTE,624,,,,,,COLONIA,SAN FELIPE HUEYOTLIPAN,,,,72300,21,PUEBLA,114,Puebla,0001,Heroica Puebla de Zaragoza,2565,006,2214422172,,,Fijo,19.08508993,-98.20722656,2010-07,True,True,False,False,True,False,False,False,False,False,False,True,REVISAR,REVISAR
8801342,21114812210014691000000000U7,TINTORERIA SAN MIGUEL,,812210,Lavanderías y tintorerías,0 a 5 personas,CALLE,10,CALLE,NINGUNO,CALLE,PASEO SAN JOSE VISTA HERMOSA SUR,CALLE,6,9,,,,,,COLONIA,SAN JOSE VISTA HERMOSA,,,,72190,21,PUEBLA,114,Puebla,0001,Heroica Puebla de Zaragoza,1177,022,,,,Fijo,19.03923718,-98.2404114,2019-11,True,True,False,False,True,False,False,False,False,False,False,True,REVISAR,REVISAR
3259840,21114812210002131000000000U8,TINTORERIA SANDRA,,812210,Lavanderías y tintorerías,0 a 5 personas,CALLE,30 PONIENTE,CALLE,17 NORTE,CALLE,19 NORTE,CALLE,AVENIDA 32 PONIENTE,1710,,,,,,COLONIA,JOSE MARIA MORELOS Y PAVON,,,,72260,21,PUEBLA,114,Puebla,0001,Heroica Puebla de Zaragoza,3493,006,2222463536,,,Fijo,19.06339648,-98.20397126,2010-07,True,True,False,False,True,False,False,False,False,False,False,True,REVISAR,REVISAR
8803988,21074812210000561000000000U4,TINTORERIA SANTIAGO,,812210,Lavanderías y tintorerías,0 a 5 personas,AVENIDA,LA SOLEDAD,CALLE,CAMELIA,CALLE,AMADO NERVO,AVENIDA,MIGUEL HIDALGO,,SN,,,,,LOCALIDAD,HUEJOTZINGO,,,,74160,21,PUEBLA,074,Huejotzingo,0001,Huejotzingo,0059,014,,,,Fijo,19.15485774,-98.40856363,2019-11,True,True,False,False,True,False,False,False,False,False,False,True,REVISAR,REVISAR
8089467,21074812210000461100000000U7,TINTORERIA SANTIAGO JACOBO,,812210,Lavanderías y tintorerías,0 a 5 personas,AVENIDA,PORFIRIO DIAZ,CALLE,JAIME NUNO,CALLE,AYALA,AVENIDA,GUADALUPE VICTORIA,530,,,,,,BARRIO,TERCER,,,,74160,21,PUEBLA,074,Huejotzingo,0001,Huejotzingo,0044,003,2271470559,,,Fijo,19.16274612,-98.40769441,2019-11,True,True,False,False,True,False,False,False,False,False,False,True,REVISAR,REVISAR
8790876,21119812210001391000000000U8,TINTORERIA SAUBER PRO,,812210,Lavanderías y tintorerías,0 a 5 personas,BOULEVARD,ATLIXCAYOTL,PRIVADA,NINGUNO,CALLE,NINGUNO,BOULEVARD,ATLIXCAYOTL,6510,,,1,,,LOCALIDAD,SAN BERNARDINO TLAXCALANCINGO,CENTRO Y PLAZA COMERCIAL,PLAZA ARCANGELES,24,72820,21,PUEBLA,119,San Andrés Cholula,0013,San Bernardino Tlaxcalancingo,0508,025,2217014658,,TINTORERIASAUBERPRO.COM,Fijo,19.00630706,-98.26834416,2019-11,True,True,False,False,True,False,False,False,False,False,False,True,REVISAR,REVISAR
6272799,21015812210000101001009748S2,TINTORERIA SECOCLEAN,CENTENO Y ASOCIADOS,812210,Lavanderías y tintorerías,6 a 10 personas,AVENIDA,JUÁREZ,AVENIDA,3 PONIENTE,CALLE,CARRETERA FEDERAL PUEBLA-TEHUACÁN,CALLE,3 SUR,309,,,,,,BARRIO,SANTIAGO,,,,72980,21,PUEBLA,015,Amozoc,0001,Amozoc de Mota,0306,019,2231252980,CENTENOYASOCIADOS@HOTMAIL.COM,,Fijo,19.04232847,-98.04484252,2010-07,True,True,False,False,True,False,False,False,False,False,False,True,REVISAR,REVISAR
3264307,21114812210008101000000000U5,TINTORERIA SERVI CLEAN,,812210,Lavanderías y tintorerías,0 a 5 personas,AVENIDA,17 PONIENTE,CALLE,21 SUR,CALLE,19 SUR,AVENIDA,19 PONIENTE,1921,,,,13,,COLONIA,SANTIAGO,,,,72410,21,PUEBLA,114,Puebla,0001,Heroica Puebla de Zaragoza,0499,045,,,,Fijo,19.04590271,-98.21693878,2010-07,True,True,False,False,True,False,False,False,False,False,False,True,REVISAR,REVISAR
3407268,21114812210005811000000000U2,TINTORERIA SERVI MORA,,812210,Lavanderías y tintorerías,0 a 5 personas,AVENIDA,23 PONIENTE,CALLE,19 SUR,CALLE,17 SUR,AVENIDA,21 PONIENTE,1716,,,,,,BARRIO,SANTIAGO,,,,72410,21,PUEBLA,114,Puebla,0001,Heroica Puebla de Zaragoza,3722,021,,,,Fijo,19.04270979,-98.21639854,2010-07,True,True,False,False,True,False,False,False,False,False,False,True,REVISAR,REVISAR
7568644,21119812210001551100000000U7,TINTORERIA SIN ARRUGAS,,812210,Lavanderías y tintorerías,0 a 5 personas,CALLE,14 PONIENTE,AVENIDA,5 DE MAYO,CALLE,3 NORTE,CALLE,16 PONIENTE,104,,,,,,BARRIO,SAN JUAN AQUIAHUAC,,,,72810,21,PUEBLA,119,San Andrés Cholula,0001,San Andrés Cholula,0156,039,2224496290,,,Fijo,19.05732944,-98.29696396,2019-11,True,True,False,False,True,False,False,False,False,False,False,True,REVISAR,REVISAR
3320933,21180812210000031000000000U3,TINTORERIA SIN NOMBRE,,812210,Lavanderías y tintorerías,0 a 5 personas,PRIVADA,NINGUNO,CALLE,SAN LUIS POTOSI,CALLE,DURANGO,AVENIDA,MEXICO,,SN,,,,,LOCALIDAD,SAN RAFAEL IXTAPALUCAN,,,,74100,21,PUEBLA,180,Tlahuapan,0015,San Rafael Ixtapalucan,0174,012,2481155672,,,Fijo,19.29195897,-98.55411208,2014-12,True,True,False,False,True,False,False,False,False,False,False,True,REVISAR,REVISAR
11583043,21119812210001891000000000U7,TINTORERIA SIN NOMBRE,,812210,Lavanderías y tintorerías,0 a 5 personas,AVENIDA,MIGUEL HIDALGO,PRIVADA,CHIGNAHUAPAN,CALLE,HUAUCHINANGO,PRIVADA,COATEPEC,,SN,,,,,LOCALIDAD,SAN FRANCISCO ACATEPEC,,,,72846,21,PUEBLA,119,San Andrés Cholula,0001,San Andrés Cholula,0211,012,,,,Fijo,19.02282069,-98.30933856,2024-11,True,True,False,False,True,False,False,False,False,False,False,True,REVISAR,REVISAR
3257610,21114812210000861000000000U2,TINTORERIA SIN NOMBRE,,812210,Lavanderías y tintorerías,0 a 5 personas,CALLE,JOAQUIN COLOMBRES,AVENIDA,EJERCITOS DE ORIENTE,CALLE,NINGUNO,CALLE,MONTE ARARAT,,SN,,,,,FRACCIONAMIENTO,LOMAS DE LORETO,,,,72260,21,PUEBLA,114,Puebla,0001,Heroica Puebla de Zaragoza,2245,025,,,,Fijo,19.05934129,-98.17470779,2010-07,True,True,False,False,True,False,False,False,False,False,False,True,REVISAR,REVISAR
10534405,21114812210020971000000000U5,TINTORERIA SIN NOMBRE,CLAUDIA ZENTENO,812210,Lavanderías y tintorerías,0 a 5 personas,CALLE,SEPTIMA DE I ZARAGOZA,CALLE,LA VIRGEN,CALLE,32 NORTE,CALLE,CALLE DE LA VIRGEN,,SN,,,,,COLONIA,XONACA,,,,72280,21,PUEBLA,114,Puebla,0001,Heroica Puebla de Zaragoza,0446,007,,,,Fijo,19.05046556,-98.17495483,2024-11,True,True,False,False,True,False,False,False,False,False,False,True,REVISAR,REVISAR
10609671,21114812210020041000000000U7,TINTORERIA SIN NOMBRE,MARCO MUÑOZ,812210,Lavanderías y tintorerías,0 a 5 personas,CALLE,19 D SUR,CALLE,137 PONIENTE,CALLE,135 PONIENTE,CALLE,19 E SUR,13547,,,,,,FRACCIONAMIENTO,GALAXIA CASTILLOTLA,,,,72498,21,PUEBLA,114,Puebla,0001,Heroica Puebla de Zaragoza,6267,013,2222386021,,,Fijo,18.98351855,-98.26565098,2024-11,True,True,False,False,True,False,False,False,False,False,False,True,REVISAR,REVISAR
9949099,21114812210021451000000000U7,TINTORERIA SIN NOMBRE,,812210,Lavanderías y tintorerías,0 a 5 personas,AVENIDA,12 ORIENTE,CALLE,32 NORTE BIS,CALLE,30 NORTE,AVENIDA,14 ORIENTE,3002,,,,,,COLONIA,RESURGIMIENTO,,,,72373,21,PUEBLA,114,Puebla,0001,Heroica Puebla de Zaragoza,0520,013,,,,Fijo,19.04195798,-98.17437548,2024-11,True,True,False,False,True,False,False,False,False,False,False,True,REVISAR,REVISAR
3456838,21114812210004821000000000U2,TINTORERIA SOL,,812210,Lavanderías y tintorerías,0 a 5 personas,CALLE,53 NORTE,BOULEVARD,HERMANOS SERDAN,AVENIDA,20 PONIENTE,CALLE,51 NORTE,2024,,,,,,AMPLIACION,AQUILES SERDAN,,,,72140,21,PUEBLA,114,Puebla,0001,Heroica Puebla de Zaragoza,3474,031,2223394499,,,Fijo,19.07375305,-98.2279783,2010-07,True,True,False,False,True,False,False,False,False,False,False,True,REVISAR,REVISAR
3256789,21114812210006811000000000U1,TINTORERIA SOLEDAD,,812210,Lavanderías y tintorerías,0 a 5 personas,CALLE,27 DE SEPTIEMBRE,CALZADA,IGNACIO ZARAGOZA,CALLE,GRANADITAS,CALLE,NINGUNO,139,,,,,,FRACCIONAMIENTO,LOS PINOS,,,,72240,21,PUEBLA,114,Puebla,0001,Heroica Puebla de Zaragoza,150A,033,2226113962,,,Fijo,19.06669731,-98.17686942,2010-07,True,True,False,False,True,False,False,False,False,False,False,True,REVISAR,REVISAR
3433094,21114812210001631000000000U8,TINTORERIA SUPER DRYCLEAN,ADRIANA ALVARADO,812210,Lavanderías y tintorerías,0 a 5 personas,AVENIDA,83 PONIENTE,PRIVADA,15 B SUR,PRIVADA,15 A SUR,AVENIDA,81 PONIENTE,1508,,,,,,COLONIA,SAN JOSE MAYORAZGO,,,,72450,21,PUEBLA,114,Puebla,0001,Heroica Puebla de Zaragoza,1514,031,,,,Fijo,19.00640848,-98.23577483,2010-07,True,True,False,False,True,False,False,False,False,False,False,True,REVISAR,REVISAR
3436354,21114812210008512000000000U3,TINTORERIA SUPREME USA,,812210,Lavanderías y tintorerías,0 a 5 personas,CALZADA,ZAVALETA,CALLE,CAMINO REAL A CHOLULA,PRIVADA,NINGUNO,CALLE,MANUEL AVILA CAMACHO,,SN,,,,,COLONIA,SANTA CRUZ BUENAVISTA,,,,72150,21,PUEBLA,114,Puebla,0001,Heroica Puebla de Zaragoza,4612,001,2222845859,,,Fijo,19.04612509,-98.24923072,2010-07,True,True,False,False,True,False,False,False,False,False,False,True,REVISAR,REVISAR
8235201,21114812210016731000000000U9,TINTORERIA TEKEDA CLEAN,,812210,Lavanderías y tintorerías,0 a 5 personas,CALLE,14 SUR,AVENIDA,17 ORIENTE,AVENIDA,19 ORIENTE,PRIVADA,10 A SUR,1713,,,,,,COLONIA,EL ANGEL,,,,72533,21,PUEBLA,114,Puebla,0001,Heroica Puebla de Zaragoza,378A,018,,TERRY_141079@HOTMAIL.COM,,Fijo,19.0334355,-98.19404329,2019-11,True,True,False,False,True,False,False,False,False,False,False,True,REVISAR,REVISAR
3408128,21114812210008542002000000U0,TINTORERIA TICAOLA,,812210,Lavanderías y tintorerías,0 a 5 personas,AVENIDA,31 PONIENTE,CALLE,9 SUR,CALLE,11 SUR,AVENIDA,29 PONIENTE,902,,,,,,COLONIA,CHULAVISTA,,,,72410,21,PUEBLA,114,Puebla,0001,Heroica Puebla de Zaragoza,0588,034,,TINTORERIATICAOLA@GMAIL.COM,WWW.TICAOLA.COM,Fijo,19.03598929,-98.2117263,2010-07,True,True,False,False,True,False,False,False,False,False,False,True,REVISAR,REVISAR
3463512,21114812210003391000000000U7,TINTORERIA TICAOLA SUCURSAL 1,,812210,Lavanderías y tintorerías,0 a 5 personas,CALLE,10 SUR,CALLE,LAGUNA TAMIAHUA,AVENIDA,67 ORIENTE,CALLE,8 A SUR,6515,,,,,,COLONIA,LOMA LINDA,,,,72477,21,PUEBLA,114,Puebla,0001,Heroica Puebla de Zaragoza,2669,037,2223152606,,,Fijo,19.0015044,-98.21179584,2010-07,True,True,False,False,True,False,False,False,False,False,False,True,REVISAR,REVISAR
3445576,21114812210006651000000000U1,TINTORERIA TINTOMAX,,812210,Lavanderías y tintorerías,0 a 5 personas,AVENIDA,AVENIDA DE LOS EDUCADORES,CALLE,PLAZUELA DE LA GRANJA,CALLE,PLAZUELA DEL REFUGIO,AVENIDA,INDEPENDENCIA,5837,C,,,,,COLONIA,PLAZAS AMALUCAN,,,,72310,21,PUEBLA,114,Puebla,0001,Heroica Puebla de Zaragoza,5273,009,,,,Fijo,19.04433589,-98.14383185,2010-07,True,True,False,False,True,False,False,False,False,False,False,True,REVISAR,REVISAR
3420623,21114812210002081001000000U5,TINTORERIA TINTORELLO,,812210,Lavanderías y tintorerías,6 a 10 personas,CALLE,RIO CAZONES,AVENIDA,SAN IGNACIO,BOULEVARD,CIRCUNVALACION,CALLE,RIO COLORADO,5935,,,,,,FRACCIONAMIENTO,JARDINES DE SAN MANUEL,,,,72570,21,PUEBLA,114,Puebla,0001,Heroica Puebla de Zaragoza,0802,005,,TINTORELLOPUEBLA@GMAI.COM,,Fijo,19.00722178,-98.20224903,2010-07,True,True,False,False,True,False,False,False,False,False,False,True,REVISAR,REVISAR
3514882,21114812210004531000000000U7,TINTORERIA TINTORELLO,,812210,Lavanderías y tintorerías,0 a 5 personas,BOULEVARD,CARLOS CAMACHO ESPIRITU,PRIVADA,NINGUNO,CALLE,CAMINO A XILOTZINGO,AVENIDA,DE XILOTZINGO,8323,,,17,,,BARRIO,SAN JUAN,CENTRO Y PLAZA COMERCIAL,PLAZA VALZEQUILLO,3,72583,21,PUEBLA,114,Puebla,0001,Heroica Puebla de Zaragoza,4580,014,,,,Fijo,18.98866285,-98.20062313,2010-07,True,True,False,False,True,False,False,False,False,False,False,True,REVISAR,REVISAR
3458990,21114812210000551002000000U9,TINTORERIA TINTORELLO,,812210,Lavanderías y tintorerías,11 a 30 personas,AVENIDA,15 DE MAYO,CALLE,37 NORTE,CALLE,35 NORTE,AVENIDA,15 DE MAYO,3515,,,,,G,COLONIA,VILLA SAN ALEJANDRO,,,,72090,21,PUEBLA,114,Puebla,0001,Heroica Puebla de Zaragoza,4203,019,,,,Fijo,19.06754861,-98.21751978,2010-07,True,True,False,False,True,False,False,False,False,False,False,True,REVISAR,REVISAR
3411576,21114812210008502101000000U4,TINTORERIA TINTORETO,,812210,Lavanderías y tintorerías,6 a 10 personas,PRIVADA,7 A SUR,AVENIDA,41 PONIENTE,AVENIDA,43 PONIENTE,CALLE,7 B SUR,4101,,,,,,COLONIA,GABRIEL PASTOR 1RA SECCION,,,,72420,21,PUEBLA,114,Puebla,0001,Heroica Puebla de Zaragoza,0658,002,2224908179,NH.AGUSTIN@HOTMAIL.COM,,Fijo,19.03137276,-98.21292905,2010-07,True,True,False,False,True,False,False,False,False,False,False,True,REVISAR,REVISAR
3333330,21140812210000941000000000U7,TINTORERIA TINTORISIMO QUETZALCOATL,,812210,Lavanderías y tintorerías,0 a 5 personas,CALLE,28 PONIENTE,CALLE,3 NORTE,PRIVADA,NINGUNO,AVENIDA,30 ORIENTE,116,,,,2,,BARRIO,SANTIAGO MIXQUITLA,,,,72760,21,PUEBLA,140,San Pedro Cholula,0001,Cholula de Rivadavia,0376,021,,,,Fijo,19.07407862,-98.30222775,2014-12,True,True,False,False,True,False,False,False,False,False,False,True,REVISAR,REVISAR
3518936,21114812210007691000000000U6,TINTORERIA VANYSH,,812210,Lavanderías y tintorerías,0 a 5 personas,PROLONGACION,PROLONGACION DE LA 16 DE SEPTIEMBRE,CALLE,TEPEXI,CALLE,ZACAPOAXTLA,PRIVADA,B 16 DE SEPTIEMBRE,6708,1,,,,,COLONIA,GRANJAS DEL SUR,,,,72470,21,PUEBLA,114,Puebla,0001,Heroica Puebla de Zaragoza,3883,016,,,,Fijo,18.99960422,-98.22336579,2010-07,True,True,False,False,True,False,False,False,False,False,False,True,REVISAR,REVISAR
8849063,21114812210014761000000000U8,TINTORERIA VAPOR EXPRESS,,812210,Lavanderías y tintorerías,0 a 5 personas,CALLE,9 SUR,AVENIDA,47 PONIENTE,AVENIDA,49 PONIENTE,PRIVADA,7 B SUR,4718,,,,,,COLONIA,PRADOS AGUA AZUL,,,,72430,21,PUEBLA,114,Puebla,0001,Heroica Puebla de Zaragoza,0732,016,,,,Fijo,19.02782055,-98.21613265,2019-11,True,True,False,False,True,False,False,False,False,False,False,True,REVISAR,REVISAR
8119360,21026812210000011100000000U0,TINTORERIA VELAZQUEZ,,812210,Lavanderías y tintorerías,0 a 5 personas,CALLE,NICOLAS BRAVO,AVENIDA,GUADALUPE HIDALGO,AVENIDA,AQUILES SERDAN,CALLE,LIRIO,6,,,,,,LOCALIDAD,CALPAN,,,,74180,21,PUEBLA,026,Calpan,0001,San Andrés Calpan,0140,008,,,,Fijo,19.10186569,-98.45794417,2019-11,True,True,False,False,True,False,False,False,False,False,False,True,REVISAR,REVISAR
3257685,21114812210007871000000000U4,TINTORERIA VENUS,,812210,Lavanderías y tintorerías,0 a 5 personas,CALLE,GENERAL MIGUEL NEGRETE,AVENIDA,2 DE ABRIL,AVENIDA,LAUREL,CALLE,OYAMEL,55,A,,,,,FRACCIONAMIENTO,ARBOLEDAS DE GUADALUPE,,,,72260,21,PUEBLA,114,Puebla,0001,Heroica Puebla de Zaragoza,2230,020,,,,Fijo,19.05645,-98.17489696,2010-07,True,True,False,False,True,False,False,False,False,False,False,True,REVISAR,REVISAR
3255134,21114812210006761000000000U8,TINTORERIA VICE,,812210,Lavanderías y tintorerías,0 a 5 personas,CALLE,21 NORTE,AVENIDA,52 PONIENTE,PRIVADA,NINGUNO,CALLE,19 NORTE,5412,,,,,,COLONIA,CLEOTILDE TORRES,,,,72050,21,PUEBLA,114,Puebla,0001,Heroica Puebla de Zaragoza,0130,009,2224691010,,,Fijo,19.07144248,-98.19781183,2010-07,True,True,False,False,True,False,False,False,False,False,False,True,REVISAR,REVISAR
3422035,21114812210010951000000000U9,TINTORERIA VIPS,,812210,Lavanderías y tintorerías,0 a 5 personas,BOULEVARD,22 SUR,CALLE,MAR EGEO,CIRCUITO,CIRCUITO JUAN PABLO II,CALLE,RIO PAPALOAPAN,2202,,,,,,COLONIA,LOS PILARES,,,,72567,21,PUEBLA,114,Puebla,0001,Heroica Puebla de Zaragoza,1406,038,2226872671,,,Fijo,19.01484545,-98.19578003,2010-07,True,True,False,False,True,False,False,False,False,False,False,True,REVISAR,REVISAR
3369826,21114812210010971000000000U7,TINTORERIA VISTA ALEGRE,,812210,Lavanderías y tintorerías,0 a 5 personas,CALLE,WASHINGTON,CALLE,NEVADA,CALLE,MICHIGAN,CALLE,WISCONSIN,28,1,,,,,FRACCIONAMIENTO,VISTA ALEGRE,,,,72594,21,PUEBLA,114,Puebla,0001,Heroica Puebla de Zaragoza,517A,020,,,,Fijo,18.98989815,-98.20730376,2014-12,True,True,False,False,True,False,False,False,False,False,False,True,REVISAR,REVISAR
3420256,21114812210001571000000000U6,TINTORERIA WASH SPECIAL,,812210,Lavanderías y tintorerías,0 a 5 personas,CALLE,25 DE NOVIEMBRE,AVENIDA,SAN FRANCISCO,BOULEVARD,CARLOS CAMACHO ESPIRITU,AVENIDA,EMILIANO ZAPATA,5978,A,,,0,A,COLONIA,SAN BALTAZAR LINDA VISTA,,,,72550,21,PUEBLA,114,Puebla,0001,Heroica Puebla de Zaragoza,0766,036,,,,Fijo,19.01298034,-98.20873141,2010-07,True,True,False,False,True,False,False,False,False,False,False,True,REVISAR,REVISAR
3459756,21114811499004601010000000U8,TINTORERIA WHAS AND DRY,,812210,Lavanderías y tintorerías,0 a 5 personas,CALLE,ARGELIA,AVENIDA,18 PONIENTE,AVENIDA,14 PONIENTE,CALLE,POLONIA,1431,,,,,,COLONIA,LAS HADAS MUNDIAL 86,,,,72070,21,PUEBLA,114,Puebla,0001,Heroica Puebla de Zaragoza,2283,025,,,,Fijo,19.06034814,-98.21296141,2010-07,True,True,False,False,True,False,False,False,False,False,False,True,REVISAR,REVISAR
3260913,21114812210009231000000000U9,TINTORERIA Y COMPOSTURA DE ROPA,,812210,Lavanderías y tintorerías,0 a 5 personas,AVENIDA,CARLOS GONZALEZ,PRIVADA,URSS,CALLE,FRANCIA,OTRO(ESPECIFIQUE),CARLOS GONZALEZ,,SN,,,,,COLONIA,LAS HADAS,,,,72070,21,PUEBLA,114,Puebla,0001,Heroica Puebla de Zaragoza,4222,013,,,,Fijo,19.06532832,-98.20982423,2010-07,True,True,True,False,True,False,False,False,False,False,False,True,INCLUIR,SI
11247223,21140812210001651000000000U1,TINTORERIA Y LAVANDERIA,,812210,Lavanderías y tintorerías,0 a 5 personas,AVENIDA,12 PONIENTE,PRIVADA,NINGUNO,CALLE,7 NORTE,AVENIDA,10 PONIENTE,507,1,,,,,BARRIO,SAN JUAN CALVARIO,,,,72764,21,PUEBLA,140,San Pedro Cholula,0001,Cholula de Rivadavia,0499,004,,,,Fijo,19.06838029,-98.30874512,2024-11,True,True,False,False,True,True,False,False,False,False,False,True,REVISAR,REVISAR
7827721,21114812210013791000000000U6,TINTORERIA Y LAVANDERIA,LAVAGE,812210,Lavanderías y tintorerías,0 a 5 personas,CALLE,FRANCISCO VILLA,AVENIDA,FRANCISCO SARABIA,PROLONGACION,DIAGONAL DEFENSORES DE LA REPUBLICA,AVENIDA,O BOULEVARD AYUNTAMIENTO,,SN,,,,,COLONIA,ADOLFO LOPEZ MATEOS,,,,72240,21,PUEBLA,114,Puebla,0001,Heroica Puebla de Zaragoza,353A,003,,,,Fijo,19.06495186,-98.18181706,2019-11,True,True,False,False,True,True,False,False,False,False,False,True,REVISAR,REVISAR
9622673,21114812210020601000000000U8,TINTORERIA Y LAVANDERIA,TINTORERIA Y LAVANDERIA,812210,Lavanderías y tintorerías,0 a 5 personas,BOULEVARD,LAS CARMELITAS,PRIVADA,BUGAMBILIAS,PRIVADA,GIRASOLES,PRIVADA,SAN MIGUEL,50,,,1,3,,COLONIA,LA CARMELITA,CENTRO Y PLAZA COMERCIAL,PLAZA M,10,72498,21,PUEBLA,114,Puebla,0001,Heroica Puebla de Zaragoza,6271,005,,,,Fijo,18.98825872,-98.2645813,2024-11,True,True,False,False,True,True,False,False,False,False,False,True,REVISAR,REVISAR
8827243,21114812210014141000000000U3,TINTORERIA Y LAVANDERIA,,812210,Lavanderías y tintorerías,0 a 5 personas,CALLE,15 A SUR,CALLE,109 A PONIENTE,CALLE,111 PONIENTE,CALLE,15 B SUR,10919,,,,,,COLONIA,GALAXIA LA LAGUNA,,,,72480,21,PUEBLA,114,Puebla,0001,Heroica Puebla de Zaragoza,6318,015,2228088443,,,Fijo,18.99732889,-98.24676509,2019-11,True,True,False,False,True,True,False,False,False,False,False,True,REVISAR,REVISAR
3462084,21114812210006851000000000U7,TINTORERIA Y LAVANDERIA AGUA AZUL,TINTORERIA Y LAVANDERIA AGUA AZUL,812210,Lavanderías y tintorerías,0 a 5 personas,AVENIDA,45 PONIENTE,CALLE,17 SUR,CALLE,19 SUR,CALLE,PRIVADA 45 A PONIENTE,1701,,,,,,COLONIA,REFORMA AGUA AZUL,,,,72430,21,PUEBLA,114,Puebla,0001,Heroica Puebla de Zaragoza,2457,014,2222436545,CERVANTESJJV@HOTMAIL.COM,,Fijo,19.03362376,-98.22061028,2010-07,True,True,False,False,True,True,False,False,False,False,False,True,REVISAR,REVISAR
3416306,21114812210007261100000000U8,TINTORERIA Y LAVANDERIA ALFA Y OMEGA,,812210,Lavanderías y tintorerías,0 a 5 personas,CALLE,1 E,BOULEVARD,PUEBLA,CALLE,5 E,CALLE,1 E,,SN,,,,,COLONIA,BOSQUES DE SAN SEBASTIAN,,,,72310,21,PUEBLA,114,Puebla,0001,Heroica Puebla de Zaragoza,4472,075,2225605599,,,Fijo,19.06384324,-98.12907281,2010-07,True,True,False,False,True,True,False,False,False,False,False,True,REVISAR,REVISAR
3323717,21132812210000431000000000U6,TINTORERIA Y LAVANDERIA AMERICAN,,812210,Lavanderías y tintorerías,0 a 5 personas,AVENIDA,ALBINO LABASTIDA,CALLE,MEXICALI,CALLE,ADOLFO LOPEZ MATEOS,CALLE,TENIENTE NIEVA,58,,,,,,COLONIA,OJO DE AGUA,,,,74042,21,PUEBLA,132,San Martín Texmelucan,0001,San Martín Texmelucan de Labastida,004A,031,,,,Fijo,19.2872467,-98.44530979,2014-12,True,True,False,False,True,True,False,False,False,False,False,True,REVISAR,REVISAR
11646775,21114812210019901000000000U5,TINTORERIA Y LAVANDERIA ARCOS,,812210,Lavanderías y tintorerías,0 a 5 personas,CALLE,4 NORTE,CALLE,2 ORIENTE,CALLE,4 ORIENTE,PRIVADA,6 NORTE,,SN,,,,,BARRIO,SANTA CATARINA,,,,72595,21,PUEBLA,114,Puebla,0001,Heroica Puebla de Zaragoza,4260,007,,,,Fijo,18.97130022,-98.18283906,2024-11,True,True,False,False,True,True,False,False,False,False,False,True,REVISAR,REVISAR
3467814,21041812210000011000000000U9,TINTORERIA Y LAVANDERIA BURBUJA,,812210,Lavanderías y tintorerías,0 a 5 personas,AVENIDA,MEXICO PUEBLA,PRIVADA,NINGUNO,CALLE,XICOHTENCATL,CALLE,ADOLFO LOPEZ MATEOS,16,,,,,,COLONIA,EL CALVARIO,,,,72700,21,PUEBLA,041,Cuautlancingo,0001,San Juan Cuautlancingo,0240,001,2221676267,,,Fijo,19.09098953,-98.26776865,2010-07,True,True,False,False,True,True,False,False,False,False,False,True,REVISAR,REVISAR
11421219,21140812210001711000000000U3,TINTORERIA Y LAVANDERIA CUARTO DE LAVADO,,812210,Lavanderías y tintorerías,0 a 5 personas,CALLE,TORRECILLAS,CALLE,AZTLAN,PRIVADA,CALMECAC,CALLE,ZOQUIAPA,,SN,,,,,CONJUNTO HABITACIONAL,EL PILAR,,,,72776,21,PUEBLA,140,San Pedro Cholula,0001,Cholula de Rivadavia,0319,087,,,,Fijo,19.06219075,-98.26620172,2024-11,True,True,False,False,True,True,False,False,False,False,False,True,REVISAR,REVISAR
3514246,21114812210004351000000000U0,TINTORERIA Y LAVANDERIA DE GAONA,,812210,Lavanderías y tintorerías,0 a 5 personas,AVENIDA,MIGUEL DE LA MADRID HURTADO,CERRADA,CERRADA A DE LA 16 DE SEPTIEMBRE,PRIVADA,PRIVADA A DE LA 16 DE SEPTIEMBRE ORIENTE,CALLE,LEON ALDAMA,8,A,,,,,COLONIA,LEON ALDAMA,,,,72490,21,PUEBLA,114,Puebla,0001,Heroica Puebla de Zaragoza,5729,031,2221295430,,,Fijo,18.96791468,-98.23897173,2010-07,True,True,False,False,True,True,False,False,False,False,False,True,REVISAR,REVISAR
11621595,21114812210019881000000000U9,TINTORERIA Y LAVANDERIA DE LEANDRA,TINTORERIA Y LAVANDERIA,812210,Lavanderías y tintorerías,0 a 5 personas,AVENIDA,PINOS,CALLE,BUGAMBILIAS,CALLE,RAFAEL AVILA CAMACHO,CALLE,PALMAS,6914,,,,0,B,COLONIA,SANTA CRUZ BUENAVISTA,,,,72150,21,PUEBLA,114,Puebla,0001,Heroica Puebla de Zaragoza,392A,017,2213618835,,,Fijo,19.0540981,-98.2455137,2024-11,True,True,False,False,True,True,False,False,False,False,False,True,REVISAR,REVISAR
3514830,21114812210005681000000000U9,TINTORERIA Y LAVANDERIA DISA,,812210,Lavanderías y tintorerías,0 a 5 personas,PROLONGACION,PROLONGACION DE LA 14 SUR,CALLE,103 ORIENTE,CALLE,105 ORIENTE,PRIVADA,14 SUR,1402,,,,,A,COLONIA,GRANJAS DE SAN ISIDRO,,,,72587,21,PUEBLA,114,Puebla,0001,Heroica Puebla de Zaragoza,5837,029,,,,Fijo,18.98579532,-98.21667337,2010-07,True,True,False,False,True,True,False,False,False,False,False,True,REVISAR,REVISAR
9646977,21114812210019411000000000U5,TINTORERIA Y LAVANDERIA DRYCLEAN,,812210,Lavanderías y tintorerías,0 a 5 personas,AVENIDA,ADOLFO LOPEZ MATEOS,CALLE,FUTBOL,RETORNO,ATLETISMO,AVENIDA,ADOLFO LOPEZ MATEOS,1612,,,,,,COLONIA,VILLA VERDE,,,,72300,21,PUEBLA,114,Puebla,0001,Heroica Puebla de Zaragoza,2279,047,,,,Fijo,19.05275877,-98.1612912,2024-11,True,True,False,False,True,True,False,False,False,False,False,True,REVISAR,REVISAR
9744385,21053812210000271000000000U4,TINTORERIA Y LAVANDERIA ECO CLEAN,,812210,Lavanderías y tintorerías,0 a 5 personas,CALLE,7 ORIENTE,AVENIDA,SEGUNDA CALLE DE FRANCISCO JAVIER MINA,AVENIDA,JUAREZ,CALLE,PRIMERA CALLE DE CUAUHTEMOC,,SN,,,,,COLONIA,CENTRO,,,,73300,21,PUEBLA,053,Chignahuapan,0001,Ciudad de Chignahuapan,0275,013,7971161523,,,Fijo,19.83608859,-98.03223489,2024-11,True,True,False,False,True,True,False,False,False,False,False,True,REVISAR,REVISAR
8173861,21119812210001421000000000U3,TINTORERIA Y LAVANDERIA ECORAPIDO,,812210,Lavanderías y tintorerías,0 a 5 personas,CALLE,ORION SUR,RETORNO,TULIPANES,AVENIDA,FLOR DE NOCHEBUENA,CALLE,ORION NORTE,713,,,1,,,FRACCIONAMIENTO,VILLA FLORESTA,CENTRO Y PLAZA COMERCIAL,PLAZA MACETA,4,72825,21,PUEBLA,119,San Andrés Cholula,0013,San Bernardino Tlaxcalancingo,0423,001,,,,Fijo,19.0250237,-98.25825715,2019-11,True,True,False,False,True,True,False,False,False,False,False,True,REVISAR,REVISAR
8214154,21114812210017261000000000U6,TINTORERIA Y LAVANDERIA FRESH CLEAN,,812210,Lavanderías y tintorerías,0 a 5 personas,CALLE,SAN LUIS POTOSI,AVENIDA,27 SUR,BOULEVARD,LAS CARMELITAS,CALLE,3 DE ABRIL,,SN,,,6,,COLONIA,LA CARMELITA,,,,72498,21,PUEBLA,114,Puebla,0001,Heroica Puebla de Zaragoza,6271,026,2212610434,,,Fijo,18.98800562,-98.26799222,2019-11,True,True,False,False,True,True,False,False,False,False,False,True,REVISAR,REVISAR
3343159,21114812210009201000000000U2,TINTORERIA Y LAVANDERIA FUENTES,,812210,Lavanderías y tintorerías,0 a 5 personas,CERRADA,5 NORTE,CERRADA,3 NORTE,AVENIDA,80 PONIENTE,CALLEJON,NINGUNO,80001,A,,,,B,COLONIA,LA LOMA,,,,72230,21,PUEBLA,114,Puebla,0001,Heroica Puebla de Zaragoza,5019,011,2228816206,,,Fijo,19.07520587,-98.18289194,2014-12,True,True,False,False,True,True,False,False,False,False,False,True,REVISAR,REVISAR
8658463,21114812210016821000000000U8,TINTORERIA Y LAVANDERIA GELOS,,812210,Lavanderías y tintorerías,0 a 5 personas,PRIVADA,9 A SUR,AVENIDA,7 PONIENTE,AVENIDA,9 PONIENTE,CALLE,9 SUR,703,,,,,,COLONIA,CENTRO,,,,72000,21,PUEBLA,114,Puebla,0001,Heroica Puebla de Zaragoza,0501,020,,,,Fijo,19.04505409,-98.20651059,2019-11,True,True,False,False,True,True,False,False,False,False,False,True,REVISAR,REVISAR
3368844,21114812210008761000000000U6,TINTORERIA Y LAVANDERIA HILDA,,812210,Lavanderías y tintorerías,0 a 5 personas,BOULEVARD,MUNICIPIO LIBRE,PROLONGACION,2 SUR,PRIVADA,B DE LA 16 DE SEPTIEMBRE,AVENIDA,89 ORIENTE,69,,,,,,COLONIA,16 DE SEPTIEMBRE,,,,72474,21,PUEBLA,114,Puebla,0001,Heroica Puebla de Zaragoza,2442,013,2227399113,,,Fijo,18.9972389,-98.22192636,2014-12,True,True,False,False,True,True,False,False,False,False,False,True,REVISAR,REVISAR
3369879,21114812210010571000000000U5,TINTORERIA Y LAVANDERIA HILDA,,812210,Lavanderías y tintorerías,0 a 5 personas,BOULEVARD,JOSE MARIA LAFRAGUA,AVENIDA,LAS CRUCES,BOULEVARD,MUNICIPIO LIBRE,CALLE,SANTO TOMAS DE AQUINO,7706,,,,,,COLONIA,TRES CRUCES,,,,72595,21,PUEBLA,114,Puebla,0001,Heroica Puebla de Zaragoza,1798,021,2214084241,,,Fijo,18.99540199,-98.19527512,2014-12,True,True,False,False,True,True,False,False,False,False,False,True,REVISAR,REVISAR
3513680,21114812210006671000000000U9,TINTORERIA Y LAVANDERIA HILDA,,812210,Lavanderías y tintorerías,0 a 5 personas,DIAGONAL,16 A SUR,CALLE,91 ORIENTE,CALLE,93 ORIENTE,CALLE,18 SUR,9106,A,,,,,COLONIA,GRANJAS DE SAN ISIDRO,,,,72587,21,PUEBLA,114,Puebla,0001,Heroica Puebla de Zaragoza,5165,026,,,,Fijo,18.98943804,-98.20991435,2010-07,True,True,False,False,True,True,False,False,False,False,False,True,REVISAR,REVISAR
3374481,21114812210012161000000000U3,TINTORERIA Y LAVANDERIA HILDA,,812210,Lavanderías y tintorerías,0 a 5 personas,CALLE,JOSEFA ORTIZ DE DOMINGUEZ,CALLE,20 DE NOVIEMBRE,BOULEVARD,LAS CARMELITAS,CALLE,MIGUEL HIDALGO,1561,,,,,,COLONIA,TRES CERRITOS,,,,72480,21,PUEBLA,114,Puebla,0001,Heroica Puebla de Zaragoza,4650,014,2227271519,,,Fijo,18.9958916,-98.25213055,2014-12,True,True,False,False,True,True,False,False,False,False,False,True,REVISAR,REVISAR
3422038,21114812210004501000000000U0,TINTORERIA Y LAVANDERIA JUST CLEAN,,812210,Lavanderías y tintorerías,0 a 5 personas,BOULEVARD,22 SUR,CALLE,RIO XONACA SUR,CIRCUITO,CIRCUITO JUAN PABLO II,CALLE,RIO JAMAPA,5157,,,,,,COLONIA,VILLA CARMEL,,,,72567,21,PUEBLA,114,Puebla,0001,Heroica Puebla de Zaragoza,1406,025,2223124469,NANCY.M_75@YAHOO.COM.MX,,Fijo,19.0150319,-98.19599352,2010-07,True,True,False,False,True,True,False,False,False,False,False,True,REVISAR,REVISAR
3430401,21119812210000571000000000U6,TINTORERIA Y LAVANDERIA LA BURBUJA,,812210,Lavanderías y tintorerías,0 a 5 personas,CALLE,NIÑO ARTILLERO,CALLE,27 DE SEPTIEMBRE,CALLE,5 DE MAYO,CALLE,ANTONIO DE MENDOZA,5,,,,,,BARRIO,SAN DIEGO,,,,72828,21,PUEBLA,119,San Andrés Cholula,0013,San Bernardino Tlaxcalancingo,0029,017,,,,Fijo,19.01128624,-98.29332605,2010-07,True,True,False,False,True,True,False,False,False,False,False,True,REVISAR,REVISAR
3456341,21114812210000411000000000U6,TINTORERIA Y LAVANDERIA LAS TORRES,,812210,Lavanderías y tintorerías,0 a 5 personas,AVENIDA,SAN FELIPE,DIAGONAL,15 DE MAYO,AVENIDA,15 DE MAYO,DIAGONAL,15 DE MAYO,69,,,,,,COLONIA,VILLA POSADAS,,,,72060,21,PUEBLA,114,Puebla,0001,Heroica Puebla de Zaragoza,232A,016,5511298562,,,Fijo,19.07023719,-98.21937866,2010-07,True,True,False,False,True,True,False,False,False,False,False,True,REVISAR,REVISAR
3471738,21114812210002061000000000U7,TINTORERIA Y LAVANDERIA LAS TORRES PLUS,,812210,Lavanderías y tintorerías,0 a 5 personas,CALLE,4 ORIENTE,CALLE,NINGUNO,CALLE,14 SUR,CALLE,2 ORIENTE,1212,,,,,,COLONIA,SAN JERONIMO CALERA,,,,72100,21,PUEBLA,114,Puebla,0001,Heroica Puebla de Zaragoza,5235,018,,,,Fijo,19.10109909,-98.22187904,2010-07,True,True,False,False,True,True,False,False,False,False,False,True,REVISAR,REVISAR
3277963,21114812210006861000000000U6,TINTORERIA Y LAVANDERIA LAVOMATIC,,812210,Lavanderías y tintorerías,0 a 5 personas,CALLE,ACUEDUCTO MANZANILLA,CALLE,NINGUNO,CALLE,ACUEDUCTO MANZANILLA,OTRO(ESPECIFIQUE),BARDA,33,6,,,,,FRACCIONAMIENTO,VILLAS MANZANILLA,,,,72227,21,PUEBLA,114,Puebla,0001,Heroica Puebla de Zaragoza,5894,031,2222712912,,,Fijo,19.07663985,-98.13442681,2010-07,True,True,False,False,True,True,False,False,False,False,False,True,REVISAR,REVISAR
3257623,21114812210001951000000000U0,TINTORERIA Y LAVANDERIA LAVOSEC,,812210,Lavanderías y tintorerías,0 a 5 personas,CALLE,CALLE DE LA ROSA,CALLE,50 NORTE,CERRADA,CERRADA DE OROPEZA,OTRO(ESPECIFIQUE),NINGUNO,72,,,,,,COLONIA,DIEZ DE MAYO,,,,72270,21,PUEBLA,114,Puebla,0001,Heroica Puebla de Zaragoza,2264,030,2226252860,,,Fijo,19.05717244,-98.16950773,2010-07,True,True,False,False,True,True,False,False,False,False,False,True,REVISAR,REVISAR
3334051,21140812210000951000000000U6,TINTORERIA Y LAVANDERIA LONDRES,,812210,Lavanderías y tintorerías,0 a 5 personas,CALLE,CALLE AL BALNEARIO DE LA CASA BLANCA,CALLE,NINGUNO,CALLE,15 SUR,CALLE,NINGUNO,116,B,,,,,LOCALIDAD,SAN CRISTOBAL TEPONTLA,,,,72765,21,PUEBLA,140,San Pedro Cholula,0001,Cholula de Rivadavia,0183,086,,,,Fijo,19.06645409,-98.31926192,2014-12,True,True,False,False,True,True,False,False,False,False,False,True,REVISAR,REVISAR
8869591,21114812210015141000000000U2,TINTORERIA Y LAVANDERIA M&E,,812210,Lavanderías y tintorerías,0 a 5 personas,CALLE,TAMARINDO,CALLE,MANGO,AVENIDA,EJERCITOS DE ORIENTE,AVENIDA,LAUREL,10,,,,,,FRACCIONAMIENTO,ARBOLEDAS DE GUADALUPE,,,,72260,21,PUEBLA,114,Puebla,0001,Heroica Puebla de Zaragoza,2230,022,2217418476,TINTORERIA.ME@GMAIL.COM,,Fijo,19.05804541,-98.17613741,2019-11,True,True,False,False,True,True,False,False,False,False,False,True,REVISAR,REVISAR
8325842,21114812210017991100000000U8,TINTORERIA Y LAVANDERIA MARISOL,,812210,Lavanderías y tintorerías,0 a 5 personas,CALLE,FUNDADORES,PROLONGACION,LOPEZ RAYON,CALLE,FRANCISCO I. MADERO,CALLE,ALDAMA,,SN,,,,,COLONIA,IGNACIO ROMERO VARGAS,,,,72120,21,PUEBLA,114,Puebla,0001,Heroica Puebla de Zaragoza,3313,004,2211376008,,,Fijo,19.08294225,-98.24780906,2019-11,True,True,False,False,True,True,False,False,False,False,False,True,REVISAR,REVISAR
3507492,21053812210000061001000000U9,TINTORERIA Y LAVANDERIA MAS Q LAVADO,,812210,Lavanderías y tintorerías,6 a 10 personas,CALLE,ILDELFONSO ILLESCAS PICHARDO,CALLE,2 ORIENTE,CALZADA,CALZADA DE LAS ALMAS,CALLE,VICENTE GUERRERO,,SN,,,,,COLONIA,CENTRO,,,,73300,21,PUEBLA,053,Chignahuapan,0001,Ciudad de Chignahuapan,0256,014,,MASQUELAVADO@GMAIL.COM,,Fijo,19.83946248,-98.03087923,2010-07,True,True,False,False,True,True,False,False,False,False,False,True,REVISAR,REVISAR
9743137,21114812210019211000000000U9,TINTORERIA Y LAVANDERIA MATEO,,812210,Lavanderías y tintorerías,0 a 5 personas,CALLE,19 SUR,CALLE,INDEPENDENCIA,CERRADA,INDEPENDENCIA,CALLE,17 SUR,,SN,,,,,COLONIA,SAN BERNABE TEMOXTITLA,,,,72498,21,PUEBLA,114,Puebla,0001,Heroica Puebla de Zaragoza,613A,026,2222800739,,,Fijo,18.97572389,-98.26686623,2024-11,True,True,False,False,True,True,False,False,False,False,False,True,REVISAR,REVISAR
8743587,21114812210017661000000000U7,TINTORERIA Y LAVANDERIA PLUS EXPRESS,,812210,Lavanderías y tintorerías,0 a 5 personas,CALLE,5 SUR,AVENIDA,31 PONIENTE,AVENIDA,29 PONIENTE,CALLE,7 SUR,2909,,,,,,COLONIA,CHULA VISTA,,,,72420,21,PUEBLA,114,Puebla,0001,Heroica Puebla de Zaragoza,3741,010,2229009814,,,Fijo,19.03460317,-98.20842138,2019-11,True,True,False,False,True,True,False,False,False,False,False,True,REVISAR,REVISAR
10717149,21041812210001191000000000U8,TINTORERIA Y LAVANDERIA PROVIDENCIA,,812210,Lavanderías y tintorerías,0 a 5 personas,CALLE,REMEDIOS,AVENIDA,MORELOS,PRIVADA,TERCERA PRIVADA MORELOS,PRIVADA,TERCERA PRIVADA MORELOS,19,,,,,,BARRIO,DEL ALTO,,,,72700,21,PUEBLA,041,Cuautlancingo,0001,San Juan Cuautlancingo,0062,040,2225779468,,,Fijo,19.08726998,-98.27771291,2024-11,True,True,False,False,True,True,False,False,False,False,False,True,REVISAR,REVISAR
8151442,21114812210015041000000000U4,TINTORERIA Y LAVANDERIA RANA,,812210,Lavanderías y tintorerías,0 a 5 personas,CALLE,16 DE SEPTIEMBRE,CALLE,16 DE SEPTIEMBRE,CALLE,NARDOS,CALLE,LIRIOS,5584,,,,,,COLONIA,BUGAMBILIAS,,,,72580,21,PUEBLA,114,Puebla,0001,Heroica Puebla de Zaragoza,086A,011,5638616849,,,Fijo,19.01306136,-98.21614175,2019-11,True,True,False,False,True,True,False,False,False,False,False,True,REVISAR,REVISAR
3369840,21114812210010841000000000U2,TINTORERIA Y LAVANDERIA ROSXA,,812210,Lavanderías y tintorerías,0 a 5 personas,AVENIDA,UNAM,CALLE,UNIVERSIDAD AUTONOMA DE ZACATECAS,PRIVADA,UNIVERSIDAD AUTONOMA DE NAYARIT,CALLE,UNIVERSIDAD DE CHAPINGO,6930,2,,,,,COLONIA,UNIVERSIDADES,,,,72589,21,PUEBLA,114,Puebla,0001,Heroica Puebla de Zaragoza,5165,017,2215323975,,,Fijo,18.99618145,-98.20554381,2014-12,True,True,False,False,True,True,False,False,False,False,False,True,REVISAR,REVISAR
3430586,21119812210000981000000000U7,TINTORERIA Y LAVANDERIA SAN FRANCISCO,,812210,Lavanderías y tintorerías,0 a 5 personas,AVENIDA,MIGUEL HIDALGO,PRIVADA,CHIGNAHUAPAN,CALLE,HUAUCHINANGO,CALLE,PIAXTLA,301,,,,,,LOCALIDAD,SAN FRANCISCO ACATEPEC,,,,72846,21,PUEBLA,119,San Andrés Cholula,0001,San Andrés Cholula,0211,012,2228464769,,,Fijo,19.02323309,-98.31003422,2014-12,True,True,False,False,True,True,False,False,False,False,False,True,REVISAR,REVISAR
11791834,21114812210022811000000000U1,TINTORERIA Y LAVANDERIA SAN MIGUEL,SERVICIOS INDUSTRIALES SAN MIGUEL,812210,Lavanderías y tintorerías,0 a 5 personas,CALLE,CAMINO REAL DE LOS CIPRESES,PRIVADA,Prolongación 18 Oriente,PRIVADA,Ninguno,PRIVADA,Ninguno,1804,,,,,,COLONIA,MOMOXPAN,,,,72761,21,PUEBLA,114,Puebla,0001,Heroica Puebla de Zaragoza,3050,001,,LCARLOS@SISM.COM.MX,,Fijo,19.05517377,-98.2766417,2025-04,True,True,False,False,True,True,False,False,False,False,False,True,REVISAR,REVISAR
3458727,21114812210006741000000000U0,TINTORERIA Y LAVANDERIA SANGO,,812210,Lavanderías y tintorerías,0 a 5 personas,AVENIDA,ROSENDO MARQUEZ,CALLE,AVENIDA 17 PONIENTE,PRIVADA,PRIVADA DE LA 17 PONIENTE,CALLE,41 SUR,1704,,,,,,COLONIA,BELISARIO DOMINGUEZ,,,,72180,21,PUEBLA,114,Puebla,0001,Heroica Puebla de Zaragoza,3652,017,,,,Fijo,19.05411467,-98.23333255,2010-07,True,True,False,False,True,True,False,False,False,False,False,True,REVISAR,REVISAR
10118580,21114812210022381000000000U5,TINTORERIA Y LAVANDERIA SATELITE,,812210,Lavanderías y tintorerías,0 a 5 personas,CALLE,JOSE GUADALUPE POSADA,AVENIDA,AVENIDA DE LOS EDUCADORES,CALLE,AGUSTIN ARRIETA,CALLE,JOSE CLEMENTE OROZCO,,SN,,,,,FRACCIONAMIENTO,CIUDAD SATELITE,,,,72320,21,PUEBLA,114,Puebla,0001,Heroica Puebla de Zaragoza,3648,003,2227262272,,,Fijo,19.04254104,-98.15123712,2024-11,True,True,False,False,True,True,False,False,False,False,False,True,REVISAR,REVISAR
8325658,21114812210017971000000000U0,TINTORERIA Y LAVANDERIA SOFTS AND CLEAN,,812210,Lavanderías y tintorerías,0 a 5 personas,CALLE,CAMINO NACIONAL,CALLE,PUEBLA,CALLE,OAXACA,AVENIDA,INDEPENDENCIA,35,,,,,,COLONIA,INDEPENDENCIA,,,,72150,21,PUEBLA,114,Puebla,0001,Heroica Puebla de Zaragoza,346A,007,,,,Fijo,19.07361145,-98.25240714,2019-11,True,True,False,False,True,True,False,False,False,False,False,True,REVISAR,REVISAR
3369906,21114812210012601000000000U8,TINTORERIA Y LAVANDERIA STAR,,812210,Lavanderías y tintorerías,0 a 5 personas,CALLE,DIAGONAL RIO PAPAGAYO,CALLE,FRAY JUAN DE GRIJALVA,AVENIDA,LAS CRUCES,CALLE,SAN VICENTE DE PAUL,7721,A,,,,,COLONIA,TRES CRUCES,,,,72595,21,PUEBLA,114,Puebla,0001,Heroica Puebla de Zaragoza,1798,009,2226450390,,,Fijo,18.99475477,-98.19238169,2014-12,True,True,False,False,True,True,False,False,False,False,False,True,REVISAR,REVISAR
3279045,21114812210005201000000000U6,TINTORERIA Y LAVANDERIA STEPHANIE,,812210,Lavanderías y tintorerías,0 a 5 personas,AVENIDA,29 PONIENTE,CALLE,35 SUR,CALLE,33 SUR,CALLE,AVENIDA 27 PONIENTE,3326,A,,,,,COLONIA,BENITO JUAREZ,,,,72410,21,PUEBLA,114,Puebla,0001,Heroica Puebla de Zaragoza,2495,006,2224944941,,,Fijo,19.04656594,-98.23070454,2010-07,True,True,False,False,True,True,False,False,False,False,False,True,REVISAR,REVISAR
8235221,21114812210016741000000000U8,TINTORERIA Y LAVANDERIA TINTO SEC,,812210,Lavanderías y tintorerías,0 a 5 personas,CALLE,2 SUR,AVENIDA,VENUSTIANO CARRANZA,AVENIDA,EDUARDO CUE MERLO,CALLE,MIGUEL HIDALGO,4728,A,,,,,COLONIA,SAN BALTAZAR CAMPECHE,,,,72550,21,PUEBLA,114,Puebla,0001,Heroica Puebla de Zaragoza,0677,067,2212632056,,,Fijo,19.02479082,-98.20804514,2019-11,True,True,False,False,True,True,False,False,False,False,False,True,REVISAR,REVISAR
3522650,21114812210006211000000000U4,TINTORERIA Y LAVANDERIA TINTOALINNE,,812210,Lavanderías y tintorerías,0 a 5 personas,AVENIDA,95 PONIENTE,CALLE,ABETO,PRIVADA,LOS CIPRES,CALLE,NINGUNO,,SN,,,,,COLONIA,EX HACIENDA MAYORAZGO,,,,72480,21,PUEBLA,114,Puebla,0001,Heroica Puebla de Zaragoza,6303,006,,,,Fijo,19.00581383,-98.24870869,2010-07,True,True,False,False,True,True,False,False,False,False,False,True,REVISAR,REVISAR
8593046,21140812210001581000000000U0,TINTORERIA Y LAVANDERIA TINTOFLASH,,812210,Lavanderías y tintorerías,0 a 5 personas,CALLE,5 NORTE,AVENIDA,10 PONIENTE,AVENIDA,12 PONIENTE,CALLE,3 NORTE,1004,,,,,,COLONIA,CHOLULA DE RIVADAVIA,,,,72760,21,PUEBLA,140,San Pedro Cholula,0001,Cholula de Rivadavia,0499,003,2211768684,,,Fijo,19.0675907,-98.30781461,2019-11,True,True,False,False,True,True,False,False,False,False,False,True,REVISAR,REVISAR
7568824,21119812210001581000000000U4,TINTORERIA Y LAVANDERIA TINTORELLO,,812210,Lavanderías y tintorerías,0 a 5 personas,BOULEVARD,EUROPA,OTRO(ESPECIFIQUE),BARDA,BOULEVARD,AMERICA,BOULEVARD,AMERICA,102,,,1,,,LOCALIDAD,SAN BERNARDINO TLAXCALANCINGO,CENTRO Y PLAZA COMERCIAL,AQUARA,6,72830,21,PUEBLA,119,San Andrés Cholula,0013,San Bernardino Tlaxcalancingo,0508,002,,TINTORELLO.PUEBLA@GMAIL.COM,,Fijo,18.9992989,-98.27381656,2019-11,True,True,False,False,True,True,False,False,False,False,False,True,REVISAR,REVISAR
3449531,21140812210000101000000000U8,TINTORERIA Y LAVANDERIA ULTRA CLEAN,,812210,Lavanderías y tintorerías,0 a 5 personas,CALLE,3 SUR,AVENIDA,3 PONIENTE,AVENIDA,5 PONIENTE,CALLE,5 SUR,308,,,,,,COLONIA,CENTRO,,,,72760,21,PUEBLA,140,San Pedro Cholula,0001,Cholula de Rivadavia,0056,002,,,,Fijo,19.06114898,-98.30922987,2010-07,True,True,False,False,True,True,False,False,False,False,False,True,REVISAR,REVISAR
3266081,21132812210000151000000000U0,TINTORERIA Y LAVANDERIA VERAZA,,812210,Lavanderías y tintorerías,0 a 5 personas,CALLE,CALLEJON DE VERAZA,CALLE,JOSE MARIA MORELOS ORIENTE,CALLE,HIDALGO ORIENTE,CALLE,INDEPENDENCIA SUR,3,B,,,,,CIUDAD,CENTRO,,,,74000,21,PUEBLA,132,San Martín Texmelucan,0001,San Martín Texmelucan de Labastida,0054,005,,,,Fijo,19.28233427,-98.43466477,2010-07,True,True,False,False,True,True,False,False,False,False,False,True,REVISAR,REVISAR
7852340,21114812210015871000000000U4,TINTORERIA Y LAVANDERIA VIPS LA LAVANDERIA,,812210,Lavanderías y tintorerías,0 a 5 personas,CALLE,19 SUR,CALLE,AVENIDA 35 PONIENTE,CALLE,AVENIDA 41 PONIENTE,PRIVADA,17 B SUR,1734,,,,,,COLONIA,REFORMA AGUA AZUL,,,,72430,21,PUEBLA,114,Puebla,0001,Heroica Puebla de Zaragoza,2457,034,2225563924,RILLBUAP@GMAIL.COM,,Fijo,19.03656389,-98.22006735,2019-11,True,True,False,False,True,True,False,False,False,False,False,True,REVISAR,REVISAR
3259558,21114812210009351000000000U5,TINTORERIA Y LAVANDERIA WASH&DRY,,812210,Lavanderías y tintorerías,0 a 5 personas,CALLE,35 NORTE,CALLE,24 PONIENTE,CALLE,22 B PONIENTE,PRIVADA,NINGUNO,3503,,,,,,COLONIA,VALLE DORADO,,,,72070,21,PUEBLA,114,Puebla,0001,Heroica Puebla de Zaragoza,2315,037,2227352564,,,Fijo,19.06770924,-98.21563333,2014-12,True,True,False,False,True,True,False,False,False,False,False,True,REVISAR,REVISAR
3512676,21114812210006731000000000U1,TINTORERIA Y LAVANDERIA WASHY PLUS,,812210,Lavanderías y tintorerías,0 a 5 personas,AVENIDA,3 SUR,AVENIDA,125 PONIENTE,AVENIDA,CUAUHTEMOC,CALLE,HERMENEGILDO GALEANA,,SN,,,,,COLONIA,GUADALUPE HIDALGO,,,,72490,21,PUEBLA,114,Puebla,0001,Heroica Puebla de Zaragoza,1942,041,2222982086,,,Fijo,18.97740737,-98.23954541,2010-07,True,True,False,False,True,True,False,False,False,False,False,True,REVISAR,REVISAR
8120060,21132812210001041000000000U2,TINTORERIA Y LAVANDERIA YAÑEZ,,812210,Lavanderías y tintorerías,0 a 5 personas,CARRETERA,CARRETERA A SAN SALVADOR EL VERDE,PRIVADA,NINGUNO,PRIVADA,NOCHE BUENA,OTRO(ESPECIFIQUE),ARROYO,537,,,,,,COLONIA,LA HUERTA,,,,74129,21,PUEBLA,132,San Martín Texmelucan,0001,San Martín Texmelucan de Labastida,0406,021,2481370900,,,Fijo,19.27585092,-98.44986208,2019-11,True,True,False,False,True,True,False,False,False,False,False,True,REVISAR,REVISAR
10086318,21114812210021771000000000U8,TINTORERIA Y LAVANDERIA YOLIS,,812210,Lavanderías y tintorerías,0 a 5 personas,AVENIDA,68 PONIENTE,CALLE,15 NORTE,CALLE,13 NORTE,AVENIDA,70 PONIENTE,1302,A,,,,,COLONIA,20 DE NOVIEMBRE,,,,72230,21,PUEBLA,114,Puebla,0001,Heroica Puebla de Zaragoza,3417,016,2229243138,,,Fijo,19.07413224,-98.19209565,2024-11,True,True,False,False,True,True,False,False,False,False,False,True,REVISAR,REVISAR
3369842,21114812210012111000000000U8,TINTORERIA Y PLANCHADURIA ESAU,,812210,Lavanderías y tintorerías,0 a 5 personas,AVENIDA,UNAM,PRIVADA,UNIVERSIDAD AUTONOMA DE NAYARIT,CALLE,UNIVERSIDAD AUTONOMA DE MICHOACAN,CALLE,UNIVERSIDAD DE CHAPINGO,6936,,,,,,COLONIA,UNIVERSIDADES,,,,72589,21,PUEBLA,114,Puebla,0001,Heroica Puebla de Zaragoza,5165,035,,,,Fijo,18.99597829,-98.20583364,2014-12,True,True,False,False,True,False,False,False,False,False,False,True,REVISAR,REVISAR
3333840,21140812210000961000000000U5,TINTORERIA Y PLANCHADURIA J & J,,812210,Lavanderías y tintorerías,0 a 5 personas,CALLE,12 ORIENTE,CALLE,10 NORTE,CALLE,8 NORTE,CALLE,14 ORIENTE,809,,,,,,BARRIO,DE JESUS TLATEMPA,,,,72760,21,PUEBLA,140,San Pedro Cholula,0001,Cholula de Rivadavia,0501,002,2222470070,,,Fijo,19.06350193,-98.29748263,2014-12,True,True,False,False,True,False,False,False,False,False,False,True,REVISAR,REVISAR
3522929,21114812210008161000000000U9,TINTORERIA Y PLANCHADURIA J&J MAXWIN,,812210,Lavanderías y tintorerías,0 a 5 personas,CALLE,11 SUR,CALLE,109 PONIENTE,PRIVADA,109 PONIENTE,CALLE,11 SUR,10909,,,,1,,COLONIA,SAN FRANCISCO MAYORAZGO,,,,72480,21,PUEBLA,114,Puebla,0001,Heroica Puebla de Zaragoza,6318,035,,,,Fijo,18.99494725,-98.24294889,2010-07,True,True,False,False,True,False,False,False,False,False,False,True,REVISAR,REVISAR
11228464,21114812210022661000000000U0,TINTORERIA Y PLANCHADURIA LOS ANGELES 2,,812210,Lavanderías y tintorerías,0 a 5 personas,CALLE,ARTICULO 11,CALLE,CAMINO A BALCONES,CALLE,ARTICULO 1,CALLE,ARTICULO 11,,SN,,,,,COLONIA,CONSTITUCION MEXICANA,,,,72499,21,PUEBLA,114,Puebla,0001,Heroica Puebla de Zaragoza,4932,033,2223959867,,,Fijo,18.95934911,-98.23122316,2024-11,True,True,False,False,True,False,False,False,False,False,False,True,REVISAR,REVISAR
3369140,21114812210009001000000000U6,TINTORERIA Y PLANCHADURIA MONSERRAT,,812210,Lavanderías y tintorerías,0 a 5 personas,CALLE,5 SUR,AVENIDA,101 PONIENTE,CALLE,103 PONIENTE,PRIVADA,DE LA 3 SUR,10000,,,,,,COLONIA,ARBOLEDAS DE LOMA BELLA,,,,72474,21,PUEBLA,114,Puebla,0001,Heroica Puebla de Zaragoza,467A,014,,,,Fijo,18.99418629,-98.22953193,2014-12,True,True,False,False,True,False,False,False,False,False,False,True,REVISAR,REVISAR
3256268,21114812210001621000000000U9,TINTORERIA Y PLANCHADURIA PILI,,812210,Lavanderías y tintorerías,0 a 5 personas,CALLE,7 NORTE,AVENIDA,58 PONIENTE,AVENIDA,56 PONIENTE,BOULEVARD,HEROES DEL 5 DE MAYO,5607,C,,,,,COLONIA,GUADALUPE VICTORIA,,,,75040,21,PUEBLA,114,Puebla,0001,Heroica Puebla de Zaragoza,3525,004,2226756443,,,Fijo,19.06807593,-98.19079588,2010-07,True,True,False,False,True,False,False,False,False,False,False,True,REVISAR,REVISAR
8801416,21114812210014701000000000U4,TINTORERIA Y PLANCHADURIA SIN NOMBRE,,812210,Lavanderías y tintorerías,0 a 5 personas,AVENIDA,PRINCIPAL,CALLE,AGUSTIN DE ITURBIDE,CALLE,GUADALUPE VICTORIA,CALLE,GUADALUPE VICTORIA,19,B,,,18,,COLONIA,MAYORAZGO,,,,72453,21,PUEBLA,114,Puebla,0001,Heroica Puebla de Zaragoza,0836,010,2226786026,FGUEVARA_M@HOTMAIL.COM,,Fijo,19.02100703,-98.22719453,2019-11,True,True,False,False,True,False,False,False,False,False,False,True,REVISAR,REVISAR
3458648,21114812210007521000000000U5,TINTORERIA Y PLANCHADURIA YORK,,812210,Lavanderías y tintorerías,0 a 5 personas,CALLE,MARIANO MATAMOROS,CALLE,MIGUEL HIDALGO,CALLE,IGNACIO ALLENDE,PRIVADA,NICOLAS BRAVO,53,A,,,,,COLONIA,INSURGENTES ORIENTE,,,,72540,21,PUEBLA,114,Puebla,0001,Heroica Puebla de Zaragoza,3987,008,2222170568,,,Fijo,19.01289687,-98.18036682,2010-07,True,True,False,False,True,False,False,False,False,False,False,True,REVISAR,REVISAR
7568026,21119811499000561010000000U7,TINTORERIA Y SASTRERIA DE ANGEL,,812210,Lavanderías y tintorerías,0 a 5 personas,CALLE,ARCANGELES,CALLE,NINGUNO,CALLE,ORION NORTE,CALLE,ARCANGELES,,SN,,,,,COLONIA,VILLA FLORESTA,,,,72825,21,PUEBLA,119,San Andrés Cholula,0013,San Bernardino Tlaxcalancingo,0423,014,2221552284,,,Fijo,19.02362088,-98.2614791,2019-11,True,True,False,False,True,False,False,False,False,False,False,True,REVISAR,REVISAR
3345418,21114812210010091000000000U4,ULTRA 2 0 0 0 LAVANDERIA Y TINTORERIA,,812210,Lavanderías y tintorerías,0 a 5 personas,PROLONGACION,PROLONGACION DE LA 54 NORTE,CALLE,50 NORTE,CALLE,20 ORIENTE,AVENIDA,ACUEDUCTO,199,A,,,,,COLONIA,OBRERA CAMPESINA,,,,72250,21,PUEBLA,114,Puebla,0001,Heroica Puebla de Zaragoza,2264,003,,,,Fijo,19.0573743,-98.16498212,2014-12,True,True,False,False,True,True,False,False,False,False,False,True,REVISAR,REVISAR
3345579,21114812210009811000000000U8,USOS DE LAVANDERIA Y TINTORERIA,,812210,Lavanderías y tintorerías,0 a 5 personas,CALLE,CALLE DE LOS PINOS,PRIVADA,NINGUNO,PRIVADA,NINGUNO,OTRO(ESPECIFIQUE),ARROYO,6,,,,,,COLONIA,IGNACIO ROMERO VARGAS,,,,72120,21,PUEBLA,114,Puebla,0001,Heroica Puebla de Zaragoza,4792,032,,,,Fijo,19.07570608,-98.24097958,2014-12,True,True,False,False,True,True,False,False,False,False,False,True,REVISAR,REVISAR
