{
"type": "FeatureCollection",
"name": "caaresa_cuenca_alto_atoyac_21_reg_a",
"crs": { "type": "name", "properties": { "name": "urn:ogc:def:crs:OGC:1.3:CRS84" } },
"features": [
{ "type": "Feature", "id": 1, "properties": { "g_id": 1, "id_cuenca": "1801", "nom_cuenca": "Río Alto Atoyac", "id_rha": "4", "nom_rha": "Balsas", "clasif": "Sin disponibilidad", "vol_dispo": -6.549 }, "geometry": { "type": "MultiPolygon", "coordinates": [ [ [ [ -97.959465236364125, 19.469877499584818 ], [ -97.963789041477099, 19.462812023731434 ], [ -97.966341518676245, 19.459395055925782 ], [ -97.968043738544722, 19.453630491698721 ], [ -97.969123733486882, 19.448141665864121 ], [ -97.970477192058965, 19.443820323806136 ], [ -97.973686915422419, 19.428511145390441 ], [ -97.984761283530233, 19.416316192409276 ], [ -97.990089415772132, 19.412100405836913 ], [ -97.993642055053556, 19.405804936318301 ], [ -97.992539996128414, 19.401710802614147 ], [ -97.992905294372392, 19.399685775582554 ], [ -97.995368038575506, 19.399171012135707 ], [ -98.001274225502343, 19.396132619817539 ], [ -98.008062266319214, 19.394279672054239 ], [ -98.014612767059916, 19.390095457147289 ], [ -98.027924745808491, 19.384926547923058 ], [ -98.027983661324683, 19.372439243563669 ], [ -98.024303566073769, 19.351722167777702 ], [ -98.026375030856158, 19.343645153118128 ], [ -98.025744882659424, 19.333754852057151 ], [ -98.024131315265478, 19.326161034307578 ], [ -98.025218950744488, 19.320380624440705 ], [ -98.027942663331928, 19.310868819219262 ], [ -98.029080795446276, 19.303347601024562 ], [ -98.031007431936402, 19.300203814567105 ], [ -98.031337339287617, 19.288887066072498 ], [ -98.031243607728371, 19.281625900694035 ], [ -98.03066420683669, 19.269993249522592 ], [ -98.02928850029376, 19.264730646661988 ], [ -98.030612822827706, 19.261281201472478 ], [ -98.030112630467286, 19.257491553949603 ], [ -98.027133058713503, 19.254801127358565 ], [ -98.027497448794193, 19.252776359028569 ], [ -98.02794640870988, 19.247851818620987 ], [ -98.028660468947422, 19.244386404037684 ], [ -98.029355213871, 19.241500434624875 ], [ -98.029473678844582, 19.237437172099142 ], [ -98.030780776601333, 19.234569591989167 ], [ -98.032024701378148, 19.230348492620823 ], [ -98.032498422303533, 19.230214828381321 ], [ -98.032451198419196, 19.229543605463075 ], [ -98.032424427863504, 19.229152692944915 ], [ -98.032446366339755, 19.228808934469622 ], [ -98.032572706644359, 19.228565330749195 ], [ -98.032958876738135, 19.228571515763655 ], [ -98.033368267591143, 19.228599264581522 ], [ -98.033559640603926, 19.22833358279043 ], [ -98.033938875163798, 19.228332220647186 ], [ -98.034230499384265, 19.228063508747027 ], [ -98.03442423652686, 19.227798454543496 ], [ -98.034801103022758, 19.227796461723006 ], [ -98.035092740869942, 19.227527182420761 ], [ -98.035381978059149, 19.227258405956807 ], [ -98.035664065024747, 19.226989441266188 ], [ -98.0356705488893, 19.226357011168634 ], [ -98.035673941734856, 19.225994643688509 ], [ -98.035677334562365, 19.225632276363367 ], [ -98.03568072737184, 19.225269909193184 ], [ -98.035684120163253, 19.224907542178034 ], [ -98.035687496465172, 19.224545741222631 ], [ -98.03570808067974, 19.224166269575075 ], [ -98.035726215923432, 19.22378899912696 ], [ -98.035685512778997, 19.223466817205235 ], [ -98.035394714149874, 19.223379892362235 ], [ -98.03537853334366, 19.223034568456093 ], [ -98.03539423698048, 19.222658933672399 ], [ -98.035414821726803, 19.222279462910873 ], [ -98.03542309633373, 19.221913261040413 ], [ -98.035431519145419, 19.221541966203809 ], [ -98.035447173048027, 19.221168029784693 ], [ -98.035458011610928, 19.220795666058272 ], [ -98.03546388662717, 19.220429968141108 ], [ -98.035455134737362, 19.220075212883991 ], [ -98.035431591334529, 19.219737059285357 ], [ -98.035128573344153, 19.219660573493972 ], [ -98.035136930926882, 19.219291543267424 ], [ -98.035155083576242, 19.218913709161132 ], [ -98.035180565963984, 19.218529838093581 ], [ -98.03517173256995, 19.218177913119376 ], [ -98.034885744248314, 19.218089981225141 ], [ -98.034852489924859, 19.217757802840627 ], [ -98.034873124861434, 19.217376636652919 ], [ -98.034893710261088, 19.216997168333034 ], [ -98.034909398064997, 19.216622102181248 ], [ -98.034890803504268, 19.216277850183797 ], [ -98.034599987776502, 19.216192056347275 ], [ -98.034564302355577, 19.215861513739853 ], [ -98.034592283986811, 19.21547374547097 ], [ -98.034622631802833, 19.215086605874784 ], [ -98.034530362612259, 19.214815740838347 ], [ -98.034284879314328, 19.214647320485778 ], [ -98.034594881433705, 19.214565418683691 ], [ -98.034299174276924, 19.214238238972754 ], [ -98.034138161311674, 19.214035226363237 ], [ -98.034026452461546, 19.2137768761209 ], [ -98.033973578742533, 19.213463438852965 ], [ -98.033756378930178, 19.213306521291646 ], [ -98.033470533581578, 19.213214060048301 ], [ -98.033395524199051, 19.212923826870281 ], [ -98.032994409544798, 19.212941034984805 ], [ -98.032615333195551, 19.212938433454742 ], [ -98.032537943011349, 19.21264813731235 ], [ -98.032122087318925, 19.212680246500874 ], [ -98.032046883281723, 19.212396803590838 ], [ -98.031660429340093, 19.212401934285264 ], [ -98.031470285188774, 19.212216842060901 ], [ -98.03118442718916, 19.212124942504488 ], [ -98.031195161262872, 19.211756544339799 ], [ -98.03100000579299, 19.211579814787125 ], [ -98.030900515477668, 19.211311590158822 ], [ -98.030595070056066, 19.211237296952763 ], [ -98.030630424642951, 19.210842362901758 ], [ -98.030329894331331, 19.210763101474427 ], [ -98.030245065181873, 19.210482803002932 ], [ -98.030014270732678, 19.210301737016437 ], [ -98.030324183071784, 19.210222673877922 ], [ -98.030383440613022, 19.209580317379885 ], [ -98.030229982952065, 19.209363908271342 ], [ -98.029799477568332, 19.209408084581359 ], [ -98.029712501722898, 19.209692358591585 ], [ -98.029299466009434, 19.209709809323467 ], [ -98.029205042780092, 19.209431523452299 ], [ -98.028897137292859, 19.209359993759101 ], [ -98.028880958121746, 19.209015240781593 ], [ -98.028894262357255, 19.208640682003672 ], [ -98.02891976046277, 19.208256816664424 ], [ -98.028933048020065, 19.207882824112847 ], [ -98.028914436756835, 19.207539706729897 ], [ -98.028618779085903, 19.207457172233575 ], [ -98.028622223212452, 19.20709368123385 ], [ -98.02865513377931, 19.206700950458515 ], [ -98.028582520904081, 19.206410779825749 ], [ -98.02835309524248, 19.206264860155443 ], [ -98.028074614323288, 19.206165786867793 ], [ -98.028160947817682, 19.205903584755397 ], [ -98.028335990241899, 19.205706579237074 ], [ -98.028629280542532, 19.205624817542283 ], [ -98.028930083770717, 19.20536712581373 ], [ -98.029209473019122, 19.205271405493985 ], [ -98.029421546698856, 19.205112750645601 ], [ -98.029784450514796, 19.205096812917482 ], [ -98.02975989361785, 19.204712198712649 ], [ -98.029960382480184, 19.204541912010914 ], [ -98.030353500336631, 19.20455281866149 ], [ -98.030742636568064, 19.204291217548743 ], [ -98.030924623197649, 19.204101188077679 ], [ -98.031227175184227, 19.204028726375046 ], [ -98.031599276677952, 19.204024352731519 ], [ -98.031783726802772, 19.203831555481454 ], [ -98.032090944069608, 19.203762612704157 ], [ -98.032467760601321, 19.203760059873851 ], [ -98.032645094253283, 19.20356594194687 ], [ -98.032940694054105, 19.203486498276849 ], [ -98.033229884455807, 19.203217733585895 ], [ -98.033511925898623, 19.202948780572314 ], [ -98.033717508782701, 19.202685180027263 ], [ -98.034091972653428, 19.202681428751369 ], [ -98.034079059742098, 19.202224067027618 ], [ -98.034381836520993, 19.202143676710644 ], [ -98.034663873466712, 19.201874721888032 ], [ -98.034955390216609, 19.201607714673838 ], [ -98.035244572656708, 19.201338946723343 ], [ -98.035368878721812, 19.201082270550437 ], [ -98.035558595214312, 19.200872051985769 ], [ -98.035537700943934, 19.200524914469888 ], [ -98.035239573097286, 19.200445726372628 ], [ -98.035233156220826, 19.200092739762962 ], [ -98.035261017418961, 19.199708939839912 ], [ -98.035286462976558, 19.199326209272417 ], [ -98.035277581143816, 19.19897598998217 ], [ -98.034974576466652, 19.198900637539627 ], [ -98.034997574264068, 19.198520108342617 ], [ -98.034753365694741, 19.1983908008127 ], [ -98.03467588038346, 19.198103906100219 ], [ -98.034674411305303, 19.197744820895309 ], [ -98.03469008102401, 19.19737032921995 ], [ -98.034710680383128, 19.196990304046114 ], [ -98.03472878182734, 19.196614177643955 ], [ -98.034729793947307, 19.196251760360504 ], [ -98.034701326772961, 19.195919149861201 ], [ -98.034400794060758, 19.195841029712945 ], [ -98.03438953225556, 19.195490749218546 ], [ -98.034415012419601, 19.195106888948505 ], [ -98.034435546311585, 19.194729128373925 ], [ -98.034451117502456, 19.194358033373099 ], [ -98.0341407455482, 19.194290414242502 ], [ -98.034127003245587, 19.193943467071442 ], [ -98.034154998094422, 19.19355514308991 ], [ -98.034173133564025, 19.193177886525007 ], [ -98.034022087262784, 19.192960982212444 ], [ -98.033856302045763, 19.192758980979594 ], [ -98.033847506692794, 19.192405934927038 ], [ -98.033853417757342, 19.192039117627267 ], [ -98.033869089076262, 19.191664628580245 ], [ -98.033887225085806, 19.19128737289903 ], [ -98.033900513829593, 19.190912821572709 ], [ -98.033906408211976, 19.190546570804976 ], [ -98.033897612871968, 19.190193525685714 ], [ -98.03372695111959, 19.18999536092366 ], [ -98.033583319799135, 19.189769590736933 ], [ -98.033567345286116, 19.189417489838757 ], [ -98.03355634977018, 19.189058157870981 ], [ -98.03354791790494, 19.188692663988235 ], [ -98.03354438259332, 19.188322768456146 ], [ -98.03354329554837, 19.187950672184023 ], [ -98.03354700613562, 19.187577569550715 ], [ -98.033555431936705, 19.187206289954268 ], [ -98.033566157637736, 19.186837902533799 ], [ -98.033581516111937, 19.186474167537572 ], [ -98.033599075585713, 19.186116719978781 ], [ -98.033621135973107, 19.185768451855967 ], [ -98.033900547640371, 19.185670461573441 ], [ -98.033920007124436, 19.185165823395906 ], [ -98.033940540890654, 19.184788067363648 ], [ -98.033946369005264, 19.184424082779227 ], [ -98.033922769610115, 19.184088206776373 ], [ -98.03362715978696, 19.184005684391384 ], [ -98.033613436304194, 19.183658175549613 ], [ -98.033634069542941, 19.183277024978032 ], [ -98.033659549551288, 19.182893170423299 ], [ -98.033655618692066, 19.182536858483417 ], [ -98.033377182407534, 19.182437797775105 ], [ -98.033302223116479, 19.182146443421825 ], [ -98.033072816774876, 19.182001101014432 ], [ -98.032801709982678, 19.181896002544896 ], [ -98.032721905362322, 19.181607352213987 ], [ -98.032487538333285, 19.181468674257818 ], [ -98.032495900725465, 19.181099660927824 ], [ -98.032528711455001, 19.180709770835399 ], [ -98.032527248222124, 19.18035069305374 ], [ -98.032226685168467, 19.180274833525644 ], [ -98.032198309843693, 19.179939399517838 ], [ -98.032216448918078, 19.17956214931419 ], [ -98.032244396816026, 19.17917552996887 ], [ -98.03224784703751, 19.178811485252965 ], [ -98.032042895521272, 19.178645265027747 ], [ -98.031948339881311, 19.178372084022502 ], [ -98.031665362380721, 19.178101876393903 ], [ -98.031362439081263, 19.178025386830182 ], [ -98.031169730349646, 19.177848161369049 ], [ -98.031077641598912, 19.177572213368645 ], [ -98.031115401177317, 19.177176225939959 ], [ -98.030893399273893, 19.177022580961324 ], [ -98.030806191335387, 19.176742797278322 ], [ -98.030520474142392, 19.176648636857038 ], [ -98.030298424305172, 19.176496688715755 ], [ -98.030197139451133, 19.176209172523354 ], [ -98.030191907450842, 19.175816019031512 ], [ -98.030238142369171, 19.175456499078024 ], [ -98.03053603175033, 19.175378257187557 ], [ -98.030518443079046, 19.175000069294345 ], [ -98.030503203640905, 19.174623075974893 ], [ -98.030562213181227, 19.174315992488506 ], [ -98.030813677761074, 19.174194622494444 ], [ -98.031067474539512, 19.17407501236454 ], [ -98.031139217253923, 19.173739948623673 ], [ -98.031176975591578, 19.17334396299449 ], [ -98.031143675289954, 19.173014064957989 ], [ -98.030830922050299, 19.172948075700038 ], [ -98.030532791319317, 19.172871144389767 ], [ -98.030317926826342, 19.172718253213887 ], [ -98.030242880495337, 19.172430295940948 ], [ -98.030275778021178, 19.172037581035639 ], [ -98.030281615378414, 19.171673602139403 ], [ -98.029973761655455, 19.171603209596665 ], [ -98.029999167347825, 19.171222190357781 ], [ -98.029769700470339, 19.171079674169334 ], [ -98.029696939303236, 19.170795175072001 ], [ -98.02939889637733, 19.170715412381078 ], [ -98.029426833963257, 19.170329363516185 ], [ -98.029415554068521, 19.1699802250529 ], [ -98.029117480105356, 19.169901593618601 ], [ -98.029125867404858, 19.169532019713184 ], [ -98.029158701482487, 19.169141569881059 ], [ -98.029044491937967, 19.168888825748997 ], [ -98.028868901995253, 19.168697325563308 ], [ -98.0285633717519, 19.168629256549028 ], [ -98.028468830035933, 19.168356076638155 ], [ -98.028298302494946, 19.168154515713521 ], [ -98.02799044124923, 19.168084685288104 ], [ -98.027907926483351, 19.167807857657394 ], [ -98.027479983101102, 19.167850390271859 ], [ -98.027397700499549, 19.167565640323303 ], [ -98.027447773855513, 19.167156391350037 ], [ -98.027196400225591, 19.167029717628623 ], [ -98.02711444871295, 19.166733650508213 ], [ -98.027094373188191, 19.166359364466313 ], [ -98.027098496842655, 19.165972690878196 ], [ -98.027128260927626, 19.16560594672826 ], [ -98.027294121280022, 19.165395120288039 ], [ -98.027441189551169, 19.165174738208979 ], [ -98.027444586254518, 19.164812963158457 ], [ -98.027448015936585, 19.164450056538083 ], [ -98.027449063676542, 19.164087087364617 ], [ -98.027450094912666, 19.163724684211989 ], [ -98.027451126143276, 19.16336228121688 ], [ -98.027454588767782, 19.162998243503118 ], [ -98.027156646702124, 19.162915647818267 ], [ -98.027121999752282, 19.162550606854655 ], [ -98.027135782768653, 19.162159659001311 ], [ -98.027253384682481, 19.161886969247632 ], [ -98.027496423597455, 19.16172687715018 ], [ -98.027449965646696, 19.1613581280644 ], [ -98.02715933778498, 19.161270062067604 ], [ -98.02719710423122, 19.160874083351732 ], [ -98.026896620096977, 19.160797083257833 ], [ -98.027004297874086, 19.160537723921212 ], [ -98.027167572403798, 19.160333626510305 ], [ -98.027465315009067, 19.160259353121234 ], [ -98.027582518689002, 19.160000244380928 ], [ -98.027741192976976, 19.159790362461941 ], [ -98.028048378997113, 19.159719168095737 ], [ -98.028021535810979, 19.159331682444435 ], [ -98.028270708627844, 19.159206295146181 ], [ -98.028315804886375, 19.158885827253592 ], [ -98.028446620506614, 19.158650294689807 ], [ -98.028626250033355, 19.158457386354588 ], [ -98.028615698853741, 19.158083354999391 ], [ -98.028602848383017, 19.157706431824757 ], [ -98.028599277817321, 19.157338247468932 ], [ -98.02861186859883, 19.156988043731964 ], [ -98.028749711830343, 19.156756660526206 ], [ -98.028920042138637, 19.156555579506445 ], [ -98.028897878212817, 19.156171050147233 ], [ -98.028903471200806, 19.155815566095644 ], [ -98.029164199373355, 19.155702374297238 ], [ -98.029211558714437, 19.155385931170954 ], [ -98.029194075238124, 19.155004357046352 ], [ -98.029192835435694, 19.154637934153467 ], [ -98.029249539969953, 19.154327966574048 ], [ -98.029498620066207, 19.154205407285303 ], [ -98.029499678755073, 19.15384187670659 ], [ -98.029500737438283, 19.153478346286807 ], [ -98.029504111894994, 19.153117142127165 ], [ -98.029769449482941, 19.153009167707861 ], [ -98.029784533993848, 19.152655067379872 ], [ -98.029954857649656, 19.152453986183712 ], [ -98.030347759333736, 19.152467155592063 ], [ -98.030376572096898, 19.152132670500951 ], [ -98.030530617854325, 19.15191756960963 ], [ -98.030668386766621, 19.151688449482108 ], [ -98.030646218699786, 19.151303922630053 ], [ -98.030654139173507, 19.150950200817281 ], [ -98.03093343215042, 19.150853917677892 ], [ -98.03101090707483, 19.150567148912334 ], [ -98.031255396629803, 19.150438237574619 ], [ -98.031242473656462, 19.150063581505499 ], [ -98.031227267965662, 19.149685467831635 ], [ -98.031225973303052, 19.149320744860425 ], [ -98.031257181388284, 19.148985757664651 ], [ -98.031541051959522, 19.148895823312863 ], [ -98.031518931323575, 19.148509600322612 ], [ -98.03148981418947, 19.148118096896617 ], [ -98.031507143494039, 19.147768587946349 ], [ -98.031672827058486, 19.147562853883926 ], [ -98.032109746623604, 19.1476190819137 ], [ -98.032201474080594, 19.147333821174474 ], [ -98.032394911837983, 19.147157130645937 ], [ -98.032697386069515, 19.147082973375177 ], [ -98.032691488997031, 19.146712467787129 ], [ -98.032676329083813, 19.146332658230222 ], [ -98.032709815684683, 19.14600112967485 ], [ -98.032991363365198, 19.145908866886423 ], [ -98.032978600780964, 19.145528554498622 ], [ -98.033276340822837, 19.145453139266166 ], [ -98.0332750571893, 19.145087852320852 ], [ -98.033257547186565, 19.144706849247083 ], [ -98.033260927942422, 19.14434508296759 ], [ -98.033370945718517, 19.144086352689406 ], [ -98.033580620138224, 19.14392481174427 ], [ -98.033579269822027, 19.143561788873651 ], [ -98.033568706204122, 19.143187764569284 ], [ -98.033553560709024, 19.142807390864576 ], [ -98.033556891221039, 19.142447322953988 ], [ -98.033678485227256, 19.142200223085236 ], [ -98.033878844311744, 19.142031075614696 ], [ -98.0338752599055, 19.141662898330864 ], [ -98.033867027744179, 19.141290635056507 ], [ -98.033858812096724, 19.140917806100823 ], [ -98.033852879196218, 19.140548435007219 ], [ -98.033853893228624, 19.140186042072859 ], [ -98.033866501863216, 19.139834713435324 ], [ -98.033902299595923, 19.139505513208892 ], [ -98.034176820304381, 19.139408534333324 ], [ -98.034192599955219, 19.139030107955104 ], [ -98.03417874782042, 19.138687144694902 ], [ -98.03388326923789, 19.138603495614944 ], [ -98.033673547347973, 19.138439423800609 ], [ -98.033613279260067, 19.138135446194141 ], [ -98.033513853876983, 19.137866681005374 ], [ -98.033340893200844, 19.13766789978455 ], [ -98.033038025873168, 19.137592548989865 ], [ -98.032928829100356, 19.137332020790819 ], [ -98.032768156111032, 19.137120537710768 ], [ -98.032465323264645, 19.137044054125891 ], [ -98.03249086381841, 19.136657957694762 ], [ -98.032237094399605, 19.136533497766301 ], [ -98.032244936543023, 19.136264155654512 ], [ -98.032482469126407, 19.136127700672358 ], [ -98.032481187708115, 19.135762417829834 ], [ -98.032475242291028, 19.135393614824881 ], [ -98.032466981383749, 19.135022485979029 ], [ -98.032461085459275, 19.134651985772379 ], [ -98.032455140145018, 19.13428318326137 ], [ -98.032453875291196, 19.133917335389501 ], [ -98.032457208490811, 19.13355727136722 ], [ -98.032469869533287, 19.133204248130863 ], [ -98.032489411073129, 19.132860466409493 ], [ -98.032777927646805, 19.132773485950203 ], [ -98.032785857984678, 19.132419206088471 ], [ -98.032779928361435, 19.132049838743637 ], [ -98.032771683299572, 19.131678145572593 ], [ -98.032765819636168, 19.131306515192698 ], [ -98.032759873643343, 19.130937714185116 ], [ -98.032763271850712, 19.130575388089706 ], [ -98.032773566961197, 19.130221737635367 ], [ -98.03279545569211, 19.129879151419196 ], [ -98.03307701942876, 19.12978519274564 ], [ -98.033099187328645, 19.129432987384583 ], [ -98.033114820581133, 19.129059658239026 ], [ -98.033128121851533, 19.128684569123052 ], [ -98.033134081499924, 19.128316082392669 ], [ -98.033127755822292, 19.127960297032853 ], [ -98.033099405640172, 19.127624318454924 ], [ -98.032801438638188, 19.127545132466512 ], [ -98.032834400319146, 19.127149609027395 ], [ -98.032534003811108, 19.127072057448565 ], [ -98.032493880692513, 19.126731239272456 ], [ -98.032478690606169, 19.126352570536223 ], [ -98.032487527352799, 19.125967172370217 ], [ -98.0325195012054, 19.125605599999584 ], [ -98.032771038905722, 19.125478575486895 ], [ -98.0328462460661, 19.125187225242168 ], [ -98.032849643900533, 19.124824901666315 ], [ -98.03283445303839, 19.124446233840008 ], [ -98.032816963389635, 19.124064674380623 ], [ -98.032813431737239, 19.123694807558589 ], [ -98.032833003989623, 19.123349898076903 ], [ -98.033135425158918, 19.123275742060855 ], [ -98.033261798185478, 19.123027641818823 ], [ -98.03339964859164, 19.122794566340865 ], [ -98.033718242629092, 19.122737822569622 ], [ -98.033710357852584, 19.122353685262226 ], [ -98.033429564441732, 19.122257964223927 ], [ -98.033359522562392, 19.121880686684541 ], [ -98.033544649518205, 19.121660746211443 ], [ -98.033972258482933, 19.121706531615207 ], [ -98.034040564438342, 19.121406506771592 ], [ -98.034016076473137, 19.121019668535407 ], [ -98.033982360363765, 19.120622395043622 ], [ -98.034036708094462, 19.120310678288988 ], [ -98.034306658237099, 19.120205654547014 ], [ -98.03429143091337, 19.119828120654503 ], [ -98.03424605553343, 19.119422047296403 ], [ -98.034228579043059, 19.119039924491098 ], [ -98.034287523204185, 19.118733991774285 ], [ -98.034601559135908, 19.118669765390813 ], [ -98.035054594335648, 19.118742264415253 ], [ -98.035183110347717, 19.118502148174603 ], [ -98.035228143971892, 19.118182825626199 ], [ -98.035428597512436, 19.118009154351757 ], [ -98.035726391304976, 19.117929775967465 ], [ -98.035815512605907, 19.117651250679874 ], [ -98.036001908336786, 19.117469281651772 ], [ -98.036297319504158, 19.117389839620156 ], [ -98.036388688748488, 19.117115903400304 ], [ -98.0365799603738, 19.116930098085664 ], [ -98.036880049974286, 19.11685360925091 ], [ -98.036969085949295, 19.116577912804193 ], [ -98.037155544481948, 19.116393679261616 ], [ -98.037450952646267, 19.116314235074984 ], [ -98.037531005630811, 19.116019615843122 ], [ -98.037729055521339, 19.115846445251396 ], [ -98.038038386804658, 19.115779823524658 ], [ -98.038343120090957, 19.11570741778576 ], [ -98.038332677139906, 19.115328879770246 ], [ -98.038326799020638, 19.114957256968136 ], [ -98.038629116353789, 19.114885919849673 ], [ -98.038593040148371, 19.114487456153068 ], [ -98.038614845945418, 19.114147138946546 ], [ -98.038998376948513, 19.114150981816696 ], [ -98.03918014953021, 19.11396379211433 ], [ -98.039475551249396, 19.113884344198198 ], [ -98.039557667081482, 19.113600538046317 ], [ -98.039758042604419, 19.113429125305466 ], [ -98.040051160424454, 19.113346218822262 ], [ -98.040072995278578, 19.113004770217522 ], [ -98.04005087273589, 19.11261799941283 ], [ -98.04003333152788, 19.112237577923313 ], [ -98.040134016615582, 19.1119706811292 ], [ -98.040336654964904, 19.111803291267531 ], [ -98.0406367147352, 19.111727361266166 ], [ -98.040621437954513, 19.11135096355515 ], [ -98.040856587049845, 19.111212739525822 ], [ -98.040952885790503, 19.110932703476855 ], [ -98.041199560822946, 19.110807805500002 ], [ -98.04145316475639, 19.110690450362796 ], [ -98.041526029946098, 19.110396775221787 ], [ -98.041775199500506, 19.110267978074809 ], [ -98.042038227299557, 19.110154266921075 ], [ -98.042080893989322, 19.109833751432781 ], [ -98.04220474228481, 19.10958954606507 ], [ -98.042347194324194, 19.109361117781219 ], [ -98.042651927403341, 19.109288138077225 ], [ -98.042643656804003, 19.108916455703934 ], [ -98.042628456940463, 19.108537230348219 ], [ -98.042622518118705, 19.108167308259979 ], [ -98.042642030469423, 19.107823535660192 ], [ -98.042907285929175, 19.107714978232394 ], [ -98.042924564402213, 19.107366050888192 ], [ -98.043087751422291, 19.107161949370234 ], [ -98.043223253759379, 19.106926543644878 ], [ -98.043275210400822, 19.106614200464946 ], [ -98.043528919719193, 19.106492881658845 ], [ -98.04349967852373, 19.106104795412705 ], [ -98.043567873574361, 19.105807601066633 ], [ -98.04384578439921, 19.105673326568191 ], [ -98.043536496592395, 19.10557517942626 ], [ -98.043510539167244, 19.105238142735821 ], [ -98.043501658764612, 19.104887397742672 ], [ -98.04349773728363, 19.104529987915544 ], [ -98.043501139145761, 19.104166541540543 ], [ -98.043509417716521, 19.103799259466868 ], [ -98.043520159235726, 19.103429210892845 ], [ -98.043530917120819, 19.103058596661615 ], [ -98.043541642099186, 19.102689114242668 ], [ -98.043547539618956, 19.102321770375241 ], [ -98.043548478327381, 19.101961091636028 ], [ -98.043341264138107, 19.101794273887826 ], [ -98.043246739158491, 19.10152112529039 ], [ -98.043269779570664, 19.101137810322232 ], [ -98.043069955846818, 19.100962692413301 ], [ -98.042975366282377, 19.100691807208246 ], [ -98.042699405478004, 19.100595099219358 ], [ -98.042474871542439, 19.100450476148612 ], [ -98.042397458500915, 19.100162487580821 ], [ -98.042383770390984, 19.099813317211645 ], [ -98.042384712160811, 19.099452639581919 ], [ -98.04239300988128, 19.09908479385815 ], [ -98.042403819772574, 19.098712484208807 ], [ -98.042417010386956, 19.098340237197487 ], [ -98.042427754440979, 19.097970191162322 ], [ -98.042433589045331, 19.097605112727713 ], [ -98.042187189829789, 19.097475204646226 ], [ -98.042117151381959, 19.0971794829338 ], [ -98.042132739815187, 19.096806733298795 ], [ -98.042153336097542, 19.096425621503212 ], [ -98.042122490914338, 19.096092989928717 ], [ -98.041841778541112, 19.095996155964677 ], [ -98.041847598199695, 19.095631644249433 ], [ -98.041865617211513, 19.095257260371579 ], [ -98.041717245040985, 19.095033662027141 ], [ -98.041580990564611, 19.0948030203879 ], [ -98.041567288652345, 19.094454418043547 ], [ -98.041560926109199, 19.094099213494548 ], [ -98.041561837153722, 19.093739670016312 ], [ -98.04156526033816, 19.093375662648867 ], [ -98.041571129917557, 19.09300945466191 ], [ -98.041579462302934, 19.092640480242316 ], [ -98.041590175319001, 19.09227156847092 ], [ -98.041598524038633, 19.091902028567464 ], [ -98.041606823420622, 19.091534186275176 ], [ -98.041612676378364, 19.091168544924631 ], [ -98.041623471342149, 19.090796804741593 ], [ -98.041332951861037, 19.090709905188611 ], [ -98.041297135071744, 19.090384506377013 ], [ -98.041327436013418, 19.089997423675989 ], [ -98.041333338949542, 19.0896300855817 ], [ -98.041028209712621, 19.089554126918937 ], [ -98.041061039749607, 19.089162014835665 ], [ -98.040768127056609, 19.089075617691194 ], [ -98.040744609531288, 19.088736952362279 ], [ -98.040735786620417, 19.088384516826473 ], [ -98.040739162573729, 19.088022209295818 ], [ -98.040747496905695, 19.087653237169892 ], [ -98.040760690972036, 19.087280995328584 ], [ -98.040771487950849, 19.086909256972273 ], [ -98.040782186269055, 19.08654091365268 ], [ -98.040795462300693, 19.086165843258666 ], [ -98.040490275376612, 19.086092147073902 ], [ -98.040398213296584, 19.08581680118181 ], [ -98.040222812997655, 19.085621938594279 ], [ -98.039924933644002, 19.08554277071822 ], [ -98.039898956085025, 19.085206873263946 ], [ -98.039919491110666, 19.084828030413238 ], [ -98.039935166323971, 19.084452457578784 ], [ -98.039799040497442, 19.084217856643551 ], [ -98.039631080589984, 19.084012996706704 ], [ -98.039610358240239, 19.083660250577122 ], [ -98.039599552586594, 19.083294175232378 ], [ -98.039593738148142, 19.082920303754165 ], [ -98.039595147447159, 19.08254379094366 ], [ -98.039606029418294, 19.082169225783435 ], [ -98.039623839113418, 19.081802203836265 ], [ -98.039648428540076, 19.081447817359543 ], [ -98.039774668766043, 19.081202553339793 ], [ -98.039970416250043, 19.081024798185585 ], [ -98.039978407073249, 19.080667711213007 ], [ -98.03996551605529, 19.080291390202159 ], [ -98.039948012116454, 19.079909852088335 ], [ -98.039937435961534, 19.079535857157598 ], [ -98.039952420197565, 19.079184050615769 ], [ -98.040206015695333, 19.079065004684139 ], [ -98.040281132067733, 19.0787753646214 ], [ -98.040546365768023, 19.078665683581335 ], [ -98.040561233302554, 19.078317837993971 ], [ -98.040573851803245, 19.077965403612321 ], [ -98.040584204852877, 19.077608946248152 ], [ -98.040587515208912, 19.0772489067182 ], [ -98.040590891280473, 19.076886604128134 ], [ -98.04058958869939, 19.076521347682661 ], [ -98.040588318991624, 19.076154959792255 ], [ -98.040584718202567, 19.07578681215757 ], [ -98.04057873705186, 19.075418602191913 ], [ -98.040575136308121, 19.075050454889343 ], [ -98.040571535583823, 19.074682307752813 ], [ -98.040567885579847, 19.074315858191195 ], [ -98.040566566651933, 19.073951168699331 ], [ -98.040565149133286, 19.073589874185139 ], [ -98.040343272348068, 19.073437393980949 ], [ -98.040253599449969, 19.073162114768412 ], [ -98.040249654525894, 19.072805850315493 ], [ -98.040267674908577, 19.072431477082684 ], [ -98.040285793795931, 19.072053709211641 ], [ -98.040294062643213, 19.071687007530272 ], [ -98.040059942560902, 19.071546096579059 ], [ -98.03997762606032, 19.071263649945877 ], [ -98.039976078649332, 19.070906883021344 ], [ -98.039991735671578, 19.070531882387382 ], [ -98.04001223535991, 19.070154177935759 ], [ -98.040018075240752, 19.069789112018004 ], [ -98.039791247463398, 19.069643296297457 ], [ -98.039738153403022, 19.069338968322604 ], [ -98.039645824735842, 19.06907324620979 ], [ -98.039458249850327, 19.068888258557458 ], [ -98.039160506122755, 19.06880569600137 ], [ -98.039178676909771, 19.068426232548465 ], [ -98.038971486144717, 19.068260547237717 ], [ -98.038881885177105, 19.067983005765335 ], [ -98.038804498154079, 19.06769502679235 ], [ -98.038592466267588, 19.067532045050932 ], [ -98.03859835915803, 19.067165282970397 ], [ -98.038207490762147, 19.067172567657053 ], [ -98.038037075351255, 19.06697104247764 ], [ -98.037736890663723, 19.066890677959321 ], [ -98.037625246190345, 19.066634073631587 ], [ -98.037246592868897, 19.066630918389617 ], [ -98.036882681448006, 19.06661229520482 ], [ -98.036785780674535, 19.066340223354963 ], [ -98.036612905945191, 19.066141463200601 ], [ -98.036312641674598, 19.066063924913589 ], [ -98.036208371493515, 19.065799586336727 ], [ -98.036050207256082, 19.065586490353979 ], [ -98.035740094663637, 19.065520016635297 ], [ -98.03577030714267, 19.065136341619134 ], [ -98.035526303778553, 19.065008187782624 ], [ -98.035473319758751, 19.064700465265258 ], [ -98.035371383073908, 19.064437886516032 ], [ -98.035193686634187, 19.064241263224442 ], [ -98.034891030717091, 19.064164225502683 ], [ -98.03478669892111, 19.063902149740553 ], [ -98.03463098510511, 19.063686852174499 ], [ -98.034318464436694, 19.063621444687879 ], [ -98.034329474594031, 19.063242928040811 ], [ -98.034325825211837, 19.06287704927016 ], [ -98.034618837679758, 19.062794158461699 ], [ -98.034596722293728, 19.062407976387032 ], [ -98.03461866138575, 19.062063155066902 ], [ -98.034916349939763, 19.061983217912069 ], [ -98.034910417609026, 19.061613882376104 ], [ -98.034895162246102, 19.061237507146625 ], [ -98.034886981520572, 19.060863583019167 ], [ -98.034890290056225, 19.060504116809753 ], [ -98.034919072250261, 19.060169668274888 ], [ -98.035207433493397, 19.060082690881632 ], [ -98.035189912552795, 19.059702293265101 ], [ -98.035179351013426, 19.059328307278999 ], [ -98.035266137309449, 19.059046910721243 ], [ -98.035501168743053, 19.05890983546308 ], [ -98.035497582141986, 19.058541695505603 ], [ -98.035489350569932, 19.058169470024787 ], [ -98.035481119042814, 19.057797244714074 ], [ -98.03547520181678, 19.057427345312284 ], [ -98.035477609319983, 19.057262637678157 ], [ -98.034509040543455, 19.051009304446829 ], [ -98.034027890284648, 19.047898872314939 ], [ -98.0343253555031, 19.044713806716199 ], [ -98.032564323564685, 19.042046475548847 ], [ -98.032462356080771, 19.03924840474691 ], [ -98.031060123762217, 19.036939863757318 ], [ -98.030581562147148, 19.034481244261663 ], [ -98.03010692051312, 19.032052176209824 ], [ -98.03018458030472, 19.031102429323145 ], [ -98.030122645703628, 19.030939429989925 ], [ -98.029939878896002, 19.030755130292281 ], [ -98.0299408366199, 19.030395049123545 ], [ -98.029542736677669, 19.030408912296497 ], [ -98.029387019952068, 19.030195315531255 ], [ -98.029081964420925, 19.03012160134643 ], [ -98.028982412510658, 19.029860223703455 ], [ -98.028797302065342, 19.029674728649979 ], [ -98.028786101318545, 19.029323386897421 ], [ -98.028782204089509, 19.028966575635966 ], [ -98.028783197809815, 19.028605363733455 ], [ -98.028789049487827, 19.028240882734675 ], [ -98.028794983515979, 19.027873573054165 ], [ -98.028805726019883, 19.027504691592132 ], [ -98.028816517893972, 19.027134112991938 ], [ -98.028827293233419, 19.026764100329761 ], [ -98.028835688994221, 19.026394025158105 ], [ -98.028846431271518, 19.026025144370191 ], [ -98.028852332097188, 19.025658967232388 ], [ -98.028855771011635, 19.025295556419731 ], [ -98.028854335588633, 19.02493598078501 ], [ -98.028848009390927, 19.024580806089798 ], [ -98.028836759504813, 19.024231163861099 ], [ -98.028548785897939, 19.024143743724832 ], [ -98.028527887100978, 19.023798377061723 ], [ -98.028512109839468, 19.0234406890565 ], [ -98.02850137169284, 19.023073508556305 ], [ -98.028497936739996, 19.022700858617998 ], [ -98.028499326611467, 19.02232607115797 ], [ -98.028507821849416, 19.021952603452814 ], [ -98.028520977053034, 19.021582655875591 ], [ -98.028538660373115, 19.021220754536529 ], [ -98.02856078939476, 19.020869728244666 ], [ -98.028756497864734, 19.020690869338626 ], [ -98.028866786909816, 19.020419734687135 ], [ -98.028887408719655, 19.020038660539861 ], [ -98.02889818330631, 19.019668651132072 ], [ -98.02886737132421, 19.019336614045194 ], [ -98.028553086394936, 19.019253596862395 ], [ -98.02878909395146, 19.019080895736973 ], [ -98.028893330801438, 19.018772233223309 ], [ -98.028793985237272, 19.018504069985855 ], [ -98.02856236416703, 19.018362647361915 ], [ -98.028602482827694, 19.017966234341056 ], [ -98.02852015647693, 19.01768606319645 ], [ -98.028293477058909, 19.017538542287397 ], [ -98.028311473521129, 19.017165893322069 ], [ -98.027928050704517, 19.01716768136404 ], [ -98.027740546602757, 19.016983256767187 ], [ -98.027457561953682, 19.016888605826015 ], [ -98.027152471296134, 19.016817152001124 ], [ -98.026955204090342, 19.016640962107854 ], [ -98.026856061683631, 19.01636600917276 ], [ -98.026833250549089, 19.016004741603862 ], [ -98.026822847166414, 19.015626249168605 ], [ -98.026829181529862, 19.015245367076425 ], [ -98.026849495076917, 19.014875045097227 ], [ -98.026883342668484, 19.014530558721336 ], [ -98.027178651604814, 19.014447184271241 ], [ -98.027182028770156, 19.014086041597121 ], [ -98.027183059581702, 19.013723704863256 ], [ -98.027184106868972, 19.013360802533942 ], [ -98.02718751695528, 19.012998528830693 ], [ -98.027179310805579, 19.012626323880987 ], [ -98.027161834827055, 19.012245381916848 ], [ -98.027322733660156, 19.012035035299132 ], [ -98.027476609559429, 19.01182054016359 ], [ -98.027475359190973, 19.011454747205292 ], [ -98.027471795495558, 19.011086628685547 ], [ -98.02746588553272, 19.010717316121404 ], [ -98.02745999208156, 19.010347437970115 ], [ -98.02745644493622, 19.009978754201072 ], [ -98.027452831891509, 19.009612333626269 ], [ -98.027453911388719, 19.009248301640763 ], [ -98.027459617472275, 19.00888892126417 ], [ -98.0274699171473, 19.008535324000746 ], [ -98.027487189581393, 19.00818757254034 ], [ -98.027659616589972, 19.007989986730305 ], [ -98.027778788156525, 19.007740606629813 ], [ -98.028142056899725, 19.007694125907712 ], [ -98.028553986937936, 19.00769365527907 ], [ -98.028919262634105, 19.00774177913917 ], [ -98.029001484965121, 19.008025341129962 ], [ -98.029357936709005, 19.008049451525011 ], [ -98.029743729549082, 19.008047156774968 ], [ -98.030141780682342, 19.008032727701345 ], [ -98.030534974530539, 19.00802156680939 ], [ -98.030920767271937, 19.008019269047836 ], [ -98.031316340218225, 19.00800816876275 ], [ -98.031711913100139, 19.007997067440026 ], [ -98.032095293631286, 19.007995835552808 ], [ -98.032461460154281, 19.008013400045055 ], [ -98.032634304548452, 19.008210453393897 ], [ -98.032917258330244, 19.008305659353564 ], [ -98.033229602239473, 19.008372762533334 ], [ -98.03336815194065, 19.008602883985166 ], [ -98.033761281354728, 19.008593977696787 ], [ -98.034169080829301, 19.008571867792192 ], [ -98.034344570828281, 19.008759929808395 ], [ -98.034632482774484, 19.008848468717328 ], [ -98.034717047521795, 19.009133787838024 ], [ -98.034897182308328, 19.009325934809468 ], [ -98.035182568552855, 19.009419501961226 ], [ -98.035551184306314, 19.009434858530554 ], [ -98.035936882293299, 19.009435942472766 ], [ -98.036329997497546, 19.009427595234946 ], [ -98.036723194859533, 19.009416418186625 ], [ -98.037109172276317, 19.009407881259015 ], [ -98.037209836510286, 19.009139322909665 ], [ -98.037562947806137, 19.009114633750315 ], [ -98.0379669555048, 19.009141106123035 ], [ -98.038067502804523, 19.008876507588528 ], [ -98.038413672818109, 19.008844839767772 ], [ -98.038810788712141, 19.008862635938343 ], [ -98.039205640505969, 19.008876408250774 ], [ -98.039285380201136, 19.008590313365509 ], [ -98.03949503652953, 19.008422001949238 ], [ -98.039790275248251, 19.008340300704766 ], [ -98.039870062687797, 19.008052508431856 ], [ -98.040067854310095, 19.007882752303605 ], [ -98.040363058666912, 19.007802181505195 ], [ -98.040386698978111, 19.008464110150928 ], [ -98.040390330307631, 19.008831095647295 ], [ -98.040340652117635, 19.009147988787753 ], [ -98.040077949063914, 19.009257156789868 ], [ -98.040081448165822, 19.009628668717415 ], [ -98.039781645506935, 19.009703456562132 ], [ -98.039808492650849, 19.010090869210714 ], [ -98.039550447263522, 19.01020355597835 ], [ -98.039507690780496, 19.010527991767596 ], [ -98.039511237651283, 19.010897807020974 ], [ -98.039248415547831, 19.011010934125633 ], [ -98.03920567452451, 19.011334804396661 ], [ -98.039220870474864, 19.011713418982119 ], [ -98.039231439407317, 19.0120873826435 ], [ -98.039218839963482, 19.012439222481106 ], [ -98.039060321851153, 19.012650210173739 ], [ -98.038922641711167, 19.012881562014847 ], [ -98.038866050810995, 19.01319034807204 ], [ -98.038597511998816, 19.013336163412863 ], [ -98.038860854604707, 19.013451226003124 ], [ -98.038923705094589, 19.013746731171274 ], [ -98.039206724043666, 19.013840228703042 ], [ -98.03917389037224, 19.01423286972809 ], [ -98.03948141015087, 19.014302664227518 ], [ -98.039607701944504, 19.014545481599811 ], [ -98.039760889623579, 19.014764093005812 ], [ -98.039781946909386, 19.015104928142033 ], [ -98.040038073797149, 19.015222630222191 ], [ -98.040042000075317, 19.01557943510171 ], [ -98.040038574778649, 19.015943407543787 ], [ -98.040027847132663, 19.016312850270626 ], [ -98.040014575788746, 19.016687888291095 ], [ -98.039994051284566, 19.017066699320274 ], [ -98.039971065153892, 19.0174482768386 ], [ -98.039948029608169, 19.017831551824692 ], [ -98.039922581692508, 19.018215896014215 ], [ -98.039897150062529, 19.018599674619185 ], [ -98.03987413054395, 19.018982384378322 ], [ -98.039853572445736, 19.019362327997797 ], [ -98.039835492219225, 19.019738939709995 ], [ -98.039824681576746, 19.020111212990482 ], [ -98.03981643102378, 19.020477325529477 ], [ -98.039817878866941, 19.020837464833694 ], [ -98.039826695037505, 19.021189871092822 ], [ -98.039845291890913, 19.021533475267894 ], [ -98.039873702356687, 19.021867145811505 ], [ -98.039911942930118, 19.022190316939341 ], [ -98.039964821874975, 19.022501416336553 ], [ -98.040066653918259, 19.022766807211898 ], [ -98.040376638567338, 19.022834400059185 ], [ -98.040828541812687, 19.022770964156361 ], [ -98.041309868635437, 19.022678291035 ], [ -98.041712835117011, 19.022659995745997 ], [ -98.041783113597845, 19.022946072487759 ], [ -98.042200735263904, 19.022915138086944 ], [ -98.042280532782115, 19.023201464556887 ], [ -98.042651664559315, 19.023213471892362 ], [ -98.043027719511528, 19.023219945548139 ], [ -98.043408681178576, 19.023221451254813 ], [ -98.043792120806842, 19.023219623835743 ], [ -98.044182813723538, 19.023214022376767 ], [ -98.044573572249206, 19.023206156834842 ], [ -98.044966759427552, 19.023196655401069 ], [ -98.045359979365131, 19.023186021406651 ], [ -98.04575559511855, 19.023174883030631 ], [ -98.046148814931868, 19.023164246979526 ], [ -98.046542001879658, 19.023154741438958 ], [ -98.046932760099395, 19.023146869784259 ], [ -98.047323452678626, 19.023141260188787 ], [ -98.047706908426136, 19.02313885704757 ], [ -98.048087869918149, 19.02314035093293 ], [ -98.048466304399014, 19.023146873399909 ], [ -98.048835073491503, 19.02315823737964 ], [ -98.049201282870413, 19.023175761550583 ], [ -98.049557777772861, 19.023199824646191 ], [ -98.049906904943384, 19.023231620618347 ], [ -98.050077299632633, 19.023432555733248 ], [ -98.04996366123099, 19.023902919834033 ], [ -98.050141359185275, 19.024098384389848 ], [ -98.050554190732811, 19.024068433663668 ], [ -98.05098405535071, 19.024025905425493 ], [ -98.051183907593924, 19.024196470132253 ], [ -98.051136550398908, 19.024598362938253 ], [ -98.051441572728734, 19.024673163542722 ], [ -98.051413792797604, 19.025056884844979 ], [ -98.051420177776066, 19.025412058798942 ], [ -98.051725267604539, 19.025484595825002 ], [ -98.051682867174208, 19.025879824835506 ], [ -98.051990370471387, 19.025951292144555 ], [ -98.052011443663517, 19.026292696079501 ], [ -98.051981203570179, 19.026679184799107 ], [ -98.051960678036593, 19.027059133698845 ], [ -98.052062536822376, 19.027324517973547 ], [ -98.052274538680621, 19.027486906920561 ], [ -98.052273607177824, 19.02784811847209 ], [ -98.052671746462408, 19.027832498021528 ], [ -98.052834799397289, 19.028040599295199 ], [ -98.053137385293397, 19.028117597577037 ], [ -98.053422888862855, 19.028208869300951 ], [ -98.053642228892599, 19.028364654108135 ], [ -98.053991452094138, 19.028393611965775 ], [ -98.054095940970299, 19.028650570999901 ], [ -98.054484236708078, 19.028646012078351 ], [ -98.05457630500436, 19.028920764217933 ], [ -98.0549376895992, 19.028940978901939 ], [ -98.055108098831852, 19.029141909755356 ], [ -98.055420468636939, 19.029210100249074 ], [ -98.055798985766074, 19.029214341270805 ], [ -98.056179931589284, 19.029216946270289 ], [ -98.056560910149585, 19.029218418761051 ], [ -98.056941905077792, 19.029219324516095 ], [ -98.057322900011059, 19.02922022930856 ], [ -98.057706290888632, 19.029220629588352 ], [ -98.058087269475678, 19.029222098223016 ], [ -98.058470594947337, 19.029224759653204 ], [ -98.058853838675162, 19.029230248976358 ], [ -98.059118895696969, 19.029122805073353 ], [ -98.059302923288044, 19.028935107089854 ], [ -98.059681537864378, 19.028935943724999 ], [ -98.060083343408763, 19.028958334884063 ], [ -98.060478729525215, 19.028955644402785 ], [ -98.060881744663988, 19.028936166199788 ], [ -98.061142723918564, 19.029052261477414 ], [ -98.061318048674565, 19.029248217715402 ], [ -98.061699043717368, 19.029249111451762 ], [ -98.061680908118618, 19.029629690818769 ], [ -98.061917521573392, 19.029764965342842 ], [ -98.061972865922925, 19.030074990550542 ], [ -98.06208447725848, 19.030333262601673 ], [ -98.062245102584271, 19.030543555289864 ], [ -98.062557544513254, 19.030609468019023 ], [ -98.062659540921388, 19.030870885878187 ], [ -98.062820086089275, 19.031084006969948 ], [ -98.063125161997746, 19.031157652992476 ], [ -98.063236890738025, 19.031411964108973 ], [ -98.063368359251641, 19.031642443943511 ], [ -98.063678408279728, 19.031708858081796 ], [ -98.06405448764832, 19.031715279368754 ], [ -98.064450126610765, 19.031704091829184 ], [ -98.064848226773364, 19.031690136483277 ], [ -98.065234069546605, 19.031688316633371 ], [ -98.065617353116238, 19.031692657232828 ], [ -98.065713446942794, 19.031416027365953 ], [ -98.066078247713094, 19.031400633639993 ], [ -98.066479996286233, 19.03142527092692 ], [ -98.066571312614116, 19.031149082210774 ], [ -98.066947619033215, 19.031147575419261 ], [ -98.067342521856602, 19.031161840205215 ], [ -98.067408313142479, 19.030862337264463 ], [ -98.067536705719846, 19.030621653572332 ], [ -98.067695249611049, 19.030408933911314 ], [ -98.067716953048262, 19.03006921338439 ], [ -98.067989061949419, 19.029964768849663 ], [ -98.068207793646494, 19.02981193720596 ], [ -98.068303701455832, 19.029541529855031 ], [ -98.068666166260584, 19.029524370524417 ], [ -98.069037872083314, 19.029517076672036 ], [ -98.06941650464185, 19.029517323091564 ], [ -98.069802112918183, 19.029523412406281 ], [ -98.070190019298877, 19.029532391635865 ], [ -98.070580272718487, 19.02954256343774 ], [ -98.070968162903327, 19.029552106440839 ], [ -98.071353755047269, 19.029558757563198 ], [ -98.071704549719442, 19.029533360038805 ], [ -98.071823871446298, 19.029276583386515 ], [ -98.071984737782643, 19.029065618895256 ], [ -98.072291492242854, 19.028998306273252 ], [ -98.072398963377992, 19.028739522046862 ], [ -98.072571269824806, 19.028544708711106 ], [ -98.072551399525324, 19.028159742084739 ], [ -98.072556954986538, 19.027801483119344 ], [ -98.07280123411887, 19.02767082650357 ], [ -98.072857640146481, 19.027365982579013 ], [ -98.072846945250248, 19.026993145731534 ], [ -98.073088826816132, 19.026862992570052 ], [ -98.073138305035499, 19.026550607854276 ], [ -98.073262022115344, 19.026306401977838 ], [ -98.073434422001355, 19.026108193606728 ], [ -98.073737535258189, 19.026084380822546 ], [ -98.073839451973541, 19.02634918429089 ], [ -98.074252268836503, 19.026319734377015 ], [ -98.074327246238454, 19.026610447353722 ], [ -98.074700851076571, 19.026619608955816 ], [ -98.075113668571959, 19.026590156673954 ], [ -98.075462761524278, 19.026623590931841 ], [ -98.075554903275915, 19.02689719802412 ], [ -98.075965244194023, 19.026871076101205 ], [ -98.076316799020049, 19.026901741460176 ], [ -98.076416260404685, 19.027169310395553 ], [ -98.076797233460354, 19.02717073175862 ], [ -98.077207574963424, 19.027144606446299 ], [ -98.077591008882848, 19.027143258849364 ], [ -98.077714854384752, 19.027391078228035 ], [ -98.078024835644825, 19.027459725617298 ], [ -98.078124496046669, 19.027720504317404 ], [ -98.078537299864621, 19.027691608397522 ], [ -98.078612303423157, 19.027981753963505 ], [ -98.079007962896114, 19.027969396733582 ], [ -98.079437879726342, 19.027925089854886 ], [ -98.07974294127483, 19.027999267745699 ], [ -98.079710188356273, 19.028393056038016 ], [ -98.079692184452341, 19.028770808287184 ], [ -98.079987469460562, 19.028853790662936 ], [ -98.080343870788184, 19.028881741574715 ], [ -98.080736990518332, 19.028874975683845 ], [ -98.081149715980544, 19.028848901449141 ], [ -98.08156253883007, 19.028819431431881 ], [ -98.081958346768403, 19.028801974467481 ], [ -98.082047250416508, 19.028525715439407 ], [ -98.082411944087113, 19.028513676909736 ], [ -98.082816115443762, 19.028536635095001 ], [ -98.082912285928714, 19.028256034925445 ], [ -98.083297826239061, 19.028264352823076 ], [ -98.083433148306767, 19.028030065359225 ], [ -98.083765403906867, 19.027986606255766 ], [ -98.084011857237442, 19.027862782564739 ], [ -98.084232914685217, 19.02771112143494 ], [ -98.084599888084597, 19.027702534081492 ], [ -98.084505364327114, 19.027428304667918 ], [ -98.084289556079199, 19.027231325176867 ], [ -98.084590696495184, 19.027193284370806 ], [ -98.08496912771065, 19.027200281038201 ], [ -98.085352415534899, 19.027204005680289 ], [ -98.085735817060154, 19.02720376892351 ], [ -98.086031020002707, 19.027123672556876 ], [ -98.086182473509126, 19.026907920181717 ], [ -98.086588922879443, 19.026934324632133 ], [ -98.086666242897593, 19.026646439191087 ], [ -98.086877972051326, 19.02648773805371 ], [ -98.087163963031287, 19.026396642773662 ], [ -98.087243628605577, 19.02610995053541 ], [ -98.087448444895784, 19.025943142592688 ], [ -98.087741329492715, 19.025860718152806 ], [ -98.087818646470055, 19.025572832504363 ], [ -98.088025889471396, 19.025404388314495 ], [ -98.088321152091197, 19.025322024548096 ], [ -98.08840083083436, 19.025034766307069 ], [ -98.088600982420402, 19.024864438902775 ], [ -98.088896227297511, 19.024782639839096 ], [ -98.088987704729803, 19.024499084773691 ], [ -98.089173869784304, 19.024318202427139 ], [ -98.089478290469472, 19.024248530422259 ], [ -98.089863917187898, 19.024253436851858 ], [ -98.090242518948045, 19.024254196753688 ], [ -98.090338460269493, 19.023980948390658 ], [ -98.090704033102782, 19.023937772351676 ], [ -98.091118342794985, 19.023938889808807 ], [ -98.091478876372634, 19.023988437009098 ], [ -98.091558777955157, 19.024274737766849 ], [ -98.091964186755334, 19.024254106752132 ], [ -98.09233780253345, 19.024262658858486 ], [ -98.092417933047201, 19.02454103842539 ], [ -98.092600613815108, 19.024730918704659 ], [ -98.092905691586651, 19.024804503899759 ], [ -98.093203550074307, 19.024880732366896 ], [ -98.093383933904462, 19.025067721243222 ], [ -98.093471189412554, 19.025346851282741 ], [ -98.09385453708461, 19.025348291208516 ], [ -98.094255124847649, 19.025329793800147 ], [ -98.094645837914598, 19.025323495809111 ], [ -98.094919109294793, 19.025426827492165 ], [ -98.095079747057866, 19.025638215471929 ], [ -98.09547295390351, 19.025628016544694 ], [ -98.095552881029022, 19.025913749993478 ], [ -98.095968103817967, 19.02588317072377 ], [ -98.096047983538881, 19.026170601326601 ], [ -98.096404316361827, 19.026200777289755 ], [ -98.096809843511096, 19.026176172770803 ], [ -98.096871213445809, 19.025862391242153 ], [ -98.096985822667378, 19.025602077993558 ], [ -98.097389033160553, 19.025575147232157 ], [ -98.097770438727252, 19.02564447021372 ], [ -98.097857703580758, 19.025923597914684 ], [ -98.098219086632525, 19.025943708802394 ], [ -98.098612294123996, 19.025933501685458 ], [ -98.099012802036313, 19.025917820502286 ], [ -98.099398547098474, 19.025918742131221 ], [ -98.099758667357108, 19.025899749253554 ], [ -98.099876281704709, 19.025617430116835 ], [ -98.100026098576961, 19.025874394463955 ], [ -98.100331053476879, 19.025952490945983 ], [ -98.100736465936009, 19.025931836304586 ], [ -98.100892993656657, 19.025704311277369 ], [ -98.101192797949977, 19.025629400441982 ], [ -98.101300243947151, 19.025369465154682 ], [ -98.10147261807731, 19.025170659188145 ], [ -98.101767775030709, 19.025091663768492 ], [ -98.101882325741656, 19.024833044372578 ], [ -98.102045439007185, 19.024624939382118 ], [ -98.102349902313449, 19.024553544042025 ], [ -98.10245496574106, 19.024293546760639 ], [ -98.102829002671896, 19.024287362732071 ], [ -98.10323080158733, 19.024309638796804 ], [ -98.103488821025763, 19.024196841082311 ], [ -98.103709867039896, 19.024044586318038 ], [ -98.103801103041405, 19.023768377595779 ], [ -98.104061452000295, 19.023657337795932 ], [ -98.10428479519193, 19.0235079726538 ], [ -98.104373666333146, 19.023231136507178 ], [ -98.104643289374309, 19.023128828333338 ], [ -98.104855008310878, 19.022969536875543 ], [ -98.10492081023709, 19.02266662598019 ], [ -98.104912423714367, 19.022293289294737 ], [ -98.105166842420289, 19.022139630346164 ], [ -98.10522182952991, 19.022465478398281 ], [ -98.105394781170631, 19.022663017630176 ], [ -98.105489392093929, 19.022935535003214 ], [ -98.105420020405859, 19.023363482373309 ], [ -98.105605194144033, 19.02355001344305 ], [ -98.105949414679017, 19.02358721448703 ], [ -98.106349963320369, 19.023569816539101 ], [ -98.106772508897848, 19.023532602679087 ], [ -98.107180405748821, 19.023508031801899 ], [ -98.107522166355082, 19.023547996685192 ], [ -98.107646111415349, 19.023794093047059 ], [ -98.107760328935058, 19.024047298726813 ], [ -98.108131468738833, 19.024059144918127 ], [ -98.108336232241541, 19.024226927852045 ], [ -98.10858256211408, 19.02435671618559 ], [ -98.108958591020581, 19.024364156982479 ], [ -98.109349365207464, 19.024355557800941 ], [ -98.109749851111033, 19.024340413907456 ], [ -98.110145497191368, 19.024327975037682 ], [ -98.110528906720674, 19.024327109471226 ], [ -98.110890255138827, 19.024348321504331 ], [ -98.110965293405584, 19.024639581319885 ], [ -98.111234438565106, 19.024470438259904 ], [ -98.110990582295202, 19.024337320968076 ], [ -98.110917955927647, 19.024044991106749 ], [ -98.110627502231296, 19.02395936369156 ], [ -98.110660003466563, 19.023571228610354 ], [ -98.110643559046594, 19.02322939105289 ], [ -98.110353187946316, 19.023140934322186 ], [ -98.110344157166864, 19.022789662924115 ], [ -98.110362075395315, 19.022411909827724 ], [ -98.110389688957937, 19.022028178958479 ], [ -98.110400242617956, 19.021658162872384 ], [ -98.110364327626755, 19.021331110849893 ], [ -98.110073880056717, 19.021245482656905 ], [ -98.110108906924708, 19.020852318440845 ], [ -98.10979638368741, 19.020789333896637 ], [ -98.109670025743242, 19.020544310363608 ], [ -98.109509306807041, 19.020335202354755 ], [ -98.109554094951335, 19.01993379774623 ], [ -98.109564666856201, 19.019563216909198 ], [ -98.109330532424465, 19.019423554096043 ], [ -98.10894223251475, 19.019429385730231 ], [ -98.108820684656152, 19.019182787411953 ], [ -98.108684473226262, 19.018949399082477 ], [ -98.10837216489324, 19.018879056705163 ], [ -98.10835713140078, 19.018487998790036 ], [ -98.108657254756125, 19.018401192590865 ], [ -98.108736902774453, 19.018113360305822 ], [ -98.108964764592429, 19.017972032888267 ], [ -98.108937719488168, 19.017584628798744 ], [ -98.109012656068856, 19.017294976520922 ], [ -98.109259147867448, 19.017168284362672 ], [ -98.109257581294173, 19.016805884329077 ], [ -98.109260870342567, 19.016440212656907 ], [ -98.109320305435915, 19.016026165811439 ], [ -98.109068956745489, 19.015905875284691 ], [ -98.108675843516494, 19.015913846461963 ], [ -98.108255701432341, 19.01595112672749 ], [ -98.107874807833056, 19.015948087549987 ], [ -98.107794844589861, 19.015662929939701 ], [ -98.107428567139777, 19.015648377072999 ], [ -98.107018330617194, 19.015672321168303 ], [ -98.106622725508714, 19.01568418593061 ], [ -98.106391077031034, 19.015541186063246 ], [ -98.106154508772704, 19.01540372063868 ], [ -98.106081962141928, 19.015109128618985 ], [ -98.105830747238656, 19.014984306683377 ], [ -98.105596559864438, 19.014846901941404 ], [ -98.105186260799158, 19.014873104102215 ], [ -98.104984039990825, 19.01470028840345 ], [ -98.104762235486774, 19.014546216750343 ], [ -98.104374127038753, 19.014545813137001 ], [ -98.103973507665657, 19.014566600249854 ], [ -98.103847363719453, 19.014814726637855 ], [ -98.103483536087452, 19.014881192045323 ], [ -98.10326751013146, 19.014691597769605 ], [ -98.1030358668567, 19.014548592924459 ], [ -98.102615808278983, 19.014583028572677 ], [ -98.102408589927762, 19.014418572972044 ], [ -98.102162332386754, 19.014287078853481 ], [ -98.101815659980318, 19.014253202674325 ], [ -98.101689273908875, 19.014009871747572 ], [ -98.101283848503797, 19.014032225946664 ], [ -98.101267509599396, 19.013687562584835 ], [ -98.101099431018994, 19.01348674929633 ], [ -98.10094167899544, 19.013257893690572 ], [ -98.100929014390047, 19.012868030842146 ], [ -98.100970524041259, 19.01249881964663 ], [ -98.101263403948877, 19.012415238789458 ], [ -98.10135229016835, 19.012137842475102 ], [ -98.101540865949659, 19.011954746110824 ], [ -98.101845236555832, 19.011885615977555 ], [ -98.10192719358345, 19.011600679976638 ], [ -98.10213198630322, 19.01143328933431 ], [ -98.10213288269648, 19.011068690272559 ], [ -98.10212910137551, 19.010701139509173 ], [ -98.102122973141576, 19.010332395863372 ], [ -98.102119240377746, 19.00996314814304 ], [ -98.102113112203639, 19.009594404835749 ], [ -98.102109330976788, 19.009226854746775 ], [ -98.102107864338294, 19.00886162940229 ], [ -98.102111075341014, 19.008499356083718 ], [ -98.102116552373133, 19.008141104792522 ], [ -98.102129021535816, 19.007788130090528 ], [ -98.102146087383701, 19.007440936211523 ], [ -98.102371688331601, 19.007295033012227 ], [ -98.102462915840505, 19.007018830854101 ], [ -98.102734855151851, 19.006917721196011 ], [ -98.102712442841238, 19.006535536203273 ], [ -98.102703982518065, 19.006165035697727 ], [ -98.1028322249106, 19.005926592399334 ], [ -98.103025354518067, 19.005750407754299 ], [ -98.103028546845366, 19.005388701582451 ], [ -98.103029376140142, 19.005026368306307 ], [ -98.1030302054305, 19.004664035193823 ], [ -98.103031050882009, 19.00430113648439 ], [ -98.103027267328741, 19.003933588843559 ], [ -98.103023613119873, 19.003561515289743 ], [ -98.103321004591351, 19.003485975020695 ], [ -98.103447009709953, 19.003242378654814 ], [ -98.103596191643689, 19.003020896104314 ], [ -98.103636414214805, 19.002696383714301 ], [ -98.103903844349432, 19.002586097347177 ], [ -98.10392415688969, 19.002208416008223 ], [ -98.103942106353017, 19.001830107593889 ], [ -98.103930698210434, 19.001479349397851 ], [ -98.103686890163843, 19.001346224104832 ], [ -98.103656356065315, 19.001081596674119 ], [ -98.103907436310891, 19.000960130640369 ], [ -98.103894424979586, 19.00058215493835 ], [ -98.103881381397258, 19.000205310929282 ], [ -98.103898457998341, 18.999857554378316 ], [ -98.104163487106149, 18.999747772206945 ], [ -98.104185159496211, 18.999405796371352 ], [ -98.104183752046708, 18.999038312492484 ], [ -98.104462746766004, 18.99893964821527 ], [ -98.104479886362199, 18.998589629120804 ], [ -98.104462196339355, 18.998208702838149 ], [ -98.104493190059557, 18.99787376262308 ], [ -98.104779012347066, 18.997786031720217 ], [ -98.104951411183762, 18.997584965580348 ], [ -98.105063489090739, 18.997328554174288 ], [ -98.105360995086087, 18.997248484422023 ], [ -98.105364181022011, 18.996886782038938 ], [ -98.105365020216908, 18.996523886839686 ], [ -98.105361230591399, 18.996156342826126 ], [ -98.105542754907688, 18.995969100415266 ], [ -98.105647871006326, 18.995706281391108 ], [ -98.105933768772744, 18.995615719762569 ], [ -98.106122315567887, 18.995432621442308 ], [ -98.106197310563758, 18.995140715544014 ], [ -98.106290788149252, 18.994868536996201 ], [ -98.106701807073108, 18.994898403619047 ], [ -98.106799912298982, 18.994630873766884 ], [ -98.107171472560367, 18.994625183504379 ], [ -98.107383709433734, 18.994446092756817 ], [ -98.107382099664136, 18.994085400232514 ], [ -98.10707467149237, 18.994012917205858 ], [ -98.107109732306427, 18.993618635522932 ], [ -98.106814507068265, 18.993535709895266 ], [ -98.106793253355761, 18.993196024832699 ], [ -98.106830709891412, 18.992801239310307 ], [ -98.106819230483538, 18.992452748300437 ], [ -98.106514233701205, 18.992378628466412 ], [ -98.106519876170083, 18.992014160949221 ], [ -98.106552510676437, 18.991621516187692 ], [ -98.106470104761911, 18.991339133838004 ], [ -98.106257900776285, 18.99118361742314 ], [ -98.105967503811826, 18.991098550290971 ], [ -98.105978018617151, 18.990730246035163 ], [ -98.105785461378758, 18.990553722191667 ], [ -98.105685969092846, 18.99028618483776 ], [ -98.105364567615069, 18.990203146370813 ], [ -98.105584259809248, 18.990012928534377 ], [ -98.105962798941334, 18.990012517435154 ], [ -98.10592880883128, 18.989618718683712 ], [ -98.106142804724527, 18.989461190782883 ], [ -98.106532881596905, 18.989473532043394 ], [ -98.106669466628077, 18.988942031791304 ], [ -98.106816281091398, 18.988719357065364 ], [ -98.107122911499246, 18.988652542729689 ], [ -98.107081943176055, 18.988252903089617 ], [ -98.107319078640629, 18.988118618183258 ], [ -98.107692935456157, 18.988115251118064 ], [ -98.107816523545097, 18.987872160098568 ], [ -98.107956343632125, 18.987644208527776 ], [ -98.108281566271231, 18.987593158575045 ], [ -98.10868791893337, 18.987618936421381 ], [ -98.108827914839665, 18.987384760871837 ], [ -98.109127678987804, 18.987308140592148 ], [ -98.109255892429331, 18.987069697448828 ], [ -98.109416651118963, 18.986858704131809 ], [ -98.109398948833828, 18.986477784017659 ], [ -98.109390520008162, 18.986105595928489 ], [ -98.109416789594277, 18.985768839718908 ], [ -98.109707244236603, 18.985684618099203 ], [ -98.109712813356623, 18.985322416508737 ], [ -98.109716019748262, 18.984959587935581 ], [ -98.109719193851888, 18.984597891022219 ], [ -98.10972000525237, 18.984235567126508 ], [ -98.109720816648547, 18.983873243395372 ], [ -98.109721628040433, 18.983510919828717 ], [ -98.109741937771773, 18.983132680969849 ], [ -98.109471215495262, 18.983026048523023 ], [ -98.109420668991575, 18.982711655784435 ], [ -98.109443487317662, 18.982328952781693 ], [ -98.109463829916606, 18.981949583029639 ], [ -98.109481712946703, 18.981572980779291 ], [ -98.109467768262633, 18.981227262194384 ], [ -98.109189736169569, 18.981126668483171 ], [ -98.109126683984286, 18.980833467658595 ], [ -98.108860756548211, 18.980725825749836 ], [ -98.108895711956166, 18.980334944678628 ], [ -98.108585725395116, 18.980269759245477 ], [ -98.108596329135963, 18.979898065339771 ], [ -98.108609311558126, 18.979526433022848 ], [ -98.108301818694017, 18.979457348282292 ], [ -98.108314801876432, 18.979085716196199 ], [ -98.108327768847559, 18.978714650025477 ], [ -98.108025180678794, 18.97864059594415 ], [ -98.108006417982878, 18.978297018616495 ], [ -98.108016958581501, 18.977927588641812 ], [ -98.108039747761481, 18.977546019632893 ], [ -98.108062456106595, 18.977167279513395 ], [ -98.10806568283661, 18.976803888944595 ], [ -98.108015061168629, 18.976492326896622 ], [ -98.107720954004847, 18.976371500145188 ], [ -98.108030709695541, 18.976277590842074 ], [ -98.108107955769441, 18.975989712611561 ], [ -98.108333530620712, 18.975842674750929 ], [ -98.10831814689584, 18.975464084156155 ], [ -98.108305077356945, 18.975087818122734 ], [ -98.108326816150694, 18.974743023551216 ], [ -98.108617215717032, 18.974659936676908 ], [ -98.108696773732873, 18.974374383105602 ], [ -98.10907290695711, 18.974373337051286 ], [ -98.109472245801044, 18.974393270729021 ], [ -98.109554115977318, 18.974110041163012 ], [ -98.109932643244903, 18.9741084886248 ], [ -98.110329618925206, 18.974127792889757 ], [ -98.110344393978522, 18.973776591138744 ], [ -98.110347598419409, 18.973413767808204 ], [ -98.110327581179391, 18.973030529882433 ], [ -98.110416407184545, 18.972753707628979 ], [ -98.110618784827182, 18.972585120729505 ], [ -98.110918450939565, 18.972510761267735 ], [ -98.111201917989916, 18.972420130903259 ], [ -98.111374194676969, 18.972221892504489 ], [ -98.111745742102514, 18.972214493912627 ], [ -98.112142777024843, 18.972231530401388 ], [ -98.112537449554651, 18.972247938752218 ], [ -98.112918221270363, 18.972250965986671 ], [ -98.113299025241361, 18.972252860781197 ], [ -98.113679829222917, 18.972254754613822 ], [ -98.114060665447113, 18.972255516006143 ], [ -98.114443831947227, 18.972258034977589 ], [ -98.114826934010068, 18.972262815932172 ], [ -98.114917983985606, 18.971991144262564 ], [ -98.115275983920029, 18.971957910817213 ], [ -98.115666849264798, 18.971940809742161 ], [ -98.116071551264483, 18.971939350399079 ], [ -98.116466255633497, 18.971954616979644 ], [ -98.116831901413661, 18.971987250756168 ], [ -98.116912018989126, 18.972266730607299 ], [ -98.117258507953991, 18.972303398999731 ], [ -98.117658727496604, 18.972292195264423 ], [ -98.11805438293311, 18.972274079058238 ], [ -98.118143176670486, 18.971997818254952 ], [ -98.118503152009083, 18.971978781895743 ], [ -98.11888393920168, 18.971981228321226 ], [ -98.119276313676906, 18.971994729073035 ], [ -98.119671034657316, 18.972009421524096 ], [ -98.120056498727152, 18.97201481616786 ], [ -98.120133717015307, 18.971726933318067 ], [ -98.120349934424539, 18.971573410197152 ], [ -98.120628780852158, 18.971477548099195 ], [ -98.120713149514827, 18.97118928308544 ], [ -98.120922438766911, 18.971028220966176 ], [ -98.121208210341877, 18.970939896132304 ], [ -98.121287788096026, 18.970652640035844 ], [ -98.121518097095702, 18.97050570586449 ], [ -98.121509620115077, 18.970134091653073 ], [ -98.121862631241754, 18.970108640557637 ], [ -98.122266571898137, 18.970133754295674 ], [ -98.122369353792763, 18.969867476497555 ], [ -98.12266442726127, 18.969786748423015 ], [ -98.12268240090323, 18.969405624456009 ], [ -98.122401892022452, 18.969308955577194 ], [ -98.122326843691312, 18.969018287326062 ], [ -98.122080632810764, 18.968887398941952 ], [ -98.122050297110789, 18.968531075337157 ], [ -98.122042027875366, 18.968152107496209 ], [ -98.122050537126682, 18.967769042364068 ], [ -98.122075197515855, 18.967403943670099 ], [ -98.122182847358445, 18.967133829164226 ], [ -98.122409518057211, 18.966947170339758 ], [ -98.122107028752751, 18.966870316936589 ], [ -98.122102873215994, 18.966514101732766 ], [ -98.122130426369594, 18.966130961266821 ], [ -98.12182300509707, 18.966060208060835 ], [ -98.121799307632259, 18.965721607088614 ], [ -98.121812236664255, 18.965350545992237 ], [ -98.121835049499381, 18.964966717993065 ], [ -98.121852896160419, 18.964590122312941 ], [ -98.121841396844388, 18.964241079051963 ], [ -98.121543815569495, 18.964159255584619 ], [ -98.121446722274385, 18.963890667239873 ], [ -98.121227842801957, 18.963719718800885 ], [ -98.121222517589885, 18.963321013750328 ], [ -98.121383841011934, 18.963088516097159 ], [ -98.12155601070593, 18.962893097057165 ], [ -98.121556806631915, 18.962530217246581 ], [ -98.121541323385429, 18.962153897273073 ], [ -98.121792332165711, 18.962031841655534 ], [ -98.121876531706334, 18.961749236742573 ], [ -98.122132264146103, 18.961628434496927 ], [ -98.122123769963096, 18.961257390204715 ], [ -98.12242120338378, 18.961176724682698 ], [ -98.122324014001293, 18.960911532304095 ], [ -98.121935848981181, 18.960918528431847 ], [ -98.121525747371749, 18.960943641816129 ], [ -98.121272175301385, 18.960821055786614 ], [ -98.121089508028589, 18.960632356882197 ], [ -98.120696538647294, 18.960640924575387 ], [ -98.120286453732945, 18.960665468847647 ], [ -98.119915404838423, 18.960656482166922 ], [ -98.119840141293139, 18.960373736082978 ], [ -98.119478912612308, 18.960354244385677 ], [ -98.119071255032097, 18.960377149392439 ], [ -98.118673352388569, 18.960391812353045 ], [ -98.118407618224964, 18.96027853273932 ], [ -98.1182347751067, 18.960079326656114 ], [ -98.117841823237825, 18.960087321170313 ], [ -98.117434117878446, 18.960111918934686 ], [ -98.117060692272744, 18.960102863957751 ], [ -98.11698318536817, 18.959815529518277 ], [ -98.116705207465145, 18.959714386644656 ], [ -98.116483398580343, 18.959563171493734 ], [ -98.116417897879089, 18.959272183299195 ], [ -98.116132512538698, 18.959180472976215 ], [ -98.115918114126771, 18.959019823573215 ], [ -98.115843069158373, 18.958729721590398 ], [ -98.115569915500885, 18.958626436443765 ], [ -98.115338322287073, 18.95848459199793 ], [ -98.115265641106532, 18.958195116961047 ], [ -98.11528855170566, 18.957808464768497 ], [ -98.115263878929909, 18.957421152307557 ], [ -98.115324901660244, 18.957117007645166 ], [ -98.115590225156097, 18.956993633795182 ], [ -98.115600824117365, 18.956621384552236 ], [ -98.115288558207368, 18.956554456357015 ], [ -98.115174415428825, 18.95630014630926 ], [ -98.115030702037217, 18.956081307078392 ], [ -98.114718405419964, 18.956015509202995 ], [ -98.114594476942813, 18.95577057098431 ], [ -98.114431432310511, 18.955561989587139 ], [ -98.114417526082462, 18.955214585591175 ], [ -98.114410948211173, 18.95486057699279 ], [ -98.114411698640552, 18.954499963801872 ], [ -98.114414940152116, 18.954135452013588 ], [ -98.114423034906011, 18.953767668681735 ], [ -98.114431177953065, 18.95339818834287 ], [ -98.114441731460261, 18.953027638047001 ], [ -98.11445223657384, 18.95265878509953 ], [ -98.114457936760587, 18.952291506854515 ], [ -98.114463540244884, 18.951927623127993 ], [ -98.114474109662339, 18.951556507793548 ], [ -98.114491990994864, 18.951179353629769 ], [ -98.114507365094283, 18.950806664114161 ], [ -98.114505688676886, 18.950447688618762 ], [ -98.11447950495652, 18.95011355762929 ], [ -98.114179467885151, 18.95003561982465 ], [ -98.114170480433827, 18.949682683651066 ], [ -98.114200527350846, 18.949296219756857 ], [ -98.114235491639135, 18.948904221470137 ], [ -98.114246045330134, 18.9485336732915 ], [ -98.114205174511838, 18.948213883885991 ], [ -98.113851306778045, 18.948187774314032 ], [ -98.113639306514145, 18.948027185230274 ], [ -98.113368618601442, 18.947921695937524 ], [ -98.113036800189192, 18.947873507640352 ], [ -98.112881063109953, 18.947659453462705 ], [ -98.112786457376288, 18.947388097871784 ], [ -98.112430181635389, 18.947363055085415 ], [ -98.112017611860466, 18.947392606589183 ], [ -98.111646696337999, 18.947380205378291 ], [ -98.111566765389739, 18.947095074287031 ], [ -98.11135483400875, 18.946932219328602 ], [ -98.111064511904829, 18.946847732468715 ], [ -98.111035975261402, 18.946512975306078 ], [ -98.111063619948339, 18.946127583650902 ], [ -98.111086395299807, 18.945746029469149 ], [ -98.111004039956327, 18.945462534453458 ], [ -98.11074152570454, 18.94532101885456 ], [ -98.110794733815723, 18.944957234621562 ], [ -98.111071202810152, 18.944859634882793 ], [ -98.111055766607691, 18.944482756509032 ], [ -98.111355467518067, 18.944405004499536 ], [ -98.111474624090889, 18.94414878958148 ], [ -98.111628210553874, 18.943937055482653 ], [ -98.11193480247411, 18.943867972251969 ], [ -98.111928699112724, 18.943497562786643 ], [ -98.111913309060725, 18.943118987995742 ], [ -98.111904827691589, 18.942748517519281 ], [ -98.111924206388736, 18.942402543691408 ], [ -98.112168246611063, 18.94227353445001 ], [ -98.112229317827271, 18.94196769971008 ], [ -98.112232516510204, 18.941604890894467 ], [ -98.112252909765715, 18.941223277364028 ], [ -98.111940712972597, 18.941155212102291 ], [ -98.111838753714935, 18.940891594099295 ], [ -98.111680374342015, 18.940687096388501 ], [ -98.111373031926078, 18.940615758428436 ], [ -98.111393411313827, 18.940234711208252 ], [ -98.111152083450804, 18.940101669605234 ], [ -98.111037599684238, 18.939776585877759 ], [ -98.111203926696319, 18.93953517733479 ], [ -98.111621656227427, 18.939574264031634 ], [ -98.11171268265106, 18.939219383979278 ], [ -98.111586300052622, 18.93897778141536 ], [ -98.111159180881472, 18.939017710647025 ], [ -98.111101399832137, 18.938707111793622 ], [ -98.111076758516873, 18.938319242284553 ], [ -98.111339381068817, 18.938206000336187 ], [ -98.111414285091911, 18.937915810008413 ], [ -98.111681549761229, 18.937806650259095 ], [ -98.1119279600059, 18.937677703522084 ], [ -98.111952061693472, 18.937332986061534 ], [ -98.112080336092859, 18.937090595531412 ], [ -98.11250276604126, 18.937131499522977 ], [ -98.112584849345595, 18.936839795921603 ], [ -98.112840462749247, 18.936721841810179 ], [ -98.112778800533732, 18.936296786357069 ], [ -98.112890845639072, 18.936039257482687 ], [ -98.113239159254732, 18.936008613566646 ], [ -98.113666181034745, 18.936055294053126 ], [ -98.114037549317558, 18.936050718716981 ], [ -98.114260673787456, 18.935903618069979 ], [ -98.114520862740122, 18.93579200674051 ], [ -98.114593477355925, 18.935498360123276 ], [ -98.114837663793892, 18.935363690559232 ], [ -98.115109628345991, 18.935256344851574 ], [ -98.115115052213582, 18.934898691783363 ], [ -98.115289573282496, 18.934703348172601 ], [ -98.115403797026389, 18.934452667805271 ], [ -98.115717306339363, 18.934390550174069 ], [ -98.115854761009885, 18.934159716780378 ], [ -98.11626098821732, 18.934184341056081 ], [ -98.11632667371947, 18.933883156070468 ], [ -98.116283413561035, 18.933480090951878 ], [ -98.116272301461223, 18.933118049626032 ], [ -98.115963094966915, 18.93302912336517 ], [ -98.116178166040328, 18.932830295534725 ], [ -98.116308693912288, 18.932591924060468 ], [ -98.116284022800187, 18.932204624120931 ], [ -98.116263978833217, 18.931821972635316 ], [ -98.116257896465399, 18.93145043757896 ], [ -98.116351358672873, 18.931176577498068 ], [ -98.116565250904699, 18.931019046408114 ], [ -98.116857898119804, 18.930937140953969 ], [ -98.116937381209894, 18.930652730218359 ], [ -98.117169812105274, 18.930512659911393 ], [ -98.117152095490624, 18.930131767771044 ], [ -98.117454074907357, 18.930056329164287 ], [ -98.117424870613846, 18.929660988184839 ], [ -98.117726816646567, 18.929586680494747 ], [ -98.117734579105658, 18.929230222591183 ], [ -98.117716925464336, 18.928847068303263 ], [ -98.118016491678574, 18.928772698841019 ], [ -98.118052079416245, 18.928441867616552 ], [ -98.118048305800897, 18.92807265832203 ], [ -98.118030603145627, 18.92769120175728 ], [ -98.118031778407385, 18.927315326851549 ], [ -98.117795351341229, 18.927177894933333 ], [ -98.117431832979278, 18.927158337882048 ], [ -98.117456852510415, 18.926780813134229 ], [ -98.11723009920955, 18.926637968442957 ], [ -98.117142858219751, 18.926358886749906 ], [ -98.116891844845298, 18.926232400048015 ], [ -98.116650568580809, 18.926098238199007 ], [ -98.116565884029527, 18.925812994879767 ], [ -98.116322070011151, 18.925684428351278 ], [ -98.116083060362271, 18.925554286919628 ], [ -98.115993476818616, 18.92527401223985 ], [ -98.115732633255362, 18.925158592713416 ], [ -98.115765273585495, 18.924764281942206 ], [ -98.115433478416406, 18.92471723174619 ], [ -98.115025958809511, 18.924738993369388 ], [ -98.114911794806403, 18.92448639048369 ], [ -98.114580032823554, 18.924438207015211 ], [ -98.114187135022291, 18.924447888756951 ], [ -98.113789320486759, 18.924463103863886 ], [ -98.113452642266139, 18.924420452303959 ], [ -98.113460786189151, 18.924050985753393 ], [ -98.113473830618744, 18.92367655070699 ], [ -98.113183588897854, 18.92359093901106 ], [ -98.113037873780655, 18.923360165819794 ], [ -98.112653288734847, 18.923328731176689 ], [ -98.112244072015827, 18.92332666432134 ], [ -98.111864879639086, 18.923356507761454 ], [ -98.111759573312099, 18.923628358416984 ], [ -98.111385860986744, 18.923632866700089 ], [ -98.111176649278732, 18.923793340225149 ], [ -98.11094411081308, 18.923937360023739 ], [ -98.110601559190485, 18.923850393066981 ], [ -98.110453228517812, 18.923628041480494 ], [ -98.110329320975922, 18.923383675506553 ], [ -98.110024460497854, 18.923310134932439 ], [ -98.110052280736355, 18.922918532063711 ], [ -98.109769401820216, 18.922825178194362 ], [ -98.109757969178787, 18.922475021053131 ], [ -98.109582776557417, 18.922276884596599 ], [ -98.109475951449056, 18.922017674139834 ], [ -98.109185796415034, 18.921929226411851 ], [ -98.109010508538859, 18.921734483642719 ], [ -98.108903701073245, 18.921474707256802 ], [ -98.108620906597977, 18.921378522891985 ], [ -98.108411396385293, 18.921215730517833 ], [ -98.108319356922294, 18.920938785619288 ], [ -98.108342184142899, 18.920555546938456 ], [ -98.108125332652264, 18.920399924208404 ], [ -98.108055500390691, 18.920095247145852 ], [ -98.108357414228564, 18.920021524831704 ], [ -98.108339771968133, 18.91963893963209 ], [ -98.108349952199006, 18.919281982435095 ], [ -98.108642627574923, 18.91919839705292 ], [ -98.108845089316617, 18.919024166947647 ], [ -98.10892695984559, 18.918739826151125 ], [ -98.109226540925064, 18.918664343715648 ], [ -98.109231979548753, 18.918306698398329 ], [ -98.109205034081882, 18.917916514431361 ], [ -98.109198923158985, 18.917546682755759 ], [ -98.109436014347423, 18.917409578010808 ], [ -98.109473884671118, 18.917082774885326 ], [ -98.109588168862146, 18.916829841742516 ], [ -98.109968818170557, 18.916831744815767 ], [ -98.110393481812181, 18.916875543551619 ], [ -98.110681540594442, 18.916786740407584 ], [ -98.110664472684135, 18.916383791897729 ], [ -98.110684898802091, 18.916001059403861 ], [ -98.110538986400698, 18.915777640104405 ], [ -98.110356361996168, 18.915590070359965 ], [ -98.110340060342779, 18.915243753605687 ], [ -98.110336001583519, 18.914885298572965 ], [ -98.110341679019029, 18.914519169475096 ], [ -98.110352272870813, 18.914147506343376 ], [ -98.110362898913806, 18.913774711993096 ], [ -98.110373476525666, 18.9134036149091 ], [ -98.110374447009519, 18.91303566664573 ], [ -98.110549221009876, 18.912830717117448 ], [ -98.110663548017314, 18.912576087441103 ], [ -98.110956223719441, 18.912491932583634 ], [ -98.111156166023378, 18.91232216505529 ], [ -98.11127568185475, 18.91205238403565 ], [ -98.111291576180037, 18.911661611097376 ], [ -98.111259193977205, 18.911295067262596 ], [ -98.110964176508475, 18.911211026989257 ], [ -98.110857405803372, 18.910950124079729 ], [ -98.110655396259943, 18.910775075827676 ], [ -98.110629922861222, 18.910416636130659 ], [ -98.110621721097132, 18.910036564171872 ], [ -98.110630242650203, 18.909654093580084 ], [ -98.110657300600664, 18.909289085013828 ], [ -98.110755658993469, 18.909010267640447 ], [ -98.111004315032829, 18.908884216978421 ], [ -98.11099593498507, 18.908510368407878 ], [ -98.110971283299335, 18.908123079465742 ], [ -98.111189707158331, 18.907972471686321 ], [ -98.111267052997576, 18.907679525494512 ], [ -98.111358308773731, 18.90739939280947 ], [ -98.111539690718644, 18.907212729859953 ], [ -98.111848609913409, 18.907142580008298 ], [ -98.111948971108077, 18.906876834897115 ], [ -98.112155923554511, 18.906711211175441 ], [ -98.11213354967019, 18.906327378817579 ], [ -98.112113472788806, 18.90594643645688 ], [ -98.112345866565235, 18.90580637799459 ], [ -98.112427625184779, 18.905525434234416 ], [ -98.112724894558738, 18.905446490619219 ], [ -98.112695709226813, 18.905051161110656 ], [ -98.113004542373275, 18.904983837536921 ], [ -98.113109686829475, 18.904717083685771 ], [ -98.113293472472009, 18.904529349222749 ], [ -98.113245742556117, 18.904200342381515 ], [ -98.112855425356216, 18.904204990526143 ], [ -98.112726631274867, 18.903965601095596 ], [ -98.112387578173909, 18.903924583995035 ], [ -98.112160997071811, 18.903777210316871 ], [ -98.111887956161226, 18.903673925701419 ], [ -98.111431564212239, 18.903743099166476 ], [ -98.111256280365822, 18.903548929213255 ], [ -98.111208152710347, 18.903234064373422 ], [ -98.111194243896065, 18.902887248850298 ], [ -98.111202392646931, 18.902517792560722 ], [ -98.111227602204266, 18.902134058124442 ], [ -98.11125772758318, 18.901744789725697 ], [ -98.111285378697119, 18.901358854274935 ], [ -98.111300804296988, 18.900984491615031 ], [ -98.111343533163563, 18.900653857789912 ], [ -98.111612957240524, 18.900549855892784 ], [ -98.111586056826482, 18.900157984128356 ], [ -98.111630920331891, 18.899835897238617 ], [ -98.11190957799765, 18.899741757046232 ], [ -98.111882547959738, 18.899354411232842 ], [ -98.111807576600569, 18.899063197845695 ], [ -98.111562678569513, 18.898891008794809 ], [ -98.111869910709345, 18.898795908087894 ], [ -98.111921711687955, 18.898480793979996 ], [ -98.111894697981541, 18.898092883107605 ], [ -98.111886009949188, 18.897729787764323 ], [ -98.111590973058938, 18.897647447230231 ], [ -98.111589288845664, 18.897289061645825 ], [ -98.111614480232532, 18.896905895394962 ], [ -98.111527366429769, 18.896623426922677 ], [ -98.111879464100497, 18.896623457384461 ], [ -98.111896185051705, 18.896287059145109 ], [ -98.111691512367486, 18.896122702204806 ], [ -98.11157090742833, 18.89584672887565 ], [ -98.111582221760116, 18.895449618747875 ], [ -98.111792034207028, 18.895266523113744 ], [ -98.111897012389221, 18.895005430257566 ], [ -98.112210432705282, 18.894943323042551 ], [ -98.112176496588674, 18.894547876036174 ], [ -98.112473774429773, 18.894467802657967 ], [ -98.112550916505072, 18.894181649059298 ], [ -98.112785731504459, 18.894039390640962 ], [ -98.112770392987827, 18.893659142721969 ], [ -98.113067636323464, 18.893580199628357 ], [ -98.113249045899991, 18.89339184087142 ], [ -98.11334245586788, 18.893119127307223 ], [ -98.113653606719353, 18.89305299612974 ], [ -98.113619650783619, 18.892658116087436 ], [ -98.11391446590028, 18.892580807139908 ], [ -98.114005802791652, 18.892297284168375 ], [ -98.114363255751215, 18.892275935567294 ], [ -98.114741475543212, 18.892277199525502 ], [ -98.115135997750173, 18.892290770999796 ], [ -98.115530439533075, 18.892307169851108 ], [ -98.115917959027527, 18.892316029922057 ], [ -98.116209665643879, 18.892598674195117 ], [ -98.11662447833676, 18.8925680431967 ], [ -98.116787547656969, 18.89277321142518 ], [ -98.116786739460963, 18.893136059060851 ], [ -98.117054863673246, 18.893244302000653 ], [ -98.117283890285009, 18.893388899193056 ], [ -98.11733687953749, 18.893700486572509 ], [ -98.117446106850423, 18.893958611994172 ], [ -98.117609050329747, 18.894168305166811 ], [ -98.117911456465549, 18.894242332085309 ], [ -98.118020637027158, 18.894502154320907 ], [ -98.118430620131051, 18.894474224172203 ], [ -98.118481106446737, 18.894790275799942 ], [ -98.118590272442674, 18.89505066348924 ], [ -98.1189928839662, 18.895031033298132 ], [ -98.119082469907568, 18.89531072970026 ], [ -98.119467942572982, 18.895308205740758 ], [ -98.119601543121476, 18.895546012177856 ], [ -98.119942005987184, 18.895620449241775 ], [ -98.120353999477658, 18.89560558580105 ], [ -98.120463844743057, 18.895340083834881 ], [ -98.120818975619429, 18.895316961558972 ], [ -98.121058313413798, 18.895182732060416 ], [ -98.121286053758922, 18.895038013835403 ], [ -98.121689820407141, 18.89506142967306 ], [ -98.122077396340799, 18.895068576880185 ], [ -98.122184651601358, 18.894810366542835 ], [ -98.12250041191254, 18.894749430504014 ], [ -98.122626218162637, 18.894508114324044 ], [ -98.122756842770826, 18.89426465774978 ], [ -98.123095924211057, 18.894220171521891 ], [ -98.123318902788952, 18.894410457784733 ], [ -98.123567454205528, 18.894537998844388 ], [ -98.123967638038849, 18.894519991253301 ], [ -98.124184594996677, 18.894671060570634 ], [ -98.124440648975323, 18.894785772976423 ], [ -98.124527868643099, 18.895065404893174 ], [ -98.124888893161881, 18.895086014246004 ], [ -98.125289062367003, 18.895068568817688 ], [ -98.1256305870359, 18.895105657770806 ], [ -98.125752263546346, 18.895344850042257 ], [ -98.125888380826112, 18.895578186571999 ], [ -98.12623125659853, 18.895651539194311 ], [ -98.126643265552488, 18.895636092871168 ], [ -98.126746159420122, 18.895363614715396 ], [ -98.127066609322128, 18.895305054052745 ], [ -98.127463534835385, 18.895318088734903 ], [ -98.127860171528624, 18.895341304709849 ], [ -98.127944732380158, 18.895631056083555 ], [ -98.128187323665543, 18.895465763605753 ], [ -98.128417498395436, 18.895318832908696 ], [ -98.128795919297161, 18.89531327336698 ], [ -98.1291950778825, 18.895331455749059 ], [ -98.129587104728799, 18.895349453838314 ], [ -98.129669500514012, 18.895631789252231 ], [ -98.130040309148853, 18.895643013926666 ], [ -98.130440511406391, 18.89562442343308 ], [ -98.130530169308528, 18.895902416182132 ], [ -98.130902570217316, 18.895941418424542 ], [ -98.13130908729714, 18.895951858787608 ], [ -98.131702222544277, 18.895930819035787 ], [ -98.131914001239693, 18.895761332785295 ], [ -98.132130101116744, 18.895607241875819 ], [ -98.132538449548989, 18.895636973284383 ], [ -98.132944565128923, 18.895661551385643 ], [ -98.133033310960599, 18.895384177284843 ], [ -98.133381484265968, 18.89535461978031 ], [ -98.133799149050219, 18.895391380070588 ], [ -98.134205264126464, 18.895415954766282 ], [ -98.134518675231718, 18.895353801117025 ], [ -98.134479967902607, 18.894956539871519 ], [ -98.13474237546923, 18.894847223201666 ], [ -98.134817590454176, 18.894543460816188 ], [ -98.135072643880548, 18.894693793335787 ], [ -98.135076815052116, 18.895050541396767 ], [ -98.135051689863928, 18.895433710655343 ], [ -98.135043766283161, 18.895797508017299 ], [ -98.135314559813494, 18.895896163152425 ], [ -98.135365197876695, 18.896208249887792 ], [ -98.135349822791994, 18.896583178406456 ], [ -98.135329532808072, 18.896963642001385 ], [ -98.135375208420555, 18.897282961122631 ], [ -98.135601835837974, 18.897429167294032 ], [ -98.135869935349234, 18.897539074410457 ], [ -98.135935688140407, 18.897821546017543 ], [ -98.136206326175653, 18.897925856687401 ], [ -98.136176352862265, 18.898312299725042 ], [ -98.136210032088499, 18.898635274089862 ], [ -98.136458667299308, 18.89876053181834 ], [ -98.136702308070156, 18.898894152557911 ], [ -98.136784688684813, 18.899177616739262 ], [ -98.137023479737451, 18.899314509235527 ], [ -98.137272132943082, 18.899439200041165 ], [ -98.137655191541668, 18.899438265651405 ], [ -98.138035776729765, 18.899440663479243 ], [ -98.138434964620373, 18.899458255790645 ], [ -98.138500584490217, 18.899157074463812 ], [ -98.138736055568515, 18.89932727898244 ], [ -98.138988488824396, 18.899486595892807 ], [ -98.139344939565405, 18.899417043283165 ], [ -98.139473065687056, 18.899176903901679 ], [ -98.139598910018464, 18.898933309428177 ], [ -98.139958625694717, 18.898916486360555 ], [ -98.140193356275574, 18.898776447127979 ], [ -98.140428038380591, 18.898638104622336 ], [ -98.140773873033496, 18.898607337627016 ], [ -98.140885674428603, 18.898355457194942 ], [ -98.141296378339092, 18.898386357252289 ], [ -98.14137122881948, 18.898095035375423 ], [ -98.141761063788294, 18.898106718383978 ], [ -98.142150930805585, 18.898117269006111 ], [ -98.142235272646502, 18.89782675601138 ], [ -98.142465292330002, 18.897684894610091 ], [ -98.142706894383139, 18.897554085327137 ], [ -98.14312453643376, 18.897591951249261 ], [ -98.143340674511151, 18.89743614683567 ], [ -98.143554450758472, 18.897279715596106 ], [ -98.143962854630431, 18.897307719041915 ], [ -98.144345907201583, 18.897306767645961 ], [ -98.1447289437873, 18.897306380964928 ], [ -98.145055863860634, 18.897355506106283 ], [ -98.145165386185667, 18.897605127302665 ], [ -98.145570458625713, 18.897582658421157 ], [ -98.145652856863848, 18.897866117278181 ], [ -98.146035926964842, 18.897864595896152 ], [ -98.146426256841536, 18.897858730465931 ], [ -98.146813826035171, 18.897866379760728 ], [ -98.147201331392566, 18.897876290816068 ], [ -98.147593559537654, 18.897887453843403 ], [ -98.147981065011493, 18.897897362893822 ], [ -98.148366288997408, 18.897903816028258 ], [ -98.148746902021514, 18.897905055419017 ], [ -98.149118197256115, 18.897899262490924 ], [ -98.149480254447383, 18.897883608865012 ], [ -98.149608409179521, 18.897641764268734 ], [ -98.149935715311528, 18.897592953808694 ], [ -98.150348748435746, 18.897625586988607 ], [ -98.150469897057903, 18.897379033970871 ], [ -98.150783305262678, 18.897316846335595 ], [ -98.150897432543687, 18.897066151014169 ], [ -98.151046421466006, 18.896844651243967 ], [ -98.151355249026665, 18.896776118402499 ], [ -98.151476411029066, 18.896528999154668 ], [ -98.151606826600656, 18.896291173831788 ], [ -98.151936442286669, 18.896244682596027 ], [ -98.152349455861284, 18.896277875924188 ], [ -98.152727750866973, 18.896276781782422 ], [ -98.152802559848453, 18.895986020702818 ], [ -98.15305814172298, 18.895865176085575 ], [ -98.153290571985522, 18.89572166215877 ], [ -98.153654936449684, 18.895708322004015 ], [ -98.153757537316665, 18.895444310706772 ], [ -98.154170596734772, 18.895475801944272 ], [ -98.154243056795011, 18.895183848380466 ], [ -98.154653817939973, 18.8952124491523 ], [ -98.154765686573128, 18.894957165388799 ], [ -98.15512076282269, 18.894935659344316 ], [ -98.155360066212907, 18.894801375430518 ], [ -98.15559019463663, 18.894654969040442 ], [ -98.155665304774786, 18.894944461923647 ], [ -98.155909053133669, 18.895074656824789 ], [ -98.156128343944246, 18.895228569356053 ], [ -98.156528509565348, 18.895211040960156 ], [ -98.156762415518514, 18.89535287136912 ], [ -98.157005130267407, 18.895519834326972 ], [ -98.157435293636908, 18.895535336167519 ], [ -98.157677514587974, 18.895381875695879 ], [ -98.157634335659878, 18.894972053974389 ], [ -98.157938432953259, 18.894902255155767 ], [ -98.158075760542062, 18.894671960569191 ], [ -98.15820386518314, 18.89443124103283 ], [ -98.158554376035866, 18.894402817401222 ], [ -98.158934979390139, 18.894404031052051 ], [ -98.159317991868363, 18.894404172974834 ], [ -98.159700988429663, 18.894404879612139 ], [ -98.160081575883737, 18.894406656054937 ], [ -98.160459738324832, 18.894410068009662 ], [ -98.160786577554816, 18.894461987280557 ], [ -98.160919787780188, 18.894716161781627 ], [ -98.161327067226523, 18.894699368094653 ], [ -98.161401872937958, 18.894408037644908 ], [ -98.161777817227147, 18.89440572883154 ], [ -98.162190827629956, 18.894438895106408 ], [ -98.162525062549506, 18.894397027453852 ], [ -98.162629990740172, 18.894134202494218 ], [ -98.163040702771653, 18.894164477429324 ], [ -98.163113174972366, 18.893871388714345 ], [ -98.163361675562697, 18.89374808254663 ], [ -98.16359161871236, 18.893607886701428 ], [ -98.163956024226948, 18.89359282460946 ], [ -98.164086462949726, 18.89335329231649 ], [ -98.16421924667533, 18.893114951891604 ], [ -98.164264063174016, 18.89279002381824 ], [ -98.164697876391045, 18.892844658371164 ], [ -98.164837488275452, 18.892617247190397 ], [ -98.164787172895174, 18.89220668171561 ], [ -98.164949936435363, 18.892001937636135 ], [ -98.165087281068267, 18.891770506141263 ], [ -98.165125011055267, 18.891443699756614 ], [ -98.165540358753759, 18.891478048615493 ], [ -98.165645263002816, 18.891215788225079 ], [ -98.166014289227462, 18.891205367712015 ], [ -98.166228013842954, 18.891049471241097 ], [ -98.166448726628033, 18.890898847165573 ], [ -98.166836388394429, 18.890902485088052 ], [ -98.167240102945371, 18.890927475801728 ], [ -98.167363924032401, 18.891177441711239 ], [ -98.16772229746357, 18.891207504523607 ], [ -98.168146915771388, 18.891250573394156 ], [ -98.168272701628212, 18.891006957449754 ], [ -98.168227115060546, 18.89059708059283 ], [ -98.168403912462253, 18.890400615621971 ], [ -98.168529744719194, 18.890155302670294 ], [ -98.168583820593099, 18.88983910168589 ], [ -98.168806794866612, 18.889692494652564 ], [ -98.169087721941693, 18.889600007468538 ], [ -98.169160162858759, 18.889307483244419 ], [ -98.169378508277561, 18.889156229074334 ], [ -98.169666438425878, 18.889068447708361 ], [ -98.169697231533419, 18.888734106066504 ], [ -98.16966549174289, 18.888339301314915 ], [ -98.169680104878978, 18.88798813201532 ], [ -98.169972596217093, 18.887907259300725 ], [ -98.169991819976616, 18.887561302205707 ], [ -98.169990220688177, 18.887194436672861 ], [ -98.169977021387993, 18.886817086801727 ], [ -98.169961508513225, 18.886437413937223 ], [ -98.16995526616283, 18.88606646826841 ], [ -98.169965187542928, 18.885712916350748 ], [ -98.170181276177289, 18.885557075810983 ], [ -98.170297862112193, 18.885301904550651 ], [ -98.170277753008477, 18.884916454761424 ], [ -98.17028124053347, 18.884537832023199 ], [ -98.169969080966339, 18.884472154601362 ], [ -98.169989082071353, 18.88409848062377 ], [ -98.169992141782828, 18.883735131690187 ], [ -98.169995185604222, 18.883372348607192 ], [ -98.169995836450838, 18.883010070933842 ], [ -98.169996455546638, 18.882648924790413 ], [ -98.169962716209881, 18.882325398921072 ], [ -98.169560133634818, 18.88234573065991 ], [ -98.1691747302729, 18.882347251361843 ], [ -98.169099503155323, 18.88206116396989 ], [ -98.169144118388544, 18.881658114765372 ], [ -98.16889066671304, 18.881535055521201 ], [ -98.168834949296311, 18.881231915887046 ], [ -98.168862449369584, 18.88084541436427 ], [ -98.168608935939929, 18.880724617491385 ], [ -98.16855326711773, 18.880419781031662 ], [ -98.168580767824864, 18.880033279963445 ], [ -98.168322375049698, 18.879916887238412 ], [ -98.168248008608472, 18.879600253683815 ], [ -98.168239997669431, 18.879207754966238 ], [ -98.168281078231772, 18.878845941502995 ], [ -98.168587479413972, 18.878777314459022 ], [ -98.16858813397414, 18.878415038929543 ], [ -98.168570248918883, 18.878035309554814 ], [ -98.168876632258659, 18.877967247671442 ], [ -98.168898170875721, 18.8776236182952 ], [ -98.168873376397684, 18.877235788497906 ], [ -98.168860181147167, 18.876858443353413 ], [ -98.169002130847247, 18.876631659112078 ], [ -98.169410478165986, 18.876659592844845 ], [ -98.16979334563068, 18.876663102195256 ], [ -98.170173867885026, 18.876665418783116 ], [ -98.170552124272362, 18.876663714244 ], [ -98.170650289227069, 18.876386566479937 ], [ -98.171010005138484, 18.876367407069079 ], [ -98.171402125830554, 18.876380204844597 ], [ -98.171798873613213, 18.876397647833187 ], [ -98.172003330269447, 18.876231887991683 ], [ -98.172256481200662, 18.876110953466057 ], [ -98.172597545264978, 18.87607829648638 ], [ -98.17272792036978, 18.875839893447953 ], [ -98.173131591458173, 18.875864867893256 ], [ -98.173220274492792, 18.875586345826708 ], [ -98.173582285601981, 18.875570069062395 ], [ -98.173983690085677, 18.875591021101162 ], [ -98.174313264026864, 18.87554391647592 ], [ -98.174457500983138, 18.875320016228837 ], [ -98.174590106380947, 18.875086763261766 ], [ -98.174884928266181, 18.875006508393739 ], [ -98.175015250797344, 18.874769800731034 ], [ -98.17542129608438, 18.874794829367456 ], [ -98.175507787012151, 18.874509457879252 ], [ -98.17590449818627, 18.874528021365077 ], [ -98.176285030439814, 18.874529756836413 ], [ -98.176665578548125, 18.874530925671106 ], [ -98.177046110819447, 18.874532659220161 ], [ -98.177426658942352, 18.87453382613246 ], [ -98.177807254592906, 18.874533295056668 ], [ -98.178212221520326, 18.874511870444522 ], [ -98.178297034709175, 18.874795929042001 ], [ -98.178687344747729, 18.874788283190245 ], [ -98.179153366915926, 18.874710098973107 ], [ -98.179448410785852, 18.874791739115373 ], [ -98.179523576416798, 18.875080647048517 ], [ -98.179559586910287, 18.875408753465273 ], [ -98.179561449273407, 18.875767128193239 ], [ -98.179541333088167, 18.876145890535049 ], [ -98.179508983572191, 18.876536796511324 ], [ -98.17947417771903, 18.876930470774656 ], [ -98.179444268150547, 18.877319174710014 ], [ -98.179431440741396, 18.877692461883647 ], [ -98.179443032486276, 18.878043159331256 ], [ -98.179723362555009, 18.878140842214183 ], [ -98.179935347836349, 18.878300758359355 ], [ -98.180027598802369, 18.878574250317669 ], [ -98.180405749543894, 18.87857648078727 ], [ -98.180556632998162, 18.878794851218412 ], [ -98.180863809046798, 18.87886830519691 ], [ -98.181268788353364, 18.878846872249447 ], [ -98.18141241581543, 18.879069586547654 ], [ -98.181719672066137, 18.879140210410249 ], [ -98.182124636221886, 18.879119340834222 ], [ -98.182270753150306, 18.879338154883488 ], [ -98.182575617600534, 18.879409282458283 ], [ -98.182980566604058, 18.879388976254091 ], [ -98.183138760176732, 18.87960130255367 ], [ -98.183431392514507, 18.879684572216345 ], [ -98.183531019791673, 18.879949757996698 ], [ -98.183899413196954, 18.879960789678652 ], [ -98.184301954973463, 18.879941551048326 ], [ -98.184574939916303, 18.880046964024153 ], [ -98.184773862714579, 18.880248998739724 ], [ -98.185158116158732, 18.880203254855957 ], [ -98.185258536184065, 18.879929550597435 ], [ -98.185629796779011, 18.879923102156326 ], [ -98.186033529719992, 18.879946345122761 ], [ -98.186432571941069, 18.879967203924839 ], [ -98.186801581973597, 18.879956166971397 ], [ -98.186892743237863, 18.879673170125884 ], [ -98.187275587996936, 18.879677766424003 ], [ -98.187672363188369, 18.879694602005213 ], [ -98.187747072859395, 18.879404395447146 ], [ -98.188153102667002, 18.879430521279424 ], [ -98.188288049886438, 18.879197880858278 ], [ -98.188599069479977, 18.87913385883019 ], [ -98.188701558722116, 18.878870960717865 ], [ -98.188857328985492, 18.878659225727166 ], [ -98.189168315497383, 18.878596333927792 ], [ -98.189273211838412, 18.878332364386289 ], [ -98.189438251745116, 18.878129354675753 ], [ -98.189742326838427, 18.87805836182304 ], [ -98.18984947233227, 18.877798977625183 ], [ -98.190068676448035, 18.877615451996231 ], [ -98.19001460315053, 18.877251794078624 ], [ -98.189710292340536, 18.877160882995163 ], [ -98.189660034192016, 18.876745808545962 ], [ -98.18977519404902, 18.876454927241962 ], [ -98.190132562053137, 18.876434530689018 ], [ -98.190561816500633, 18.876480484212028 ], [ -98.190590257561595, 18.87614325520034 ], [ -98.19059324647985, 18.875780475242731 ], [ -98.190596188019782, 18.875419392487167 ], [ -98.190895613057464, 18.875344317581881 ], [ -98.190852103961319, 18.874943001084482 ], [ -98.190882826215528, 18.874609226857061 ], [ -98.191216987999965, 18.874567862304851 ], [ -98.191444540645094, 18.874425870272937 ], [ -98.191697639438772, 18.874306034717012 ], [ -98.192036554118971, 18.874264788557287 ], [ -98.192187702103951, 18.874047840102477 ], [ -98.192315743026796, 18.873806532265966 ], [ -98.192619901669431, 18.873732139940682 ], [ -98.19276643628298, 18.873509979800797 ], [ -98.19287355668412, 18.873251160645527 ], [ -98.192943624153216, 18.872956308349099 ], [ -98.193342631223388, 18.872977714338479 ], [ -98.193468528814122, 18.87272786064392 ], [ -98.19375873841642, 18.872641792189576 ], [ -98.193921450956509, 18.872436456285943 ], [ -98.194042530083394, 18.872188744864438 ], [ -98.19433502045392, 18.872106129473078 ], [ -98.194321834185899, 18.871725960677171 ], [ -98.194612088431839, 18.871638193664133 ], [ -98.19459883835583, 18.87126028782156 ], [ -98.194796286665706, 18.871088661243974 ], [ -98.194908076241305, 18.870832789918097 ], [ -98.195274684015999, 18.870821672295939 ], [ -98.195467518980848, 18.870644833782862 ], [ -98.195762334764538, 18.870563972845801 ], [ -98.195836943417532, 18.870276594056268 ], [ -98.19603909519887, 18.870106783153041 ], [ -98.1963338937191, 18.87002648682785 ], [ -98.196410893503568, 18.869738602302473 ], [ -98.196610793006997, 18.869564205335507 ], [ -98.196894083970122, 18.869470031699169 ], [ -98.197207422708772, 18.869407184064638 ], [ -98.197384056415189, 18.869214084484291 ], [ -98.197488803598176, 18.868954637798065 ], [ -98.197778923860838, 18.868871390385721 ], [ -98.197953242243003, 18.868675967576628 ], [ -98.198067542571508, 18.868415063639517 ], [ -98.198436457423256, 18.868406261047518 ], [ -98.198643215102962, 18.868241658098665 ], [ -98.198615929496825, 18.867854909244656 ], [ -98.198704492328574, 18.867578637744099 ], [ -98.198927460909488, 18.867429727643753 ], [ -98.198932662536791, 18.867072102623734 ], [ -98.199308515159487, 18.867070265927676 ], [ -98.199487409440408, 18.866881184145221 ], [ -98.199782198967952, 18.866800881406125 ], [ -98.200020286849366, 18.867048600142624 ], [ -98.20008330842289, 18.867347942891325 ], [ -98.200043779075912, 18.867742628665134 ], [ -98.200297296206159, 18.86786337062631 ], [ -98.20036024003214, 18.868165541940165 ], [ -98.200325496435141, 18.868559216776127 ], [ -98.200576528264392, 18.868683858150092 ], [ -98.2006541120939, 18.868972813223799 ], [ -98.201061467278592, 18.868950255955557 ], [ -98.201187959095122, 18.869191196169229 ], [ -98.201495124633325, 18.869264607176785 ], [ -98.201465263695965, 18.869653877320406 ], [ -98.201728513475985, 18.869766937495555 ], [ -98.201794137289767, 18.870058421066478 ], [ -98.202201558480269, 18.870033597984492 ], [ -98.202315806943659, 18.870287248458737 ], [ -98.202640148765653, 18.870341843783709 ], [ -98.203052466022655, 18.870312047163239 ], [ -98.203430578517739, 18.87031478549509 ], [ -98.203503273945998, 18.870608710963971 ], [ -98.20389832436409, 18.870601119661945 ], [ -98.204037879668078, 18.870372547312993 ], [ -98.204355829378002, 18.870314895620009 ], [ -98.204625185595148, 18.870208468791201 ], [ -98.204848136285293, 18.870060115099228 ], [ -98.204936640754141, 18.869785536175812 ], [ -98.205189766281393, 18.869663981645438 ], [ -98.205396501998152, 18.869499934836828 ], [ -98.205795610984879, 18.869517348026207 ], [ -98.206067215588718, 18.869415504001594 ], [ -98.206051525718848, 18.869038671727928 ], [ -98.20634861429248, 18.868961244159877 ], [ -98.206458066507935, 18.868703042402306 ], [ -98.206623100662185, 18.868498885035052 ], [ -98.206922501708135, 18.868423778947143 ], [ -98.207031920970309, 18.868166708299512 ], [ -98.207194843982407, 18.867952874135661 ], [ -98.207541984589426, 18.867871610144011 ], [ -98.207774985185509, 18.86804616547262 ], [ -98.207982029667249, 18.868213274154805 ], [ -98.208369675251589, 18.868215108093544 ], [ -98.20877221036686, 18.868194673027986 ], [ -98.208904970168163, 18.867953472566867 ], [ -98.209234513615357, 18.867906292016016 ], [ -98.209489898710984, 18.867788750093023 ], [ -98.209726787026085, 18.867652062017356 ], [ -98.209813076068642, 18.867371198857246 ], [ -98.210205127430484, 18.867385592515991 ], [ -98.210590315345272, 18.86739018930345 ], [ -98.210936054997646, 18.867359262521244 ], [ -98.210899541499842, 18.866960963688541 ], [ -98.210916281791242, 18.866614950906211 ], [ -98.211224963795473, 18.866547995049242 ], [ -98.211510583834098, 18.866454985429652 ], [ -98.211530578505872, 18.866077354899033 ], [ -98.211548196265213, 18.865699664766311 ], [ -98.211538915600883, 18.865348469479262 ], [ -98.211295214384776, 18.865216672528575 ], [ -98.211189653945354, 18.864906642673137 ], [ -98.211362654600322, 18.86467211419285 ], [ -98.211509305988315, 18.864444281699054 ], [ -98.211804161674436, 18.864361127329744 ], [ -98.211950639316854, 18.864139516885604 ], [ -98.212312568356978, 18.864124844316379 ], [ -98.21269307206677, 18.864126487807589 ], [ -98.213085208573261, 18.86413747988091 ], [ -98.213477266685956, 18.864151299292747 ], [ -98.213864696844027, 18.864160472816451 ], [ -98.214092239966362, 18.864017317139727 ], [ -98.214064942821935, 18.863629441848257 ], [ -98.214125687871942, 18.863325859314841 ], [ -98.214369458767294, 18.863197829020162 ], [ -98.214629490031413, 18.863083792601916 ], [ -98.21471584453225, 18.862800099932755 ], [ -98.215105553585559, 18.862812724008233 ], [ -98.21522657006021, 18.862565564306422 ], [ -98.215574657511269, 18.862535252467136 ], [ -98.215806792809104, 18.862397870647197 ], [ -98.216062177623826, 18.862279752747085 ], [ -98.216143837881006, 18.861993677447884 ], [ -98.216376081439194, 18.861852335153802 ], [ -98.216638391131895, 18.861741749194866 ], [ -98.21697005238471, 18.861789138460839 ], [ -98.217125854649055, 18.862003061574015 ], [ -98.217242532212993, 18.862255626456118 ], [ -98.217290842896489, 18.862572137797716 ], [ -98.217514919856185, 18.862725508266418 ], [ -98.21779773217105, 18.862819218368749 ], [ -98.217767887775565, 18.863209619851311 ], [ -98.217948071799341, 18.863402078156671 ], [ -98.218372483643037, 18.863364053209818 ], [ -98.218682272790616, 18.86342843755035 ], [ -98.218823599624628, 18.863649920743704 ], [ -98.219221193833988, 18.863635560935059 ], [ -98.219203534895755, 18.864015513648908 ], [ -98.219381313893564, 18.864209042122521 ], [ -98.219835079440116, 18.864141748288816 ], [ -98.220113048737332, 18.86423872894601 ], [ -98.220131999500424, 18.864585070737856 ], [ -98.220075327448683, 18.864999707055286 ], [ -98.220155342912463, 18.865288144687643 ], [ -98.220357535119717, 18.865459076187065 ], [ -98.220650159835571, 18.865542272044127 ], [ -98.22063494408475, 18.865920022803873 ], [ -98.220868897747636, 18.866060617004177 ], [ -98.220944083571666, 18.866351763710249 ], [ -98.220911745289598, 18.86674663335392 ], [ -98.221150610906449, 18.866881689791935 ], [ -98.221228268572787, 18.867169502247133 ], [ -98.221511139616908, 18.867261508890383 ], [ -98.221732836519806, 18.867415380061036 ], [ -98.221781175095998, 18.867731326392189 ], [ -98.221897850509961, 18.867984455208823 ], [ -98.22205606007131, 18.868197868875772 ], [ -98.22236087339563, 18.868270611953001 ], [ -98.222487355204905, 18.868513231097694 ], [ -98.222645675877928, 18.868722684558211 ], [ -98.222652624129879, 18.869073255401943 ], [ -98.222925616941978, 18.869178597415438 ], [ -98.223166943934729, 18.869310882300731 ], [ -98.223198131866269, 18.86964507908063 ], [ -98.223334452631562, 18.869876057125417 ], [ -98.223473166392509, 18.870106529033848 ], [ -98.223787758312838, 18.870169891271306 ], [ -98.22390708245166, 18.870413462400542 ], [ -98.22404576642856, 18.870645065296447 ], [ -98.224355418301428, 18.870715095351784 ], [ -98.224481984152561, 18.870954885195971 ], [ -98.224610942997543, 18.871194168907351 ], [ -98.224930432563653, 18.871252556899307 ], [ -98.224886094934377, 18.871651657452187 ], [ -98.225144567199379, 18.871766254889216 ], [ -98.225495802915091, 18.871794869477156 ], [ -98.225465931642489, 18.872186974034882 ], [ -98.225714553600156, 18.872313777253886 ], [ -98.226126793571538, 18.87228674580323 ], [ -98.226331490019021, 18.872453770624752 ], [ -98.226570339705901, 18.872589950820441 ], [ -98.226924017315056, 18.872616358938473 ], [ -98.227057798420219, 18.872853497431183 ], [ -98.227172111057044, 18.873106564292826 ], [ -98.227542835176095, 18.873118680062031 ], [ -98.227747487703311, 18.873287400178231 ], [ -98.227988826630749, 18.873419678039074 ], [ -98.228376674831324, 18.873414672349394 ], [ -98.228781646108757, 18.873392546161657 ], [ -98.229176781307274, 18.873382060146842 ], [ -98.229501141217071, 18.873436597860209 ], [ -98.229610579968352, 18.873694069503564 ], [ -98.230022885831644, 18.873664764622497 ], [ -98.230354549448165, 18.873713256509976 ], [ -98.230490855138655, 18.873945360649625 ], [ -98.230600218056239, 18.874205660147091 ], [ -98.230975871201537, 18.874211663962232 ], [ -98.231175681971195, 18.874383654790368 ], [ -98.231424297613827, 18.874511014626364 ], [ -98.231841500030441, 18.874476732547418 ], [ -98.232043720476398, 18.874647650383984 ], [ -98.23231185282684, 18.874757382675067 ], [ -98.23237266547163, 18.875053261332162 ], [ -98.232767617848111, 18.875049554057803 ], [ -98.23289374182481, 18.874788918811355 ], [ -98.233258214306886, 18.87476916403298 ], [ -98.2336607494058, 18.874749227976565 ], [ -98.233748211163359, 18.875027658040516 ], [ -98.2340422489644, 18.874974440149014 ], [ -98.234195801588967, 18.874754114700316 ], [ -98.234581884984394, 18.874726972015665 ], [ -98.234990942137159, 18.874729272254278 ], [ -98.235368193790464, 18.874763608624235 ], [ -98.235458176428352, 18.875037005970665 ], [ -98.235765467139288, 18.87510695356298 ], [ -98.235906599779597, 18.875336909293431 ], [ -98.236309136165644, 18.87531696614651 ], [ -98.236377229058689, 18.875607930437209 ], [ -98.2367919474259, 18.875577534986601 ], [ -98.236884248057976, 18.875853253884205 ], [ -98.237189055184274, 18.875927099041732 ], [ -98.237323060084847, 18.876156875548986 ], [ -98.237720704360839, 18.876141901001869 ], [ -98.238125651031467, 18.876120880985955 ], [ -98.238310759507954, 18.876308911397334 ], [ -98.238554506600124, 18.876440666525234 ], [ -98.238932527657852, 18.876447275559975 ], [ -98.239332549603901, 18.87643235610512 ], [ -98.239723047875671, 18.876417763913942 ], [ -98.239804589089914, 18.876134499001232 ], [ -98.240196715516419, 18.876147117723285 ], [ -98.240306093892883, 18.875889454677544 ], [ -98.240371477693287, 18.875588238166351 ], [ -98.240768231940066, 18.875605499514155 ], [ -98.240891481222349, 18.87536233423047 ], [ -98.241195570111316, 18.875289540742017 ], [ -98.241332721936246, 18.875059741793542 ], [ -98.241731991927097, 18.875071968761727 ], [ -98.242124769585715, 18.875060823774984 ], [ -98.242519970875207, 18.875048040011503 ], [ -98.242905383905892, 18.875045200345127 ], [ -98.243271267310789, 18.875060552959948 ], [ -98.243473549634999, 18.875229758533976 ], [ -98.243736860510651, 18.87534218042823 ], [ -98.243797698176039, 18.87563805469534 ], [ -98.244212399416767, 18.875608204500942 ], [ -98.244312110640152, 18.875874480044217 ], [ -98.24462675664698, 18.875936667868963 ], [ -98.244758397076126, 18.876166378503186 ], [ -98.244884848188619, 18.876411809725873 ], [ -98.245192100138794, 18.876483435267101 ], [ -98.245316268681535, 18.876725412868819 ], [ -98.24572367071724, 18.876701603245419 ], [ -98.245798899846349, 18.876993307214423 ], [ -98.246049988686849, 18.877117874162774 ], [ -98.246022723444256, 18.87750382218228 ], [ -98.246327585868428, 18.87757595195302 ], [ -98.246490738792033, 18.877784369894702 ], [ -98.246605169357125, 18.878034595186829 ], [ -98.246646313696772, 18.878354885642587 ], [ -98.246882801374738, 18.878491541122365 ], [ -98.247153439116843, 18.878597346967421 ], [ -98.247172538239468, 18.878940863321219 ], [ -98.247374831148193, 18.879110064501059 ], [ -98.247452488845568, 18.879400130706909 ], [ -98.247539997261995, 18.879677988740827 ], [ -98.247710425704426, 18.879881492392762 ], [ -98.248007914330145, 18.879962492332016 ], [ -98.248388447051084, 18.879964611384903 ], [ -98.248786101202867, 18.87994960755934 ], [ -98.249176468616284, 18.879940081982664 ], [ -98.249457383309888, 18.879845183377874 ], [ -98.24963630257983, 18.879653210514967 ], [ -98.250019195983739, 18.879655950318558 ], [ -98.250422892435779, 18.879680717793416 ], [ -98.250819659845803, 18.879697952762211 ], [ -98.251177058260268, 18.879676279955103 ], [ -98.251258608728136, 18.879391876284355 ], [ -98.251627736207439, 18.879376155073416 ], [ -98.252031540857644, 18.87939695842104 ], [ -98.252309020451591, 18.879513680617638 ], [ -98.252493889026411, 18.879711311103666 ], [ -98.252895209026832, 18.879736012817524 ], [ -98.253295394363249, 18.879715399354623 ], [ -98.253444431094962, 18.879485318014947 ], [ -98.253727905260845, 18.879383682382002 ], [ -98.25411858120583, 18.879362830266203 ], [ -98.254525275515718, 18.87936501836808 ], [ -98.254914709570471, 18.879389419159846 ], [ -98.255204651169436, 18.879485501093331 ], [ -98.255370445304663, 18.879684918026502 ], [ -98.255460393645606, 18.879961133591326 ], [ -98.255838440784714, 18.879967134550075 ], [ -98.256244516282379, 18.87999194552177 ], [ -98.256599537535138, 18.879970200764383 ], [ -98.256708919044229, 18.879711393171018 ], [ -98.257068522985762, 18.879695988023652 ], [ -98.257453731679945, 18.879701030750326 ], [ -98.257850515545414, 18.879717681516517 ], [ -98.258244906933498, 18.879734837878299 ], [ -98.258597674182482, 18.87970850386996 ], [ -98.258704705643765, 18.879448504497386 ], [ -98.259085314617835, 18.879447768093872 ], [ -98.259456554863476, 18.879441703425872 ], [ -98.259570731154312, 18.879181314924882 ], [ -98.259939624597536, 18.879174058666951 ], [ -98.26034099086209, 18.879197043468018 ], [ -98.260723898697719, 18.879199190377943 ], [ -98.260879557615652, 18.878987380861524 ], [ -98.261151108956184, 18.878886567671561 ], [ -98.261561796867568, 18.878916573468434 ], [ -98.261949318613318, 18.87892392644147 ], [ -98.262037837911535, 18.878644785365498 ], [ -98.26233494659526, 18.878566115066995 ], [ -98.262530872637214, 18.878360397907084 ], [ -98.262912461664754, 18.878410622669154 ], [ -98.263024127633102, 18.878676050279186 ], [ -98.263431362051577, 18.878658415275801 ], [ -98.26354335437324, 18.878390611125159 ], [ -98.263910007779742, 18.878378195003201 ], [ -98.264309041774126, 18.878399413189605 ], [ -98.264668703325441, 18.878381727178631 ], [ -98.264898531986731, 18.878240813846958 ], [ -98.265153888469868, 18.878123176008692 ], [ -98.265258792298425, 18.877853496890133 ], [ -98.26563464271625, 18.877852626069579 ], [ -98.266033721868098, 18.877872142612247 ], [ -98.266010951068196, 18.877487216125228 ], [ -98.266013677702645, 18.877126696841607 ], [ -98.266285206076859, 18.877026440325928 ], [ -98.266619381831049, 18.876983777036127 ], [ -98.266629500930577, 18.876613818051641 ], [ -98.266646936672984, 18.876237247753501 ], [ -98.266659510007202, 18.875864519607521 ], [ -98.266655072962536, 18.875504955691696 ], [ -98.266628546770264, 18.875170317548324 ], [ -98.266328634131568, 18.875090993010883 ], [ -98.266165423195588, 18.874883728645287 ], [ -98.266049185957556, 18.874611398590819 ], [ -98.26606111728502, 18.874609996156231 ], [ -98.266435788694466, 18.874564940998209 ], [ -98.266610358514725, 18.874791732854408 ], [ -98.266888305351102, 18.874891456954852 ], [ -98.267259068766634, 18.874902343651822 ], [ -98.267637164287947, 18.874906052225693 ], [ -98.268020183936144, 18.874903655098684 ], [ -98.2684080503345, 18.87489798065986 ], [ -98.26880076345445, 18.874889028871959 ], [ -98.269191099536215, 18.874880017185927 ], [ -98.269581389185959, 18.874872701544998 ], [ -98.269969239972895, 18.874867588772688 ], [ -98.270349805200382, 18.874867955288266 ], [ -98.270725461901435, 18.874873859997322 ], [ -98.271091363422499, 18.874888579361219 ], [ -98.271191095635203, 18.875155968235898 ], [ -98.271574054114282, 18.875155824816378 ], [ -98.271773855597488, 18.875330024747573 ], [ -98.27204697605616, 18.87543245016251 ], [ -98.272124714978816, 18.87572137090368 ], [ -98.272329519185959, 18.875886636898397 ], [ -98.272612334577644, 18.875982508423743 ], [ -98.273005065987476, 18.875972979977824 ], [ -98.27340512914229, 18.875956273007027 ], [ -98.273785681970736, 18.875957196530774 ], [ -98.274078315401198, 18.876041986787008 ], [ -98.274212243525795, 18.876276821691988 ], [ -98.274612307423212, 18.876260111509144 ], [ -98.275014856300245, 18.876239499238292 ], [ -98.275188022596609, 18.876431150258835 ], [ -98.27543674475821, 18.876556175046908 ], [ -98.275846348266924, 18.876538565310998 ], [ -98.276055324749422, 18.87637674162816 ], [ -98.27629166664066, 18.876083700237491 ], [ -98.276591030526703, 18.876009020656646 ], [ -98.276925293148281, 18.875962940442253 ], [ -98.277164520539472, 18.875825637969506 ], [ -98.277266852163507, 18.875562115092251 ], [ -98.277531484996814, 18.875452611282295 ], [ -98.277932827853846, 18.875476114795987 ], [ -98.278123262421488, 18.875296282287017 ], [ -98.278390255624927, 18.87518740142626 ], [ -98.27862711861286, 18.875049472352131 ], [ -98.278873165232895, 18.874923657232127 ], [ -98.279093696764903, 18.874774002691762 ], [ -98.279192666771138, 18.874808147263195 ], [ -98.279460898994856, 18.874915532913537 ], [ -98.279531337294614, 18.875211061742956 ], [ -98.279772883959254, 18.875337600102323 ], [ -98.280024108664293, 18.87545815035396 ], [ -98.280099410393106, 18.875749836721347 ], [ -98.28048971735879, 18.875741927126839 ], [ -98.280880008865836, 18.875734582208541 ], [ -98.280957782066366, 18.876022932816223 ], [ -98.281348120586145, 18.876013889620353 ], [ -98.281736004992894, 18.876007615174014 ], [ -98.28181374933763, 18.876297096816469 ], [ -98.28218383980203, 18.876332837064549 ], [ -98.282593226080209, 18.876323128619816 ], [ -98.282928057430283, 18.876256104621472 ], [ -98.283155594479382, 18.876111145354127 ], [ -98.283429516062142, 18.876009785351126 ], [ -98.283810053705253, 18.876011249242335 ], [ -98.284199883811979, 18.87602086635253 ], [ -98.284585021539428, 18.876028102439477 ], [ -98.284805747179647, 18.876308089560794 ], [ -98.285159353281472, 18.876337755220682 ], [ -98.285283669501496, 18.876576871387243 ], [ -98.28548102116315, 18.876754388967449 ], [ -98.285727283949427, 18.876882732332284 ], [ -98.2858562941543, 18.877124228176307 ], [ -98.286256312934398, 18.877109184122268 ], [ -98.286343898853573, 18.877387018790312 ], [ -98.286614564978024, 18.877492753597295 ], [ -98.286831490041024, 18.87765037360418 ], [ -98.2869142618284, 18.877930353698495 ], [ -98.287187291133577, 18.878036711835058 ], [ -98.287404279268856, 18.878192068368865 ], [ -98.28748939884369, 18.878473238309308 ], [ -98.287892898581191, 18.878505259316317 ], [ -98.288025759363606, 18.878255500622377 ], [ -98.288332960359867, 18.878154951508307 ], [ -98.288754313829472, 18.87814269071449 ], [ -98.289119211000298, 18.878194701882673 ], [ -98.289141023410778, 18.878529785932979 ], [ -98.289289626736007, 18.878750817288289 ], [ -98.289467570388126, 18.878942569629348 ], [ -98.289723595177861, 18.879062089994289 ], [ -98.289718400269464, 18.879428208955627 ], [ -98.289747330212194, 18.879764034793215 ], [ -98.28999597952091, 18.879892430227557 ], [ -98.290168971599726, 18.880091418914887 ], [ -98.290280876433542, 18.880350038593434 ], [ -98.290344178921174, 18.880646520187149 ], [ -98.29058326050918, 18.880776943399855 ], [ -98.290574783677073, 18.88117638049593 ], [ -98.290298541426182, 18.881275432851925 ], [ -98.290281892912219, 18.881625420773911 ], [ -98.290116891146639, 18.881832501660522 ], [ -98.289995977819501, 18.882080293309613 ], [ -98.289682729663596, 18.882140506478986 ], [ -98.289524719337692, 18.882352853745523 ], [ -98.289392241783673, 18.882588472748967 ], [ -98.289405770740615, 18.882965809981027 ], [ -98.289428531523541, 18.883353564103544 ], [ -98.289409611029697, 18.883699534449807 ], [ -98.289103228884727, 18.883769539004561 ], [ -98.289104809855587, 18.884148846806326 ], [ -98.289204338035759, 18.884425278045036 ], [ -98.289404283234504, 18.884595496806384 ], [ -98.289394286779753, 18.884963198328862 ], [ -98.289484445846327, 18.885234304189904 ], [ -98.289701478791969, 18.885388527460645 ], [ -98.289723216891431, 18.885726442998319 ], [ -98.289969576735174, 18.885851952430116 ], [ -98.290154831306566, 18.886037658698132 ], [ -98.290249623976081, 18.886313407130913 ], [ -98.290342116706171, 18.886586268579563 ], [ -98.290764172461479, 18.886549111406406 ], [ -98.290859166570385, 18.886817505585071 ], [ -98.290815047382068, 18.887215502085844 ], [ -98.291029554040065, 18.887375322267872 ], [ -98.291129365171656, 18.887641570834788 ], [ -98.291107118077974, 18.888022557992041 ], [ -98.291155716740846, 18.888335096208685 ], [ -98.291389919761869, 18.888470493647343 ], [ -98.291428134119641, 18.888815042626653 ], [ -98.291443892854687, 18.889198098194687 ], [ -98.291431140022652, 18.88957988595627 ], [ -98.291386181501338, 18.889921255648094 ], [ -98.291086764456438, 18.889997097357632 ], [ -98.291067877990116, 18.890341939461926 ], [ -98.291067563784523, 18.890703655236241 ], [ -98.291076497349351, 18.891075222189983 ], [ -98.291090047175814, 18.891451997677631 ], [ -98.291103597077054, 18.8918287733459 ], [ -98.291110184261697, 18.892199150902581 ], [ -98.291107569724758, 18.89255798050516 ], [ -98.291083989829204, 18.892900443879501 ], [ -98.290779980577852, 18.892969945499409 ], [ -98.290814418281229, 18.893365916875997 ], [ -98.290510300227297, 18.893439377900727 ], [ -98.290426476576016, 18.893722617987287 ], [ -98.290231354741536, 18.893899524704096 ], [ -98.2899342133895, 18.893978817262237 ], [ -98.289859789895729, 18.894266251334869 ], [ -98.289444433347938, 18.894231113658897 ], [ -98.289362922814604, 18.894516674804208 ], [ -98.289063433039544, 18.894594775746473 ], [ -98.288870577856216, 18.894775699374179 ], [ -98.288786765365018, 18.895058373331004 ], [ -98.288485065949473, 18.89513019188789 ], [ -98.288489345755423, 18.895497684041306 ], [ -98.288519130418607, 18.89588958016202 ], [ -98.288414458682666, 18.896151927574067 ], [ -98.288193841291147, 18.89630386267347 ], [ -98.288205098618377, 18.896677188147361 ], [ -98.287901033330201, 18.896748381404201 ], [ -98.287935479022337, 18.897143789650197 ], [ -98.287631381778453, 18.897216113812433 ], [ -98.28763084301994, 18.897585752615353 ], [ -98.287674590010667, 18.897901572835256 ], [ -98.287923393501998, 18.898025449042535 ], [ -98.288162303199869, 18.898163233156492 ], [ -98.288220546823965, 18.898470919345797 ], [ -98.288217755328887, 18.898835974530179 ], [ -98.288456635973105, 18.898974889729864 ], [ -98.288500262243403, 18.899295235911708 ], [ -98.288514590384722, 18.899643164622422 ], [ -98.288734022572712, 18.899797450704266 ], [ -98.288821520409726, 18.900079251952 ], [ -98.289092279595124, 18.900183288265982 ], [ -98.289292201591721, 18.900355207729088 ], [ -98.289642909085302, 18.900406302047049 ], [ -98.289326687554023, 18.900486822753734 ], [ -98.289349420271421, 18.900875717002879 ], [ -98.289082339418286, 18.900986317990029 ], [ -98.28901013393866, 18.901279469847882 ], [ -98.288763956854055, 18.901408700013761 ], [ -98.288524819372952, 18.90154149975379 ], [ -98.288165038350613, 18.901561506066567 ], [ -98.28803953371748, 18.901802396770698 ], [ -98.287909181382204, 18.902046564524031 ], [ -98.287600487538541, 18.902112549137048 ], [ -98.287458708432169, 18.902339452450406 ], [ -98.287335471586118, 18.902584361347412 ], [ -98.287029045989925, 18.902654363377195 ], [ -98.286903538347275, 18.902895253471542 ], [ -98.286495104029157, 18.902867071559061 ], [ -98.286422891998356, 18.903160222881581 ], [ -98.286012171872343, 18.903128586799937 ], [ -98.285909590134651, 18.903401176251489 ], [ -98.2855660767312, 18.903435163683209 ], [ -98.285171567242543, 18.90341977544384 ], [ -98.284765432200174, 18.903394475987234 ], [ -98.284382533130071, 18.903389561575054 ], [ -98.284168739373868, 18.903552416544713 ], [ -98.283908658336429, 18.903667710323351 ], [ -98.283838817826862, 18.90396091935186 ], [ -98.2835857295875, 18.904081479942576 ], [ -98.283513464448816, 18.904376327450269 ], [ -98.283345415737841, 18.904606542347128 ], [ -98.283598890114277, 18.904733938314259 ], [ -98.283791479048674, 18.90491304433867 ], [ -98.283932785025073, 18.90514070101343 ], [ -98.283961829415091, 18.905472013348042 ], [ -98.284220338283646, 18.90558934293324 ], [ -98.284456818343799, 18.905729338451501 ], [ -98.284549266445282, 18.906003907363832 ], [ -98.284758855406523, 18.906170411561586 ], [ -98.284784492627423, 18.90653956810619 ], [ -98.284783484099179, 18.906926182608824 ], [ -98.284756876859049, 18.907291786781684 ], [ -98.284545347185286, 18.907458661702645 ], [ -98.28444760680847, 18.907727974670852 ], [ -98.284491241869659, 18.908047759884095 ], [ -98.284737513980602, 18.908177807143908 ], [ -98.284854325311017, 18.908431466013628 ], [ -98.285022421501296, 18.908636573446319 ], [ -98.285056224454266, 18.908968004302892 ], [ -98.285312394092841, 18.909084142487742 ], [ -98.285536670012263, 18.909235723771822 ], [ -98.285626760461483, 18.909509668920293 ], [ -98.285890095191945, 18.909624850632213 ], [ -98.286111964248448, 18.909777503975647 ], [ -98.286201948443022, 18.910055408957788 ], [ -98.286458105702991, 18.910172111068757 ], [ -98.286433448888729, 18.910553615620309 ], [ -98.286484422492876, 18.910866222952627 ], [ -98.286738111534149, 18.910986260383751 ], [ -98.286732907402552, 18.911352394201604 ], [ -98.286713083381855, 18.911731188004769 ], [ -98.286861718922509, 18.911952231147392 ], [ -98.287120504215224, 18.912059939587081 ], [ -98.287501127014565, 18.912061959936839 ], [ -98.287881765213726, 18.912063413610991 ], [ -98.288262418807918, 18.912064300609419 ], [ -98.288643072407055, 18.912065186646359 ], [ -98.28900975244747, 18.912054971761808 ], [ -98.289107471537875, 18.911786220062428 ], [ -98.289374419679945, 18.911681274646998 ], [ -98.28979680841671, 18.91172224609792 ], [ -98.289908468533199, 18.911465725299522 ], [ -98.289945874329987, 18.911140010983566 ], [ -98.290282626858001, 18.911092826182692 ], [ -98.290658922307415, 18.911078881479291 ], [ -98.291058363557269, 18.911088715428608 ], [ -98.291464568780071, 18.911112301030798 ], [ -98.291861156028475, 18.911139611458445 ], [ -98.292143781507335, 18.91124563349803 ], [ -98.292336344731524, 18.911426427231998 ], [ -98.292589993853213, 18.911548152040183 ], [ -98.29298730485668, 18.911548870944646 ], [ -98.293251918016253, 18.911442163047422 ], [ -98.293454516577697, 18.911253543938756 ], [ -98.293856320807237, 18.911263994682432 ], [ -98.293749611722504, 18.911426102523794 ], [ -98.2936379895865, 18.911681494726203 ], [ -98.293322312830441, 18.911741093537067 ], [ -98.293173553971826, 18.911962172378672 ], [ -98.293005189501287, 18.912204280288432 ], [ -98.293093959972708, 18.912527439220767 ], [ -98.293352474687111, 18.912645319910503 ], [ -98.293327698401427, 18.913031918232118 ], [ -98.293630179945609, 18.913107857071349 ], [ -98.29361514551502, 18.913486203897506 ], [ -98.293614807276796, 18.913849061806925 ], [ -98.293912381799572, 18.913930540336086 ], [ -98.294087907951052, 18.914125631661971 ], [ -98.29418033502516, 18.914401894754928 ], [ -98.294424311590404, 18.914529605887036 ], [ -98.294436248014478, 18.914878613754002 ], [ -98.29444326012063, 18.915233727705964 ], [ -98.294442985526501, 18.915594323555336 ], [ -98.294440225685562, 18.91595882111509 ], [ -98.294432633582034, 18.91632603047513 ], [ -98.294424995351889, 18.916694937161225 ], [ -98.294414979348261, 18.91706378554052 ], [ -98.294407371753266, 18.917431561134723 ], [ -98.294404581055815, 18.917797190984672 ], [ -98.294401882516539, 18.918159426688995 ], [ -98.294465134682298, 18.91845874948206 ], [ -98.294840205819028, 18.918490617487922 ], [ -98.295244301705878, 18.918505083137326 ], [ -98.295634868271648, 18.918492042396334 ], [ -98.29590441724956, 18.918379222903248 ], [ -98.296101913768993, 18.918203493203464 ], [ -98.296178745626761, 18.917914974277487 ], [ -98.296457343390315, 18.917819359262623 ], [ -98.296645557707265, 18.917634909398195 ], [ -98.297060971978539, 18.917670593992064 ], [ -98.297337298332593, 18.917570958908176 ], [ -98.297537077482346, 18.917398680256326 ], [ -98.297616237541533, 18.917111916480131 ], [ -98.298017721699622, 18.917134802021291 ], [ -98.298154881276957, 18.916902676180822 ], [ -98.298482164953327, 18.91685410758944 ], [ -98.298756095544348, 18.916754977310678 ], [ -98.298969800515749, 18.916595493214491 ], [ -98.299051258106502, 18.916311615977794 ], [ -98.299408821421352, 18.916286999147179 ], [ -98.299782721857397, 18.91627410460443 ], [ -98.300168234740781, 18.916271684012475 ], [ -98.30056068139956, 18.916276791923952 ], [ -98.300952959404654, 18.916288121718164 ], [ -98.301342767753752, 18.916302786433025 ], [ -98.301720641580161, 18.916318855474362 ], [ -98.301886349109452, 18.916525584948086 ], [ -98.302196160296035, 18.916594893389281 ], [ -98.302590725110349, 18.916609671595655 ], [ -98.302989922855119, 18.916629091210623 ], [ -98.303368257524411, 18.916628184555112 ], [ -98.303616749337522, 18.916501814950546 ], [ -98.303802727669492, 18.916311640933412 ], [ -98.304188056730396, 18.916315998684968 ], [ -98.304591856093708, 18.916341187889877 ], [ -98.304988767522119, 18.916357149569965 ], [ -98.305336895571912, 18.916329456825366 ], [ -98.305423049251004, 18.916047390012267 ], [ -98.305843109222863, 18.916087126969749 ], [ -98.305915454837944, 18.915787738602823 ], [ -98.306307701256529, 18.915800185888759 ], [ -98.306688365388467, 18.915801026347406 ], [ -98.307050451775737, 18.91578499375591 ], [ -98.307167374025013, 18.915508775249521 ], [ -98.307312827126083, 18.915760855540654 ], [ -98.307651937278763, 18.915802566063206 ], [ -98.307903215165879, 18.915924773222287 ], [ -98.308110454821403, 18.916091754497135 ], [ -98.30850336036471, 18.916079870147346 ], [ -98.308893735099701, 18.916073583714788 ], [ -98.309030354348124, 18.916300537869027 ], [ -98.309276955433106, 18.916419797719108 ], [ -98.309437949666872, 18.916625270985485 ], [ -98.309598883189153, 18.916833007013167 ], [ -98.30985013412041, 18.916956342526234 ], [ -98.310011007470862, 18.91716634108197 ], [ -98.310169717726424, 18.91736836120635 ], [ -98.31048198925447, 18.917434882316854 ], [ -98.310703760856242, 18.917592592454529 ], [ -98.310559672212804, 18.917817766596063 ], [ -98.310422288080503, 18.918058955529929 ], [ -98.310115824290676, 18.918129571610024 ], [ -98.310148023159201, 18.918522664445749 ], [ -98.309864800405492, 18.918613662613989 ], [ -98.309792630238732, 18.918906831018607 ], [ -98.309537205340604, 18.919025682090957 ], [ -98.309555304370747, 18.919412203113993 ], [ -98.309251138370598, 18.919485704407247 ], [ -98.309231926496409, 18.919844139099585 ], [ -98.309257326460994, 18.920224612354218 ], [ -98.30944016903166, 18.920414204873559 ], [ -98.309825739332155, 18.920410062395838 ], [ -98.310223443344853, 18.92039715852469 ], [ -98.310447903179934, 18.920543613411628 ], [ -98.310679573378692, 18.920687414047986 ], [ -98.311055357921902, 18.920693218538805 ], [ -98.311443337347839, 18.920687998692838 ], [ -98.31183617938089, 18.920678934198246 ], [ -98.312224143447736, 18.920674278065096 ], [ -98.312599928020447, 18.92068007870434 ], [ -98.312719347790548, 18.920927555247989 ], [ -98.313090255186168, 18.920937764069183 ], [ -98.31348553676996, 18.920926490564874 ], [ -98.313595126171023, 18.921185613966703 ], [ -98.313543653618808, 18.921593643082655 ], [ -98.313748546242465, 18.921759993906523 ], [ -98.314119425415498, 18.921771331653268 ], [ -98.314158119057709, 18.922100614962048 ], [ -98.314184434734557, 18.922447710738513 ], [ -98.314200826605941, 18.922809848557481 ], [ -98.314205054277011, 18.923181878750682 ], [ -98.314201980322025, 18.923559957592929 ], [ -98.314191726926424, 18.92393955928878 ], [ -98.314176778863413, 18.924316781927288 ], [ -98.314154865188655, 18.924687607252782 ], [ -98.314130848576326, 18.925048191507926 ], [ -98.314102488661462, 18.925393384969428 ], [ -98.313800704950197, 18.925466388447518 ], [ -98.31377234411346, 18.925811582030313 ], [ -98.313778795781118, 18.926189329100374 ], [ -98.313799514920674, 18.926567425399668 ], [ -98.313850358513207, 18.926887384299327 ], [ -98.314113872838874, 18.926997993413899 ], [ -98.314140388005754, 18.927337736895939 ], [ -98.314381875644301, 18.927471016927594 ], [ -98.314410463891406, 18.927822133297195 ], [ -98.314436063140448, 18.928195820794919 ], [ -98.314456601042636, 18.928580706713465 ], [ -98.314462871372086, 18.928965243832149 ], [ -98.314452801660039, 18.929338059400184 ], [ -98.314421926183002, 18.929688288204915 ], [ -98.314363508197303, 18.930001046729632 ], [ -98.313924791829038, 18.929945592734093 ], [ -98.313757465969417, 18.930149825461999 ], [ -98.313726894193834, 18.930488739882584 ], [ -98.313731090243877, 18.930861905179157 ], [ -98.313753912846053, 18.931250245056233 ], [ -98.313779266406314, 18.931632985987005 ], [ -98.313829943723206, 18.931959169994446 ], [ -98.314076409191472, 18.932084647408562 ], [ -98.314229943635596, 18.932302956958278 ], [ -98.314400644191878, 18.932502438695973 ], [ -98.314661745953941, 18.932614686670618 ], [ -98.314681236481348, 18.932950297871518 ], [ -98.31490072124295, 18.93310568385288 ], [ -98.31498590116091, 18.933387989430461 ], [ -98.315256700537887, 18.933493680336824 ], [ -98.315473854628166, 18.933647310240897 ], [ -98.315551978345979, 18.93392661258228 ], [ -98.315942449628437, 18.933918610549153 ], [ -98.316110639204027, 18.934123124214132 ], [ -98.316413241258687, 18.934196756424456 ], [ -98.316679149816792, 18.934307420213706 ], [ -98.316881580408591, 18.934477671467235 ], [ -98.317215831205274, 18.934524902540335 ], [ -98.317547658381955, 18.934573771959286 ], [ -98.317933253172683, 18.934570174397191 ], [ -98.318059951050842, 18.934813299535236 ], [ -98.318213571263655, 18.935028777113093 ], [ -98.318613771456938, 18.935013080296336 ], [ -98.319004276192445, 18.935003938851906 ], [ -98.319380085249009, 18.935010288423708 ], [ -98.319533585688404, 18.935230290582723 ], [ -98.319779970754311, 18.935359153595364 ], [ -98.319936048654299, 18.935571858975614 ], [ -98.320333826406582, 18.93555779670541 ], [ -98.320414369747155, 18.935836023805734 ], [ -98.320807300551252, 18.935825238547103 ], [ -98.320963304314944, 18.936040771663375 ], [ -98.321209737953268, 18.936167935266255 ], [ -98.321365757996716, 18.936382902324468 ], [ -98.321761114132883, 18.936370475422233 ], [ -98.321770607033557, 18.93672452437346 ], [ -98.321948580412794, 18.936919646944535 ], [ -98.322224270364785, 18.937020916013179 ], [ -98.322331465440087, 18.937281677521959 ], [ -98.322636425457318, 18.937356487044845 ], [ -98.322775344993019, 18.937588018798298 ], [ -98.323180415085261, 18.93756846571927 ], [ -98.323255919551499, 18.937857324946005 ], [ -98.323468180931172, 18.938016485493524 ], [ -98.323709803275349, 18.938145792227516 ], [ -98.324112466294849, 18.9381273100838 ], [ -98.324505251007082, 18.938122172519513 ], [ -98.324899956661483, 18.938134064033928 ], [ -98.325201731973053, 18.938062168629852 ], [ -98.325350452156542, 18.937841616578545 ], [ -98.32573346458318, 18.937845861364021 ], [ -98.326130395324654, 18.937863465005357 ], [ -98.32638579533193, 18.93774628017567 ], [ -98.326580917751755, 18.937569882499485 ], [ -98.326985149633174, 18.937581434702995 ], [ -98.327219396568012, 18.937719613623425 ], [ -98.327187546875308, 18.938107187403471 ], [ -98.327499904604679, 18.938172543527276 ], [ -98.327467918556181, 18.938565209224791 ], [ -98.327753432943695, 18.938655385482043 ], [ -98.327775182395243, 18.938996712890081 ], [ -98.327748075027131, 18.939384969063521 ], [ -98.328040817076612, 18.939471924308336 ], [ -98.328038176940623, 18.939835302051545 ], [ -98.328225995637709, 18.9400187692755 ], [ -98.328325917841482, 18.940285011053003 ], [ -98.328635826834244, 18.940353135749881 ], [ -98.328804043361316, 18.940557636916505 ], [ -98.328896634722085, 18.940831059288261 ], [ -98.329287109755185, 18.940823588350661 ], [ -98.329465175323719, 18.941015874362488 ], [ -98.32974819624593, 18.94111051510701 ], [ -98.330062985893932, 18.94117422687329 ], [ -98.330211632414219, 18.941398629953028 ], [ -98.330626575372648, 18.941366276423086 ], [ -98.330926686225268, 18.941444913915756 ], [ -98.331104770127311, 18.941636632401966 ], [ -98.33118512604122, 18.94192277624925 ], [ -98.331270329936444, 18.942205641515756 ], [ -98.331480153181133, 18.942367562457864 ], [ -98.331470174603453, 18.942738688272541 ], [ -98.331772788837398, 18.942812856188027 ], [ -98.33176288707358, 18.943181153525963 ], [ -98.331730942537774, 18.943572691135635 ], [ -98.331830935021273, 18.943836668821046 ], [ -98.332023764106182, 18.944011196157877 ], [ -98.332323972827766, 18.944086436681289 ], [ -98.332326066411326, 18.94462825691129 ], [ -98.332621307302631, 18.944711301524645 ], [ -98.332586895392993, 18.945106176649823 ], [ -98.332891893722163, 18.945180400420082 ], [ -98.332872116888311, 18.945562045263518 ], [ -98.333108792139811, 18.945699142815641 ], [ -98.333184306915356, 18.945988565784312 ], [ -98.333467431949913, 18.946079805680785 ], [ -98.333682065880311, 18.946240142852371 ], [ -98.333762429908987, 18.946526286992167 ], [ -98.33413337804997, 18.946537575839404 ], [ -98.334545911844884, 18.946506850684695 ], [ -98.334899786629606, 18.946533573527699 ], [ -98.335007043791606, 18.946793197672342 ], [ -98.335189972928845, 18.946982199591275 ], [ -98.335165339330359, 18.947367690138552 ], [ -98.335148053197912, 18.947745433962552 ], [ -98.335409170796765, 18.947858779648072 ], [ -98.335462679210949, 18.948170311546143 ], [ -98.335430713731498, 18.948562983900935 ], [ -98.335701589442337, 18.94866750861074 ], [ -98.335767294254055, 18.948968014960165 ], [ -98.335754857375278, 18.949342480801899 ], [ -98.335735118333787, 18.94972299653681 ], [ -98.335560817852169, 18.949921427632084 ], [ -98.335458527858705, 18.950185580809293 ], [ -98.335107956428445, 18.950212720742815 ], [ -98.334708625481341, 18.950194516877257 ], [ -98.334334833018602, 18.950200143930992 ], [ -98.334241825757758, 18.950473013982421 ], [ -98.333842539771439, 18.950453110576806 ], [ -98.333735519788277, 18.950716015548469 ], [ -98.333489341499202, 18.950843629659385 ], [ -98.333264005229282, 18.950992696844608 ], [ -98.333164118741777, 18.951255775197513 ], [ -98.332910971173931, 18.951376991620414 ], [ -98.332708854217529, 18.951547569467461 ], [ -98.332328090214119, 18.951546794701489 ], [ -98.33229995333177, 18.951885214205692 ], [ -98.332334480762881, 18.95228290298601 ], [ -98.332290105812035, 18.952605642421631 ], [ -98.331927939904688, 18.952621170660464 ], [ -98.331714186617319, 18.952781840273985 ], [ -98.331465639551084, 18.952908827770759 ], [ -98.331449209590772, 18.95325432616545 ], [ -98.331240150656811, 18.953417374024617 ], [ -98.331144863125985, 18.953686225132678 ], [ -98.330889422157369, 18.953803986137981 ], [ -98.330845012863918, 18.954127857265529 ], [ -98.33083279023603, 18.954493838905442 ], [ -98.330822824226303, 18.954864404615986 ], [ -98.330812827731634, 18.955236101998331 ], [ -98.330805240032788, 18.955606725963086 ], [ -98.330802515652962, 18.955973505667146 ], [ -98.330807093925884, 18.956334236012388 ], [ -98.330819035770972, 18.956686653987489 ], [ -98.330840795764715, 18.957027988733291 ], [ -98.331138517097301, 18.957108266705344 ], [ -98.331311712704775, 18.957305530445979 ], [ -98.331399639612727, 18.957576012509485 ], [ -98.331709604621835, 18.957643566623396 ], [ -98.331875438188817, 18.957849142439251 ], [ -98.33197292605162, 18.958118158665087 ], [ -98.332280438062881, 18.958188482520097 ], [ -98.332443985937459, 18.958390605454525 ], [ -98.332543868989802, 18.958659113625366 ], [ -98.332846443076804, 18.958736109638085 ], [ -98.333024461002438, 18.958931224558839 ], [ -98.333109968250994, 18.959203345563363 ], [ -98.333415043989163, 18.959275872338345 ], [ -98.333429553778188, 18.959621560245825 ], [ -98.333419594445886, 18.959992128524696 ], [ -98.333399832146497, 18.96037321482147 ], [ -98.333380130558211, 18.96075203828363 ], [ -98.333379928362064, 18.961113786495812 ], [ -98.333462815884317, 18.961394902248117 ], [ -98.333694594897651, 18.961538109184438 ], [ -98.333679757450398, 18.961913088685936 ], [ -98.333979915252726, 18.961991722139736 ], [ -98.333945487713606, 18.962387171944371 ], [ -98.334255464911962, 18.962454721232728 ], [ -98.334333628365655, 18.962734589761535 ], [ -98.334526304947104, 18.962915907125428 ], [ -98.334819177797215, 18.96300002301134 ], [ -98.334911766041301, 18.963274580948603 ], [ -98.335111898995748, 18.96344419034698 ], [ -98.334974238742703, 18.963695599204744 ], [ -98.334827884502303, 18.963916225800833 ], [ -98.334581668219016, 18.964044409576765 ], [ -98.33439809190692, 18.964232993655727 ], [ -98.334258643851271, 18.96446227975304 ], [ -98.334000822023071, 18.964579424019874 ], [ -98.333821940532985, 18.964770386268274 ], [ -98.333666281805577, 18.964982859993295 ], [ -98.333707845874116, 18.965384688918203 ], [ -98.333568349866226, 18.965615671981194 ], [ -98.333148129351216, 18.965576009818911 ], [ -98.333064410730273, 18.965857036526582 ], [ -98.332804313099004, 18.965970160776969 ], [ -98.332817970386273, 18.966347534088669 ], [ -98.332567127493178, 18.966470507391435 ], [ -98.332381272991469, 18.966655071403558 ], [ -98.332241819071555, 18.966884356334212 ], [ -98.331998019257114, 18.96701089698124 ], [ -98.331809830265655, 18.967193705249244 ], [ -98.331672723034259, 18.967424179218959 ], [ -98.331417119874388, 18.967547034983379 ], [ -98.33136345147436, 18.967861062377324 ], [ -98.331367879483565, 18.968227455696987 ], [ -98.331367656726854, 18.96858977307047 ], [ -98.331383612882576, 18.968970034453552 ], [ -98.331369376863051, 18.969322386848692 ], [ -98.331127813602919, 18.969454076214781 ], [ -98.331092579698378, 18.969790632138075 ], [ -98.330827822115879, 18.969899677407746 ], [ -98.330778574003261, 18.970226268066437 ], [ -98.330758939801441, 18.970602267082057 ], [ -98.330744017213505, 18.970980079376339 ], [ -98.330750959311374, 18.971341440212392 ], [ -98.330814178918772, 18.971645859727495 ], [ -98.331087566915599, 18.97174705911204 ], [ -98.331053311127818, 18.972135723970883 ], [ -98.331368218608802, 18.972197738219631 ], [ -98.331355950120368, 18.972565425517281 ], [ -98.331357558302045, 18.972948170208483 ], [ -98.33136431954334, 18.97331632106027 ], [ -98.331099509688016, 18.973427064578114 ], [ -98.330976119593132, 18.973678254608828 ], [ -98.330771771056746, 18.973841987589214 ], [ -98.33077842423809, 18.974214099222309 ], [ -98.330794425062294, 18.974592666066098 ], [ -98.330777884266951, 18.974942134167442 ], [ -98.330522418405934, 18.975059331939036 ], [ -98.330475713873454, 18.97537975912795 ], [ -98.330477760972542, 18.975746098021318 ], [ -98.330468157706179, 18.976103095277143 ], [ -98.330196388023708, 18.976206874676652 ], [ -98.33018658612373, 18.97657122706217 ], [ -98.330154720570064, 18.976959386226877 ], [ -98.330457470865795, 18.977031296922668 ], [ -98.330777146962646, 18.97709342861835 ], [ -98.330960080430415, 18.977283574416742 ], [ -98.331040654855627, 18.977562376248382 ], [ -98.331345724897005, 18.977636606183228 ], [ -98.33129663251421, 18.978045859899467 ], [ -98.331579807594181, 18.97813767279289 ], [ -98.332011924395772, 18.978090443554382 ], [ -98.332180222934866, 18.978293819149837 ], [ -98.332470718108681, 18.978379014869013 ], [ -98.332558432733279, 18.978657989924006 ], [ -98.33274137078115, 18.978848133934243 ], [ -98.33304891470199, 18.978919023822005 ], [ -98.333341881823003, 18.979000881203728 ], [ -98.33350303176519, 18.979204647711207 ], [ -98.333896071227343, 18.979194393504304 ], [ -98.333986198537119, 18.979472294341122 ], [ -98.334174034184443, 18.979657460621446 ], [ -98.334469412813576, 18.97973824221015 ], [ -98.334561981307303, 18.98001393767434 ], [ -98.334737681002693, 18.980207866406705 ], [ -98.335040395319922, 18.980281465495349 ], [ -98.335003663385635, 18.980674037950006 ], [ -98.335206231237919, 18.980842577239908 ], [ -98.335609079503826, 18.980821800312384 ], [ -98.335701651035578, 18.981097495451525 ], [ -98.335882248260248, 18.981286446861994 ], [ -98.336182677893703, 18.981356591314299 ], [ -98.336282884509956, 18.981082185623361 ], [ -98.336512872956916, 18.980938881603816 ], [ -98.336756708665305, 18.980811765672211 ], [ -98.336854367745516, 18.980543525422611 ], [ -98.337082036598957, 18.980397899744489 ], [ -98.337335249497997, 18.980276106120019 ], [ -98.337432907057391, 18.980007865675898 ], [ -98.337811417237546, 18.980006872470298 ], [ -98.338210805479989, 18.980026200334333 ], [ -98.338470955796737, 18.979911933221373 ], [ -98.338670804652025, 18.979738454931983 ], [ -98.339053965474918, 18.979741534553728 ], [ -98.339151710373883, 18.979469898570152 ], [ -98.339554766531876, 18.979441190387874 ], [ -98.339912787099735, 18.979494043428463 ], [ -98.340015155044213, 18.979759782702018 ], [ -98.340161526662101, 18.979982431811592 ], [ -98.340476380502409, 18.980047256485495 ], [ -98.340876786062211, 18.980028670817738 ], [ -98.341282009910259, 18.980007936503743 ], [ -98.34163106347296, 18.980040186863068 ], [ -98.341723692161466, 18.980314180728321 ], [ -98.342104506157867, 18.980316063324072 ], [ -98.342514640078946, 18.980289783467647 ], [ -98.342900348240349, 18.980286687586524 ], [ -98.343032072791218, 18.980523131958872 ], [ -98.343342110857733, 18.98059009833241 ], [ -98.343444713792024, 18.980847349106483 ], [ -98.343625245582771, 18.981039120027869 ], [ -98.343627494890782, 18.981399237878716 ], [ -98.343910639735284, 18.981492725304633 ], [ -98.343873796519404, 18.981890392444846 ], [ -98.344222870673377, 18.981922071109523 ], [ -98.344498774222942, 18.982019344786018 ], [ -98.344447462119632, 18.982424021176445 ], [ -98.344754989860832, 18.982496019041953 ], [ -98.344774394776024, 18.982837870933849 ], [ -98.344766904112049, 18.983206245382718 ], [ -98.34474480639355, 18.983586720824359 ], [ -98.34472511779326, 18.9839661225922 ], [ -98.344722475752135, 18.984331218311457 ], [ -98.344763821863538, 18.984653788190855 ], [ -98.345044519509116, 18.984750045038169 ], [ -98.345015012617495, 18.985140532098729 ], [ -98.345327562359941, 18.985203026284466 ], [ -98.345435036505776, 18.985456432146592 ], [ -98.345850049223699, 18.985426297998512 ], [ -98.345881624870771, 18.985758255458375 ], [ -98.346018208716657, 18.985991419550764 ], [ -98.346150095731304, 18.986222205157993 ], [ -98.346467406393117, 18.986284812402328 ], [ -98.346591824180578, 18.986527871732058 ], [ -98.34672107611479, 18.986768217484226 ], [ -98.347038373156849, 18.986831389343283 ], [ -98.347162943971483, 18.987068790629603 ], [ -98.347294652156378, 18.98730636483527 ], [ -98.347602253002577, 18.987376094236851 ], [ -98.347736401828925, 18.987611462696563 ], [ -98.34786571739933, 18.987849544695656 ], [ -98.348175759340222, 18.98791706751792 ], [ -98.34830990968787, 18.988152435626745 ], [ -98.348431862586352, 18.988398831021353 ], [ -98.348746830647329, 18.988460244456153 ], [ -98.348883391806481, 18.988694538292137 ], [ -98.3490053310815, 18.988941499165396 ], [ -98.34931292134614, 18.989011790994855 ], [ -98.349280986162853, 18.989404486458437 ], [ -98.349564166636469, 18.989497398427897 ], [ -98.349630133624615, 18.989789993300324 ], [ -98.349888888999971, 18.989906091160766 ], [ -98.349861834452113, 18.990294376195102 ], [ -98.350166988618454, 18.990366871896729 ], [ -98.350318237089226, 18.990586234654231 ], [ -98.350420694176577, 18.990849707447158 ], [ -98.350801507426965, 18.990852699652514 ], [ -98.35100894367595, 18.991018506162359 ], [ -98.351279885347523, 18.991124140009042 ], [ -98.351355448682327, 18.991414136186847 ], [ -98.351594631373388, 18.991550138648613 ], [ -98.351574869872607, 18.991932939760332 ], [ -98.351880043746348, 18.99200486636553 ], [ -98.351843296583056, 18.992399711797784 ], [ -98.352138682998131, 18.992481591611533 ], [ -98.352216688509884, 18.99276938231095 ], [ -98.352426553862216, 18.992933547505558 ], [ -98.352714622995407, 18.99302204287876 ], [ -98.352724245558306, 18.993374417789099 ], [ -98.352699668259746, 18.993759367907575 ], [ -98.352997543121887, 18.993837343289062 ], [ -98.352999787125142, 18.994198598329646 ], [ -98.353008835653384, 18.99457247337071 ], [ -98.353022581949404, 18.99494872682758 ], [ -98.353020037539906, 18.995310998808829 ], [ -98.352978016145855, 18.995636082461385 ], [ -98.352708603807216, 18.995739962545326 ], [ -98.352694147747087, 18.996102512831055 ], [ -98.352698664220426, 18.996467786932392 ], [ -98.352827966588052, 18.996706998874988 ], [ -98.353230843886195, 18.99668674022718 ], [ -98.353601945153372, 18.996697416088356 ], [ -98.353677531636336, 18.996986847341535 ], [ -98.354068196287642, 18.996978180108147 ], [ -98.354431949251236, 18.996996602239182 ], [ -98.354546587065286, 18.997250177960108 ], [ -98.354751643314202, 18.997416488891663 ], [ -98.354995734314571, 18.997547510007024 ], [ -98.355029215236684, 18.997898198929828 ], [ -98.355035603123412, 18.998282767917512 ], [ -98.355011318740594, 18.998656970899827 ], [ -98.354834423146684, 18.998862168346868 ], [ -98.354743742419487, 18.999137388391471 ], [ -98.354685387144158, 18.999450189884897 ], [ -98.354665859993545, 18.999824508426627 ], [ -98.354653364505495, 19.000202960234287 ], [ -98.354660326059957, 19.000566030546263 ], [ -98.354706474149395, 19.000888153534113 ], [ -98.35511174273492, 19.000867947289056 ], [ -98.355497221546244, 19.000875569002709 ], [ -98.35588744372275, 19.000883870547295 ], [ -98.356268300217536, 19.000886283197236 ], [ -98.356637593121917, 19.000875960104427 ], [ -98.35673055972093, 19.0006041905324 ], [ -98.357127186761815, 19.000550933373184 ], [ -98.357588928597551, 19.000466411897065 ], [ -98.358059944987971, 19.000391171492502 ], [ -98.358484381243102, 19.00036632398692 ], [ -98.358811141583075, 19.000433096748466 ], [ -98.358989145329772, 19.000632151700287 ], [ -98.359076898284599, 19.000912250660662 ], [ -98.359142604237533, 19.001215595460966 ], [ -98.359188732924594, 19.001538848908542 ], [ -98.359217723876171, 19.001879805366638 ], [ -98.3592320166305, 19.002236259187804 ], [ -98.3592316865914, 19.002605381466626 ], [ -98.359221552566524, 19.002985024002122 ], [ -98.359201705089887, 19.003371792087645 ], [ -98.359174568656286, 19.003764045833304 ], [ -98.35914261309766, 19.004158447985134 ], [ -98.359108278069584, 19.004552792858892 ], [ -98.359071623966486, 19.004944817302061 ], [ -98.359037484886443, 19.005331807302767 ], [ -98.359005936375169, 19.005710933914326 ], [ -98.358977038876787, 19.006079933973272 ], [ -98.358958005893641, 19.006436150927119 ], [ -98.358695503260279, 19.006548136556258 ], [ -98.358723700786214, 19.006829629921789 ], [ -98.35898254153436, 19.006944017278244 ], [ -98.35897028393623, 19.007313985964164 ], [ -98.358948191718966, 19.007695606529644 ], [ -98.358982304575576, 19.00802310163046 ], [ -98.359311915939259, 19.008072957715022 ], [ -98.359690367914652, 19.008077001649827 ], [ -98.360076199551173, 19.00807216434589 ], [ -98.360469274888018, 19.00806353785697 ], [ -98.360857515998759, 19.008057624417837 ], [ -98.361238437894812, 19.008058327164608 ], [ -98.361531409037212, 19.008142961695011 ], [ -98.361704773762355, 19.008337939967639 ], [ -98.361846301806779, 19.00856611903102 ], [ -98.362112437457384, 19.008675015623034 ], [ -98.362141527781901, 19.009012579807642 ], [ -98.362380736991895, 19.009149133936194 ], [ -98.362458999995226, 19.00942843845522 ], [ -98.362681192494193, 19.00957816927821 ], [ -98.362698161181314, 19.009923933561439 ], [ -98.362947071134855, 19.010053927082659 ], [ -98.363127699169226, 19.010244550064233 ], [ -98.363520840916223, 19.010233652429488 ], [ -98.363608609352568, 19.010513752105439 ], [ -98.363857611757112, 19.010640349466062 ], [ -98.364094431060437, 19.010777409554255 ], [ -98.364182261357328, 19.011055245915898 ], [ -98.364580284809449, 19.011039933939216 ], [ -98.364694923127473, 19.011294637970266 ], [ -98.365056291057044, 19.011314674798125 ], [ -98.365283384003163, 19.011459424746167 ], [ -98.365515010085474, 19.011612776003428 ], [ -98.365912009838937, 19.011635934427733 ], [ -98.366314401677471, 19.01163544319974 ], [ -98.366674838339875, 19.011601102664379 ], [ -98.366751603659196, 19.011311382272876 ], [ -98.366997844878028, 19.011184269950427 ], [ -98.367255681235989, 19.011068759789158 ], [ -98.367325638375519, 19.010766419847968 ], [ -98.367573755611218, 19.010926392882485 ], [ -98.367809870940164, 19.011090039448856 ], [ -98.368221597973815, 19.011096561960166 ], [ -98.368424044994555, 19.010915173691554 ], [ -98.368661564774968, 19.010757842424262 ], [ -98.368950871466893, 19.010891063691265 ], [ -98.369143662078102, 19.01107234773561 ], [ -98.369534335961077, 19.011064771861207 ], [ -98.369942117399475, 19.011040622247037 ], [ -98.370332821262664, 19.011031912717964 ], [ -98.370674657243129, 19.011070148937026 ], [ -98.370667265085984, 19.01143740607375 ], [ -98.37086195638436, 19.011636850721974 ], [ -98.37125998078325, 19.011621521102018 ], [ -98.371332097988684, 19.011327157475804 ], [ -98.371564480006214, 19.011183851842024 ], [ -98.371818351421709, 19.011038232298063 ], [ -98.372095463754917, 19.011182477118613 ], [ -98.372312730276263, 19.01133886907563 ], [ -98.372420320289407, 19.011590566586595 ], [ -98.372686455232923, 19.011700010718805 ], [ -98.372671689423541, 19.012076149191994 ], [ -98.37270332146295, 19.012408677870852 ], [ -98.372969458229605, 19.012518121615066 ], [ -98.372952268534888, 19.012895900635627 ], [ -98.372986356124912, 19.013225657867245 ], [ -98.373254708651999, 19.013341382211252 ], [ -98.373285003333109, 19.013724267071854 ], [ -98.373251353757468, 19.014094290654118 ], [ -98.372940053172314, 19.014160967983624 ], [ -98.372842380798957, 19.014431506050261 ], [ -98.372626063952211, 19.014597281040803 ], [ -98.372661326771095, 19.014972359984814 ], [ -98.372888358638306, 19.01511992811907 ], [ -98.372983513600573, 19.015391708840198 ], [ -98.373242367505867, 19.015506638732528 ], [ -98.373261743188223, 19.015852461620579 ], [ -98.373542510093955, 19.015949234950483 ], [ -98.373945380969673, 19.015931183651947 ], [ -98.374126047198004, 19.016121229055003 ], [ -98.374377569425988, 19.016243340778132 ], [ -98.37441547269178, 19.016608858748491 ], [ -98.374393316888884, 19.016994446574547 ], [ -98.374125852036187, 19.017113701460158 ], [ -98.374065334517439, 19.017419670653013 ], [ -98.374095346565355, 19.01781330745991 ], [ -98.373823496898083, 19.017918302512474 ], [ -98.373765282652101, 19.018227158117686 ], [ -98.373786031618891, 19.018610947861287 ], [ -98.373806780702424, 19.018994737785086 ], [ -98.373757843440885, 19.019312875526797 ], [ -98.37347907755921, 19.019409211457909 ], [ -98.373504434558328, 19.019798774279291 ], [ -98.373197744772426, 19.019870659289055 ], [ -98.373230164514027, 19.02026322311163 ], [ -98.372946727472524, 19.020356048885272 ], [ -98.37287698854918, 19.020650473838487 ], [ -98.37263076581911, 19.020776465658088 ], [ -98.372375250087515, 19.020893741063158 ], [ -98.372303115024707, 19.021188674490912 ], [ -98.372059165013724, 19.021318683323518 ], [ -98.371798963869963, 19.021433014303586 ], [ -98.371717384183512, 19.021724889579254 ], [ -98.371322492793411, 19.02171085623479 ], [ -98.370936924106246, 19.021704406385251 ], [ -98.370860191941091, 19.02199300105001 ], [ -98.37062550151893, 19.022132855434045 ], [ -98.370353715866472, 19.022235015789548 ], [ -98.370304513383971, 19.022562772311833 ], [ -98.37032752746974, 19.022950582498858 ], [ -98.370432216311187, 19.02322203083143 ], [ -98.370808285860036, 19.023227687053957 ], [ -98.371206374198024, 19.02321122575119 ], [ -98.371474970675138, 19.023318467671327 ], [ -98.371675222137625, 19.023488607054571 ], [ -98.371802113456667, 19.023731148317562 ], [ -98.372048722810959, 19.023859374372115 ], [ -98.372251340361942, 19.024030136169515 ], [ -98.372366259784371, 19.02427521983666 ], [ -98.372639769037249, 19.024376916311716 ], [ -98.372669144605752, 19.024704866405109 ], [ -98.372903527245782, 19.024845252619471 ], [ -98.373257875185615, 19.025130631825778 ], [ -98.373638799686688, 19.025133000669783 ], [ -98.374027118898027, 19.025125921588188 ], [ -98.374420257537977, 19.025116692743342 ], [ -98.374806091727478, 19.02511351505467 ], [ -98.375177317137087, 19.025122440777142 ], [ -98.375272393405155, 19.025397618253642 ], [ -98.375655773528152, 19.025397210196598 ], [ -98.376039198755748, 19.025395103753517 ], [ -98.37612459292356, 19.025676275830541 ], [ -98.376385818586868, 19.025792390601517 ], [ -98.376615357391074, 19.025936051672726 ], [ -98.376698343349304, 19.026218298031754 ], [ -98.376949901531063, 19.026339841191135 ], [ -98.377184306417263, 19.026479655232087 ], [ -98.377277023031354, 19.026754208921435 ], [ -98.377645768184195, 19.026767032039238 ], [ -98.378036486546804, 19.026759433988207 ], [ -98.378429689726943, 19.026747931452146 ], [ -98.37880822412977, 19.026750795885544 ], [ -98.37893775123203, 19.026984336398815 ], [ -98.37920821511004, 19.027111425385094 ], [ -98.378887384001914, 19.0271773216665 ], [ -98.378917442160798, 19.027569830671883 ], [ -98.378634008832009, 19.027662102171874 ], [ -98.378643219997826, 19.028032596412171 ], [ -98.37849218308574, 19.028250339786716 ], [ -98.37807407614963, 19.028213120155499 ], [ -98.377732560962343, 19.028250775064841 ], [ -98.377579037438224, 19.028472421053348 ], [ -98.377462867386683, 19.028722140489968 ], [ -98.377416299851902, 19.029040906244234 ], [ -98.377181649119365, 19.029179074635294 ], [ -98.376905170052765, 19.029278304294941 ], [ -98.376858300370813, 19.029608386233164 ], [ -98.376881349312043, 19.029995633002375 ], [ -98.376979007575144, 19.030263512757955 ], [ -98.377389315016813, 19.030236004768767 ], [ -98.377833765233376, 19.030178176668443 ], [ -98.378200079846394, 19.030193204542876 ], [ -98.378392834901248, 19.030377310145443 ], [ -98.378448057230358, 19.030718903921315 ], [ -98.378420369651806, 19.031133806786716 ], [ -98.378352496403323, 19.031537553534761 ], [ -98.378140437773354, 19.031721560154512 ], [ -98.378019551524929, 19.031969469265853 ], [ -98.377966040222432, 19.032280709451356 ], [ -98.377710282084877, 19.032406482703614 ], [ -98.377730969162158, 19.032793107702684 ], [ -98.377955611304088, 19.032942311726032 ], [ -98.378060052489801, 19.033223942696377 ], [ -98.378073601283972, 19.033610396534709 ], [ -98.378046963957146, 19.033985694115941 ], [ -98.377819008934523, 19.034140444344143 ], [ -98.377698029779566, 19.034391748802094 ], [ -98.377699994190593, 19.034766035340631 ], [ -98.377720861953364, 19.035145871741364 ], [ -98.377833150211956, 19.035401082042707 ], [ -98.377923363606428, 19.035501197031696 ], [ -98.377702605535319, 19.035653855641421 ], [ -98.377721063539894, 19.036034766908223 ], [ -98.377739446498595, 19.036418507410762 ], [ -98.377516397070394, 19.036567713876877 ], [ -98.37740000957163, 19.036825357136475 ], [ -98.377401928106039, 19.037201342242966 ], [ -98.377422825473786, 19.037580048204884 ], [ -98.377544800009105, 19.037829264265209 ], [ -98.377761994988049, 19.037990180044524 ], [ -98.378006195733676, 19.038120604700094 ], [ -98.37802807179375, 19.038462533153904 ], [ -98.378013287760766, 19.038839816268855 ], [ -98.378000973717405, 19.039213761846124 ], [ -98.378135271076118, 19.039447420993138 ], [ -98.378506475609967, 19.039458601933873 ], [ -98.378885045291611, 19.039461466219571 ], [ -98.379270919957193, 19.039458277050503 ], [ -98.379659264639855, 19.039451749153681 ], [ -98.380047594264809, 19.039445786070942 ], [ -98.380433483877766, 19.039442028113289 ], [ -98.380814463491049, 19.03944381305881 ], [ -98.381158828602437, 19.039479254911761 ], [ -98.381271096830716, 19.039735595650228 ], [ -98.381671611995387, 19.039719163501086 ], [ -98.381761951716825, 19.039994227637735 ], [ -98.38219665703302, 19.039945776385775 ], [ -98.382555633470844, 19.039969109770119 ], [ -98.382631320389592, 19.040257976254143 ], [ -98.382655663360424, 19.04059713296154 ], [ -98.382643421926531, 19.04096881646883 ], [ -98.382614055558278, 19.04135764075183 ], [ -98.38258223402778, 19.041749237197994 ], [ -98.382565052265733, 19.042127596826901 ], [ -98.382623615400746, 19.042433604706751 ], [ -98.382884548492115, 19.042562158591444 ], [ -98.382881166958541, 19.042958967329625 ], [ -98.382601983931295, 19.043069468370234 ], [ -98.382608803598487, 19.043351021963019 ], [ -98.382831013445283, 19.043502992660787 ], [ -98.38291881293209, 19.043784224287851 ], [ -98.383331569845183, 19.043755625128135 ], [ -98.383429220616193, 19.04402463690267 ], [ -98.383497516554996, 19.044322952048674 ], [ -98.38386389979361, 19.044336834792329 ], [ -98.384254668143868, 19.044329220464604 ], [ -98.384650301442804, 19.044317758529452 ], [ -98.385028899741243, 19.044320041591941 ], [ -98.385165609161675, 19.04455318719382 ], [ -98.385502668340067, 19.044595237998234 ], [ -98.385754193276355, 19.044719598326338 ], [ -98.385973938879019, 19.044874902512891 ], [ -98.386269504419033, 19.044955023335781 ], [ -98.386442711389037, 19.045159035163913 ], [ -98.3868516823823, 19.045183556238946 ], [ -98.387198552147211, 19.045125058645613 ], [ -98.38731301293943, 19.044849807782953 ], [ -98.38745884206854, 19.045098456655865 ], [ -98.387705519767692, 19.045226094677997 ], [ -98.387900853784515, 19.045404024559392 ], [ -98.388021670399397, 19.0456979342698 ], [ -98.387714600258661, 19.045782299134938 ], [ -98.387707536908053, 19.04613882234198 ], [ -98.387533233806749, 19.046335639971819 ], [ -98.387419146980946, 19.046596746012373 ], [ -98.386994021187547, 19.046552589366478 ], [ -98.386810436290759, 19.046740125030848 ], [ -98.386782489944821, 19.04707576581211 ], [ -98.386780034244268, 19.047438061811164 ], [ -98.386798564177241, 19.047817280052683 ], [ -98.38682168940116, 19.048202836560797 ], [ -98.386842509658109, 19.048585507112534 ], [ -98.386847029375019, 19.048954198914942 ], [ -98.386828348083014, 19.049299687711791 ], [ -98.38653562453807, 19.049381563629172 ], [ -98.386523887718937, 19.049734579361758 ], [ -98.386542312288228, 19.050117759464275 ], [ -98.38656313205361, 19.050500430958632 ], [ -98.386549060089948, 19.050851692677043 ], [ -98.386247022570572, 19.050925418530433 ], [ -98.386230359690813, 19.05128454488365 ], [ -98.386288425118295, 19.051609792786223 ], [ -98.386539993698008, 19.051733021233876 ], [ -98.38687460096331, 19.051778407248651 ], [ -98.387109044754894, 19.051918776084023 ], [ -98.38739720101718, 19.052009474959249 ], [ -98.387489970539519, 19.052283465213456 ], [ -98.387660898452168, 19.052484025523182 ], [ -98.387985687616677, 19.052540497520646 ], [ -98.388198188046303, 19.052700155518362 ], [ -98.38829092967201, 19.052975277161792 ], [ -98.388552232970611, 19.053090808951875 ], [ -98.388784270626942, 19.053232250055125 ], [ -98.388823301757711, 19.053557041757323 ], [ -98.388835626840148, 19.053901010459573 ], [ -98.388845406978163, 19.054251146384768 ], [ -98.389111608385065, 19.054361698958587 ], [ -98.389106763583612, 19.054724507081097 ], [ -98.389143445700313, 19.055048110650528 ], [ -98.389390142973056, 19.055175747483748 ], [ -98.389382798828038, 19.055543025597473 ], [ -98.389355948600283, 19.055927388565269 ], [ -98.389605087789434, 19.056052818870583 ], [ -98.389695379420615, 19.05633071293304 ], [ -98.389927408793696, 19.056472718669148 ], [ -98.389973704052011, 19.056793155701243 ], [ -98.389951675600699, 19.05717537002122 ], [ -98.389985800384466, 19.057505707311698 ], [ -98.390247098819273, 19.057621802637961 ], [ -98.390276359110473, 19.057955986884505 ], [ -98.39049858631995, 19.058108514850016 ], [ -98.39058398584838, 19.058391387590913 ], [ -98.390850271635543, 19.058499108517879 ], [ -98.391072545302734, 19.058649938254177 ], [ -98.391153155913713, 19.058933828589208 ], [ -98.391419607940435, 19.059035324465945 ], [ -98.391644293312012, 19.059185078760684 ], [ -98.391656461297842, 19.059535273737808 ], [ -98.391822539087443, 19.059739678016648 ], [ -98.39197632674427, 19.059958508979367 ], [ -98.392237736379045, 19.060070640400163 ], [ -98.392254831208788, 19.060414725474899 ], [ -98.392242614159187, 19.060786418845272 ], [ -98.392225471774069, 19.061164222625603 ], [ -98.392269363788486, 19.061485735517834 ], [ -98.392503814850002, 19.061626663476062 ], [ -98.392520820718488, 19.061974144165262 ], [ -98.392552572620133, 19.062304425883589 ], [ -98.392789465571582, 19.06244314715607 ], [ -98.39278457038678, 19.062808222332219 ], [ -98.392989966449761, 19.062967138950778 ], [ -98.393095030503659, 19.063227268329506 ], [ -98.393068219164448, 19.063610503928498 ], [ -98.39327819781073, 19.063776324166117 ], [ -98.393380837797139, 19.064038094171735 ], [ -98.393358862629299, 19.064418614897921 ], [ -98.393407743580269, 19.064731755108738 ], [ -98.393642156498103, 19.06487437935926 ], [ -98.393732507096843, 19.065150576521091 ], [ -98.393937623442952, 19.065320243142068 ], [ -98.393959513882507, 19.06566331241741 ], [ -98.394203824569175, 19.065792017791946 ], [ -98.394423733462062, 19.065942787026586 ], [ -98.394499400083433, 19.066233920138185 ], [ -98.394597029129429, 19.066505195468029 ], [ -98.394824125643524, 19.066654437476586 ], [ -98.395070819307435, 19.066783198509697 ], [ -98.395173390194017, 19.067047797436661 ], [ -98.395395652657072, 19.067199754057302 ], [ -98.395642362806043, 19.067327948406884 ], [ -98.395749800720779, 19.067588700058934 ], [ -98.395967154326343, 19.067746200508431 ], [ -98.39621386600119, 19.067874394009301 ], [ -98.396323805498326, 19.068130675626634 ], [ -98.396529049193788, 19.068295812658626 ], [ -98.396785523319494, 19.068415179454092 ], [ -98.396888293161382, 19.068672421876236 ], [ -98.397164320075603, 19.068773004641681 ], [ -98.397340223159901, 19.068966881753017 ], [ -98.397462307025492, 19.069214393832681 ], [ -98.397677269817663, 19.069372401104275 ], [ -98.397924060790672, 19.069497762880218 ], [ -98.398026639255448, 19.06976236074895 ], [ -98.398429755558141, 19.069740847808593 ], [ -98.398779052312207, 19.069772969425415 ], [ -98.398893788940029, 19.070028231780395 ], [ -98.399101478829991, 19.070191159189577 ], [ -98.399353078323642, 19.070314934918805 ], [ -98.399350640659549, 19.070677807322419 ], [ -98.399592495303338, 19.070809842953203 ], [ -98.39964865379136, 19.071118627388241 ], [ -98.399651007723861, 19.071480482138604 ], [ -98.399633914405854, 19.071857160047387 ], [ -98.399621671616245, 19.07223055675707 ], [ -98.399603064331473, 19.072574359511734 ], [ -98.399314865199017, 19.072663732147689 ], [ -98.399349708348012, 19.073058070289139 ], [ -98.399031338714764, 19.07311727992624 ], [ -98.399084548457779, 19.073447510510263 ], [ -98.399372877732105, 19.073533662188154 ], [ -98.399639140259666, 19.073643632961435 ], [ -98.399671884588301, 19.073666496339548 ], [ -98.399156703907082, 19.075495469930463 ], [ -98.400071887007215, 19.078995478836784 ], [ -98.402144677918841, 19.086924785505641 ], [ -98.407016627046033, 19.091252936594898 ], [ -98.412342779897827, 19.095986398974524 ], [ -98.41922896317466, 19.099029218977531 ], [ -98.43312272891076, 19.101784630128126 ], [ -98.44097688338951, 19.101271448364209 ], [ -98.450685304727685, 19.100636736041732 ], [ -98.457025241920832, 19.101361622103578 ], [ -98.46264832337063, 19.100884920794975 ], [ -98.468674604548269, 19.102775712141664 ], [ -98.472902537246483, 19.104102743362336 ], [ -98.479616845456988, 19.106209057279319 ], [ -98.487394915978086, 19.10864899952454 ], [ -98.487402224043436, 19.108735233954373 ], [ -98.487629579945121, 19.108880948665217 ], [ -98.487687080672188, 19.109238435146548 ], [ -98.487607173698095, 19.109565544110158 ], [ -98.487325776804383, 19.109667704475413 ], [ -98.487413017825403, 19.109980586910375 ], [ -98.487676968419379, 19.110093181068734 ], [ -98.487962962465346, 19.110182507039728 ], [ -98.488192687984721, 19.11032884247139 ], [ -98.488534499761471, 19.110378699474719 ], [ -98.48892990773102, 19.110382807506213 ], [ -98.489309230418513, 19.110363891618078 ], [ -98.489562548568017, 19.11024182278943 ], [ -98.48994835857647, 19.110248535864415 ], [ -98.490345826843026, 19.110265144819074 ], [ -98.490740986866427, 19.110278867961483 ], [ -98.491117505376394, 19.110276302480813 ], [ -98.491426600916625, 19.1102087520275 ], [ -98.491579929372293, 19.109990929067443 ], [ -98.491677376266296, 19.109722545869293 ], [ -98.492035892390319, 19.109678792144841 ], [ -98.492437742993204, 19.10971021904459 ], [ -98.492535554357374, 19.109983142953098 ], [ -98.492919186437447, 19.109981870826118 ], [ -98.493112311095544, 19.110161886635211 ], [ -98.493368963053115, 19.11028052940323 ], [ -98.493359573121836, 19.110645518398378 ], [ -98.493596623482759, 19.110785221250712 ], [ -98.493611468289643, 19.111134353615029 ], [ -98.493912046738032, 19.111212683023197 ], [ -98.494332288097496, 19.111177719104674 ], [ -98.494535435945849, 19.111338714954631 ], [ -98.494902054147715, 19.111350631436949 ], [ -98.495297887080639, 19.111338312404627 ], [ -98.495544785541711, 19.111465784351136 ], [ -98.495945555734082, 19.111446783753511 ], [ -98.496272984078431, 19.11150025253988 ], [ -98.496517269813054, 19.111636721619814 ], [ -98.496214618968395, 19.111731610573223 ], [ -98.496193548660742, 19.112087835705154 ], [ -98.49625175687126, 19.112418724141257 ], [ -98.49650111213343, 19.112543420618092 ], [ -98.4967065149077, 19.112709562002859 ], [ -98.497080411560432, 19.112716546229205 ], [ -98.497188079246953, 19.112977240017127 ], [ -98.497403241125554, 19.113134547689999 ], [ -98.497650202970419, 19.113259752962396 ], [ -98.497762750984137, 19.113516030069825 ], [ -98.498131771106046, 19.113527428143527 ], [ -98.498515384033382, 19.113527273535556 ], [ -98.498903948408525, 19.113519872084229 ], [ -98.499294923053341, 19.113511393138726 ], [ -98.499683414680263, 19.113506819065528 ], [ -98.50005976756951, 19.113511021784277 ], [ -98.500262736771859, 19.113679366783426 ], [ -98.500509600528702, 19.113808528599964 ], [ -98.500504948398515, 19.114175327719593 ], [ -98.500729888006248, 19.114323231921368 ], [ -98.500976796952187, 19.114450695440876 ], [ -98.50136532024986, 19.114444985276066 ], [ -98.50176119063012, 19.114431517484874 ], [ -98.502139927397806, 19.114435770241315 ], [ -98.502335553454287, 19.11461186928706 ], [ -98.502597144071558, 19.114724382763367 ], [ -98.503002728948886, 19.114703776127204 ], [ -98.503183952743498, 19.114884069943603 ], [ -98.50345033616054, 19.11499556061942 ], [ -98.503853525928932, 19.11497546237279 ], [ -98.504044261795698, 19.115156541848702 ], [ -98.50431063193561, 19.115268596921329 ], [ -98.504713822384659, 19.115248496369109 ], [ -98.504904545265475, 19.115430140696411 ], [ -98.505295525015214, 19.115421646181801 ], [ -98.505657174962593, 19.115441914441718 ], [ -98.505760098632038, 19.115702492654126 ], [ -98.50615106460404, 19.115694561798971 ], [ -98.506517652022083, 19.115708147757065 ], [ -98.506622857302418, 19.115972741768125 ], [ -98.506840459596447, 19.116128394061125 ], [ -98.507084865714205, 19.116260885639829 ], [ -98.507368344610413, 19.116356345034703 ], [ -98.507402884739065, 19.116682152506705 ], [ -98.507659546908357, 19.11680133778432 ], [ -98.507769691855685, 19.117059251040477 ], [ -98.508170418797349, 19.117042481362521 ], [ -98.508263504290056, 19.117315287261892 ], [ -98.508524974524562, 19.117432883755551 ], [ -98.508757217115033, 19.117575283112135 ], [ -98.508786780799952, 19.117909468741161 ], [ -98.50893603014967, 19.118129217463956 ], [ -98.509080459340353, 19.118351119410196 ], [ -98.509119926172005, 19.118670812793418 ], [ -98.509379047389459, 19.118787221131178 ], [ -98.509362149905257, 19.119167894278171 ], [ -98.50940883415447, 19.119484923797877 ], [ -98.509675333091693, 19.119592442930053 ], [ -98.509897750835208, 19.119746504044528 ], [ -98.509978818898517, 19.120023561372026 ], [ -98.510247628257787, 19.1201339640693 ], [ -98.510467637188142, 19.120289101122239 ], [ -98.51055583636105, 19.120566889459067 ], [ -98.51080768790537, 19.120688223308605 ], [ -98.510786089360295, 19.121066523800163 ], [ -98.510771736266747, 19.121441028516916 ], [ -98.510930793488185, 19.121650244735577 ], [ -98.511102033399396, 19.121848984419291 ], [ -98.511412417339528, 19.121917880251825 ], [ -98.511681304011361, 19.122025451227991 ], [ -98.511898878295682, 19.122182795020905 ], [ -98.511982231906501, 19.122463868343559 ], [ -98.512255984286952, 19.122567587297016 ], [ -98.512473545619827, 19.12272549624932 ], [ -98.512559267683258, 19.123007190376139 ], [ -98.512830611219144, 19.123111985073351 ], [ -98.513095715629589, 19.123274389488103 ], [ -98.51335730279736, 19.123388017260883 ], [ -98.513565152831234, 19.123553061147753 ], [ -98.5139439297823, 19.123556718435449 ], [ -98.514339767489233, 19.123545481033727 ], [ -98.51473076992589, 19.12353696198571 ], [ -98.515080246288093, 19.123568250479039 ], [ -98.515190454149334, 19.123824462776707 ], [ -98.515398205791996, 19.123993465426363 ], [ -98.515647498469804, 19.124122093210918 ], [ -98.515774725126619, 19.124365109008902 ], [ -98.515972995940032, 19.124532193313946 ], [ -98.51622234800405, 19.124658556687322 ], [ -98.516232359184301, 19.125012675688907 ], [ -98.516454865500506, 19.125163898715812 ], [ -98.516535979039276, 19.125439822564989 ], [ -98.516795133918649, 19.125555653234539 ], [ -98.517188595733131, 19.125544353346847 ], [ -98.517396424773636, 19.125710524161438 ], [ -98.517770329225357, 19.125718588999234 ], [ -98.518163748059152, 19.125708984228176 ], [ -98.518254405717272, 19.125984561302484 ], [ -98.518513548637088, 19.126100954984516 ], [ -98.518833703161221, 19.126161001536175 ], [ -98.519066014748987, 19.126301688867905 ], [ -98.519383730704092, 19.126363942868881 ], [ -98.519584216917409, 19.126537868432784 ], [ -98.519928866877834, 19.126571865367154 ], [ -98.520244101237409, 19.126638023857481 ], [ -98.520549665500198, 19.126709620872568 ], [ -98.520835687050038, 19.126800018105023 ], [ -98.521038016029777, 19.126621794564443 ], [ -98.521436257977115, 19.126610027534394 ], [ -98.521826575562969, 19.126628652700543 ], [ -98.52201963200875, 19.126813728133815 ], [ -98.522418004384576, 19.126796865514493 ], [ -98.522679519453376, 19.12691387294128 ], [ -98.522877643626742, 19.127087173463963 ], [ -98.523124538653533, 19.127216866265051 ], [ -98.523364130874569, 19.127352618815539 ], [ -98.523459592010127, 19.127627171295689 ], [ -98.523694292373875, 19.127767906631487 ], [ -98.52393649856424, 19.127894659011439 ], [ -98.524031975664812, 19.128168645420114 ], [ -98.524259345401049, 19.128316571920479 ], [ -98.52450627283045, 19.128445130874251 ], [ -98.52460914133718, 19.128709661562436 ], [ -98.524831691839182, 19.128859741133081 ], [ -98.525076253695488, 19.128987678489828 ], [ -98.525357390128391, 19.129083050702917 ], [ -98.525435810668597, 19.129371931706331 ], [ -98.525851264726086, 19.129339598980589 ], [ -98.525929758584951, 19.129625650363536 ], [ -98.52622306424901, 19.129711109209911 ], [ -98.526421124878539, 19.129887235120911 ], [ -98.52649733966031, 19.130169270326792 ], [ -98.526795510895312, 19.130250876543109 ], [ -98.526991148236007, 19.13042864466712 ], [ -98.527074437066702, 19.130713673697549 ], [ -98.527367760208492, 19.130798564539749 ], [ -98.527570760037406, 19.13096800810975 ], [ -98.527649200770597, 19.131256322729495 ], [ -98.527935337485616, 19.131342745757177 ], [ -98.528133633353292, 19.131509815493157 ], [ -98.52821206117315, 19.131798695901551 ], [ -98.528307549602005, 19.132072680898567 ], [ -98.528465576291168, 19.132230330282827 ], [ -98.528209942620009, 19.132349583410402 ], [ -98.528327384689192, 19.132603689679112 ], [ -98.528505909404544, 19.132798615403861 ], [ -98.528511088993497, 19.133156588728706 ], [ -98.52878004015335, 19.133262998909519 ], [ -98.529014842188715, 19.133400331567536 ], [ -98.529088380036214, 19.133694195638736 ], [ -98.529350029352216, 19.13380666532974 ], [ -98.529589653765996, 19.133941843182807 ], [ -98.529665675632543, 19.134231800689399 ], [ -98.530039589774631, 19.134240401101248 ], [ -98.530452647146546, 19.134209132527925 ], [ -98.530802140071884, 19.134240950905106 ], [ -98.530892828955189, 19.134516523228793 ], [ -98.531308225382517, 19.134487004749811 ], [ -98.531374681485147, 19.134778440243245 ], [ -98.531782789709538, 19.134754415128349 ], [ -98.531902924557997, 19.134996690308498 ], [ -98.532213435342769, 19.135062149076941 ], [ -98.53253364574401, 19.135121035420745 ], [ -98.532822060130329, 19.13521203148408 ], [ -98.533196034741607, 19.135218360504009 ], [ -98.53357973744977, 19.135216984947771 ], [ -98.53396830416996, 19.135211756578585 ], [ -98.534356914031832, 19.135204829522937 ], [ -98.534745495076422, 19.135199033257294 ], [ -98.535129197714525, 19.135197653761139 ], [ -98.535505568417065, 19.135203465858314 ], [ -98.535754972491986, 19.135329232687251 ], [ -98.536155821609071, 19.135309558833537 ], [ -98.536353874442497, 19.135486804689833 ], [ -98.536605949088013, 19.135601306916961 ], [ -98.537009209286509, 19.135580553671517 ], [ -98.537202457190588, 19.135759386826123 ], [ -98.537471348382255, 19.135868611330626 ], [ -98.537693852849728, 19.136021502709994 ], [ -98.537948181883692, 19.136141150491362 ], [ -98.538275729132422, 19.136192832030801 ], [ -98.538508077882028, 19.136333491134575 ], [ -98.538818551767335, 19.136400634106636 ], [ -98.539033712428491, 19.136561282246635 ], [ -98.53928798616495, 19.136683191434933 ], [ -98.539676599951179, 19.136676250667261 ], [ -98.539891877000159, 19.136832370461644 ], [ -98.540160758096874, 19.136942156212385 ], [ -98.540356523031463, 19.137115947164446 ], [ -98.540625405061803, 19.137225732124879 ], [ -98.540840684065302, 19.137381850669289 ], [ -98.541102278342365, 19.137497129970512 ], [ -98.541500622132872, 19.137482480342616 ], [ -98.541701152918279, 19.137656378855723 ], [ -98.541960381123758, 19.1377710362169 ], [ -98.542268349075854, 19.137843210699302 ], [ -98.542498208213473, 19.137988336539241 ], [ -98.542845288882518, 19.138021770282212 ], [ -98.543070313776894, 19.138169615622868 ], [ -98.543283100545651, 19.138330203475558 ], [ -98.543691217303731, 19.138306146051107 ], [ -98.544087152784002, 19.138292566816123 ], [ -98.544207126071072, 19.138542189915455 ], [ -98.544520089935915, 19.138605414599144 ], [ -98.544640078639375, 19.13885447154977 ], [ -98.544777155831412, 19.139087499222253 ], [ -98.54509256030876, 19.139148513708705 ], [ -98.545214975288985, 19.139395927207342 ], [ -98.545349643598541, 19.139630031773155 ], [ -98.545664992211456, 19.139693308700828 ], [ -98.545782760018838, 19.139936085643523 ], [ -98.545922250666976, 19.140168035309014 ], [ -98.546230226132522, 19.140240201914519 ], [ -98.546362457920722, 19.140476514893493 ], [ -98.546494647145366, 19.140714525524643 ], [ -98.546802624148739, 19.140786691009566 ], [ -98.546942189097123, 19.141015810467959 ], [ -98.547062198686504, 19.141264300316358 ], [ -98.547426376830245, 19.14128169409403 ], [ -98.547656261594, 19.141426246778295 ], [ -98.547910509112739, 19.141549839855486 ], [ -98.547981696001003, 19.14184420901389 ], [ -98.548397125389002, 19.141814077329894 ], [ -98.548492718737762, 19.142085789258864 ], [ -98.548869094697409, 19.142092133974369 ], [ -98.549079469664534, 19.142254357637917 ], [ -98.549343590990389, 19.14236458469232 ], [ -98.549417206159134, 19.142657310229879 ], [ -98.54963729601964, 19.142812394386596 ], [ -98.549901361570846, 19.142924884147103 ], [ -98.550329060844163, 19.142880871873242 ], [ -98.550541892167772, 19.143040318598452 ], [ -98.550498305356982, 19.143444176411222 ], [ -98.550803908858313, 19.143516279513076 ], [ -98.550938734063436, 19.143744721227254 ], [ -98.551317596758182, 19.14374715297706 ], [ -98.551723289246453, 19.143725282841928 ], [ -98.552124074842126, 19.14370896178724 ], [ -98.552485849737394, 19.143727420782966 ], [ -98.552557033328299, 19.144022354458848 ], [ -98.552836771848419, 19.143892284523286 ], [ -98.553038912585279, 19.143720805231268 ], [ -98.553417889749014, 19.1437187044849 ], [ -98.553808461037065, 19.143729324663802 ], [ -98.554201371253484, 19.143741695937134 ], [ -98.554584983280066, 19.143744794178925 ], [ -98.554831259747672, 19.14361848635042 ], [ -98.55513338266303, 19.143545546373169 ], [ -98.555423968204607, 19.143457620437605 ], [ -98.555823822924495, 19.143478073253981 ], [ -98.556077143019493, 19.143355887864232 ], [ -98.556288534321581, 19.143195373949222 ], [ -98.556548770039086, 19.143082405342692 ], [ -98.556850905144998, 19.14300889607129 ], [ -98.557150729626727, 19.142932502338358 ], [ -98.557411064196856, 19.142815570961929 ], [ -98.557710845056405, 19.142740873841859 ], [ -98.557994367647467, 19.142649384604557 ], [ -98.558387318005131, 19.142660047255095 ], [ -98.558782550172879, 19.142674724525286 ], [ -98.559105604772995, 19.142622072184 ], [ -98.55924778134721, 19.142371077987882 ], [ -98.559367114478604, 19.142647287690458 ], [ -98.559731112169118, 19.142672008538288 ], [ -98.559984384408793, 19.142551514416628 ], [ -98.560384294287516, 19.142569691515778 ], [ -98.560581688584875, 19.142396961991722 ], [ -98.560844315272817, 19.142283474478997 ], [ -98.561146460571081, 19.142209390775601 ], [ -98.561446295165283, 19.142132422679236 ], [ -98.561704242754729, 19.142015429727774 ], [ -98.562097762616531, 19.142003446606065 ], [ -98.562344465020672, 19.142143263813715 ], [ -98.562747740648305, 19.142122441621353 ], [ -98.562938635548221, 19.142301754867933 ], [ -98.563153819677893, 19.142462935660955 ], [ -98.56340085222287, 19.142589735447974 ], [ -98.56351841152825, 19.142842119751538 ], [ -98.563716639309831, 19.143014238171752 ], [ -98.563973471628515, 19.143130501921824 ], [ -98.564081448219781, 19.14338493259875 ], [ -98.56433829581502, 19.143500629876105 ], [ -98.564753712367732, 19.143471019007659 ], [ -98.564810631574332, 19.143765621433726 ], [ -98.564496233425444, 19.143853023143059 ], [ -98.56475198383248, 19.144012294402682 ], [ -98.564818302111277, 19.144312207075611 ], [ -98.564911533868084, 19.14458442109644 ], [ -98.565087701980616, 19.14478094984068 ], [ -98.565395797852219, 19.144849116398696 ], [ -98.565484296007838, 19.14512008999284 ], [ -98.565675170183098, 19.145300532235968 ], [ -98.565795160651817, 19.145551272089506 ], [ -98.566195949929678, 19.145534913626271 ], [ -98.566442976613942, 19.145662274808323 ], [ -98.566843837424031, 19.145643085094814 ], [ -98.567161648779532, 19.1457041081323 ], [ -98.567413226529951, 19.145840064720439 ], [ -98.567815756927686, 19.145849221893933 ], [ -98.568200002242165, 19.145827385680867 ], [ -98.568392827189186, 19.145646614231755 ], [ -98.568788083342127, 19.145660699443972 ], [ -98.569108844804262, 19.145604575898666 ], [ -98.569431888112746, 19.145552467171036 ], [ -98.569636833859462, 19.145363476386834 ], [ -98.57002207772328, 19.14539658254256 ], [ -98.570225166554167, 19.145565405801239 ], [ -98.570628436861384, 19.145545128368614 ], [ -98.570880316815447, 19.145669195126889 ], [ -98.571110262327977, 19.145812581032455 ], [ -98.571374337172472, 19.14592559952974 ], [ -98.571448001577906, 19.146218315573179 ], [ -98.571670589520807, 19.146370026944346 ], [ -98.571951765924652, 19.146466446153219 ], [ -98.572025474568449, 19.146757464385203 ], [ -98.572265178298935, 19.146892010668473 ], [ -98.572243632308044, 19.147274859158887 ], [ -98.572551651996207, 19.147346406755311 ], [ -98.57271807950066, 19.147551765336402 ], [ -98.572818546031201, 19.147821308308366 ], [ -98.573121760814089, 19.147894444306086 ], [ -98.573290785178102, 19.148091367872038 ], [ -98.573386446783559, 19.148362500174901 ], [ -98.573689591932194, 19.148438464619613 ], [ -98.573853640596539, 19.148643768129656 ], [ -98.574059220492373, 19.148808679616607 ], [ -98.574460004130756, 19.148792865049565 ], [ -98.574572754348807, 19.1490479640165 ], [ -98.574817285313671, 19.149180351132095 ], [ -98.575122829200737, 19.149255800934785 ], [ -98.575306348668477, 19.149445124237872 ], [ -98.575392288500808, 19.149723962184954 ], [ -98.57569302744561, 19.149801000486043 ], [ -98.575874280284452, 19.14998574189104 ], [ -98.575962617756105, 19.150264067839569 ], [ -98.576309752102688, 19.150296859196139 ], [ -98.576542121488586, 19.150439159852041 ], [ -98.576930758370636, 19.1504326889373 ], [ -98.577329107675979, 19.150419076320919 ], [ -98.577690918002105, 19.150436909130402 ], [ -98.577964762331561, 19.150541078268802 ], [ -98.578370484968616, 19.150518570407566 ], [ -98.578534671065682, 19.150718776152431 ], [ -98.578820767227583, 19.150809631990956 ], [ -98.578899313581601, 19.151098492761278 ], [ -98.579314806948119, 19.151066577896575 ], [ -98.579395821666068, 19.151352097034369 ], [ -98.579791720457024, 19.151341253456664 ], [ -98.579963083861841, 19.15154048800191 ], [ -98.580254074401338, 19.151626355995351 ], [ -98.580342421880118, 19.151904679929508 ], [ -98.580533282624899, 19.152086802586066 ], [ -98.580826713439862, 19.152170459867698 ], [ -98.58091500564467, 19.152451047294726 ], [ -98.581154685569459, 19.152587278114485 ], [ -98.581406602315951, 19.152710762443185 ], [ -98.581797017005485, 19.15272866714982 ], [ -98.582048318096682, 19.152591669139582 ], [ -98.582287595346216, 19.152458928260423 ], [ -98.582636383060049, 19.152426059403123 ], [ -98.583015596819095, 19.152415395630317 ], [ -98.583401871259468, 19.152408288182116 ], [ -98.583790399933704, 19.152406326880389 ], [ -98.584181211256578, 19.152408379884179 ], [ -98.584569527162486, 19.152414905253067 ], [ -98.584950597954432, 19.152425229272161 ], [ -98.585324381120529, 19.152441049732086 ], [ -98.585519956478208, 19.152625537658203 ], [ -98.585743705181343, 19.152446575110908 ], [ -98.586120352489004, 19.152443206492595 ], [ -98.586510951316143, 19.152453742142956 ], [ -98.586780537390794, 19.152347726634254 ], [ -98.586971064179039, 19.152162914763718 ], [ -98.587376180753651, 19.152164716856813 ], [ -98.587566937890074, 19.152351357970904 ], [ -98.587965305909378, 19.152337151335878 ], [ -98.58826849635922, 19.152411955033667 ], [ -98.588610776045641, 19.15244857184706 ], [ -98.588889495848008, 19.15254886773446 ], [ -98.589119457746733, 19.152692793297405 ], [ -98.589464148659744, 19.152728330208276 ], [ -98.589686767286622, 19.152880016193542 ], [ -98.58995825788331, 19.152983544125323 ], [ -98.590017560872241, 19.153280457897406 ], [ -98.590271911387788, 19.1534022836227 ], [ -98.590523823741208, 19.153526318766318 ], [ -98.590607316181988, 19.153809056986212 ], [ -98.590834829243491, 19.15395575589837 ], [ -98.590837763035495, 19.154314814189217 ], [ -98.590877332949432, 19.154638461416479 ], [ -98.591121903937051, 19.154770257088263 ], [ -98.591390875827656, 19.15487938800505 ], [ -98.591457427878638, 19.155172501917068 ], [ -98.591680095179939, 19.155322487664421 ], [ -98.591932083131866, 19.155443691171008 ], [ -98.592328006960898, 19.155432248738435 ], [ -98.592745949006954, 19.155398086865809 ], [ -98.593166343598853, 19.155361148045927 ], [ -98.593572035631468, 19.155340296929403 ], [ -98.593938710042664, 19.155354802953383 ], [ -98.594246815952616, 19.155424043303828 ], [ -98.594376763701533, 19.155660264751823 ], [ -98.594306506425852, 19.156087318380827 ], [ -98.594263144136605, 19.156487233749576 ], [ -98.594571196200491, 19.156558737194118 ], [ -98.594715734811302, 19.156783396999799 ], [ -98.594828557835186, 19.157037351450249 ], [ -98.595141559353365, 19.157101604381648 ], [ -98.595264109588314, 19.157347850780045 ], [ -98.595679575756947, 19.157317588368802 ], [ -98.596007209901543, 19.157368579989981 ], [ -98.596151666920662, 19.157596634137416 ], [ -98.596257332983996, 19.157850992479798 ], [ -98.596604434996252, 19.157886001118989 ], [ -98.596843532421929, 19.158046542331668 ], [ -98.597034095928635, 19.157860018741179 ], [ -98.597424711122414, 19.157870526212982 ], [ -98.597703658090779, 19.157771496360205 ], [ -98.59791271130814, 19.157608038065693 ], [ -98.598163623741797, 19.157486292163316 ], [ -98.598561242846628, 19.157502616963168 ], [ -98.598756341334123, 19.157325253376619 ], [ -98.599128378940392, 19.15731608572149 ], [ -98.599514327492713, 19.157322518986827 ], [ -98.599907309266726, 19.157333639624579 ], [ -98.600293272024587, 19.157339504981437 ], [ -98.600623346470087, 19.157388276585497 ], [ -98.60091681514406, 19.157471329420478 ], [ -98.60117115499159, 19.157594269223409 ], [ -98.601176526385444, 19.157952250703776 ], [ -98.601138004261117, 19.158350012584791 ], [ -98.601150747671994, 19.158699100677222 ], [ -98.601429588285484, 19.15879541273392 ], [ -98.601644999219857, 19.15895031673681 ], [ -98.60172118832898, 19.159240246639833 ], [ -98.601995054597751, 19.159344939192078 ], [ -98.602222631491102, 19.159489924157196 ], [ -98.602296383592829, 19.159782063992441 ], [ -98.602565430760862, 19.159888911975965 ], [ -98.602797843911077, 19.160031173842469 ], [ -98.602869187217692, 19.160324391795314 ], [ -98.603138193582751, 19.160432936584233 ], [ -98.603373046793195, 19.160572987606223 ], [ -98.603439585075151, 19.160867795995923 ], [ -98.603850183094849, 19.160841931078263 ], [ -98.603972822948478, 19.16108534191304 ], [ -98.604295578090728, 19.161141301824205 ], [ -98.60471108201935, 19.161109882573164 ], [ -98.604833681349817, 19.161354990546009 ], [ -98.605175917448577, 19.161394399781159 ], [ -98.605432791566102, 19.16151172737456 ], [ -98.605662729668296, 19.161657892958072 ], [ -98.605738858353533, 19.161950651376465 ], [ -98.606147077066211, 19.161924726592517 ], [ -98.606264760395447, 19.162175951612838 ], [ -98.606580104870503, 19.162242498474811 ], [ -98.606714887061599, 19.162477120611296 ], [ -98.606854560841953, 19.162706756537926 ], [ -98.606881922250949, 19.163043717103825 ], [ -98.607182736563189, 19.163119562040247 ], [ -98.607412749705347, 19.163262895633004 ], [ -98.607769622413656, 19.163289038308623 ], [ -98.608043712776876, 19.163385231571887 ], [ -98.60828115548874, 19.163517406098109 ], [ -98.608613601746981, 19.163567345975277 ], [ -98.608833863140973, 19.163719518072657 ], [ -98.609105361707009, 19.163824144749924 ], [ -98.609102746476196, 19.164120794916798 ], [ -98.60883091314976, 19.16422113904283 ], [ -98.608832979093776, 19.164616986360226 ], [ -98.609150853483641, 19.164677922356631 ], [ -98.609266134375517, 19.164930224181369 ], [ -98.609679224280683, 19.164900435349288 ], [ -98.60971392274044, 19.165230199856214 ], [ -98.609848727361523, 19.165464254111736 ], [ -98.609978725805775, 19.16569989904805 ], [ -98.610294150640158, 19.165763608814785 ], [ -98.61041429752467, 19.166012055650938 ], [ -98.610776111337927, 19.166031507242341 ], [ -98.611150145936676, 19.166038775142212 ], [ -98.611533948649324, 19.16603663538481 ], [ -98.611925052759176, 19.16602842995098 ], [ -98.61231858123891, 19.166018579213038 ], [ -98.612709699318088, 19.166009805822458 ], [ -98.613095926332022, 19.166006017796064 ], [ -98.61348952498814, 19.165993334386744 ], [ -98.6138904108264, 19.165975151079802 ], [ -98.614247348127194, 19.165999014828277 ], [ -98.614323483616644, 19.166292336364226 ], [ -98.614721327187908, 19.166300695823839 ], [ -98.614977356504497, 19.166164879483436 ], [ -98.615195719837288, 19.166010098214059 ], [ -98.615586401957131, 19.166018861009956 ], [ -98.615974730028341, 19.166026437524241 ], [ -98.616302512009, 19.165976597725184 ], [ -98.616609345713513, 19.165906469167517 ], [ -98.616809070686855, 19.16573428059549 ], [ -98.617160139794208, 19.165706478148397 ], [ -98.617287729584348, 19.165463590754783 ], [ -98.617680694137619, 19.165476362991718 ], [ -98.618017834411148, 19.165433524166893 ], [ -98.618327595962825, 19.165341374526644 ], [ -98.618586379503057, 19.165478541006848 ], [ -98.618989715557788, 19.165457567928637 ], [ -98.619148934078694, 19.165668944801851 ], [ -98.619442417830768, 19.165752528361686 ], [ -98.619525935635721, 19.166036952500264 ], [ -98.61990191773134, 19.16606179573224 ], [ -98.62030992147281, 19.166044887302725 ], [ -98.620572965042399, 19.165914314892674 ], [ -98.620938116580362, 19.165895312615298 ], [ -98.621322059060518, 19.165887488723985 ], [ -98.621710639633932, 19.165884863839814 ], [ -98.622101448077629, 19.165888516450121 ], [ -98.622484955610574, 19.165898233259082 ], [ -98.622856411890226, 19.165913341770473 ], [ -98.623118130267898, 19.166028482827297 ], [ -98.623519000900444, 19.166010839869404 ], [ -98.623778337811871, 19.166125926491404 ], [ -98.624015730450139, 19.166260906321178 ], [ -98.624348077003773, 19.16631533910321 ], [ -98.624733968115066, 19.166325103492699 ], [ -98.62512725823747, 19.16632484007912 ], [ -98.6255112857786, 19.166313609976662 ], [ -98.625762329722804, 19.166186157670076 ], [ -98.62614421282025, 19.166165251966053 ], [ -98.626534643889713, 19.166184173074384 ], [ -98.626808543170029, 19.166288821469774 ], [ -98.62688722817451, 19.166576530766502 ], [ -98.627185637166221, 19.166653980680884 ], [ -98.627149626759575, 19.167049542890485 ], [ -98.627460214234986, 19.167116505946513 ], [ -98.627451081483258, 19.16748548964825 ], [ -98.627429813338253, 19.167863262124886 ], [ -98.627742841076781, 19.167928014201014 ], [ -98.627711722514235, 19.168318590282521 ], [ -98.627904757679815, 19.16851259430603 ], [ -98.628315934236369, 19.168464025519736 ], [ -98.628573888233475, 19.168346348645475 ], [ -98.628971514655419, 19.168363725390304 ], [ -98.629357495894865, 19.168370082421667 ], [ -98.629550313592006, 19.168187530166239 ], [ -98.629958196526616, 19.168175688951862 ], [ -98.630031872815877, 19.168473477540786 ], [ -98.630311125687086, 19.16836193577009 ], [ -98.630687829854807, 19.168357889929343 ], [ -98.631083144286123, 19.16837237828614 ], [ -98.631275833751332, 19.168194917167607 ], [ -98.631654863721408, 19.168193185802657 ], [ -98.632054830377328, 19.168212305377132 ], [ -98.632310384431193, 19.168095134910487 ], [ -98.632680262719205, 19.168077908284936 ], [ -98.633064224656934, 19.168069488575522 ], [ -98.633457533778994, 19.168068637527291 ], [ -98.633845868681362, 19.168076168078716 ], [ -98.63421972838654, 19.168090735876078 ], [ -98.63447850518466, 19.168229007412705 ], [ -98.634739674295133, 19.168077417537621 ], [ -98.635005780046441, 19.168208490493289 ], [ -98.635164942769222, 19.168423246730583 ], [ -98.635475565261373, 19.168489061547579 ], [ -98.635576213265153, 19.168756871708691 ], [ -98.635737899525637, 19.168966021318035 ], [ -98.636046071403783, 19.169034611532275 ], [ -98.636071068098374, 19.169373779962108 ], [ -98.636042411243295, 19.169762147828962 ], [ -98.636011371936476, 19.170150462764557 ], [ -98.636141475973275, 19.170383822770031 ], [ -98.636330012946047, 19.170567523567478 ], [ -98.636342791763113, 19.170918877509276 ], [ -98.636748537454125, 19.170897344007969 ], [ -98.636883422046523, 19.171130243842917 ], [ -98.637186681140747, 19.171204950944205 ], [ -98.637289688891187, 19.171473945781052 ], [ -98.637670551604629, 19.171494889575246 ], [ -98.63808287869152, 19.171399887775159 ], [ -98.641277051161211, 19.176326541301503 ], [ -98.645918326475496, 19.186776232572253 ], [ -98.643625267952771, 19.192766037033206 ], [ -98.639915995259798, 19.19826679496688 ], [ -98.642823313614059, 19.201414208138637 ], [ -98.649658992061603, 19.202272790588253 ], [ -98.65788694112949, 19.213828045727666 ], [ -98.663119315205691, 19.217481850831586 ], [ -98.672304315986082, 19.217179503857011 ], [ -98.682691778730842, 19.216649341998856 ], [ -98.689921833069789, 19.225653190674738 ], [ -98.679884662205708, 19.239080064728007 ], [ -98.683646809335812, 19.245489282614134 ], [ -98.682724353051455, 19.248112445974073 ], [ -98.688644344040867, 19.256329030858954 ], [ -98.68752248277643, 19.262248256256495 ], [ -98.685872933152638, 19.271811983655688 ], [ -98.689022617030844, 19.279030123171989 ], [ -98.690250375255729, 19.28328170603708 ], [ -98.69242158666421, 19.286998978195488 ], [ -98.69692845523825, 19.294455188216148 ], [ -98.699589770407826, 19.302672910402638 ], [ -98.700085526404706, 19.311257910358421 ], [ -98.704571934214556, 19.318722689330684 ], [ -98.710666874182323, 19.325114670539822 ], [ -98.709064640778806, 19.333547674892216 ], [ -98.712124312358441, 19.341638268416816 ], [ -98.718136438860626, 19.352214757407182 ], [ -98.72018599931485, 19.36056204273067 ], [ -98.721316430876357, 19.369122773789467 ], [ -98.720383392067291, 19.372676287804143 ], [ -98.719129797280488, 19.377443943081925 ], [ -98.720645923127506, 19.386051729114119 ], [ -98.71981112826164, 19.394635753841804 ], [ -98.719058236458523, 19.402195346907224 ], [ -98.718714415069471, 19.410907993607434 ], [ -98.716552127366057, 19.412249823336847 ], [ -98.713742830605497, 19.412696250626901 ], [ -98.715296643494497, 19.419350047980018 ], [ -98.714958200306555, 19.428520630268839 ], [ -98.705896730323502, 19.432508011685311 ], [ -98.698961128961031, 19.434490922731843 ], [ -98.689995022714314, 19.436191181500305 ], [ -98.68304890182597, 19.436922513881367 ], [ -98.677223814245835, 19.440838759531893 ], [ -98.673448000035123, 19.446107207017732 ], [ -98.670820352835989, 19.447879456044205 ], [ -98.666057188881766, 19.45111918999865 ], [ -98.659736470132259, 19.453093544742586 ], [ -98.656459226918827, 19.456306355587877 ], [ -98.644172994219929, 19.462858445861531 ], [ -98.634930665306356, 19.464803179217466 ], [ -98.629837674371856, 19.464519799912313 ], [ -98.625806911593557, 19.467252998436173 ], [ -98.625949793385047, 19.470641209588198 ], [ -98.621179319038319, 19.476502675791462 ], [ -98.614844181406909, 19.474086137261196 ], [ -98.611444245716683, 19.476790068224187 ], [ -98.610042620866054, 19.479541017695038 ], [ -98.603433844691068, 19.47736935694606 ], [ -98.594929965672506, 19.472560433475152 ], [ -98.588501111597409, 19.467047917353252 ], [ -98.580379750161399, 19.466737552892681 ], [ -98.571096544905345, 19.462104536133506 ], [ -98.563541544574264, 19.457353918653915 ], [ -98.558843756661688, 19.454115807019264 ], [ -98.546210352723762, 19.456469547818234 ], [ -98.538084972233307, 19.460285004545966 ], [ -98.531108400480207, 19.465775896696591 ], [ -98.51847710658059, 19.469663637165173 ], [ -98.514224378463837, 19.471919799857869 ], [ -98.505345279805809, 19.473663405986262 ], [ -98.496555327376271, 19.475739373454559 ], [ -98.491098230584043, 19.482614205815675 ], [ -98.483874221821992, 19.487852670680159 ], [ -98.475880010729199, 19.487109155531904 ], [ -98.473076368677312, 19.478676044558476 ], [ -98.467616855497027, 19.470876523986988 ], [ -98.46166676508328, 19.477917768185996 ], [ -98.448423927051749, 19.479848173417711 ], [ -98.443852406403607, 19.485831317311067 ], [ -98.450870819045647, 19.490999247137523 ], [ -98.434856779996181, 19.496776631518454 ], [ -98.429342823734544, 19.500750057187389 ], [ -98.424975660367096, 19.502355359154336 ], [ -98.421586415970808, 19.507747370401404 ], [ -98.419380206814466, 19.509403651813685 ], [ -98.417092847279406, 19.514137386208574 ], [ -98.412371590058584, 19.51564559976217 ], [ -98.405017902266664, 19.512317904809002 ], [ -98.398907012002383, 19.505928731268217 ], [ -98.388071844803079, 19.500651292835439 ], [ -98.385571322088182, 19.495928865333219 ], [ -98.381679027172297, 19.492873672466811 ], [ -98.377238608589934, 19.491206708976492 ], [ -98.37084549715361, 19.49037305889394 ], [ -98.367518406081544, 19.494262458845096 ], [ -98.361125994714399, 19.495095557303198 ], [ -98.352236529998848, 19.495929347849678 ], [ -98.35168096369182, 19.49009708500893 ], [ -98.346956582489923, 19.483985750494025 ], [ -98.340287994825488, 19.473431457792188 ], [ -98.335847591146035, 19.470652448414615 ], [ -98.325290282336184, 19.470930946159683 ], [ -98.316400812168425, 19.470931000293398 ], [ -98.310015002560561, 19.474541158036565 ], [ -98.30529117544998, 19.476763049458349 ], [ -98.301126350107438, 19.482319156888046 ], [ -98.296960770283505, 19.483152441761991 ], [ -98.292795230945615, 19.480651897810461 ], [ -98.286958010263049, 19.480930679234984 ], [ -98.287233985664173, 19.486486679353334 ], [ -98.285569152780909, 19.495652839241366 ], [ -98.284180456412855, 19.505374229001376 ], [ -98.285843673849513, 19.51009659378704 ], [ -98.287232621604971, 19.514540309377452 ], [ -98.288071878510095, 19.520651347898937 ], [ -98.28668324966479, 19.528705233743889 ], [ -98.283623971988163, 19.533427844850848 ], [ -98.275292518010772, 19.540650434589804 ], [ -98.268899010981372, 19.544815936954521 ], [ -98.259454602532756, 19.556204305938095 ], [ -98.257790354260891, 19.563427169846381 ], [ -98.255013337113809, 19.568426076786796 ], [ -98.237794107802046, 19.572869889139628 ], [ -98.23501549175532, 19.575648754584648 ], [ -98.236954481903098, 19.585924809526844 ], [ -98.236123187453188, 19.593148024228274 ], [ -98.238068728780405, 19.596203103153979 ], [ -98.226959500046362, 19.609535188981177 ], [ -98.224731540495242, 19.613978697355503 ], [ -98.223343771366444, 19.626478833855277 ], [ -98.215286159616994, 19.628700761333473 ], [ -98.204459265829129, 19.635090279895422 ], [ -98.209732745783569, 19.640089377951025 ], [ -98.205292809046384, 19.655087857988605 ], [ -98.203064202392085, 19.66592135528677 ], [ -98.205567523704929, 19.668976339036682 ], [ -98.205292035183149, 19.673698853201678 ], [ -98.201958043097932, 19.67758769792162 ], [ -98.202659755181216, 19.678505638639503 ], [ -98.195187501733841, 19.676535465712455 ], [ -98.192672724943165, 19.67858680943241 ], [ -98.187319231846871, 19.678452065618742 ], [ -98.184259521017438, 19.676047348476587 ], [ -98.179309590565779, 19.678241048695739 ], [ -98.170933950529331, 19.681422275044611 ], [ -98.15996378501238, 19.682413599706699 ], [ -98.15017665625885, 19.688934932237572 ], [ -98.144904819924875, 19.693664633695679 ], [ -98.139819011997105, 19.697814171750569 ], [ -98.129675178022424, 19.703006130624846 ], [ -98.127819452602594, 19.69523670289523 ], [ -98.129030655652727, 19.686577980176388 ], [ -98.129182824769615, 19.677964779145043 ], [ -98.133049993343107, 19.662903445827641 ], [ -98.12510928414946, 19.67053993923173 ], [ -98.116030317641034, 19.667578459810194 ], [ -98.105552538714292, 19.664101666987431 ], [ -98.099819424261739, 19.661626423628547 ], [ -98.091980400895196, 19.660841751632852 ], [ -98.082894296254707, 19.660330370550454 ], [ -98.073859337884016, 19.659210099005634 ], [ -98.066327950734177, 19.661607351528442 ], [ -98.063333791718904, 19.664702529411169 ], [ -98.053733732767384, 19.664663319215617 ], [ -98.047054456841849, 19.664065200928917 ], [ -98.03760272133114, 19.666569544346256 ], [ -98.028311430073515, 19.663574537439573 ], [ -98.035825065721824, 19.656321689127267 ], [ -98.041368697098235, 19.652282947968576 ], [ -98.043845244506798, 19.643887163884916 ], [ -98.043335971106799, 19.638375558792909 ], [ -98.037207389040702, 19.634196886401813 ], [ -98.029170271587915, 19.634196983229316 ], [ -98.02934919007015, 19.629630377192054 ], [ -98.027002913063157, 19.621199084995869 ], [ -98.02592355658048, 19.615498055133294 ], [ -98.026600206002669, 19.612560512369217 ], [ -98.028120151151469, 19.608999211256336 ], [ -98.031206626063195, 19.605349829782956 ], [ -98.035548068128776, 19.599253952297222 ], [ -98.035973769768844, 19.592284914857338 ], [ -98.039411448963577, 19.590020279882101 ], [ -98.044796564000464, 19.583033743255768 ], [ -98.04734957549114, 19.574753870507958 ], [ -98.046760165222196, 19.570357836736807 ], [ -98.037677355643979, 19.56059526766612 ], [ -98.031508213462089, 19.554083634245401 ], [ -98.02723262961598, 19.548972174720536 ], [ -98.024577411506428, 19.547397661438691 ], [ -98.021600195526304, 19.545964200957023 ], [ -98.016228416520974, 19.544918598344655 ], [ -98.013869104291601, 19.544101797644988 ], [ -98.011396294727263, 19.541777225683635 ], [ -98.004895626401535, 19.535881301289962 ], [ -98.003716055691825, 19.516569819275858 ], [ -97.997628322009248, 19.512529227246851 ], [ -97.994363313402857, 19.504513688606629 ], [ -97.995520424136998, 19.500034830212549 ], [ -97.98964093665316, 19.495367245606666 ], [ -97.959465236364125, 19.469877499584818 ] ] ] ] } }
]
}
