id,clee,nombre_de_la_unidad_economica,codigo_de_la_clase_actividad_scian,latitud,longitud,source_path,source_file,source_folder,layer_type,texto_busqueda,codigo_scian_detectado,palabras_clave_detectadas,categoria_relevancia_ambiental,nota_metodologica,distancia_hidrografia_m,en_buffer_100m,en_buffer_250m,en_buffer_500m,en_buffer_1000m,rango_distancia_hidrografia,localidad,municipio,actividad_denue_original,codigo_scian_original,texto_busqueda_normalizado,etapa_productiva_sugerida,etapa_productiva_secundaria,subtipo_confeccion,presion_ambiental_potencial,confianza_clasificacion,evidencia_clasificacion,palabras_clave_etapa,reglas_activadas,tiene_senal_proceso_humedo,tiene_senal_mezclilla_jeans,tiene_senal_lavado_deslavado,tiene_senal_tenido_tintoreria,tiene_senal_acabado_tratamiento,tiene_senal_industrial,tiene_senal_maquila,tiene_senal_planchado,es_confeccion_especializada,es_comercio_o_renta,requiere_auditoria_manual,motivo_auditoria,prioridad_auditoria,prioridad_campo,motivo_prioridad_campo,decision_estudio_sugerida,decision_alcance_proyecto,motivo_exclusion_prioritaria,flag_universo_alcance_proyecto,motivo_universo_alcance_proyecto,flag_fuera_alcance_productivo_textil,flag_estudio_prioritario,motivo_flag_estudio_prioritario,flag_proceso_humedo_relevante,flag_mezclilla_jeans,flag_lavado_deslavado,flag_tenido_tintoreria,flag_acabado_tratamiento,flag_maquila_productiva,flag_confeccion_especializada_baja_relevancia,flag_comercio_o_renta,flag_requiere_auditoria_manual,flag_prioridad_campo,flag_cercania_hidrografia_250m,flag_senal_industrial,flag_texto_ambiguo,flag_posible_falso_positivo,flag_posible_falso_negativo,query_maps,query_web,categoria_auditada,etapa_productiva_auditada,notas_auditoria,fuente_auditoria,decision_estudio,fecha_auditoria,auditor_responsable,flag_excluido_auditoria_manual_false,categoria_auditada_manual,notas_auditoria_manual,_id_key,fuente_geometria,nombre_mapa,raz_social,nombre_clase_actividad_scian,per_ocu,tipo_vial,nom_vial,tipo_v_e_1,nom_v_e_1,tipo_v_e_2,nom_v_e_2,tipo_v_e_3,nom_v_e_3,numero_ext,letra_ext,edificio,edificio_e,numero_int,letra_int,tipo_asent,nomb_asent,tipoCenCom,nom_CenCom,num_local,cod_postal,cve_ent,entidad,cve_mun,cve_loc,ageb,manzana,telefono,correoelec,www,tipoUniEco,fecha_alta,regla_exc_nombre_no_objetivo,regla_exc_actividad_no_objetivo,regla_exc_decision_previa,regla_inc_humedo_flags,regla_inc_humedo_texto,regla_inc_humedo_etapa_scian,regla_inc_mezclilla_nombre,regla_inc_mezclilla_etapa,regla_inc_material_textil,flag_foco_estricto_tratamiento,flag_foco_estricto_mezclilla,flag_foco_estricto_material_textil,flag_foco_textil_estricto,reglas_inclusion_activadas,reglas_exclusion_activadas,decision_filtro_estricto,motivo_decision_filtro,categoria_foco_estricto,en_universo_canonico_original,en_mh_filtrado,en_filtrado_2026_santa,senales_foco_estricto,nota_metodologica_foco,Name,DENUE,ID DENUE,en_foco_estricto,perfil_comparacion,comparacion_canonico_vs_mh,comparacion_canonico_vs_foco,membresias_resumen
10086701,21074812210000601000000000U8,LAVANDERIA MEXICO,812210,19.21429934,-98.38564064,data\raw\agebs\xalmimilulco\INEGI_DENUE_.shp,INEGI_DENUE_.shp,agebs\xalmimilulco,denue,21074812210000601000000000u8 lavanderia mexico 812210 data\raw\agebs\xalmimilulco\inegi_denue_.shp inegi_denue_.shp agebs\xalmimilulco denue,812210,lavanderia,alta_relevancia_ambiental,"Priorizacion preliminar por produccion, confeccion, maquila, acabado o lavado textil; se excluye comercio de prendas y no implica evidencia de contaminacion directa.",537.6024209147453,False,False,False,True,500-1000 m,Santa Ana Xalmimilulco,Huejotzingo,21074812210000601000000000u8 lavanderia mexico 812210 data\raw\agebs\xalmimilulco\inegi_denue_.shp inegi_denue_.shp agebs\xalmimilulco denue,812210,lavanderia mexico 21074812210000601000000000u8 lavanderia mexico 812210 data raw agebs xalmimilulco inegi denue shp inegi denue shp agebs xalmimilulco denue 812210 lavanderia,lavanderia_industrial,,,alta,media,SCIAN 812210 | lavanderia_industrial: lavanderia,lavanderia,scian_812210; texto_lavanderia_industrial,True,False,True,False,False,False,False,False,False,False,False,,alta,alta,proceso humedo o tratamiento; senal compatible con proceso humedo o tratamiento de prendas,incluir_prioritario,dentro_alcance_proyecto,,True,senal de proceso humedo o tratamiento; senal especifica de lavado/deslavado/lavanderia,False,True,senal compatible con proceso humedo o tratamiento de prendas; proceso humedo o tratamiento,True,False,True,False,False,False,False,False,False,True,False,False,False,False,False,LAVANDERIA MEXICO Santa Ana Xalmimilulco Huejotzingo Puebla Google Maps,LAVANDERIA MEXICO Santa Ana Xalmimilulco Huejotzingo Puebla lavanderia industrial textil prendas,,,,,,,,False,,,10086701,canonico_original,LAVANDERIA MEXICO,,,,,,,,,,,,,,,,,,,,,,,,,,,,,,,,,,,,,,,,,,,,,,,,,,,,,True,False,True,,,,,,True,canonico_foco_2026_no_mh,solo_canonico_original,canonico_y_foco_estricto,canonico original; foco estricto alternativo; filtrado 2026
10099363,21074315223001011000000000U4,MAQUILA DE PANTALON DE MEZCLILLA SIN NOMBRE,315229,19.20441257,-98.38004211,data\raw\agebs\xalmimilulco\INEGI_DENUE_.shp,INEGI_DENUE_.shp,agebs\xalmimilulco,denue,21074315223001011000000000u4 maquila de pantalon de mezclilla sin nombre 315229 data\raw\agebs\xalmimilulco\inegi_denue_.shp inegi_denue_.shp agebs\xalmimilulco denue,315229,maquila; mezclilla; pantalon,media_relevancia_ambiental,"Priorizacion preliminar por produccion, confeccion, maquila, acabado o lavado textil; se excluye comercio de prendas y no implica evidencia de contaminacion directa.",720.0807508899742,False,False,False,True,500-1000 m,Santa Ana Xalmimilulco,Huejotzingo,21074315223001011000000000u4 maquila de pantalon de mezclilla sin nombre 315229 data\raw\agebs\xalmimilulco\inegi_denue_.shp inegi_denue_.shp agebs\xalmimilulco denue,315229,maquila de pantalon de mezclilla sin nombre 21074315223001011000000000u4 maquila de pantalon de mezclilla sin nombre 315229 data raw agebs xalmimilulco inegi denue shp inegi denue shp agebs xalmimilulco denue 315229 maquila mezclilla pantalon,fabricacion_mezclilla,confeccion_maquila,maquila_productiva,media,media,SCIAN 315229 | mezclilla_jeans: mezclilla | maquila: maquila | confeccion: pantalon,maquila; mezclilla,scian_prefijo_315; texto_confeccion; texto_maquila; texto_mezclilla_jeans,False,True,False,False,False,False,True,False,False,False,True,mezclilla/jeans sin evidencia directa de proceso humedo,alta,media,contexto productivo textil,validar_documentalmente,dentro_alcance_proyecto,,True,senal de mezclilla/jeans,False,True,contexto productivo textil,False,True,False,False,False,True,False,False,True,True,False,False,False,False,False,MAQUILA DE PANTALON DE MEZCLILLA SIN NOMBRE Santa Ana Xalmimilulco Huejotzingo Puebla Google Maps,MAQUILA DE PANTALON DE MEZCLILLA SIN NOMBRE Santa Ana Xalmimilulco Huejotzingo Puebla mezclilla jeans maquila textil,,,,,,,,False,,,10099363,canonico_original,MAQUILA DE PANTALON DE MEZCLILLA SIN NOMBRE,,,,,,,,,,,,,,,,,,,,,,,,,,,,,,,,,,,,,,,,,,,,,,,,,,,,,True,False,True,,,,,,True,canonico_foco_2026_no_mh,solo_canonico_original,canonico_y_foco_estricto,canonico original; foco estricto alternativo; filtrado 2026
10451408,21074812210000861000000000U8,STONE LAV,812210,19.21703648,-98.37353551,data\raw\agebs\xalmimilulco\INEGI_DENUE_.shp,INEGI_DENUE_.shp,agebs\xalmimilulco,denue,21074812210000861000000000u8 stone lav 812210 data\raw\agebs\xalmimilulco\inegi_denue_.shp inegi_denue_.shp agebs\xalmimilulco denue,812210,,revisar,"Priorizacion preliminar por produccion, confeccion, maquila, acabado o lavado textil; se excluye comercio de prendas y no implica evidencia de contaminacion directa.",473.24907926560644,False,False,True,True,250-500 m,Santa Ana Xalmimilulco,Huejotzingo,21074812210000861000000000u8 stone lav 812210 data\raw\agebs\xalmimilulco\inegi_denue_.shp inegi_denue_.shp agebs\xalmimilulco denue,812210,stone lav 21074812210000861000000000u8 stone lav 812210 data raw agebs xalmimilulco inegi denue shp inegi denue shp agebs xalmimilulco denue 812210,lavanderia_industrial,,,alta,media,SCIAN 812210,,scian_812210,True,False,False,False,False,False,False,False,False,False,False,,alta,alta,proceso humedo o tratamiento; senal compatible con proceso humedo o tratamiento de prendas,incluir_prioritario,dentro_alcance_proyecto,,True,senal de proceso humedo o tratamiento,False,True,senal compatible con proceso humedo o tratamiento de prendas; proceso humedo o tratamiento,True,False,False,False,False,False,False,False,False,True,False,False,False,False,False,STONE LAV Santa Ana Xalmimilulco Huejotzingo Puebla Google Maps,STONE LAV Santa Ana Xalmimilulco Huejotzingo Puebla lavanderia industrial textil prendas,,,,,,,,False,,,10451408,canonico_original,STONE LAV,,,,,,,,,,,,,,,,,,,,,,,,,,,,,,,,,,,,,,,,,,,,,,,,,,,,,True,False,True,,,,,,True,canonico_foco_2026_no_mh,solo_canonico_original,canonico_y_foco_estricto,canonico original; foco estricto alternativo; filtrado 2026
10801837,21074812210000772000000000U7,LAVANDERIA SIN NOMBRE,812210,19.20672151,-98.37428614,data\raw\agebs\xalmimilulco\INEGI_DENUE_.shp,INEGI_DENUE_.shp,agebs\xalmimilulco,denue,21074812210000772000000000u7 lavanderia sin nombre 812210 data\raw\agebs\xalmimilulco\inegi_denue_.shp inegi_denue_.shp agebs\xalmimilulco denue,812210,lavanderia,alta_relevancia_ambiental,"Priorizacion preliminar por produccion, confeccion, maquila, acabado o lavado textil; se excluye comercio de prendas y no implica evidencia de contaminacion directa.",1006.648748591569,False,False,False,False,>1000 m,Santa Ana Xalmimilulco,Huejotzingo,21074812210000772000000000u7 lavanderia sin nombre 812210 data\raw\agebs\xalmimilulco\inegi_denue_.shp inegi_denue_.shp agebs\xalmimilulco denue,812210,lavanderia sin nombre 21074812210000772000000000u7 lavanderia sin nombre 812210 data raw agebs xalmimilulco inegi denue shp inegi denue shp agebs xalmimilulco denue 812210 lavanderia,lavanderia_industrial,,,alta,media,SCIAN 812210 | lavanderia_industrial: lavanderia,lavanderia,scian_812210; texto_lavanderia_industrial,True,False,True,False,False,False,False,False,False,False,False,,alta,alta,proceso humedo o tratamiento; senal compatible con proceso humedo o tratamiento de prendas,incluir_prioritario,dentro_alcance_proyecto,,True,senal de proceso humedo o tratamiento; senal especifica de lavado/deslavado/lavanderia,False,True,senal compatible con proceso humedo o tratamiento de prendas; proceso humedo o tratamiento,True,False,True,False,False,False,False,False,False,True,False,False,False,False,False,LAVANDERIA SIN NOMBRE Santa Ana Xalmimilulco Huejotzingo Puebla Google Maps,LAVANDERIA SIN NOMBRE Santa Ana Xalmimilulco Huejotzingo Puebla lavanderia industrial textil prendas,,,,,,,,False,,,10801837,canonico_original,LAVANDERIA SIN NOMBRE,,,,,,,,,,,,,,,,,,,,,,,,,,,,,,,,,,,,,,,,,,,,,,,,,,,,,True,False,True,,,,,,True,canonico_foco_2026_no_mh,solo_canonico_original,canonico_y_foco_estricto,canonico original; foco estricto alternativo; filtrado 2026
10876257,21074812210000751000000000U1,LAVANDERIA MA & MA,812210,19.21136579,-98.38497712,data\raw\agebs\xalmimilulco\INEGI_DENUE_.shp,INEGI_DENUE_.shp,agebs\xalmimilulco,denue,21074812210000751000000000u1 lavanderia ma & ma 812210 data\raw\agebs\xalmimilulco\inegi_denue_.shp inegi_denue_.shp agebs\xalmimilulco denue,812210,lavanderia,alta_relevancia_ambiental,"Priorizacion preliminar por produccion, confeccion, maquila, acabado o lavado textil; se excluye comercio de prendas y no implica evidencia de contaminacion directa.",880.4715581569069,False,False,False,True,500-1000 m,Santa Ana Xalmimilulco,Huejotzingo,21074812210000751000000000u1 lavanderia ma & ma 812210 data\raw\agebs\xalmimilulco\inegi_denue_.shp inegi_denue_.shp agebs\xalmimilulco denue,812210,lavanderia ma ma 21074812210000751000000000u1 lavanderia ma ma 812210 data raw agebs xalmimilulco inegi denue shp inegi denue shp agebs xalmimilulco denue 812210 lavanderia,lavanderia_industrial,,,alta,media,SCIAN 812210 | lavanderia_industrial: lavanderia,lavanderia,scian_812210; texto_lavanderia_industrial,True,False,True,False,False,False,False,False,False,False,False,,alta,alta,proceso humedo o tratamiento; senal compatible con proceso humedo o tratamiento de prendas,incluir_prioritario,dentro_alcance_proyecto,,True,senal de proceso humedo o tratamiento; senal especifica de lavado/deslavado/lavanderia,False,True,senal compatible con proceso humedo o tratamiento de prendas; proceso humedo o tratamiento,True,False,True,False,False,False,False,False,False,True,False,False,False,False,False,LAVANDERIA MA & MA Santa Ana Xalmimilulco Huejotzingo Puebla Google Maps,LAVANDERIA MA & MA Santa Ana Xalmimilulco Huejotzingo Puebla lavanderia industrial textil prendas,,,,,,,,False,,,10876257,canonico_original,LAVANDERIA MA & MA,,,,,,,,,,,,,,,,,,,,,,,,,,,,,,,,,,,,,,,,,,,,,,,,,,,,,True,False,True,,,,,,True,canonico_foco_2026_no_mh,solo_canonico_original,canonico_y_foco_estricto,canonico original; foco estricto alternativo; filtrado 2026
11081907,21074812210000921000000000U0,BODEGA SIN NOMBRE,812210,19.21328834,-98.37489147,data\raw\agebs\xalmimilulco\INEGI_DENUE_.shp,INEGI_DENUE_.shp,agebs\xalmimilulco,denue,21074812210000921000000000u0 bodega sin nombre 812210 data\raw\agebs\xalmimilulco\inegi_denue_.shp inegi_denue_.shp agebs\xalmimilulco denue,812210,,revisar,"Priorizacion preliminar por produccion, confeccion, maquila, acabado o lavado textil; se excluye comercio de prendas y no implica evidencia de contaminacion directa.",751.7410027638481,False,False,False,True,500-1000 m,Santa Ana Xalmimilulco,Huejotzingo,21074812210000921000000000u0 bodega sin nombre 812210 data\raw\agebs\xalmimilulco\inegi_denue_.shp inegi_denue_.shp agebs\xalmimilulco denue,812210,bodega sin nombre 21074812210000921000000000u0 bodega sin nombre 812210 data raw agebs xalmimilulco inegi denue shp inegi denue shp agebs xalmimilulco denue 812210,lavanderia_industrial,,,alta,media,SCIAN 812210,,scian_812210,True,False,False,False,False,False,False,False,False,False,False,,alta,alta,proceso humedo o tratamiento; senal compatible con proceso humedo o tratamiento de prendas,incluir_prioritario,dentro_alcance_proyecto,,True,senal de proceso humedo o tratamiento,False,True,senal compatible con proceso humedo o tratamiento de prendas; proceso humedo o tratamiento,True,False,False,False,False,False,False,False,False,True,False,False,False,False,False,BODEGA SIN NOMBRE Santa Ana Xalmimilulco Huejotzingo Puebla Google Maps,BODEGA SIN NOMBRE Santa Ana Xalmimilulco Huejotzingo Puebla lavanderia industrial textil prendas,,,,,,,,False,,,11081907,canonico_original,BODEGA SIN NOMBRE,,,,,,,,,,,,,,,,,,,,,,,,,,,,,,,,,,,,,,,,,,,,,,,,,,,,,True,False,True,,,,,,False,canonico_2026_no_foco_no_mh,solo_canonico_original,solo_canonico_original,canonico original; filtrado 2026
11096797,21074812210000642000000000U2,LAVADOS Y PROCESOS FLORES,812210,19.19818966,-98.41940636,data\raw\agebs\xalmimilulco\INEGI_DENUE_.shp,INEGI_DENUE_.shp,agebs\xalmimilulco,denue,21074812210000642000000000u2 lavados y procesos flores 812210 data\raw\agebs\xalmimilulco\inegi_denue_.shp inegi_denue_.shp agebs\xalmimilulco denue,812210,lavado,alta_relevancia_ambiental,"Priorizacion preliminar por produccion, confeccion, maquila, acabado o lavado textil; se excluye comercio de prendas y no implica evidencia de contaminacion directa.",971.5512807745988,False,False,False,True,500-1000 m,Santa Ana Xalmimilulco,Huejotzingo,21074812210000642000000000u2 lavados y procesos flores 812210 data\raw\agebs\xalmimilulco\inegi_denue_.shp inegi_denue_.shp agebs\xalmimilulco denue,812210,lavados y procesos flores 21074812210000642000000000u2 lavados y procesos flores 812210 data raw agebs xalmimilulco inegi denue shp inegi denue shp agebs xalmimilulco denue 812210 lavado,lavado_deslavado,lavanderia_industrial,,alta,alta,SCIAN 812210 | lavado_deslavado: lavado,lavado,scian_812210; texto_lavado_deslavado,True,False,True,False,False,False,False,False,False,False,False,,alta,alta,proceso humedo o tratamiento; senal compatible con proceso humedo o tratamiento de prendas,incluir_prioritario,dentro_alcance_proyecto,,True,senal de proceso humedo o tratamiento; senal especifica de lavado/deslavado/lavanderia,False,True,senal compatible con proceso humedo o tratamiento de prendas; proceso humedo o tratamiento,True,False,True,False,False,False,False,False,False,True,False,False,False,False,False,LAVADOS Y PROCESOS FLORES Santa Ana Xalmimilulco Huejotzingo Puebla Google Maps,LAVADOS Y PROCESOS FLORES Santa Ana Xalmimilulco Huejotzingo Puebla lavado deslavado mezclilla jeans,,,,,,,,False,,,11096797,canonico_original,LAVADOS Y PROCESOS FLORES,,,,,,,,,,,,,,,,,,,,,,,,,,,,,,,,,,,,,,,,,,,,,,,,,,,,,True,False,False,,,,,,False,solo_canonico_original,solo_canonico_original,solo_canonico_original,canonico original
11133786,21074315229002281000000000U9,MAQUILA DESHEBRADO DE PANTALON SIN NOMBRE,315229,19.20687249,-98.38149947,data\raw\agebs\xalmimilulco\INEGI_DENUE_.shp,INEGI_DENUE_.shp,agebs\xalmimilulco,denue,21074315229002281000000000u9 maquila deshebrado de pantalon sin nombre 315229 data\raw\agebs\xalmimilulco\inegi_denue_.shp inegi_denue_.shp agebs\xalmimilulco denue,315229,deshebrado; maquila; pantalon,media_relevancia_ambiental,"Priorizacion preliminar por produccion, confeccion, maquila, acabado o lavado textil; se excluye comercio de prendas y no implica evidencia de contaminacion directa.",288.13956171958114,False,False,True,True,250-500 m,Santa Ana Xalmimilulco,Huejotzingo,21074315229002281000000000u9 maquila deshebrado de pantalon sin nombre 315229 data\raw\agebs\xalmimilulco\inegi_denue_.shp inegi_denue_.shp agebs\xalmimilulco denue,315229,maquila deshebrado de pantalon sin nombre 21074315229002281000000000u9 maquila deshebrado de pantalon sin nombre 315229 data raw agebs xalmimilulco inegi denue shp inegi denue shp agebs xalmimilulco denue 315229 deshebrado maquila pantalon,fabricacion_mezclilla,confeccion_maquila,maquila_productiva,media,media,SCIAN 315229 | mezclilla_jeans: deshebrado | maquila: maquila | confeccion: pantalon,deshebrado; maquila,scian_prefijo_315; texto_confeccion; texto_maquila; texto_mezclilla_jeans,False,True,False,False,False,False,True,False,False,False,True,mezclilla/jeans sin evidencia directa de proceso humedo,alta,media,contexto productivo textil,validar_documentalmente,dentro_alcance_proyecto,,True,senal de mezclilla/jeans,False,True,contexto productivo textil,False,True,False,False,False,True,False,False,True,True,False,False,False,False,False,MAQUILA DESHEBRADO DE PANTALON SIN NOMBRE Santa Ana Xalmimilulco Huejotzingo Puebla Google Maps,MAQUILA DESHEBRADO DE PANTALON SIN NOMBRE Santa Ana Xalmimilulco Huejotzingo Puebla mezclilla jeans maquila textil,,,,,,,,False,,,11133786,canonico_original,MAQUILA DESHEBRADO DE PANTALON SIN NOMBRE,,,,,,,,,,,,,,,,,,,,,,,,,,,,,,,,,,,,,,,,,,,,,,,,,,,,,True,False,True,,,,,,True,canonico_foco_2026_no_mh,solo_canonico_original,canonico_y_foco_estricto,canonico original; foco estricto alternativo; filtrado 2026
11149643,21074812210000672000000000U9,LAVANDERIA LOS SOLARES,812210,19.20557939,-98.36887278,data\raw\agebs\xalmimilulco\INEGI_DENUE_.shp,INEGI_DENUE_.shp,agebs\xalmimilulco,denue,21074812210000672000000000u9 lavanderia los solares 812210 data\raw\agebs\xalmimilulco\inegi_denue_.shp inegi_denue_.shp agebs\xalmimilulco denue,812210,lavanderia,alta_relevancia_ambiental,"Priorizacion preliminar por produccion, confeccion, maquila, acabado o lavado textil; se excluye comercio de prendas y no implica evidencia de contaminacion directa.",1000.2348478542126,False,False,False,False,>1000 m,Santa Ana Xalmimilulco,Huejotzingo,21074812210000672000000000u9 lavanderia los solares 812210 data\raw\agebs\xalmimilulco\inegi_denue_.shp inegi_denue_.shp agebs\xalmimilulco denue,812210,lavanderia los solares 21074812210000672000000000u9 lavanderia los solares 812210 data raw agebs xalmimilulco inegi denue shp inegi denue shp agebs xalmimilulco denue 812210 lavanderia,lavanderia_industrial,,,alta,media,SCIAN 812210 | lavanderia_industrial: lavanderia,lavanderia,scian_812210; texto_lavanderia_industrial,True,False,True,False,False,False,False,False,False,False,False,,alta,alta,proceso humedo o tratamiento; senal compatible con proceso humedo o tratamiento de prendas,incluir_prioritario,dentro_alcance_proyecto,,True,senal de proceso humedo o tratamiento; senal especifica de lavado/deslavado/lavanderia,False,True,senal compatible con proceso humedo o tratamiento de prendas; proceso humedo o tratamiento,True,False,True,False,False,False,False,False,False,True,False,False,False,False,False,LAVANDERIA LOS SOLARES Santa Ana Xalmimilulco Huejotzingo Puebla Google Maps,LAVANDERIA LOS SOLARES Santa Ana Xalmimilulco Huejotzingo Puebla lavanderia industrial textil prendas,,,,,,,,False,,,11149643,canonico_original,LAVANDERIA LOS SOLARES,,,,,,,,,,,,,,,,,,,,,,,,,,,,,,,,,,,,,,,,,,,,,,,,,,,,,True,False,True,,,,,,True,canonico_foco_2026_no_mh,solo_canonico_original,canonico_y_foco_estricto,canonico original; foco estricto alternativo; filtrado 2026
11183668,21074812210000251000000000U2,BODEGA DE DESPERDICIO,812210,19.2111932,-98.37746045,data\raw\agebs\xalmimilulco\INEGI_DENUE_.shp,INEGI_DENUE_.shp,agebs\xalmimilulco,denue,21074812210000251000000000u2 bodega de desperdicio 812210 data\raw\agebs\xalmimilulco\inegi_denue_.shp inegi_denue_.shp agebs\xalmimilulco denue,812210,,revisar,"Priorizacion preliminar por produccion, confeccion, maquila, acabado o lavado textil; se excluye comercio de prendas y no implica evidencia de contaminacion directa.",750.8931252658,False,False,False,True,500-1000 m,Santa Ana Xalmimilulco,Huejotzingo,21074812210000251000000000u2 bodega de desperdicio 812210 data\raw\agebs\xalmimilulco\inegi_denue_.shp inegi_denue_.shp agebs\xalmimilulco denue,812210,bodega de desperdicio 21074812210000251000000000u2 bodega de desperdicio 812210 data raw agebs xalmimilulco inegi denue shp inegi denue shp agebs xalmimilulco denue 812210,lavanderia_industrial,,,alta,media,SCIAN 812210,,scian_812210,True,False,False,False,False,False,False,False,False,False,False,,alta,alta,proceso humedo o tratamiento; senal compatible con proceso humedo o tratamiento de prendas,incluir_prioritario,dentro_alcance_proyecto,,True,senal de proceso humedo o tratamiento,False,True,senal compatible con proceso humedo o tratamiento de prendas; proceso humedo o tratamiento,True,False,False,False,False,False,False,False,False,True,False,False,False,False,False,BODEGA DE DESPERDICIO Santa Ana Xalmimilulco Huejotzingo Puebla Google Maps,BODEGA DE DESPERDICIO Santa Ana Xalmimilulco Huejotzingo Puebla lavanderia industrial textil prendas,,,,,,,,False,,,11183668,canonico_original,BODEGA DE DESPERDICIO,,,,,,,,,,,,,,,,,,,,,,,,,,,,,,,,,,,,,,,,,,,,,,,,,,,,,True,False,True,,,,,,False,canonico_2026_no_foco_no_mh,solo_canonico_original,solo_canonico_original,canonico original; filtrado 2026
3326066,21074812210000262001000000U9,LAVANDERIA LAVAPLUS,812210,19.21861458,-98.3819366,data\raw\agebs\xalmimilulco\INEGI_DENUE_.shp,INEGI_DENUE_.shp,agebs\xalmimilulco,denue,21074812210000262001000000u9 lavanderia lavaplus 812210 data\raw\agebs\xalmimilulco\inegi_denue_.shp inegi_denue_.shp agebs\xalmimilulco denue,812210,lavanderia,alta_relevancia_ambiental,"Priorizacion preliminar por produccion, confeccion, maquila, acabado o lavado textil; se excluye comercio de prendas y no implica evidencia de contaminacion directa.",463.0522248748573,False,False,True,True,250-500 m,Santa Ana Xalmimilulco,Huejotzingo,21074812210000262001000000u9 lavanderia lavaplus 812210 data\raw\agebs\xalmimilulco\inegi_denue_.shp inegi_denue_.shp agebs\xalmimilulco denue,812210,lavanderia lavaplus 21074812210000262001000000u9 lavanderia lavaplus 812210 data raw agebs xalmimilulco inegi denue shp inegi denue shp agebs xalmimilulco denue 812210 lavanderia,lavanderia_industrial,,,alta,media,SCIAN 812210 | lavanderia_industrial: lavanderia,lavanderia,scian_812210; texto_lavanderia_industrial,True,False,True,False,False,False,False,False,False,False,False,,alta,alta,proceso humedo o tratamiento; senal compatible con proceso humedo o tratamiento de prendas,incluir_prioritario,dentro_alcance_proyecto,,True,senal de proceso humedo o tratamiento; senal especifica de lavado/deslavado/lavanderia,False,True,senal compatible con proceso humedo o tratamiento de prendas; proceso humedo o tratamiento,True,False,True,False,False,False,False,False,False,True,False,False,False,False,False,LAVANDERIA LAVAPLUS Santa Ana Xalmimilulco Huejotzingo Puebla Google Maps,LAVANDERIA LAVAPLUS Santa Ana Xalmimilulco Huejotzingo Puebla lavanderia industrial textil prendas,,,,,,,,False,,,3326066,canonico_original,LAVANDERIA LAVAPLUS,,,,,,,,,,,,,,,,,,,,,,,,,,,,,,,,,,,,,,,,,,,,,,,,,,,,,True,False,True,,,,,,True,canonico_foco_2026_no_mh,solo_canonico_original,canonico_y_foco_estricto,canonico original; foco estricto alternativo; filtrado 2026
3326137,21074315229001301002000000U6,MAQUILA DE PANTALON FOSIL JEANS,315229,19.21180747,-98.38308957,data\raw\agebs\xalmimilulco\INEGI_DENUE_.shp,INEGI_DENUE_.shp,agebs\xalmimilulco,denue,21074315229001301002000000u6 maquila de pantalon fosil jeans 315229 data\raw\agebs\xalmimilulco\inegi_denue_.shp inegi_denue_.shp agebs\xalmimilulco denue,315229,jeans; maquila; pantalon,media_relevancia_ambiental,"Priorizacion preliminar por produccion, confeccion, maquila, acabado o lavado textil; se excluye comercio de prendas y no implica evidencia de contaminacion directa.",357.8308297766053,False,False,True,True,250-500 m,Santa Ana Xalmimilulco,Huejotzingo,21074315229001301002000000u6 maquila de pantalon fosil jeans 315229 data\raw\agebs\xalmimilulco\inegi_denue_.shp inegi_denue_.shp agebs\xalmimilulco denue,315229,maquila de pantalon fosil jeans 21074315229001301002000000u6 maquila de pantalon fosil jeans 315229 data raw agebs xalmimilulco inegi denue shp inegi denue shp agebs xalmimilulco denue 315229 jeans maquila pantalon,fabricacion_mezclilla,confeccion_maquila,maquila_productiva,media,media,SCIAN 315229 | mezclilla_jeans: jeans | maquila: maquila | confeccion: pantalon,jeans; maquila,scian_prefijo_315; texto_confeccion; texto_maquila; texto_mezclilla_jeans,False,True,False,False,False,False,True,False,False,False,True,mezclilla/jeans sin evidencia directa de proceso humedo,alta,media,contexto productivo textil,validar_documentalmente,dentro_alcance_proyecto,,True,senal de mezclilla/jeans,False,True,contexto productivo textil,False,True,False,False,False,True,False,False,True,True,False,False,False,False,False,MAQUILA DE PANTALON FOSIL JEANS Santa Ana Xalmimilulco Huejotzingo Puebla Google Maps,MAQUILA DE PANTALON FOSIL JEANS Santa Ana Xalmimilulco Huejotzingo Puebla mezclilla jeans maquila textil,,,,,,,,False,,,3326137,canonico_original,MAQUILA DE PANTALON FOSIL JEANS,,,,,,,,,,,,,,,,,,,,,,,,,,,,,,,,,,,,,,,,,,,,,,,,,,,,,True,False,True,,,,,,True,canonico_foco_2026_no_mh,solo_canonico_original,canonico_y_foco_estricto,canonico original; foco estricto alternativo; filtrado 2026
3326339,21074315229001291001000000U9,MAQUILA DE PANTALON DE MEZCLILLA SIN NOMBRE,315229,19.20577329,-98.37807708,data\raw\agebs\xalmimilulco\INEGI_DENUE_.shp,INEGI_DENUE_.shp,agebs\xalmimilulco,denue,21074315229001291001000000u9 maquila de pantalon de mezclilla sin nombre 315229 data\raw\agebs\xalmimilulco\inegi_denue_.shp inegi_denue_.shp agebs\xalmimilulco denue,315229,maquila; mezclilla; pantalon,media_relevancia_ambiental,"Priorizacion preliminar por produccion, confeccion, maquila, acabado o lavado textil; se excluye comercio de prendas y no implica evidencia de contaminacion directa.",884.0102103225223,False,False,False,True,500-1000 m,Santa Ana Xalmimilulco,Huejotzingo,21074315229001291001000000u9 maquila de pantalon de mezclilla sin nombre 315229 data\raw\agebs\xalmimilulco\inegi_denue_.shp inegi_denue_.shp agebs\xalmimilulco denue,315229,maquila de pantalon de mezclilla sin nombre 21074315229001291001000000u9 maquila de pantalon de mezclilla sin nombre 315229 data raw agebs xalmimilulco inegi denue shp inegi denue shp agebs xalmimilulco denue 315229 maquila mezclilla pantalon,fabricacion_mezclilla,confeccion_maquila,maquila_productiva,media,media,SCIAN 315229 | mezclilla_jeans: mezclilla | maquila: maquila | confeccion: pantalon,maquila; mezclilla,scian_prefijo_315; texto_confeccion; texto_maquila; texto_mezclilla_jeans,False,True,False,False,False,False,True,False,False,False,True,mezclilla/jeans sin evidencia directa de proceso humedo,alta,media,contexto productivo textil,validar_documentalmente,dentro_alcance_proyecto,,True,senal de mezclilla/jeans,False,True,contexto productivo textil,False,True,False,False,False,True,False,False,True,True,False,False,False,False,False,MAQUILA DE PANTALON DE MEZCLILLA SIN NOMBRE Santa Ana Xalmimilulco Huejotzingo Puebla Google Maps,MAQUILA DE PANTALON DE MEZCLILLA SIN NOMBRE Santa Ana Xalmimilulco Huejotzingo Puebla mezclilla jeans maquila textil,,,,,,,,False,,,3326339,canonico_original,MAQUILA DE PANTALON DE MEZCLILLA SIN NOMBRE,,,,,,,,,,,,,,,,,,,,,,,,,,,,,,,,,,,,,,,,,,,,,,,,,,,,,True,True,True,,,,,,True,en_los_4,canonico_y_mh,canonico_y_foco_estricto,canonico original; MH filtrado; foco estricto alternativo; filtrado 2026
3326348,21074315229001403002000000U0,TALLER DE MAQUILA DE PANTALON DE MEZCLILLA,315229,19.20615378,-98.38106673,data\raw\agebs\xalmimilulco\INEGI_DENUE_.shp,INEGI_DENUE_.shp,agebs\xalmimilulco,denue,21074315229001403002000000u0 taller de maquila de pantalon de mezclilla 315229 data\raw\agebs\xalmimilulco\inegi_denue_.shp inegi_denue_.shp agebs\xalmimilulco denue,315229,maquila; mezclilla; pantalon,media_relevancia_ambiental,"Priorizacion preliminar por produccion, confeccion, maquila, acabado o lavado textil; se excluye comercio de prendas y no implica evidencia de contaminacion directa.",71.01120908542781,True,True,True,True,0-100 m,Santa Ana Xalmimilulco,Huejotzingo,21074315229001403002000000u0 taller de maquila de pantalon de mezclilla 315229 data\raw\agebs\xalmimilulco\inegi_denue_.shp inegi_denue_.shp agebs\xalmimilulco denue,315229,taller de maquila de pantalon de mezclilla 21074315229001403002000000u0 taller de maquila de pantalon de mezclilla 315229 data raw agebs xalmimilulco inegi denue shp inegi denue shp agebs xalmimilulco denue 315229 maquila mezclilla pantalon,fabricacion_mezclilla,confeccion_maquila,maquila_productiva,media,media,SCIAN 315229 | mezclilla_jeans: mezclilla | maquila: maquila | confeccion: pantalon,maquila; mezclilla,scian_prefijo_315; texto_confeccion; texto_maquila; texto_mezclilla_jeans,False,True,False,False,False,False,True,False,False,False,True,mezclilla/jeans sin evidencia directa de proceso humedo,alta,media,actividad productiva o ambigua cerca de hidrografia,validar_documentalmente,dentro_alcance_proyecto,,True,senal de mezclilla/jeans,False,True,actividad productiva o ambigua cerca de hidrografia,False,True,False,False,False,True,False,False,True,True,True,False,False,False,False,TALLER DE MAQUILA DE PANTALON DE MEZCLILLA Santa Ana Xalmimilulco Huejotzingo Puebla Google Maps,TALLER DE MAQUILA DE PANTALON DE MEZCLILLA Santa Ana Xalmimilulco Huejotzingo Puebla mezclilla jeans maquila textil,,,,,,,,False,,,3326348,canonico_original,TALLER DE MAQUILA DE PANTALON DE MEZCLILLA,,,,,,,,,,,,,,,,,,,,,,,,,,,,,,,,,,,,,,,,,,,,,,,,,,,,,True,False,True,,,,,,True,canonico_foco_2026_no_mh,solo_canonico_original,canonico_y_foco_estricto,canonico original; foco estricto alternativo; filtrado 2026
3427213,21074812210000342001000000U9,LAVANDERIA MAGALY,812210,19.20645951,-98.37919106,data\raw\agebs\xalmimilulco\INEGI_DENUE_.shp,INEGI_DENUE_.shp,agebs\xalmimilulco,denue,21074812210000342001000000u9 lavanderia magaly 812210 data\raw\agebs\xalmimilulco\inegi_denue_.shp inegi_denue_.shp agebs\xalmimilulco denue,812210,lavanderia,alta_relevancia_ambiental,"Priorizacion preliminar por produccion, confeccion, maquila, acabado o lavado textil; se excluye comercio de prendas y no implica evidencia de contaminacion directa.",944.0935162429411,False,False,False,True,500-1000 m,Santa Ana Xalmimilulco,Huejotzingo,21074812210000342001000000u9 lavanderia magaly 812210 data\raw\agebs\xalmimilulco\inegi_denue_.shp inegi_denue_.shp agebs\xalmimilulco denue,812210,lavanderia magaly 21074812210000342001000000u9 lavanderia magaly 812210 data raw agebs xalmimilulco inegi denue shp inegi denue shp agebs xalmimilulco denue 812210 lavanderia,lavanderia_industrial,,,alta,media,SCIAN 812210 | lavanderia_industrial: lavanderia,lavanderia,scian_812210; texto_lavanderia_industrial,True,False,True,False,False,False,False,False,False,False,False,,alta,alta,proceso humedo o tratamiento; senal compatible con proceso humedo o tratamiento de prendas,incluir_prioritario,dentro_alcance_proyecto,,True,senal de proceso humedo o tratamiento; senal especifica de lavado/deslavado/lavanderia,False,True,senal compatible con proceso humedo o tratamiento de prendas; proceso humedo o tratamiento,True,False,True,False,False,False,False,False,False,True,False,False,False,False,False,LAVANDERIA MAGALY Santa Ana Xalmimilulco Huejotzingo Puebla Google Maps,LAVANDERIA MAGALY Santa Ana Xalmimilulco Huejotzingo Puebla lavanderia industrial textil prendas,,,,,,,,False,,,3427213,canonico_original,LAVANDERIA MAGALY,,,,,,,,,,,,,,,,,,,,,,,,,,,,,,,,,,,,,,,,,,,,,,,,,,,,,True,False,True,,,,,,True,canonico_foco_2026_no_mh,solo_canonico_original,canonico_y_foco_estricto,canonico original; foco estricto alternativo; filtrado 2026
3427228,21074812210000141000000000U5,TINTORERIA LIZ,812210,19.20766002,-98.38274798,data\raw\agebs\xalmimilulco\INEGI_DENUE_.shp,INEGI_DENUE_.shp,agebs\xalmimilulco,denue,21074812210000141000000000u5 tintoreria liz 812210 data\raw\agebs\xalmimilulco\inegi_denue_.shp inegi_denue_.shp agebs\xalmimilulco denue,812210,tintoreria,alta_relevancia_ambiental,"Priorizacion preliminar por produccion, confeccion, maquila, acabado o lavado textil; se excluye comercio de prendas y no implica evidencia de contaminacion directa.",1012.8178412024241,False,False,False,False,>1000 m,Santa Ana Xalmimilulco,Huejotzingo,21074812210000141000000000u5 tintoreria liz 812210 data\raw\agebs\xalmimilulco\inegi_denue_.shp inegi_denue_.shp agebs\xalmimilulco denue,812210,tintoreria liz 21074812210000141000000000u5 tintoreria liz 812210 data raw agebs xalmimilulco inegi denue shp inegi denue shp agebs xalmimilulco denue 812210 tintoreria,lavanderia_industrial,,,alta,alta,SCIAN 812210 | tenido_tintoreria: tintoreria,tintoreria,scian_812210; texto_tenido_tintoreria,True,False,False,True,False,False,False,False,False,False,False,,alta,alta,proceso humedo o tratamiento; senal compatible con proceso humedo o tratamiento de prendas,incluir_prioritario,dentro_alcance_proyecto,,True,senal de proceso humedo o tratamiento,False,True,senal compatible con proceso humedo o tratamiento de prendas; proceso humedo o tratamiento,True,False,False,True,False,False,False,False,False,True,False,False,False,False,False,TINTORERIA LIZ Santa Ana Xalmimilulco Huejotzingo Puebla Google Maps,TINTORERIA LIZ Santa Ana Xalmimilulco Huejotzingo Puebla lavanderia industrial textil prendas,,,,,,,,False,,,3427228,canonico_original,TINTORERIA LIZ,,,,,,,,,,,,,,,,,,,,,,,,,,,,,,,,,,,,,,,,,,,,,,,,,,,,,True,False,True,,,,,,True,canonico_foco_2026_no_mh,solo_canonico_original,canonico_y_foco_estricto,canonico original; foco estricto alternativo; filtrado 2026
3427244,21074812210000131000000000U6,TINTORERIA LIZ,812210,19.20685794,-98.38143472,data\raw\agebs\xalmimilulco\INEGI_DENUE_.shp,INEGI_DENUE_.shp,agebs\xalmimilulco,denue,21074812210000131000000000u6 tintoreria liz 812210 data\raw\agebs\xalmimilulco\inegi_denue_.shp inegi_denue_.shp agebs\xalmimilulco denue,812210,tintoreria,alta_relevancia_ambiental,"Priorizacion preliminar por produccion, confeccion, maquila, acabado o lavado textil; se excluye comercio de prendas y no implica evidencia de contaminacion directa.",931.2076547297028,False,False,False,True,500-1000 m,Santa Ana Xalmimilulco,Huejotzingo,21074812210000131000000000u6 tintoreria liz 812210 data\raw\agebs\xalmimilulco\inegi_denue_.shp inegi_denue_.shp agebs\xalmimilulco denue,812210,tintoreria liz 21074812210000131000000000u6 tintoreria liz 812210 data raw agebs xalmimilulco inegi denue shp inegi denue shp agebs xalmimilulco denue 812210 tintoreria,lavanderia_industrial,,,alta,alta,SCIAN 812210 | tenido_tintoreria: tintoreria,tintoreria,scian_812210; texto_tenido_tintoreria,True,False,False,True,False,False,False,False,False,False,False,,alta,alta,proceso humedo o tratamiento; senal compatible con proceso humedo o tratamiento de prendas,incluir_prioritario,dentro_alcance_proyecto,,True,senal de proceso humedo o tratamiento,False,True,senal compatible con proceso humedo o tratamiento de prendas; proceso humedo o tratamiento,True,False,False,True,False,False,False,False,False,True,False,False,False,False,False,TINTORERIA LIZ Santa Ana Xalmimilulco Huejotzingo Puebla Google Maps,TINTORERIA LIZ Santa Ana Xalmimilulco Huejotzingo Puebla lavanderia industrial textil prendas,,,,,,,,False,,,3427244,canonico_original,TINTORERIA LIZ,,,,,,,,,,,,,,,,,,,,,,,,,,,,,,,,,,,,,,,,,,,,,,,,,,,,,True,False,True,,,,,,True,canonico_foco_2026_no_mh,solo_canonico_original,canonico_y_foco_estricto,canonico original; foco estricto alternativo; filtrado 2026
3427952,21074812210000031010000000U8,MAQUILA DE LAVANDERIA DE PANTALON,313310,19.2108461,-98.37936835,data\raw\agebs\xalmimilulco\INEGI_DENUE_.shp,INEGI_DENUE_.shp,agebs\xalmimilulco,denue,21074812210000031010000000u8 maquila de lavanderia de pantalon 313310 data\raw\agebs\xalmimilulco\inegi_denue_.shp inegi_denue_.shp agebs\xalmimilulco denue,313310,lavanderia; maquila; pantalon,alta_relevancia_ambiental,"Priorizacion preliminar por produccion, confeccion, maquila, acabado o lavado textil; se excluye comercio de prendas y no implica evidencia de contaminacion directa.",752.4183731793706,False,False,False,True,500-1000 m,Santa Ana Xalmimilulco,Huejotzingo,21074812210000031010000000u8 maquila de lavanderia de pantalon 313310 data\raw\agebs\xalmimilulco\inegi_denue_.shp inegi_denue_.shp agebs\xalmimilulco denue,313310,maquila de lavanderia de pantalon 21074812210000031010000000u8 maquila de lavanderia de pantalon 313310 data raw agebs xalmimilulco inegi denue shp inegi denue shp agebs xalmimilulco denue 313310 lavanderia maquila pantalon,lavanderia_industrial,confeccion_maquila; fabricacion_textil,maquila_productiva,alta,media,SCIAN 313310 | lavanderia_industrial: lavanderia | maquila: maquila | confeccion: pantalon,lavanderia; maquila,scian_prefijo_313; texto_confeccion; texto_lavanderia_industrial; texto_maquila,True,False,True,False,False,False,True,False,False,False,False,,alta,alta,proceso humedo o tratamiento; senal compatible con proceso humedo o tratamiento de prendas,incluir_prioritario,dentro_alcance_proyecto,,True,senal de proceso humedo o tratamiento; senal especifica de lavado/deslavado/lavanderia,False,True,senal compatible con proceso humedo o tratamiento de prendas; proceso humedo o tratamiento,True,False,True,False,False,True,False,False,False,True,False,False,False,False,False,MAQUILA DE LAVANDERIA DE PANTALON Santa Ana Xalmimilulco Huejotzingo Puebla Google Maps,MAQUILA DE LAVANDERIA DE PANTALON Santa Ana Xalmimilulco Huejotzingo Puebla lavanderia industrial textil prendas,,,,,,,,False,,,3427952,canonico_original,MAQUILA DE LAVANDERIA DE PANTALON,,,,,,,,,,,,,,,,,,,,,,,,,,,,,,,,,,,,,,,,,,,,,,,,,,,,,True,False,True,,,,,,True,canonico_foco_2026_no_mh,solo_canonico_original,canonico_y_foco_estricto,canonico original; foco estricto alternativo; filtrado 2026
3427993,21074812210000213002000000U2,LAVANDERIA SIN NOMBRE,812210,19.20916815,-98.386831,data\raw\agebs\xalmimilulco\INEGI_DENUE_.shp,INEGI_DENUE_.shp,agebs\xalmimilulco,denue,21074812210000213002000000u2 lavanderia sin nombre 812210 data\raw\agebs\xalmimilulco\inegi_denue_.shp inegi_denue_.shp agebs\xalmimilulco denue,812210,lavanderia,alta_relevancia_ambiental,"Priorizacion preliminar por produccion, confeccion, maquila, acabado o lavado textil; se excluye comercio de prendas y no implica evidencia de contaminacion directa.",823.4947352353194,False,False,False,True,500-1000 m,Santa Ana Xalmimilulco,Huejotzingo,21074812210000213002000000u2 lavanderia sin nombre 812210 data\raw\agebs\xalmimilulco\inegi_denue_.shp inegi_denue_.shp agebs\xalmimilulco denue,812210,lavanderia sin nombre 21074812210000213002000000u2 lavanderia sin nombre 812210 data raw agebs xalmimilulco inegi denue shp inegi denue shp agebs xalmimilulco denue 812210 lavanderia,lavanderia_industrial,,,alta,media,SCIAN 812210 | lavanderia_industrial: lavanderia,lavanderia,scian_812210; texto_lavanderia_industrial,True,False,True,False,False,False,False,False,False,False,False,,alta,alta,proceso humedo o tratamiento; senal compatible con proceso humedo o tratamiento de prendas,incluir_prioritario,dentro_alcance_proyecto,,True,senal de proceso humedo o tratamiento; senal especifica de lavado/deslavado/lavanderia,False,True,senal compatible con proceso humedo o tratamiento de prendas; proceso humedo o tratamiento,True,False,True,False,False,False,False,False,False,True,False,False,False,False,False,LAVANDERIA SIN NOMBRE Santa Ana Xalmimilulco Huejotzingo Puebla Google Maps,LAVANDERIA SIN NOMBRE Santa Ana Xalmimilulco Huejotzingo Puebla lavanderia industrial textil prendas,,,,,,,,False,,,3427993,canonico_original,LAVANDERIA SIN NOMBRE,,,,,,,,,,,,,,,,,,,,,,,,,,,,,,,,,,,,,,,,,,,,,,,,,,,,,True,False,True,,,,,,True,canonico_foco_2026_no_mh,solo_canonico_original,canonico_y_foco_estricto,canonico original; foco estricto alternativo; filtrado 2026
3428103,21074812210000192001000000U8,LAVANDERIA NOVALAV,812210,19.21681889,-98.38075285,data\raw\agebs\xalmimilulco\INEGI_DENUE_.shp,INEGI_DENUE_.shp,agebs\xalmimilulco,denue,21074812210000192001000000u8 lavanderia novalav 812210 data\raw\agebs\xalmimilulco\inegi_denue_.shp inegi_denue_.shp agebs\xalmimilulco denue,812210,lavanderia,alta_relevancia_ambiental,"Priorizacion preliminar por produccion, confeccion, maquila, acabado o lavado textil; se excluye comercio de prendas y no implica evidencia de contaminacion directa.",184.96048580056203,False,True,True,True,100-250 m,Santa Ana Xalmimilulco,Huejotzingo,21074812210000192001000000u8 lavanderia novalav 812210 data\raw\agebs\xalmimilulco\inegi_denue_.shp inegi_denue_.shp agebs\xalmimilulco denue,812210,lavanderia novalav 21074812210000192001000000u8 lavanderia novalav 812210 data raw agebs xalmimilulco inegi denue shp inegi denue shp agebs xalmimilulco denue 812210 lavanderia,lavanderia_industrial,,,alta,media,SCIAN 812210 | lavanderia_industrial: lavanderia,lavanderia,scian_812210; texto_lavanderia_industrial,True,False,True,False,False,False,False,False,False,False,True,,alta,muy_alta,proceso humedo o tratamiento y distancia <= 250 m a hidrografia; senal compatible con proceso humedo o tratamiento de prendas,incluir_prioritario,dentro_alcance_proyecto,,True,senal de proceso humedo o tratamiento; senal especifica de lavado/deslavado/lavanderia,False,True,senal compatible con proceso humedo o tratamiento de prendas; proceso humedo o tratamiento y distancia <= 250 m a hidrografia,True,False,True,False,False,False,False,False,True,True,True,False,False,False,False,LAVANDERIA NOVALAV Santa Ana Xalmimilulco Huejotzingo Puebla Google Maps,LAVANDERIA NOVALAV Santa Ana Xalmimilulco Huejotzingo Puebla lavanderia industrial textil prendas,,,,,,,,False,,,3428103,canonico_original,LAVANDERIA NOVALAV,,,,,,,,,,,,,,,,,,,,,,,,,,,,,,,,,,,,,,,,,,,,,,,,,,,,,True,False,True,,,,,,True,canonico_foco_2026_no_mh,solo_canonico_original,canonico_y_foco_estricto,canonico original; foco estricto alternativo; filtrado 2026
3428125,21074812210000182000000000U9,LAVANDERIA SANTA CECILIA,812210,19.21684215,-98.38284012,data\raw\agebs\xalmimilulco\INEGI_DENUE_.shp,INEGI_DENUE_.shp,agebs\xalmimilulco,denue,21074812210000182000000000u9 lavanderia santa cecilia 812210 data\raw\agebs\xalmimilulco\inegi_denue_.shp inegi_denue_.shp agebs\xalmimilulco denue,812210,lavanderia,alta_relevancia_ambiental,"Priorizacion preliminar por produccion, confeccion, maquila, acabado o lavado textil; se excluye comercio de prendas y no implica evidencia de contaminacion directa.",1001.9559585372307,False,False,False,False,>1000 m,Santa Ana Xalmimilulco,Huejotzingo,21074812210000182000000000u9 lavanderia santa cecilia 812210 data\raw\agebs\xalmimilulco\inegi_denue_.shp inegi_denue_.shp agebs\xalmimilulco denue,812210,lavanderia santa cecilia 21074812210000182000000000u9 lavanderia santa cecilia 812210 data raw agebs xalmimilulco inegi denue shp inegi denue shp agebs xalmimilulco denue 812210 lavanderia,lavanderia_industrial,,,alta,media,SCIAN 812210 | lavanderia_industrial: lavanderia,lavanderia,scian_812210; texto_lavanderia_industrial,True,False,True,False,False,False,False,False,False,False,False,,alta,alta,proceso humedo o tratamiento; senal compatible con proceso humedo o tratamiento de prendas,incluir_prioritario,dentro_alcance_proyecto,,True,senal de proceso humedo o tratamiento; senal especifica de lavado/deslavado/lavanderia,False,True,senal compatible con proceso humedo o tratamiento de prendas; proceso humedo o tratamiento,True,False,True,False,False,False,False,False,False,True,False,False,False,False,False,LAVANDERIA SANTA CECILIA Santa Ana Xalmimilulco Huejotzingo Puebla Google Maps,LAVANDERIA SANTA CECILIA Santa Ana Xalmimilulco Huejotzingo Puebla lavanderia industrial textil prendas,,,,,,,,False,,,3428125,canonico_original,LAVANDERIA SANTA CECILIA,,,,,,,,,,,,,,,,,,,,,,,,,,,,,,,,,,,,,,,,,,,,,,,,,,,,,True,False,True,,,,,,True,canonico_foco_2026_no_mh,solo_canonico_original,canonico_y_foco_estricto,canonico original; foco estricto alternativo; filtrado 2026
3428134,21074812210000223001000000U1,LAVANDERIA SANTA MONICA,812210,19.21429432,-98.38863919,data\raw\agebs\xalmimilulco\INEGI_DENUE_.shp,INEGI_DENUE_.shp,agebs\xalmimilulco,denue,21074812210000223001000000u1 lavanderia santa monica 812210 data\raw\agebs\xalmimilulco\inegi_denue_.shp inegi_denue_.shp agebs\xalmimilulco denue,812210,lavanderia,alta_relevancia_ambiental,"Priorizacion preliminar por produccion, confeccion, maquila, acabado o lavado textil; se excluye comercio de prendas y no implica evidencia de contaminacion directa.",315.8808780165712,False,False,True,True,250-500 m,Santa Ana Xalmimilulco,Huejotzingo,21074812210000223001000000u1 lavanderia santa monica 812210 data\raw\agebs\xalmimilulco\inegi_denue_.shp inegi_denue_.shp agebs\xalmimilulco denue,812210,lavanderia santa monica 21074812210000223001000000u1 lavanderia santa monica 812210 data raw agebs xalmimilulco inegi denue shp inegi denue shp agebs xalmimilulco denue 812210 lavanderia,lavanderia_industrial,,,alta,media,SCIAN 812210 | lavanderia_industrial: lavanderia,lavanderia,scian_812210; texto_lavanderia_industrial,True,False,True,False,False,False,False,False,False,False,False,,alta,alta,proceso humedo o tratamiento; senal compatible con proceso humedo o tratamiento de prendas,incluir_prioritario,dentro_alcance_proyecto,,True,senal de proceso humedo o tratamiento; senal especifica de lavado/deslavado/lavanderia,False,True,senal compatible con proceso humedo o tratamiento de prendas; proceso humedo o tratamiento,True,False,True,False,False,False,False,False,False,True,False,False,False,False,False,LAVANDERIA SANTA MONICA Santa Ana Xalmimilulco Huejotzingo Puebla Google Maps,LAVANDERIA SANTA MONICA Santa Ana Xalmimilulco Huejotzingo Puebla lavanderia industrial textil prendas,,,,,,,,False,,,3428134,canonico_original,LAVANDERIA SANTA MONICA,,,,,,,,,,,,,,,,,,,,,,,,,,,,,,,,,,,,,,,,,,,,,,,,,,,,,True,True,True,,,,,,True,en_los_4,canonico_y_mh,canonico_y_foco_estricto,canonico original; MH filtrado; foco estricto alternativo; filtrado 2026
3428174,21074812210000172002000000U0,LAVANDERIA ALEX,812210,19.21501731,-98.38544865,data\raw\agebs\xalmimilulco\INEGI_DENUE_.shp,INEGI_DENUE_.shp,agebs\xalmimilulco,denue,21074812210000172002000000u0 lavanderia alex 812210 data\raw\agebs\xalmimilulco\inegi_denue_.shp inegi_denue_.shp agebs\xalmimilulco denue,812210,lavanderia,alta_relevancia_ambiental,"Priorizacion preliminar por produccion, confeccion, maquila, acabado o lavado textil; se excluye comercio de prendas y no implica evidencia de contaminacion directa.",1000.7362348260492,False,False,False,False,>1000 m,Santa Ana Xalmimilulco,Huejotzingo,21074812210000172002000000u0 lavanderia alex 812210 data\raw\agebs\xalmimilulco\inegi_denue_.shp inegi_denue_.shp agebs\xalmimilulco denue,812210,lavanderia alex 21074812210000172002000000u0 lavanderia alex 812210 data raw agebs xalmimilulco inegi denue shp inegi denue shp agebs xalmimilulco denue 812210 lavanderia,lavanderia_industrial,,,alta,media,SCIAN 812210 | lavanderia_industrial: lavanderia,lavanderia,scian_812210; texto_lavanderia_industrial,True,False,True,False,False,False,False,False,False,False,False,,alta,alta,proceso humedo o tratamiento; senal compatible con proceso humedo o tratamiento de prendas,incluir_prioritario,dentro_alcance_proyecto,,True,senal de proceso humedo o tratamiento; senal especifica de lavado/deslavado/lavanderia,False,True,senal compatible con proceso humedo o tratamiento de prendas; proceso humedo o tratamiento,True,False,True,False,False,False,False,False,False,True,False,False,False,False,False,LAVANDERIA ALEX Santa Ana Xalmimilulco Huejotzingo Puebla Google Maps,LAVANDERIA ALEX Santa Ana Xalmimilulco Huejotzingo Puebla lavanderia industrial textil prendas,,,,,,,,False,,,3428174,canonico_original,LAVANDERIA ALEX,,,,,,,,,,,,,,,,,,,,,,,,,,,,,,,,,,,,,,,,,,,,,,,,,,,,,True,False,True,,,,,,True,canonico_foco_2026_no_mh,solo_canonico_original,canonico_y_foco_estricto,canonico original; foco estricto alternativo; filtrado 2026
3428228,21074315229000811002000000U5,MAQUILAR PANTALON DE MEZCLILLA,315229,19.20875293,-98.37822862,data\raw\agebs\xalmimilulco\INEGI_DENUE_.shp,INEGI_DENUE_.shp,agebs\xalmimilulco,denue,21074315229000811002000000u5 maquilar pantalon de mezclilla 315229 data\raw\agebs\xalmimilulco\inegi_denue_.shp inegi_denue_.shp agebs\xalmimilulco denue,315229,maquila; mezclilla; pantalon,media_relevancia_ambiental,"Priorizacion preliminar por produccion, confeccion, maquila, acabado o lavado textil; se excluye comercio de prendas y no implica evidencia de contaminacion directa.",1093.9717935747005,False,False,False,False,>1000 m,Santa Ana Xalmimilulco,Huejotzingo,21074315229000811002000000u5 maquilar pantalon de mezclilla 315229 data\raw\agebs\xalmimilulco\inegi_denue_.shp inegi_denue_.shp agebs\xalmimilulco denue,315229,maquilar pantalon de mezclilla 21074315229000811002000000u5 maquilar pantalon de mezclilla 315229 data raw agebs xalmimilulco inegi denue shp inegi denue shp agebs xalmimilulco denue 315229 maquila mezclilla pantalon,fabricacion_mezclilla,confeccion_maquila,maquila_productiva,media,media,SCIAN 315229 | mezclilla_jeans: mezclilla | maquila: maquila | confeccion: pantalon,maquila; mezclilla,scian_prefijo_315; texto_confeccion; texto_maquila; texto_mezclilla_jeans,False,True,False,False,False,False,True,False,False,False,True,mezclilla/jeans sin evidencia directa de proceso humedo,alta,media,contexto productivo textil,validar_documentalmente,dentro_alcance_proyecto,,True,senal de mezclilla/jeans,False,True,contexto productivo textil,False,True,False,False,False,True,False,False,True,True,False,False,False,False,False,MAQUILAR PANTALON DE MEZCLILLA Santa Ana Xalmimilulco Huejotzingo Puebla Google Maps,MAQUILAR PANTALON DE MEZCLILLA Santa Ana Xalmimilulco Huejotzingo Puebla mezclilla jeans maquila textil,,,,,,,,False,,,3428228,canonico_original,MAQUILAR PANTALON DE MEZCLILLA,,,,,,,,,,,,,,,,,,,,,,,,,,,,,,,,,,,,,,,,,,,,,,,,,,,,,True,False,True,,,,,,True,canonico_foco_2026_no_mh,solo_canonico_original,canonico_y_foco_estricto,canonico original; foco estricto alternativo; filtrado 2026
3428283,21074812210000121001000000U7,LAVANDERIA LAVAMEXXAL,812210,19.2112318,-98.3780799,data\raw\agebs\xalmimilulco\INEGI_DENUE_.shp,INEGI_DENUE_.shp,agebs\xalmimilulco,denue,21074812210000121001000000u7 lavanderia lavamexxal 812210 data\raw\agebs\xalmimilulco\inegi_denue_.shp inegi_denue_.shp agebs\xalmimilulco denue,812210,lavanderia,alta_relevancia_ambiental,"Priorizacion preliminar por produccion, confeccion, maquila, acabado o lavado textil; se excluye comercio de prendas y no implica evidencia de contaminacion directa.",983.415871435278,False,False,False,True,500-1000 m,Santa Ana Xalmimilulco,Huejotzingo,21074812210000121001000000u7 lavanderia lavamexxal 812210 data\raw\agebs\xalmimilulco\inegi_denue_.shp inegi_denue_.shp agebs\xalmimilulco denue,812210,lavanderia lavamexxal 21074812210000121001000000u7 lavanderia lavamexxal 812210 data raw agebs xalmimilulco inegi denue shp inegi denue shp agebs xalmimilulco denue 812210 lavanderia,lavanderia_industrial,,,alta,media,SCIAN 812210 | lavanderia_industrial: lavanderia,lavanderia,scian_812210; texto_lavanderia_industrial,True,False,True,False,False,False,False,False,False,False,False,,alta,alta,proceso humedo o tratamiento; senal compatible con proceso humedo o tratamiento de prendas,incluir_prioritario,dentro_alcance_proyecto,,True,senal de proceso humedo o tratamiento; senal especifica de lavado/deslavado/lavanderia,False,True,senal compatible con proceso humedo o tratamiento de prendas; proceso humedo o tratamiento,True,False,True,False,False,False,False,False,False,True,False,False,False,False,False,LAVANDERIA LAVAMEXXAL Santa Ana Xalmimilulco Huejotzingo Puebla Google Maps,LAVANDERIA LAVAMEXXAL Santa Ana Xalmimilulco Huejotzingo Puebla lavanderia industrial textil prendas,,,,,,,,False,,,3428283,canonico_original,LAVANDERIA LAVAMEXXAL,,,,,,,,,,,,,,,,,,,,,,,,,,,,,,,,,,,,,,,,,,,,,,,,,,,,,True,False,True,,,,,,True,canonico_foco_2026_no_mh,solo_canonico_original,canonico_y_foco_estricto,canonico original; foco estricto alternativo; filtrado 2026
3428321,21074812210000051011000000U6,LAVANDERIA Y TERMINADOS G C,313310,19.21176794,-98.37981608,data\raw\agebs\xalmimilulco\INEGI_DENUE_.shp,INEGI_DENUE_.shp,agebs\xalmimilulco,denue,21074812210000051011000000u6 lavanderia y terminados g c 313310 data\raw\agebs\xalmimilulco\inegi_denue_.shp inegi_denue_.shp agebs\xalmimilulco denue,313310,lavanderia,alta_relevancia_ambiental,"Priorizacion preliminar por produccion, confeccion, maquila, acabado o lavado textil; se excluye comercio de prendas y no implica evidencia de contaminacion directa.",792.7861595870044,False,False,False,True,500-1000 m,Santa Ana Xalmimilulco,Huejotzingo,21074812210000051011000000u6 lavanderia y terminados g c 313310 data\raw\agebs\xalmimilulco\inegi_denue_.shp inegi_denue_.shp agebs\xalmimilulco denue,313310,lavanderia y terminados g c 21074812210000051011000000u6 lavanderia y terminados g c 313310 data raw agebs xalmimilulco inegi denue shp inegi denue shp agebs xalmimilulco denue 313310 lavanderia,lavanderia_industrial,fabricacion_textil,,alta,media,SCIAN 313310 | lavanderia_industrial: lavanderia,lavanderia,scian_prefijo_313; texto_lavanderia_industrial,True,False,True,False,False,False,False,False,False,False,False,,alta,alta,proceso humedo o tratamiento; senal compatible con proceso humedo o tratamiento de prendas,incluir_prioritario,dentro_alcance_proyecto,,True,senal de proceso humedo o tratamiento; senal especifica de lavado/deslavado/lavanderia,False,True,senal compatible con proceso humedo o tratamiento de prendas; proceso humedo o tratamiento,True,False,True,False,False,False,False,False,False,True,False,False,False,False,False,LAVANDERIA Y TERMINADOS G C Santa Ana Xalmimilulco Huejotzingo Puebla Google Maps,LAVANDERIA Y TERMINADOS G C Santa Ana Xalmimilulco Huejotzingo Puebla lavanderia industrial textil prendas,,,,,,,,False,,,3428321,canonico_original,LAVANDERIA Y TERMINADOS G C,,,,,,,,,,,,,,,,,,,,,,,,,,,,,,,,,,,,,,,,,,,,,,,,,,,,,True,False,True,,,,,,True,canonico_foco_2026_no_mh,solo_canonico_original,canonico_y_foco_estricto,canonico original; foco estricto alternativo; filtrado 2026
6861846,21074812210000364001000000U3,STONE LAV,812210,19.21707716,-98.37347932,data\raw\agebs\xalmimilulco\INEGI_DENUE_.shp,INEGI_DENUE_.shp,agebs\xalmimilulco,denue,21074812210000364001000000u3 stone lav 812210 data\raw\agebs\xalmimilulco\inegi_denue_.shp inegi_denue_.shp agebs\xalmimilulco denue,812210,,revisar,"Priorizacion preliminar por produccion, confeccion, maquila, acabado o lavado textil; se excluye comercio de prendas y no implica evidencia de contaminacion directa.",913.596503634522,False,False,False,True,500-1000 m,Santa Ana Xalmimilulco,Huejotzingo,21074812210000364001000000u3 stone lav 812210 data\raw\agebs\xalmimilulco\inegi_denue_.shp inegi_denue_.shp agebs\xalmimilulco denue,812210,stone lav 21074812210000364001000000u3 stone lav 812210 data raw agebs xalmimilulco inegi denue shp inegi denue shp agebs xalmimilulco denue 812210,lavanderia_industrial,,,alta,media,SCIAN 812210,,scian_812210,True,False,False,False,False,False,False,False,False,False,False,,alta,alta,proceso humedo o tratamiento; senal compatible con proceso humedo o tratamiento de prendas,incluir_prioritario,dentro_alcance_proyecto,,True,senal de proceso humedo o tratamiento,False,True,senal compatible con proceso humedo o tratamiento de prendas; proceso humedo o tratamiento,True,False,False,False,False,False,False,False,False,True,False,False,False,False,False,STONE LAV Santa Ana Xalmimilulco Huejotzingo Puebla Google Maps,STONE LAV Santa Ana Xalmimilulco Huejotzingo Puebla lavanderia industrial textil prendas,,,,,,,,False,,,6861846,canonico_original,STONE LAV,,,,,,,,,,,,,,,,,,,,,,,,,,,,,,,,,,,,,,,,,,,,,,,,,,,,,True,True,True,,,,,,True,en_los_4,canonico_y_mh,canonico_y_foco_estricto,canonico original; MH filtrado; foco estricto alternativo; filtrado 2026
7742787,21074461160000781011000000U9,TALLER DE MAQUILA Y PANTALONES DE MEZCLILLA,315229,19.21474593,-98.38036918,data\raw\agebs\xalmimilulco\INEGI_DENUE_.shp,INEGI_DENUE_.shp,agebs\xalmimilulco,denue,21074461160000781011000000u9 taller de maquila y pantalones de mezclilla 315229 data\raw\agebs\xalmimilulco\inegi_denue_.shp inegi_denue_.shp agebs\xalmimilulco denue,315229,maquila; mezclilla; pantalon,media_relevancia_ambiental,"Priorizacion preliminar por produccion, confeccion, maquila, acabado o lavado textil; se excluye comercio de prendas y no implica evidencia de contaminacion directa.",687.0095651501339,False,False,False,True,500-1000 m,Santa Ana Xalmimilulco,Huejotzingo,21074461160000781011000000u9 taller de maquila y pantalones de mezclilla 315229 data\raw\agebs\xalmimilulco\inegi_denue_.shp inegi_denue_.shp agebs\xalmimilulco denue,315229,taller de maquila y pantalones de mezclilla 21074461160000781011000000u9 taller de maquila y pantalones de mezclilla 315229 data raw agebs xalmimilulco inegi denue shp inegi denue shp agebs xalmimilulco denue 315229 maquila mezclilla pantalon,fabricacion_mezclilla,confeccion_maquila,maquila_productiva,media,media,"SCIAN 315229 | mezclilla_jeans: mezclilla, pantalones de mezclilla | maquila: maquila | confeccion: pantalon",maquila; mezclilla; pantalones de mezclilla,scian_prefijo_315; texto_confeccion; texto_maquila; texto_mezclilla_jeans,False,True,False,False,False,False,True,False,False,False,True,mezclilla/jeans sin evidencia directa de proceso humedo,alta,media,contexto productivo textil,validar_documentalmente,dentro_alcance_proyecto,,True,senal de mezclilla/jeans,False,True,contexto productivo textil,False,True,False,False,False,True,False,False,True,True,False,False,False,False,False,TALLER DE MAQUILA Y PANTALONES DE MEZCLILLA Santa Ana Xalmimilulco Huejotzingo Puebla Google Maps,TALLER DE MAQUILA Y PANTALONES DE MEZCLILLA Santa Ana Xalmimilulco Huejotzingo Puebla mezclilla jeans maquila textil,,,,,,,,False,,,7742787,canonico_original,TALLER DE MAQUILA Y PANTALONES DE MEZCLILLA,,,,,,,,,,,,,,,,,,,,,,,,,,,,,,,,,,,,,,,,,,,,,,,,,,,,,True,True,True,,,,,,True,en_los_4,canonico_y_mh,canonico_y_foco_estricto,canonico original; MH filtrado; foco estricto alternativo; filtrado 2026
8088970,21074315229001671000000000U2,MAQUILADORA DE PANTALONES DE MEZCLILLA,315229,19.20894047,-98.37831876,data\raw\agebs\xalmimilulco\INEGI_DENUE_.shp,INEGI_DENUE_.shp,agebs\xalmimilulco,denue,21074315229001671000000000u2 maquiladora de pantalones de mezclilla 315229 data\raw\agebs\xalmimilulco\inegi_denue_.shp inegi_denue_.shp agebs\xalmimilulco denue,315229,maquila; mezclilla; pantalon,media_relevancia_ambiental,"Priorizacion preliminar por produccion, confeccion, maquila, acabado o lavado textil; se excluye comercio de prendas y no implica evidencia de contaminacion directa.",486.9181072006298,False,False,True,True,250-500 m,Santa Ana Xalmimilulco,Huejotzingo,21074315229001671000000000u2 maquiladora de pantalones de mezclilla 315229 data\raw\agebs\xalmimilulco\inegi_denue_.shp inegi_denue_.shp agebs\xalmimilulco denue,315229,maquiladora de pantalones de mezclilla 21074315229001671000000000u2 maquiladora de pantalones de mezclilla 315229 data raw agebs xalmimilulco inegi denue shp inegi denue shp agebs xalmimilulco denue 315229 maquila mezclilla pantalon,fabricacion_mezclilla,confeccion_maquila,maquila_productiva,media,media,"SCIAN 315229 | mezclilla_jeans: mezclilla, pantalones de mezclilla | industrial: maquiladora | maquila: maquila, maquiladora | confeccion: pantalon",maquila; maquiladora; mezclilla; pantalones de mezclilla,scian_prefijo_315; texto_confeccion; texto_industrial; texto_maquila; texto_mezclilla_jeans,False,True,False,False,False,True,True,False,False,False,True,mezclilla/jeans sin evidencia directa de proceso humedo,alta,media,contexto productivo textil,validar_documentalmente,dentro_alcance_proyecto,,True,senal de mezclilla/jeans,False,True,contexto productivo textil,False,True,False,False,False,True,False,False,True,True,False,True,False,False,False,MAQUILADORA DE PANTALONES DE MEZCLILLA Santa Ana Xalmimilulco Huejotzingo Puebla Google Maps,MAQUILADORA DE PANTALONES DE MEZCLILLA Santa Ana Xalmimilulco Huejotzingo Puebla mezclilla jeans maquila textil,,,,,,,,False,,,8088970,canonico_original,MAQUILADORA DE PANTALONES DE MEZCLILLA,,,,,,,,,,,,,,,,,,,,,,,,,,,,,,,,,,,,,,,,,,,,,,,,,,,,,True,False,True,,,,,,True,canonico_foco_2026_no_mh,solo_canonico_original,canonico_y_foco_estricto,canonico original; foco estricto alternativo; filtrado 2026
8089261,21074812210000431000000000U0,LAVANDERIA REY,812210,19.21125165,-98.37655998,data\raw\agebs\xalmimilulco\INEGI_DENUE_.shp,INEGI_DENUE_.shp,agebs\xalmimilulco,denue,21074812210000431000000000u0 lavanderia rey 812210 data\raw\agebs\xalmimilulco\inegi_denue_.shp inegi_denue_.shp agebs\xalmimilulco denue,812210,lavanderia,alta_relevancia_ambiental,"Priorizacion preliminar por produccion, confeccion, maquila, acabado o lavado textil; se excluye comercio de prendas y no implica evidencia de contaminacion directa.",1028.491962551902,False,False,False,False,>1000 m,Santa Ana Xalmimilulco,Huejotzingo,21074812210000431000000000u0 lavanderia rey 812210 data\raw\agebs\xalmimilulco\inegi_denue_.shp inegi_denue_.shp agebs\xalmimilulco denue,812210,lavanderia rey 21074812210000431000000000u0 lavanderia rey 812210 data raw agebs xalmimilulco inegi denue shp inegi denue shp agebs xalmimilulco denue 812210 lavanderia,lavanderia_industrial,,,alta,media,SCIAN 812210 | lavanderia_industrial: lavanderia,lavanderia,scian_812210; texto_lavanderia_industrial,True,False,True,False,False,False,False,False,False,False,False,,alta,alta,proceso humedo o tratamiento; senal compatible con proceso humedo o tratamiento de prendas,incluir_prioritario,dentro_alcance_proyecto,,True,senal de proceso humedo o tratamiento; senal especifica de lavado/deslavado/lavanderia,False,True,senal compatible con proceso humedo o tratamiento de prendas; proceso humedo o tratamiento,True,False,True,False,False,False,False,False,False,True,False,False,False,False,False,LAVANDERIA REY Santa Ana Xalmimilulco Huejotzingo Puebla Google Maps,LAVANDERIA REY Santa Ana Xalmimilulco Huejotzingo Puebla lavanderia industrial textil prendas,,,,,,,,False,,,8089261,canonico_original,LAVANDERIA REY,,,,,,,,,,,,,,,,,,,,,,,,,,,,,,,,,,,,,,,,,,,,,,,,,,,,,True,False,True,,,,,,True,canonico_foco_2026_no_mh,solo_canonico_original,canonico_y_foco_estricto,canonico original; foco estricto alternativo; filtrado 2026
8089452,21074812210000451001000000U8,LAVANDERIA RUGLAS,812210,19.20291914,-98.3807764,data\raw\agebs\xalmimilulco\INEGI_DENUE_.shp,INEGI_DENUE_.shp,agebs\xalmimilulco,denue,21074812210000451001000000u8 lavanderia ruglas 812210 data\raw\agebs\xalmimilulco\inegi_denue_.shp inegi_denue_.shp agebs\xalmimilulco denue,812210,lavanderia,alta_relevancia_ambiental,"Priorizacion preliminar por produccion, confeccion, maquila, acabado o lavado textil; se excluye comercio de prendas y no implica evidencia de contaminacion directa.",1219.1924555432597,False,False,False,False,>1000 m,Santa Ana Xalmimilulco,Huejotzingo,21074812210000451001000000u8 lavanderia ruglas 812210 data\raw\agebs\xalmimilulco\inegi_denue_.shp inegi_denue_.shp agebs\xalmimilulco denue,812210,lavanderia ruglas 21074812210000451001000000u8 lavanderia ruglas 812210 data raw agebs xalmimilulco inegi denue shp inegi denue shp agebs xalmimilulco denue 812210 lavanderia,lavanderia_industrial,,,alta,media,SCIAN 812210 | lavanderia_industrial: lavanderia,lavanderia,scian_812210; texto_lavanderia_industrial,True,False,True,False,False,False,False,False,False,False,False,,alta,alta,proceso humedo o tratamiento; senal compatible con proceso humedo o tratamiento de prendas,incluir_prioritario,dentro_alcance_proyecto,,True,senal de proceso humedo o tratamiento; senal especifica de lavado/deslavado/lavanderia,False,True,senal compatible con proceso humedo o tratamiento de prendas; proceso humedo o tratamiento,True,False,True,False,False,False,False,False,False,True,False,False,False,False,False,LAVANDERIA RUGLAS Santa Ana Xalmimilulco Huejotzingo Puebla Google Maps,LAVANDERIA RUGLAS Santa Ana Xalmimilulco Huejotzingo Puebla lavanderia industrial textil prendas,,,,,,,,False,,,8089452,canonico_original,LAVANDERIA RUGLAS,,,,,,,,,,,,,,,,,,,,,,,,,,,,,,,,,,,,,,,,,,,,,,,,,,,,,True,True,True,,,,,,True,en_los_4,canonico_y_mh,canonico_y_foco_estricto,canonico original; MH filtrado; foco estricto alternativo; filtrado 2026
8089562,21074812210000471000000000U6,LAVANDERIA SANTY,812210,19.20207742,-98.38492676,data\raw\agebs\xalmimilulco\INEGI_DENUE_.shp,INEGI_DENUE_.shp,agebs\xalmimilulco,denue,21074812210000471000000000u6 lavanderia santy 812210 data\raw\agebs\xalmimilulco\inegi_denue_.shp inegi_denue_.shp agebs\xalmimilulco denue,812210,lavanderia,alta_relevancia_ambiental,"Priorizacion preliminar por produccion, confeccion, maquila, acabado o lavado textil; se excluye comercio de prendas y no implica evidencia de contaminacion directa.",980.1102269871695,False,False,False,True,500-1000 m,Santa Ana Xalmimilulco,Huejotzingo,21074812210000471000000000u6 lavanderia santy 812210 data\raw\agebs\xalmimilulco\inegi_denue_.shp inegi_denue_.shp agebs\xalmimilulco denue,812210,lavanderia santy 21074812210000471000000000u6 lavanderia santy 812210 data raw agebs xalmimilulco inegi denue shp inegi denue shp agebs xalmimilulco denue 812210 lavanderia,lavanderia_industrial,,,alta,media,SCIAN 812210 | lavanderia_industrial: lavanderia,lavanderia,scian_812210; texto_lavanderia_industrial,True,False,True,False,False,False,False,False,False,False,False,,alta,alta,proceso humedo o tratamiento; senal compatible con proceso humedo o tratamiento de prendas,incluir_prioritario,dentro_alcance_proyecto,,True,senal de proceso humedo o tratamiento; senal especifica de lavado/deslavado/lavanderia,False,True,senal compatible con proceso humedo o tratamiento de prendas; proceso humedo o tratamiento,True,False,True,False,False,False,False,False,False,True,False,False,False,False,False,LAVANDERIA SANTY Santa Ana Xalmimilulco Huejotzingo Puebla Google Maps,LAVANDERIA SANTY Santa Ana Xalmimilulco Huejotzingo Puebla lavanderia industrial textil prendas,,,,,,,,False,,,8089562,canonico_original,LAVANDERIA SANTY,,,,,,,,,,,,,,,,,,,,,,,,,,,,,,,,,,,,,,,,,,,,,,,,,,,,,True,False,True,,,,,,True,canonico_foco_2026_no_mh,solo_canonico_original,canonico_y_foco_estricto,canonico original; foco estricto alternativo; filtrado 2026
8090455,21074315229001931000000000U0,TALLER DE MAQUILA DE MEZCLILLA,315229,19.21440504,-98.38432234,data\raw\agebs\xalmimilulco\INEGI_DENUE_.shp,INEGI_DENUE_.shp,agebs\xalmimilulco,denue,21074315229001931000000000u0 taller de maquila de mezclilla 315229 data\raw\agebs\xalmimilulco\inegi_denue_.shp inegi_denue_.shp agebs\xalmimilulco denue,315229,maquila; mezclilla,media_relevancia_ambiental,"Priorizacion preliminar por produccion, confeccion, maquila, acabado o lavado textil; se excluye comercio de prendas y no implica evidencia de contaminacion directa.",1040.5866121487788,False,False,False,False,>1000 m,Santa Ana Xalmimilulco,Huejotzingo,21074315229001931000000000u0 taller de maquila de mezclilla 315229 data\raw\agebs\xalmimilulco\inegi_denue_.shp inegi_denue_.shp agebs\xalmimilulco denue,315229,taller de maquila de mezclilla 21074315229001931000000000u0 taller de maquila de mezclilla 315229 data raw agebs xalmimilulco inegi denue shp inegi denue shp agebs xalmimilulco denue 315229 maquila mezclilla,fabricacion_mezclilla,confeccion_maquila,maquila_productiva,media,media,SCIAN 315229 | mezclilla_jeans: mezclilla | maquila: maquila,maquila; mezclilla,scian_prefijo_315; texto_maquila; texto_mezclilla_jeans,False,True,False,False,False,False,True,False,False,False,True,mezclilla/jeans sin evidencia directa de proceso humedo,alta,media,contexto productivo textil,validar_documentalmente,dentro_alcance_proyecto,,True,senal de mezclilla/jeans,False,True,contexto productivo textil,False,True,False,False,False,True,False,False,True,True,False,False,False,False,False,TALLER DE MAQUILA DE MEZCLILLA Santa Ana Xalmimilulco Huejotzingo Puebla Google Maps,TALLER DE MAQUILA DE MEZCLILLA Santa Ana Xalmimilulco Huejotzingo Puebla mezclilla jeans maquila textil,,,,,,,,False,,,8090455,canonico_original,TALLER DE MAQUILA DE MEZCLILLA,,,,,,,,,,,,,,,,,,,,,,,,,,,,,,,,,,,,,,,,,,,,,,,,,,,,,True,True,True,,,,,,True,en_los_4,canonico_y_mh,canonico_y_foco_estricto,canonico original; MH filtrado; foco estricto alternativo; filtrado 2026
8111334,21074434222000041000000000U0,VAQUIMTEX PRODUCTOS PARA LAVANDERIA,434222,19.21836989,-98.3755234,data\raw\agebs\xalmimilulco\INEGI_DENUE_.shp,INEGI_DENUE_.shp,agebs\xalmimilulco,denue,21074434222000041000000000u0 vaquimtex productos para lavanderia 434222 data\raw\agebs\xalmimilulco\inegi_denue_.shp inegi_denue_.shp agebs\xalmimilulco denue,434222,lavanderia,alta_relevancia_ambiental,"Priorizacion preliminar por produccion, confeccion, maquila, acabado o lavado textil; se excluye comercio de prendas y no implica evidencia de contaminacion directa.",788.1700784749129,False,False,False,True,500-1000 m,Santa Ana Xalmimilulco,Huejotzingo,21074434222000041000000000u0 vaquimtex productos para lavanderia 434222 data\raw\agebs\xalmimilulco\inegi_denue_.shp inegi_denue_.shp agebs\xalmimilulco denue,434222,vaquimtex productos para lavanderia 21074434222000041000000000u0 vaquimtex productos para lavanderia 434222 data raw agebs xalmimilulco inegi denue shp inegi denue shp agebs xalmimilulco denue 434222 lavanderia,lavanderia_industrial,,,alta,media,lavanderia_industrial: lavanderia,lavanderia,texto_lavanderia_industrial,True,False,True,False,False,False,False,False,False,False,False,,alta,alta,proceso humedo o tratamiento; senal compatible con proceso humedo o tratamiento de prendas,incluir_prioritario,dentro_alcance_proyecto,,True,senal de proceso humedo o tratamiento; senal especifica de lavado/deslavado/lavanderia,False,True,senal compatible con proceso humedo o tratamiento de prendas; proceso humedo o tratamiento,True,False,True,False,False,False,False,False,False,True,False,False,False,False,False,VAQUIMTEX PRODUCTOS PARA LAVANDERIA Santa Ana Xalmimilulco Huejotzingo Puebla Google Maps,VAQUIMTEX PRODUCTOS PARA LAVANDERIA Santa Ana Xalmimilulco Huejotzingo Puebla lavanderia industrial textil prendas,,,,,,,,False,,,8111334,canonico_original,VAQUIMTEX PRODUCTOS PARA LAVANDERIA,,,,,,,,,,,,,,,,,,,,,,,,,,,,,,,,,,,,,,,,,,,,,,,,,,,,,True,False,True,,,,,,False,canonico_2026_no_foco_no_mh,solo_canonico_original,solo_canonico_original,canonico original; filtrado 2026
8776900,21074812210000521000000000U8,LAVANDERIA MARY,812210,19.20780984,-98.37742389,data\raw\agebs\xalmimilulco\INEGI_DENUE_.shp,INEGI_DENUE_.shp,agebs\xalmimilulco,denue,21074812210000521000000000u8 lavanderia mary 812210 data\raw\agebs\xalmimilulco\inegi_denue_.shp inegi_denue_.shp agebs\xalmimilulco denue,812210,lavanderia,alta_relevancia_ambiental,"Priorizacion preliminar por produccion, confeccion, maquila, acabado o lavado textil; se excluye comercio de prendas y no implica evidencia de contaminacion directa.",497.1135873706967,False,False,True,True,250-500 m,Santa Ana Xalmimilulco,Huejotzingo,21074812210000521000000000u8 lavanderia mary 812210 data\raw\agebs\xalmimilulco\inegi_denue_.shp inegi_denue_.shp agebs\xalmimilulco denue,812210,lavanderia mary 21074812210000521000000000u8 lavanderia mary 812210 data raw agebs xalmimilulco inegi denue shp inegi denue shp agebs xalmimilulco denue 812210 lavanderia,lavanderia_industrial,,,alta,media,SCIAN 812210 | lavanderia_industrial: lavanderia,lavanderia,scian_812210; texto_lavanderia_industrial,True,False,True,False,False,False,False,False,False,False,False,,alta,alta,proceso humedo o tratamiento; senal compatible con proceso humedo o tratamiento de prendas,incluir_prioritario,dentro_alcance_proyecto,,True,senal de proceso humedo o tratamiento; senal especifica de lavado/deslavado/lavanderia,False,True,senal compatible con proceso humedo o tratamiento de prendas; proceso humedo o tratamiento,True,False,True,False,False,False,False,False,False,True,False,False,False,False,False,LAVANDERIA MARY Santa Ana Xalmimilulco Huejotzingo Puebla Google Maps,LAVANDERIA MARY Santa Ana Xalmimilulco Huejotzingo Puebla lavanderia industrial textil prendas,,,,,,,,False,,,8776900,canonico_original,LAVANDERIA MARY,,,,,,,,,,,,,,,,,,,,,,,,,,,,,,,,,,,,,,,,,,,,,,,,,,,,,True,False,True,,,,,,True,canonico_foco_2026_no_mh,solo_canonico_original,canonico_y_foco_estricto,canonico original; foco estricto alternativo; filtrado 2026
8777526,21074315229002171000000000U2,MAQUILA DESHEBRADO,315229,19.211873,-98.38360262,data\raw\agebs\xalmimilulco\INEGI_DENUE_.shp,INEGI_DENUE_.shp,agebs\xalmimilulco,denue,21074315229002171000000000u2 maquila deshebrado 315229 data\raw\agebs\xalmimilulco\inegi_denue_.shp inegi_denue_.shp agebs\xalmimilulco denue,315229,deshebrado; maquila,media_relevancia_ambiental,"Priorizacion preliminar por produccion, confeccion, maquila, acabado o lavado textil; se excluye comercio de prendas y no implica evidencia de contaminacion directa.",845.840416729103,False,False,False,True,500-1000 m,Santa Ana Xalmimilulco,Huejotzingo,21074315229002171000000000u2 maquila deshebrado 315229 data\raw\agebs\xalmimilulco\inegi_denue_.shp inegi_denue_.shp agebs\xalmimilulco denue,315229,maquila deshebrado 21074315229002171000000000u2 maquila deshebrado 315229 data raw agebs xalmimilulco inegi denue shp inegi denue shp agebs xalmimilulco denue 315229 deshebrado maquila,fabricacion_mezclilla,confeccion_maquila,maquila_productiva,media,media,SCIAN 315229 | mezclilla_jeans: deshebrado | maquila: maquila,deshebrado; maquila,scian_prefijo_315; texto_maquila; texto_mezclilla_jeans,False,True,False,False,False,False,True,False,False,False,True,mezclilla/jeans sin evidencia directa de proceso humedo,alta,media,contexto productivo textil,validar_documentalmente,dentro_alcance_proyecto,,True,senal de mezclilla/jeans,False,True,contexto productivo textil,False,True,False,False,False,True,False,False,True,True,False,False,False,False,False,MAQUILA DESHEBRADO Santa Ana Xalmimilulco Huejotzingo Puebla Google Maps,MAQUILA DESHEBRADO Santa Ana Xalmimilulco Huejotzingo Puebla mezclilla jeans maquila textil,,,,,,,,False,,,8777526,canonico_original,MAQUILA DESHEBRADO,,,,,,,,,,,,,,,,,,,,,,,,,,,,,,,,,,,,,,,,,,,,,,,,,,,,,True,False,True,,,,,,True,canonico_foco_2026_no_mh,solo_canonico_original,canonico_y_foco_estricto,canonico original; foco estricto alternativo; filtrado 2026
8949535,21074315229001601000000000U9,TALLER DE MAQUILA DE MEZCLILLA SIN NOMBRE,315229,19.21556529,-98.38554393,data\raw\agebs\xalmimilulco\INEGI_DENUE_.shp,INEGI_DENUE_.shp,agebs\xalmimilulco,denue,21074315229001601000000000u9 taller de maquila de mezclilla sin nombre 315229 data\raw\agebs\xalmimilulco\inegi_denue_.shp inegi_denue_.shp agebs\xalmimilulco denue,315229,maquila; mezclilla,media_relevancia_ambiental,"Priorizacion preliminar por produccion, confeccion, maquila, acabado o lavado textil; se excluye comercio de prendas y no implica evidencia de contaminacion directa.",255.08579908068725,False,False,True,True,250-500 m,Santa Ana Xalmimilulco,Huejotzingo,21074315229001601000000000u9 taller de maquila de mezclilla sin nombre 315229 data\raw\agebs\xalmimilulco\inegi_denue_.shp inegi_denue_.shp agebs\xalmimilulco denue,315229,taller de maquila de mezclilla sin nombre 21074315229001601000000000u9 taller de maquila de mezclilla sin nombre 315229 data raw agebs xalmimilulco inegi denue shp inegi denue shp agebs xalmimilulco denue 315229 maquila mezclilla,fabricacion_mezclilla,confeccion_maquila,maquila_productiva,media,media,SCIAN 315229 | mezclilla_jeans: mezclilla | maquila: maquila,maquila; mezclilla,scian_prefijo_315; texto_maquila; texto_mezclilla_jeans,False,True,False,False,False,False,True,False,False,False,True,mezclilla/jeans sin evidencia directa de proceso humedo,alta,media,contexto productivo textil,validar_documentalmente,dentro_alcance_proyecto,,True,senal de mezclilla/jeans,False,True,contexto productivo textil,False,True,False,False,False,True,False,False,True,True,False,False,False,False,False,TALLER DE MAQUILA DE MEZCLILLA SIN NOMBRE Santa Ana Xalmimilulco Huejotzingo Puebla Google Maps,TALLER DE MAQUILA DE MEZCLILLA SIN NOMBRE Santa Ana Xalmimilulco Huejotzingo Puebla mezclilla jeans maquila textil,,,,,,,,False,,,8949535,canonico_original,TALLER DE MAQUILA DE MEZCLILLA SIN NOMBRE,,,,,,,,,,,,,,,,,,,,,,,,,,,,,,,,,,,,,,,,,,,,,,,,,,,,,True,False,True,,,,,,True,canonico_foco_2026_no_mh,solo_canonico_original,canonico_y_foco_estricto,canonico original; foco estricto alternativo; filtrado 2026
9725562,21074315229002411000000000U2,TALLER DE MAQUILA DE PANTALON DE MEZCLILLA,315229,19.20750066,-98.38108514,data\raw\agebs\xalmimilulco\INEGI_DENUE_.shp,INEGI_DENUE_.shp,agebs\xalmimilulco,denue,21074315229002411000000000u2 taller de maquila de pantalon de mezclilla 315229 data\raw\agebs\xalmimilulco\inegi_denue_.shp inegi_denue_.shp agebs\xalmimilulco denue,315229,maquila; mezclilla; pantalon,media_relevancia_ambiental,"Priorizacion preliminar por produccion, confeccion, maquila, acabado o lavado textil; se excluye comercio de prendas y no implica evidencia de contaminacion directa.",759.6493906509276,False,False,False,True,500-1000 m,Santa Ana Xalmimilulco,Huejotzingo,21074315229002411000000000u2 taller de maquila de pantalon de mezclilla 315229 data\raw\agebs\xalmimilulco\inegi_denue_.shp inegi_denue_.shp agebs\xalmimilulco denue,315229,taller de maquila de pantalon de mezclilla 21074315229002411000000000u2 taller de maquila de pantalon de mezclilla 315229 data raw agebs xalmimilulco inegi denue shp inegi denue shp agebs xalmimilulco denue 315229 maquila mezclilla pantalon,fabricacion_mezclilla,confeccion_maquila,maquila_productiva,media,media,SCIAN 315229 | mezclilla_jeans: mezclilla | maquila: maquila | confeccion: pantalon,maquila; mezclilla,scian_prefijo_315; texto_confeccion; texto_maquila; texto_mezclilla_jeans,False,True,False,False,False,False,True,False,False,False,True,mezclilla/jeans sin evidencia directa de proceso humedo,alta,media,contexto productivo textil,validar_documentalmente,dentro_alcance_proyecto,,True,senal de mezclilla/jeans,False,True,contexto productivo textil,False,True,False,False,False,True,False,False,True,True,False,False,False,False,False,TALLER DE MAQUILA DE PANTALON DE MEZCLILLA Santa Ana Xalmimilulco Huejotzingo Puebla Google Maps,TALLER DE MAQUILA DE PANTALON DE MEZCLILLA Santa Ana Xalmimilulco Huejotzingo Puebla mezclilla jeans maquila textil,,,,,,,,False,,,9725562,canonico_original,TALLER DE MAQUILA DE PANTALON DE MEZCLILLA,,,,,,,,,,,,,,,,,,,,,,,,,,,,,,,,,,,,,,,,,,,,,,,,,,,,,True,True,True,,,,,,True,en_los_4,canonico_y_mh,canonico_y_foco_estricto,canonico original; MH filtrado; foco estricto alternativo; filtrado 2026
10122585,21074315223000971000000000U0,ALEJANDRO GARITA JUAREZ,315229,19.2090004,-98.37746816,data\raw\denue2026\Denue26 area estudio.shp,Denue26 area estudio.shp,denue2026,denue,10122585 21074315223000971000000000u0 alejandro garita juarez deshebrado de pantalon 315229 confecci�n en serie de otra ropa exterior de materiales textiles 0 a 5 personas calle los reyes calle la piedad calle calle del carmen calle juan pizaco 33 localidad santa ana xalmimilulco 74169 21 puebla 074 huejotzingo 0029 santa ana xalmimilulco 0025 049 fijo 2024-11 data\raw\denue2026\denue26 area estudio.shp denue26 area estudio.shp denue2026 denue,315229,deshebrado; pantalon; textiles,media_relevancia_ambiental,"Priorizacion preliminar por produccion, confeccion, maquila, acabado o lavado textil; se excluye comercio de prendas y no implica evidencia de contaminacion directa.",951.0985777487083,False,False,False,True,500-1000 m,Santa Ana Xalmimilulco,Huejotzingo,10122585 21074315223000971000000000u0 alejandro garita juarez deshebrado de pantalon 315229 confecci�n en serie de otra ropa exterior de materiales textiles 0 a 5 personas calle los reyes calle la piedad calle calle del carmen calle juan pizaco 33 localidad santa ana xalmimilulco 74169 21 puebla 074 huejotzingo 0029 santa ana xalmimilulco 0025 049 fijo 2024-11 data\raw\denue2026\denue26 area estudio.shp denue26 area estudio.shp denue2026 denue,315229,alejandro garita juarez 10122585 21074315223000971000000000u0 alejandro garita juarez deshebrado de pantalon 315229 confecci n en serie de otra ropa exterior de materiales textiles 0 a 5 personas calle los reyes calle la piedad calle calle del carmen calle juan pizaco 33 localidad santa ana xalmimilulco 74169 21 puebla 074 huejotzingo 0029 santa ana xalmimilulco 0025 049 fijo 2024 11 data raw denue2026 denue26 area estudio shp denue26 area estudio shp denue2026 denue 315229 deshebrado pantalon textiles,fabricacion_mezclilla,confeccion_maquila,generica,media,media,"SCIAN 315229 | mezclilla_jeans: deshebrado | confeccion: ropa, pantalon",deshebrado,scian_prefijo_315; texto_confeccion; texto_mezclilla_jeans,False,True,False,False,False,False,False,False,False,False,True,mezclilla/jeans sin evidencia directa de proceso humedo,media,media,contexto productivo textil,validar_documentalmente,dentro_alcance_proyecto,,True,senal de mezclilla/jeans,False,False,"sin senales suficientes de proceso humedo, tratamiento, mezclilla prioritaria o maquila relevante",False,True,False,False,False,False,False,False,True,True,False,False,False,False,False,ALEJANDRO GARITA JUAREZ Santa Ana Xalmimilulco Huejotzingo Puebla Google Maps,ALEJANDRO GARITA JUAREZ Santa Ana Xalmimilulco Huejotzingo Puebla mezclilla jeans maquila textil,,,,,,,,,,,10122585,foco_estricto_alternativo,ALEJANDRO GARITA JUAREZ,DESHEBRADO DE PANTALON,Confecci�n en serie de otra ropa exterior de materiales textiles,0 a 5 personas,CALLE,LOS REYES,CALLE,LA PIEDAD,CALLE,CALLE DEL CARMEN,CALLE,JUAN PIZACO,33,,,,,,LOCALIDAD,SANTA ANA XALMIMILULCO,,,,74169,21,Puebla,074,0029,0025,049,,,,Fijo,2024-11,False,False,False,False,False,False,False,True,False,False,True,False,True,inc_mezclilla_etapa,,incluir,Inclusion: inc_mezclilla_etapa,mezclilla_jeans_deshebrado,False,False,False,inc_mezclilla_etapa,Alternativa analitica trazable; no sustituye al universo canonico original ni constituye evidencia de descarga o contaminacion.,,,,True,solo_foco_estricto,fuera_de_ambos,solo_foco_estricto,foco estricto alternativo
10382850,21074314991000261000000000U9,GILCERJEANS,314991,19.21177368,-98.38001572,data\raw\denue2026\Denue26 area estudio.shp,Denue26 area estudio.shp,denue2026,denue,"10382850 21074314991000261000000000u9 gilcerjeans 314991 confecci�n, bordado y deshilado de productos textiles 0 a 5 personas calle magnolia privada magnolia calle industria calle zaragoza sn colonia centro 74169 21 puebla 074 huejotzingo 0029 santa ana xalmimilulco 0190 014 2271004885 gilcerjaes@gmail.com fijo 2024-11 data\raw\denue2026\denue26 area estudio.shp denue26 area estudio.shp denue2026 denue",314991,bordado; jeans; textiles,media_relevancia_ambiental,"Priorizacion preliminar por produccion, confeccion, maquila, acabado o lavado textil; se excluye comercio de prendas y no implica evidencia de contaminacion directa.",908.5202105557923,False,False,False,True,500-1000 m,Santa Ana Xalmimilulco,Huejotzingo,"10382850 21074314991000261000000000u9 gilcerjeans 314991 confecci�n, bordado y deshilado de productos textiles 0 a 5 personas calle magnolia privada magnolia calle industria calle zaragoza sn colonia centro 74169 21 puebla 074 huejotzingo 0029 santa ana xalmimilulco 0190 014 2271004885 gilcerjaes@gmail.com fijo 2024-11 data\raw\denue2026\denue26 area estudio.shp denue26 area estudio.shp denue2026 denue",314991,gilcerjeans 10382850 21074314991000261000000000u9 gilcerjeans 314991 confecci n bordado y deshilado de productos textiles 0 a 5 personas calle magnolia privada magnolia calle industria calle zaragoza sn colonia centro 74169 21 puebla 074 huejotzingo 0029 santa ana xalmimilulco 0190 014 2271004885 gilcerjaes gmail com fijo 2024 11 data raw denue2026 denue26 area estudio shp denue26 area estudio shp denue2026 denue 314991 bordado jeans textiles,fabricacion_mezclilla,fabricacion_textil,,media,media,SCIAN 314991 | mezclilla_jeans: jeans | industrial: industria | bordado_estampado: bordado,industria; jeans,scian_prefijo_314; texto_bordado_estampado; texto_industrial; texto_mezclilla_jeans,False,True,False,False,False,True,False,False,False,False,True,mezclilla/jeans sin evidencia directa de proceso humedo,alta,media,contexto productivo textil,validar_documentalmente,dentro_alcance_proyecto,,True,senal de mezclilla/jeans,False,True,contexto productivo textil,False,True,False,False,False,False,False,False,True,True,False,True,False,False,False,GILCERJEANS Santa Ana Xalmimilulco Huejotzingo Puebla Google Maps,GILCERJEANS Santa Ana Xalmimilulco Huejotzingo Puebla mezclilla jeans maquila textil,,,,,,,,,,,10382850,foco_estricto_alternativo,GILCERJEANS,,"Confecci�n, bordado y deshilado de productos textiles",0 a 5 personas,CALLE,MAGNOLIA,PRIVADA,MAGNOLIA,CALLE,INDUSTRIA,CALLE,ZARAGOZA,,SN,,,,,COLONIA,CENTRO,,,,74169,21,Puebla,074,0029,0190,014,2271004885,GILCERJAES@GMAIL.COM,,Fijo,2024-11,False,False,False,False,False,False,False,True,False,False,True,False,True,inc_mezclilla_etapa,,incluir,Inclusion: inc_mezclilla_etapa,mezclilla_jeans_deshebrado,False,False,True,inc_mezclilla_etapa,Alternativa analitica trazable; no sustituye al universo canonico original ni constituye evidencia de descarga o contaminacion.,,,,True,foco_2026_no_canonico_no_mh,fuera_de_ambos,solo_foco_estricto,foco estricto alternativo; filtrado 2026
10483301,21074315229002461000000000U7,DESHEBRADO DE PANTALON SIN NOMBRE,315229,19.20732028,-98.38949208999999,data\raw\denue2026\Denue26 area estudio.shp,Denue26 area estudio.shp,denue2026,denue,10483301 21074315229002461000000000u7 deshebrado de pantalon sin nombre 315229 confecci�n en serie de otra ropa exterior de materiales textiles 0 a 5 personas privada cielito lindo privada ninguno privada guadalupe privada guadalupe 20 colonia santa ana xalmimilulco 74169 21 puebla 074 huejotzingo 0029 santa ana xalmimilulco 0025 033 fijo 2024-11 data\raw\denue2026\denue26 area estudio.shp denue26 area estudio.shp denue2026 denue,315229,deshebrado; pantalon; textiles,media_relevancia_ambiental,"Priorizacion preliminar por produccion, confeccion, maquila, acabado o lavado textil; se excluye comercio de prendas y no implica evidencia de contaminacion directa.",659.0949003426106,False,False,False,True,500-1000 m,Santa Ana Xalmimilulco,Huejotzingo,10483301 21074315229002461000000000u7 deshebrado de pantalon sin nombre 315229 confecci�n en serie de otra ropa exterior de materiales textiles 0 a 5 personas privada cielito lindo privada ninguno privada guadalupe privada guadalupe 20 colonia santa ana xalmimilulco 74169 21 puebla 074 huejotzingo 0029 santa ana xalmimilulco 0025 033 fijo 2024-11 data\raw\denue2026\denue26 area estudio.shp denue26 area estudio.shp denue2026 denue,315229,deshebrado de pantalon sin nombre 10483301 21074315229002461000000000u7 deshebrado de pantalon sin nombre 315229 confecci n en serie de otra ropa exterior de materiales textiles 0 a 5 personas privada cielito lindo privada ninguno privada guadalupe privada guadalupe 20 colonia santa ana xalmimilulco 74169 21 puebla 074 huejotzingo 0029 santa ana xalmimilulco 0025 033 fijo 2024 11 data raw denue2026 denue26 area estudio shp denue26 area estudio shp denue2026 denue 315229 deshebrado pantalon textiles,fabricacion_mezclilla,confeccion_maquila,generica,media,media,"SCIAN 315229 | mezclilla_jeans: deshebrado | confeccion: ropa, pantalon",deshebrado,scian_prefijo_315; texto_confeccion; texto_mezclilla_jeans,False,True,False,False,False,False,False,False,False,False,True,mezclilla/jeans sin evidencia directa de proceso humedo,media,media,contexto productivo textil,validar_documentalmente,dentro_alcance_proyecto,,True,senal de mezclilla/jeans,False,False,"sin senales suficientes de proceso humedo, tratamiento, mezclilla prioritaria o maquila relevante",False,True,False,False,False,False,False,False,True,True,False,False,False,False,False,DESHEBRADO DE PANTALON SIN NOMBRE Santa Ana Xalmimilulco Huejotzingo Puebla Google Maps,DESHEBRADO DE PANTALON SIN NOMBRE Santa Ana Xalmimilulco Huejotzingo Puebla mezclilla jeans maquila textil,,,,,,,,,,,10483301,foco_estricto_alternativo,DESHEBRADO DE PANTALON SIN NOMBRE,,Confecci�n en serie de otra ropa exterior de materiales textiles,0 a 5 personas,PRIVADA,CIELITO LINDO,PRIVADA,NINGUNO,PRIVADA,GUADALUPE,PRIVADA,GUADALUPE,20,,,,,,COLONIA,SANTA ANA XALMIMILULCO,,,,74169,21,Puebla,074,0029,0025,033,,,,Fijo,2024-11,False,False,False,False,False,False,True,True,False,False,True,False,True,inc_mezclilla_nombre; inc_mezclilla_etapa,,incluir,Inclusion: inc_mezclilla_nombre; inc_mezclilla_etapa,mezclilla_jeans_deshebrado,False,False,False,inc_mezclilla_nombre; inc_mezclilla_etapa,Alternativa analitica trazable; no sustituye al universo canonico original ni constituye evidencia de descarga o contaminacion.,,,,True,solo_foco_estricto,fuera_de_ambos,solo_foco_estricto,foco estricto alternativo
10830903,21074315229002621000000000U6,DESHEBRADO DE PANTALON,315229,19.21134481,-98.38562170000002,data\raw\denue2026\Denue26 area estudio.shp,Denue26 area estudio.shp,denue2026,denue,10830903 21074315229002621000000000u6 deshebrado de pantalon 315229 confecci�n en serie de otra ropa exterior de materiales textiles 0 a 5 personas privada domingo arenas calle aquiles serdan sur calle nogales calle aquiles serdan sur 45 localidad santa ana xalmimilulco 74169 21 puebla 074 huejotzingo 0029 santa ana xalmimilulco 0025 030 fijo 2024-11 data\raw\denue2026\denue26 area estudio.shp denue26 area estudio.shp denue2026 denue,315229,deshebrado; pantalon; textiles,media_relevancia_ambiental,"Priorizacion preliminar por produccion, confeccion, maquila, acabado o lavado textil; se excluye comercio de prendas y no implica evidencia de contaminacion directa.",555.0441172195096,False,False,False,True,500-1000 m,Santa Ana Xalmimilulco,Huejotzingo,10830903 21074315229002621000000000u6 deshebrado de pantalon 315229 confecci�n en serie de otra ropa exterior de materiales textiles 0 a 5 personas privada domingo arenas calle aquiles serdan sur calle nogales calle aquiles serdan sur 45 localidad santa ana xalmimilulco 74169 21 puebla 074 huejotzingo 0029 santa ana xalmimilulco 0025 030 fijo 2024-11 data\raw\denue2026\denue26 area estudio.shp denue26 area estudio.shp denue2026 denue,315229,deshebrado de pantalon 10830903 21074315229002621000000000u6 deshebrado de pantalon 315229 confecci n en serie de otra ropa exterior de materiales textiles 0 a 5 personas privada domingo arenas calle aquiles serdan sur calle nogales calle aquiles serdan sur 45 localidad santa ana xalmimilulco 74169 21 puebla 074 huejotzingo 0029 santa ana xalmimilulco 0025 030 fijo 2024 11 data raw denue2026 denue26 area estudio shp denue26 area estudio shp denue2026 denue 315229 deshebrado pantalon textiles,fabricacion_mezclilla,confeccion_maquila,generica,media,media,"SCIAN 315229 | mezclilla_jeans: deshebrado | confeccion: ropa, pantalon",deshebrado,scian_prefijo_315; texto_confeccion; texto_mezclilla_jeans,False,True,False,False,False,False,False,False,False,False,True,mezclilla/jeans sin evidencia directa de proceso humedo,media,media,contexto productivo textil,validar_documentalmente,dentro_alcance_proyecto,,True,senal de mezclilla/jeans,False,False,"sin senales suficientes de proceso humedo, tratamiento, mezclilla prioritaria o maquila relevante",False,True,False,False,False,False,False,False,True,True,False,False,False,False,False,DESHEBRADO DE PANTALON Santa Ana Xalmimilulco Huejotzingo Puebla Google Maps,DESHEBRADO DE PANTALON Santa Ana Xalmimilulco Huejotzingo Puebla mezclilla jeans maquila textil,,,,,,,,,,,10830903,foco_estricto_alternativo,DESHEBRADO DE PANTALON,,Confecci�n en serie de otra ropa exterior de materiales textiles,0 a 5 personas,PRIVADA,DOMINGO ARENAS,CALLE,AQUILES SERDAN SUR,CALLE,NOGALES,CALLE,AQUILES SERDAN SUR,45,,,,,,LOCALIDAD,SANTA ANA XALMIMILULCO,,,,74169,21,Puebla,074,0029,0025,030,,,,Fijo,2024-11,False,False,False,False,False,False,True,True,False,False,True,False,True,inc_mezclilla_nombre; inc_mezclilla_etapa,,incluir,Inclusion: inc_mezclilla_nombre; inc_mezclilla_etapa,mezclilla_jeans_deshebrado,False,False,False,inc_mezclilla_nombre; inc_mezclilla_etapa,Alternativa analitica trazable; no sustituye al universo canonico original ni constituye evidencia de descarga o contaminacion.,,,,True,solo_foco_estricto,fuera_de_ambos,solo_foco_estricto,foco estricto alternativo
10947392,21074315229002491000000000U4,DESHEBRADORA,315229,19.21487181,-98.38317009,data\raw\denue2026\Denue26 area estudio.shp,Denue26 area estudio.shp,denue2026,denue,10947392 21074315229002491000000000u4 deshebradora 315229 confecci�n en serie de otra ropa exterior de materiales textiles 0 a 5 personas boulevard rio xochiac privada rio xochiac callejon san martin callejon san martin 7 pueblo santa ana xalmiminulco 74169 21 puebla 074 huejotzingo 0029 santa ana xalmimilulco 0190 011 fijo 2024-11 data\raw\denue2026\denue26 area estudio.shp denue26 area estudio.shp denue2026 denue,315229,deshebrado; textiles,media_relevancia_ambiental,"Priorizacion preliminar por produccion, confeccion, maquila, acabado o lavado textil; se excluye comercio de prendas y no implica evidencia de contaminacion directa.",432.70353757959543,False,False,True,True,250-500 m,Santa Ana Xalmimilulco,Huejotzingo,10947392 21074315229002491000000000u4 deshebradora 315229 confecci�n en serie de otra ropa exterior de materiales textiles 0 a 5 personas boulevard rio xochiac privada rio xochiac callejon san martin callejon san martin 7 pueblo santa ana xalmiminulco 74169 21 puebla 074 huejotzingo 0029 santa ana xalmimilulco 0190 011 fijo 2024-11 data\raw\denue2026\denue26 area estudio.shp denue26 area estudio.shp denue2026 denue,315229,deshebradora 10947392 21074315229002491000000000u4 deshebradora 315229 confecci n en serie de otra ropa exterior de materiales textiles 0 a 5 personas boulevard rio xochiac privada rio xochiac callejon san martin callejon san martin 7 pueblo santa ana xalmiminulco 74169 21 puebla 074 huejotzingo 0029 santa ana xalmimilulco 0190 011 fijo 2024 11 data raw denue2026 denue26 area estudio shp denue26 area estudio shp denue2026 denue 315229 deshebrado textiles,fabricacion_mezclilla,confeccion_maquila,generica,media,media,SCIAN 315229 | mezclilla_jeans: deshebrado | confeccion: ropa,deshebrado,scian_prefijo_315; texto_confeccion; texto_mezclilla_jeans,False,True,False,False,False,False,False,False,False,False,True,mezclilla/jeans sin evidencia directa de proceso humedo,media,media,contexto productivo textil,validar_documentalmente,dentro_alcance_proyecto,,True,senal de mezclilla/jeans,False,False,"sin senales suficientes de proceso humedo, tratamiento, mezclilla prioritaria o maquila relevante",False,True,False,False,False,False,False,False,True,True,False,False,False,False,False,DESHEBRADORA Santa Ana Xalmimilulco Huejotzingo Puebla Google Maps,DESHEBRADORA Santa Ana Xalmimilulco Huejotzingo Puebla mezclilla jeans maquila textil,,,,,,,,,,,10947392,foco_estricto_alternativo,DESHEBRADORA,,Confecci�n en serie de otra ropa exterior de materiales textiles,0 a 5 personas,BOULEVARD,RIO XOCHIAC,PRIVADA,RIO XOCHIAC,CALLEJON,SAN MARTIN,CALLEJON,SAN MARTIN,7,,,,,,PUEBLO,SANTA ANA XALMIMINULCO,,,,74169,21,Puebla,074,0029,0190,011,,,,Fijo,2024-11,False,False,False,False,False,False,True,True,False,False,True,False,True,inc_mezclilla_nombre; inc_mezclilla_etapa,,incluir,Inclusion: inc_mezclilla_nombre; inc_mezclilla_etapa,mezclilla_jeans_deshebrado,False,False,False,inc_mezclilla_nombre; inc_mezclilla_etapa,Alternativa analitica trazable; no sustituye al universo canonico original ni constituye evidencia de descarga o contaminacion.,,,,True,solo_foco_estricto,fuera_de_ambos,solo_foco_estricto,foco estricto alternativo
10965648,21074315223000881000000000U1,DESHEBRADO,315229,19.21811505,-98.37231129,data\raw\denue2026\Denue26 area estudio.shp,Denue26 area estudio.shp,denue2026,denue,10965648 21074315223000881000000000u1 deshebrado 315229 confecci�n en serie de otra ropa exterior de materiales textiles 0 a 5 personas calle teyuca privada ninguno privada ninguno calle sauce sn colonia guadalupe 74169 21 puebla 074 huejotzingo 0029 santa ana xalmimilulco 0203 033 fijo 2024-11 data\raw\denue2026\denue26 area estudio.shp denue26 area estudio.shp denue2026 denue,315229,deshebrado; textiles,media_relevancia_ambiental,"Priorizacion preliminar por produccion, confeccion, maquila, acabado o lavado textil; se excluye comercio de prendas y no implica evidencia de contaminacion directa.",1000.8084644812687,False,False,False,False,>1000 m,Santa Ana Xalmimilulco,Huejotzingo,10965648 21074315223000881000000000u1 deshebrado 315229 confecci�n en serie de otra ropa exterior de materiales textiles 0 a 5 personas calle teyuca privada ninguno privada ninguno calle sauce sn colonia guadalupe 74169 21 puebla 074 huejotzingo 0029 santa ana xalmimilulco 0203 033 fijo 2024-11 data\raw\denue2026\denue26 area estudio.shp denue26 area estudio.shp denue2026 denue,315229,deshebrado 10965648 21074315223000881000000000u1 deshebrado 315229 confecci n en serie de otra ropa exterior de materiales textiles 0 a 5 personas calle teyuca privada ninguno privada ninguno calle sauce sn colonia guadalupe 74169 21 puebla 074 huejotzingo 0029 santa ana xalmimilulco 0203 033 fijo 2024 11 data raw denue2026 denue26 area estudio shp denue26 area estudio shp denue2026 denue 315229 deshebrado textiles,fabricacion_mezclilla,confeccion_maquila,generica,media,media,SCIAN 315229 | mezclilla_jeans: deshebrado | confeccion: ropa,deshebrado,scian_prefijo_315; texto_confeccion; texto_mezclilla_jeans,False,True,False,False,False,False,False,False,False,False,True,mezclilla/jeans sin evidencia directa de proceso humedo,media,media,contexto productivo textil,validar_documentalmente,dentro_alcance_proyecto,,True,senal de mezclilla/jeans,False,False,"sin senales suficientes de proceso humedo, tratamiento, mezclilla prioritaria o maquila relevante",False,True,False,False,False,False,False,False,True,True,False,False,False,False,False,DESHEBRADO Santa Ana Xalmimilulco Huejotzingo Puebla Google Maps,DESHEBRADO Santa Ana Xalmimilulco Huejotzingo Puebla mezclilla jeans maquila textil,,,,,,,,,,,10965648,foco_estricto_alternativo,DESHEBRADO,,Confecci�n en serie de otra ropa exterior de materiales textiles,0 a 5 personas,CALLE,TEYUCA,PRIVADA,NINGUNO,PRIVADA,NINGUNO,CALLE,SAUCE,,SN,,,,,COLONIA,GUADALUPE,,,,74169,21,Puebla,074,0029,0203,033,,,,Fijo,2024-11,False,False,False,False,False,False,True,True,False,False,True,False,True,inc_mezclilla_nombre; inc_mezclilla_etapa,,incluir,Inclusion: inc_mezclilla_nombre; inc_mezclilla_etapa,mezclilla_jeans_deshebrado,False,False,False,inc_mezclilla_nombre; inc_mezclilla_etapa,Alternativa analitica trazable; no sustituye al universo canonico original ni constituye evidencia de descarga o contaminacion.,,,,True,solo_foco_estricto,fuera_de_ambos,solo_foco_estricto,foco estricto alternativo
10966285,21074315223001301000000000U9,DESHEBRADO DE PANTALON,315229,19.20761424,-98.37519692,data\raw\denue2026\Denue26 area estudio.shp,Denue26 area estudio.shp,denue2026,denue,10966285 21074315223001301000000000u9 deshebrado de pantalon 315229 confecci�n en serie de otra ropa exterior de materiales textiles 0 a 5 personas calle gloria calle ninguno calle ixtacuixtla norte calle real de puebla 21 localidad santa ana xalmimilulco 74169 21 puebla 074 huejotzingo 0029 santa ana xalmimilulco 0025 032 fijo 2024-11 data\raw\denue2026\denue26 area estudio.shp denue26 area estudio.shp denue2026 denue,315229,deshebrado; pantalon; textiles,media_relevancia_ambiental,"Priorizacion preliminar por produccion, confeccion, maquila, acabado o lavado textil; se excluye comercio de prendas y no implica evidencia de contaminacion directa.",700.9818642063954,False,False,False,True,500-1000 m,Santa Ana Xalmimilulco,Huejotzingo,10966285 21074315223001301000000000u9 deshebrado de pantalon 315229 confecci�n en serie de otra ropa exterior de materiales textiles 0 a 5 personas calle gloria calle ninguno calle ixtacuixtla norte calle real de puebla 21 localidad santa ana xalmimilulco 74169 21 puebla 074 huejotzingo 0029 santa ana xalmimilulco 0025 032 fijo 2024-11 data\raw\denue2026\denue26 area estudio.shp denue26 area estudio.shp denue2026 denue,315229,deshebrado de pantalon 10966285 21074315223001301000000000u9 deshebrado de pantalon 315229 confecci n en serie de otra ropa exterior de materiales textiles 0 a 5 personas calle gloria calle ninguno calle ixtacuixtla norte calle real de puebla 21 localidad santa ana xalmimilulco 74169 21 puebla 074 huejotzingo 0029 santa ana xalmimilulco 0025 032 fijo 2024 11 data raw denue2026 denue26 area estudio shp denue26 area estudio shp denue2026 denue 315229 deshebrado pantalon textiles,fabricacion_mezclilla,confeccion_maquila,generica,media,media,"SCIAN 315229 | mezclilla_jeans: deshebrado | confeccion: ropa, pantalon",deshebrado,scian_prefijo_315; texto_confeccion; texto_mezclilla_jeans,False,True,False,False,False,False,False,False,False,False,True,mezclilla/jeans sin evidencia directa de proceso humedo,media,media,contexto productivo textil,validar_documentalmente,dentro_alcance_proyecto,,True,senal de mezclilla/jeans,False,False,"sin senales suficientes de proceso humedo, tratamiento, mezclilla prioritaria o maquila relevante",False,True,False,False,False,False,False,False,True,True,False,False,False,False,False,DESHEBRADO DE PANTALON Santa Ana Xalmimilulco Huejotzingo Puebla Google Maps,DESHEBRADO DE PANTALON Santa Ana Xalmimilulco Huejotzingo Puebla mezclilla jeans maquila textil,,,,,,,,,,,10966285,foco_estricto_alternativo,DESHEBRADO DE PANTALON,,Confecci�n en serie de otra ropa exterior de materiales textiles,0 a 5 personas,CALLE,GLORIA,CALLE,NINGUNO,CALLE,IXTACUIXTLA NORTE,CALLE,REAL DE PUEBLA,21,,,,,,LOCALIDAD,SANTA ANA XALMIMILULCO,,,,74169,21,Puebla,074,0029,0025,032,,,,Fijo,2024-11,False,False,False,False,False,False,True,True,False,False,True,False,True,inc_mezclilla_nombre; inc_mezclilla_etapa,,incluir,Inclusion: inc_mezclilla_nombre; inc_mezclilla_etapa,mezclilla_jeans_deshebrado,False,False,False,inc_mezclilla_nombre; inc_mezclilla_etapa,Alternativa analitica trazable; no sustituye al universo canonico original ni constituye evidencia de descarga o contaminacion.,,,,True,solo_foco_estricto,fuera_de_ambos,solo_foco_estricto,foco estricto alternativo
11031066,21074315223000271000000000U5,DESHEBRADO,315229,19.2132786,-98.36913525,data\raw\denue2026\Denue26 area estudio.shp,Denue26 area estudio.shp,denue2026,denue,11031066 21074315223000271000000000u5 deshebrado 315229 confecci�n en serie de otra ropa exterior de materiales textiles 0 a 5 personas calle ninguno calle teyuca calle sauce calle juan de la barrera sn localidad santa ana xalmimilulco 74169 21 puebla 074 huejotzingo 0029 santa ana xalmimilulco 0203 035 2212673866 fijo 2024-11 data\raw\denue2026\denue26 area estudio.shp denue26 area estudio.shp denue2026 denue,315229,deshebrado; textiles,media_relevancia_ambiental,"Priorizacion preliminar por produccion, confeccion, maquila, acabado o lavado textil; se excluye comercio de prendas y no implica evidencia de contaminacion directa.",958.2855974347483,False,False,False,True,500-1000 m,Santa Ana Xalmimilulco,Huejotzingo,11031066 21074315223000271000000000u5 deshebrado 315229 confecci�n en serie de otra ropa exterior de materiales textiles 0 a 5 personas calle ninguno calle teyuca calle sauce calle juan de la barrera sn localidad santa ana xalmimilulco 74169 21 puebla 074 huejotzingo 0029 santa ana xalmimilulco 0203 035 2212673866 fijo 2024-11 data\raw\denue2026\denue26 area estudio.shp denue26 area estudio.shp denue2026 denue,315229,deshebrado 11031066 21074315223000271000000000u5 deshebrado 315229 confecci n en serie de otra ropa exterior de materiales textiles 0 a 5 personas calle ninguno calle teyuca calle sauce calle juan de la barrera sn localidad santa ana xalmimilulco 74169 21 puebla 074 huejotzingo 0029 santa ana xalmimilulco 0203 035 2212673866 fijo 2024 11 data raw denue2026 denue26 area estudio shp denue26 area estudio shp denue2026 denue 315229 deshebrado textiles,fabricacion_mezclilla,confeccion_maquila,generica,media,media,SCIAN 315229 | mezclilla_jeans: deshebrado | confeccion: ropa,deshebrado,scian_prefijo_315; texto_confeccion; texto_mezclilla_jeans,False,True,False,False,False,False,False,False,False,False,True,mezclilla/jeans sin evidencia directa de proceso humedo,media,media,contexto productivo textil,validar_documentalmente,dentro_alcance_proyecto,,True,senal de mezclilla/jeans,False,False,"sin senales suficientes de proceso humedo, tratamiento, mezclilla prioritaria o maquila relevante",False,True,False,False,False,False,False,False,True,True,False,False,False,False,False,DESHEBRADO Santa Ana Xalmimilulco Huejotzingo Puebla Google Maps,DESHEBRADO Santa Ana Xalmimilulco Huejotzingo Puebla mezclilla jeans maquila textil,,,,,,,,,,,11031066,foco_estricto_alternativo,DESHEBRADO,,Confecci�n en serie de otra ropa exterior de materiales textiles,0 a 5 personas,CALLE,NINGUNO,CALLE,TEYUCA,CALLE,SAUCE,CALLE,JUAN DE LA BARRERA,,SN,,,,,LOCALIDAD,SANTA ANA XALMIMILULCO,,,,74169,21,Puebla,074,0029,0203,035,2212673866,,,Fijo,2024-11,False,False,False,False,False,False,True,True,False,False,True,False,True,inc_mezclilla_nombre; inc_mezclilla_etapa,,incluir,Inclusion: inc_mezclilla_nombre; inc_mezclilla_etapa,mezclilla_jeans_deshebrado,False,False,False,inc_mezclilla_nombre; inc_mezclilla_etapa,Alternativa analitica trazable; no sustituye al universo canonico original ni constituye evidencia de descarga o contaminacion.,,,,True,solo_foco_estricto,fuera_de_ambos,solo_foco_estricto,foco estricto alternativo
11173772,21074315229002821000000000U2,TALLER DE PANTALLA DE MEZCLILLA,315229,19.21173695,-98.38154658,data\raw\denue2026\Denue26 area estudio.shp,Denue26 area estudio.shp,denue2026,denue,11173772 21074315229002821000000000u2 taller de pantalla de mezclilla 315229 confecci�n en serie de otra ropa exterior de materiales textiles 0 a 5 personas calle donato guerra calle industria calle providencia calle magnolia sn colonia centro 74169 21 puebla 074 huejotzingo 0029 santa ana xalmimilulco 0190 002 2272230899 fijo 2024-11 data\raw\denue2026\denue26 area estudio.shp denue26 area estudio.shp denue2026 denue,315229,mezclilla; textiles,media_relevancia_ambiental,"Priorizacion preliminar por produccion, confeccion, maquila, acabado o lavado textil; se excluye comercio de prendas y no implica evidencia de contaminacion directa.",806.2422564973679,False,False,False,True,500-1000 m,Santa Ana Xalmimilulco,Huejotzingo,11173772 21074315229002821000000000u2 taller de pantalla de mezclilla 315229 confecci�n en serie de otra ropa exterior de materiales textiles 0 a 5 personas calle donato guerra calle industria calle providencia calle magnolia sn colonia centro 74169 21 puebla 074 huejotzingo 0029 santa ana xalmimilulco 0190 002 2272230899 fijo 2024-11 data\raw\denue2026\denue26 area estudio.shp denue26 area estudio.shp denue2026 denue,315229,taller de pantalla de mezclilla 11173772 21074315229002821000000000u2 taller de pantalla de mezclilla 315229 confecci n en serie de otra ropa exterior de materiales textiles 0 a 5 personas calle donato guerra calle industria calle providencia calle magnolia sn colonia centro 74169 21 puebla 074 huejotzingo 0029 santa ana xalmimilulco 0190 002 2272230899 fijo 2024 11 data raw denue2026 denue26 area estudio shp denue26 area estudio shp denue2026 denue 315229 mezclilla textiles,fabricacion_mezclilla,confeccion_maquila,generica,media,media,SCIAN 315229 | mezclilla_jeans: mezclilla | industrial: industria | confeccion: ropa,industria; mezclilla,scian_prefijo_315; texto_confeccion; texto_industrial; texto_mezclilla_jeans,False,True,False,False,False,True,False,False,False,False,True,mezclilla/jeans sin evidencia directa de proceso humedo,alta,media,contexto productivo textil,validar_documentalmente,dentro_alcance_proyecto,,True,senal de mezclilla/jeans,False,True,contexto productivo textil,False,True,False,False,False,False,False,False,True,True,False,True,False,False,False,TALLER DE PANTALLA DE MEZCLILLA Santa Ana Xalmimilulco Huejotzingo Puebla Google Maps,TALLER DE PANTALLA DE MEZCLILLA Santa Ana Xalmimilulco Huejotzingo Puebla mezclilla jeans maquila textil,,,,,,,,,,,11173772,foco_estricto_alternativo,TALLER DE PANTALLA DE MEZCLILLA,,Confecci�n en serie de otra ropa exterior de materiales textiles,0 a 5 personas,CALLE,DONATO GUERRA,CALLE,INDUSTRIA,CALLE,PROVIDENCIA,CALLE,MAGNOLIA,,SN,,,,,COLONIA,CENTRO,,,,74169,21,Puebla,074,0029,0190,002,2272230899,,,Fijo,2024-11,False,False,False,False,False,False,True,True,False,False,True,False,True,inc_mezclilla_nombre; inc_mezclilla_etapa,,incluir,Inclusion: inc_mezclilla_nombre; inc_mezclilla_etapa,mezclilla_jeans_deshebrado,False,True,True,inc_mezclilla_nombre; inc_mezclilla_etapa,Alternativa analitica trazable; no sustituye al universo canonico original ni constituye evidencia de descarga o contaminacion.,,,,True,mh_foco_2026_no_canonico,solo_mh_filtrado,solo_foco_estricto,MH filtrado; foco estricto alternativo; filtrado 2026
11197761,21074315223000481000000000U0,DESHEBRADO DE PANTALON SIN NOMBRE,315229,19.2046455,-98.38502971000001,data\raw\denue2026\Denue26 area estudio.shp,Denue26 area estudio.shp,denue2026,denue,11197761 21074315223000481000000000u0 deshebrado de pantalon sin nombre 315229 confecci�n en serie de otra ropa exterior de materiales textiles 0 a 5 personas calle rafael espinosa flores calle aquiles serdan sur calle porfirio diaz calle juquila 151 localidad santa ana xalmimilulco 74169 21 puebla 074 huejotzingo 0029 santa ana xalmimilulco 0167 004 2212925278 fijo 2024-11 data\raw\denue2026\denue26 area estudio.shp denue26 area estudio.shp denue2026 denue,315229,deshebrado; pantalon; textiles,media_relevancia_ambiental,"Priorizacion preliminar por produccion, confeccion, maquila, acabado o lavado textil; se excluye comercio de prendas y no implica evidencia de contaminacion directa.",940.1776551450173,False,False,False,True,500-1000 m,Santa Ana Xalmimilulco,Huejotzingo,11197761 21074315223000481000000000u0 deshebrado de pantalon sin nombre 315229 confecci�n en serie de otra ropa exterior de materiales textiles 0 a 5 personas calle rafael espinosa flores calle aquiles serdan sur calle porfirio diaz calle juquila 151 localidad santa ana xalmimilulco 74169 21 puebla 074 huejotzingo 0029 santa ana xalmimilulco 0167 004 2212925278 fijo 2024-11 data\raw\denue2026\denue26 area estudio.shp denue26 area estudio.shp denue2026 denue,315229,deshebrado de pantalon sin nombre 11197761 21074315223000481000000000u0 deshebrado de pantalon sin nombre 315229 confecci n en serie de otra ropa exterior de materiales textiles 0 a 5 personas calle rafael espinosa flores calle aquiles serdan sur calle porfirio diaz calle juquila 151 localidad santa ana xalmimilulco 74169 21 puebla 074 huejotzingo 0029 santa ana xalmimilulco 0167 004 2212925278 fijo 2024 11 data raw denue2026 denue26 area estudio shp denue26 area estudio shp denue2026 denue 315229 deshebrado pantalon textiles,fabricacion_mezclilla,confeccion_maquila,generica,media,media,"SCIAN 315229 | mezclilla_jeans: deshebrado | confeccion: ropa, pantalon",deshebrado,scian_prefijo_315; texto_confeccion; texto_mezclilla_jeans,False,True,False,False,False,False,False,False,False,False,True,mezclilla/jeans sin evidencia directa de proceso humedo,media,media,contexto productivo textil,validar_documentalmente,dentro_alcance_proyecto,,True,senal de mezclilla/jeans,False,False,"sin senales suficientes de proceso humedo, tratamiento, mezclilla prioritaria o maquila relevante",False,True,False,False,False,False,False,False,True,True,False,False,False,False,False,DESHEBRADO DE PANTALON SIN NOMBRE Santa Ana Xalmimilulco Huejotzingo Puebla Google Maps,DESHEBRADO DE PANTALON SIN NOMBRE Santa Ana Xalmimilulco Huejotzingo Puebla mezclilla jeans maquila textil,,,,,,,,,,,11197761,foco_estricto_alternativo,DESHEBRADO DE PANTALON SIN NOMBRE,,Confecci�n en serie de otra ropa exterior de materiales textiles,0 a 5 personas,CALLE,RAFAEL ESPINOSA FLORES,CALLE,AQUILES SERDAN SUR,CALLE,PORFIRIO DIAZ,CALLE,JUQUILA,151,,,,,,LOCALIDAD,SANTA ANA XALMIMILULCO,,,,74169,21,Puebla,074,0029,0167,004,2212925278,,,Fijo,2024-11,False,False,False,False,False,False,True,True,False,False,True,False,True,inc_mezclilla_nombre; inc_mezclilla_etapa,,incluir,Inclusion: inc_mezclilla_nombre; inc_mezclilla_etapa,mezclilla_jeans_deshebrado,False,False,False,inc_mezclilla_nombre; inc_mezclilla_etapa,Alternativa analitica trazable; no sustituye al universo canonico original ni constituye evidencia de descarga o contaminacion.,,,,True,solo_foco_estricto,fuera_de_ambos,solo_foco_estricto,foco estricto alternativo
11304210,21074315223000561000000000U9,DESHEBRADO,315229,19.20863774,-98.37699364999999,data\raw\denue2026\Denue26 area estudio.shp,Denue26 area estudio.shp,denue2026,denue,11304210 21074315223000561000000000u9 deshebrado 315229 confecci�n en serie de otra ropa exterior de materiales textiles 0 a 5 personas privada privada de la gloria calle los reyes calle gloria calle ninguno 1 localidad santa ana xalmimilulco 74169 21 puebla 074 huejotzingo 0029 santa ana xalmimilulco 0025 052 fijo 2024-11 data\raw\denue2026\denue26 area estudio.shp denue26 area estudio.shp denue2026 denue,315229,deshebrado; textiles,media_relevancia_ambiental,"Priorizacion preliminar por produccion, confeccion, maquila, acabado o lavado textil; se excluye comercio de prendas y no implica evidencia de contaminacion directa.",890.909682750679,False,False,False,True,500-1000 m,Santa Ana Xalmimilulco,Huejotzingo,11304210 21074315223000561000000000u9 deshebrado 315229 confecci�n en serie de otra ropa exterior de materiales textiles 0 a 5 personas privada privada de la gloria calle los reyes calle gloria calle ninguno 1 localidad santa ana xalmimilulco 74169 21 puebla 074 huejotzingo 0029 santa ana xalmimilulco 0025 052 fijo 2024-11 data\raw\denue2026\denue26 area estudio.shp denue26 area estudio.shp denue2026 denue,315229,deshebrado 11304210 21074315223000561000000000u9 deshebrado 315229 confecci n en serie de otra ropa exterior de materiales textiles 0 a 5 personas privada privada de la gloria calle los reyes calle gloria calle ninguno 1 localidad santa ana xalmimilulco 74169 21 puebla 074 huejotzingo 0029 santa ana xalmimilulco 0025 052 fijo 2024 11 data raw denue2026 denue26 area estudio shp denue26 area estudio shp denue2026 denue 315229 deshebrado textiles,fabricacion_mezclilla,confeccion_maquila,generica,media,media,SCIAN 315229 | mezclilla_jeans: deshebrado | confeccion: ropa,deshebrado,scian_prefijo_315; texto_confeccion; texto_mezclilla_jeans,False,True,False,False,False,False,False,False,False,False,True,mezclilla/jeans sin evidencia directa de proceso humedo,media,media,contexto productivo textil,validar_documentalmente,dentro_alcance_proyecto,,True,senal de mezclilla/jeans,False,False,"sin senales suficientes de proceso humedo, tratamiento, mezclilla prioritaria o maquila relevante",False,True,False,False,False,False,False,False,True,True,False,False,False,False,False,DESHEBRADO Santa Ana Xalmimilulco Huejotzingo Puebla Google Maps,DESHEBRADO Santa Ana Xalmimilulco Huejotzingo Puebla mezclilla jeans maquila textil,,,,,,,,,,,11304210,foco_estricto_alternativo,DESHEBRADO,,Confecci�n en serie de otra ropa exterior de materiales textiles,0 a 5 personas,PRIVADA,PRIVADA DE LA GLORIA,CALLE,LOS REYES,CALLE,GLORIA,CALLE,NINGUNO,1,,,,,,LOCALIDAD,SANTA ANA XALMIMILULCO,,,,74169,21,Puebla,074,0029,0025,052,,,,Fijo,2024-11,False,False,False,False,False,False,True,True,False,False,True,False,True,inc_mezclilla_nombre; inc_mezclilla_etapa,,incluir,Inclusion: inc_mezclilla_nombre; inc_mezclilla_etapa,mezclilla_jeans_deshebrado,False,False,False,inc_mezclilla_nombre; inc_mezclilla_etapa,Alternativa analitica trazable; no sustituye al universo canonico original ni constituye evidencia de descarga o contaminacion.,,,,True,solo_foco_estricto,fuera_de_ambos,solo_foco_estricto,foco estricto alternativo
11530961,21074315223000342000000000U4,DESHEBRADO,315229,19.2133537,-98.37415935,data\raw\denue2026\Denue26 area estudio.shp,Denue26 area estudio.shp,denue2026,denue,11530961 21074315223000342000000000u4 deshebrado 315229 confecci�n en serie de otra ropa exterior de materiales textiles 6 a 10 personas privada ninguno calle melchor ocampo calle san rafael calle melchor ocampo 35 localidad cuarta seccion 74169 21 puebla 074 huejotzingo 0029 santa ana xalmimilulco 0203 026 2481000897 fijo 2024-11 data\raw\denue2026\denue26 area estudio.shp denue26 area estudio.shp denue2026 denue,315229,deshebrado; textiles,media_relevancia_ambiental,"Priorizacion preliminar por produccion, confeccion, maquila, acabado o lavado textil; se excluye comercio de prendas y no implica evidencia de contaminacion directa.",1219.1282125365117,False,False,False,False,>1000 m,Santa Ana Xalmimilulco,Huejotzingo,11530961 21074315223000342000000000u4 deshebrado 315229 confecci�n en serie de otra ropa exterior de materiales textiles 6 a 10 personas privada ninguno calle melchor ocampo calle san rafael calle melchor ocampo 35 localidad cuarta seccion 74169 21 puebla 074 huejotzingo 0029 santa ana xalmimilulco 0203 026 2481000897 fijo 2024-11 data\raw\denue2026\denue26 area estudio.shp denue26 area estudio.shp denue2026 denue,315229,deshebrado 11530961 21074315223000342000000000u4 deshebrado 315229 confecci n en serie de otra ropa exterior de materiales textiles 6 a 10 personas privada ninguno calle melchor ocampo calle san rafael calle melchor ocampo 35 localidad cuarta seccion 74169 21 puebla 074 huejotzingo 0029 santa ana xalmimilulco 0203 026 2481000897 fijo 2024 11 data raw denue2026 denue26 area estudio shp denue26 area estudio shp denue2026 denue 315229 deshebrado textiles,fabricacion_mezclilla,confeccion_maquila,generica,media,media,SCIAN 315229 | mezclilla_jeans: deshebrado | confeccion: ropa,deshebrado,scian_prefijo_315; texto_confeccion; texto_mezclilla_jeans,False,True,False,False,False,False,False,False,False,False,True,mezclilla/jeans sin evidencia directa de proceso humedo,media,media,contexto productivo textil,validar_documentalmente,dentro_alcance_proyecto,,True,senal de mezclilla/jeans,False,False,"sin senales suficientes de proceso humedo, tratamiento, mezclilla prioritaria o maquila relevante",False,True,False,False,False,False,False,False,True,True,False,False,False,False,False,DESHEBRADO Santa Ana Xalmimilulco Huejotzingo Puebla Google Maps,DESHEBRADO Santa Ana Xalmimilulco Huejotzingo Puebla mezclilla jeans maquila textil,,,,,,,,,,,11530961,foco_estricto_alternativo,DESHEBRADO,,Confecci�n en serie de otra ropa exterior de materiales textiles,6 a 10 personas,PRIVADA,NINGUNO,CALLE,MELCHOR OCAMPO,CALLE,SAN RAFAEL,CALLE,MELCHOR OCAMPO,35,,,,,,LOCALIDAD,CUARTA SECCION,,,,74169,21,Puebla,074,0029,0203,026,2481000897,,,Fijo,2024-11,False,False,False,False,False,False,True,True,False,False,True,False,True,inc_mezclilla_nombre; inc_mezclilla_etapa,,incluir,Inclusion: inc_mezclilla_nombre; inc_mezclilla_etapa,mezclilla_jeans_deshebrado,False,False,False,inc_mezclilla_nombre; inc_mezclilla_etapa,Alternativa analitica trazable; no sustituye al universo canonico original ni constituye evidencia de descarga o contaminacion.,,,,True,solo_foco_estricto,fuera_de_ambos,solo_foco_estricto,foco estricto alternativo
11539121,21074315223000781000000000U3,DESHEBRA PANTALONES,315229,19.21983429,-98.38307405999998,data\raw\denue2026\Denue26 area estudio.shp,Denue26 area estudio.shp,denue2026,denue,11539121 21074315223000781000000000u3 deshebra pantalones 315229 confecci�n en serie de otra ropa exterior de materiales textiles 0 a 5 personas privada division del norte calle division del norte calle 10 de septiembre privada ninguno sn colonia santa cruz 74169 21 puebla 074 huejotzingo 0029 santa ana xalmimilulco 0203 059 2271121709 fijo 2024-11 data\raw\denue2026\denue26 area estudio.shp denue26 area estudio.shp denue2026 denue,315229,pantalon; textiles,media_relevancia_ambiental,"Priorizacion preliminar por produccion, confeccion, maquila, acabado o lavado textil; se excluye comercio de prendas y no implica evidencia de contaminacion directa.",79.85478406103324,True,True,True,True,0-100 m,Santa Ana Xalmimilulco,Huejotzingo,11539121 21074315223000781000000000u3 deshebra pantalones 315229 confecci�n en serie de otra ropa exterior de materiales textiles 0 a 5 personas privada division del norte calle division del norte calle 10 de septiembre privada ninguno sn colonia santa cruz 74169 21 puebla 074 huejotzingo 0029 santa ana xalmimilulco 0203 059 2271121709 fijo 2024-11 data\raw\denue2026\denue26 area estudio.shp denue26 area estudio.shp denue2026 denue,315229,deshebra pantalones 11539121 21074315223000781000000000u3 deshebra pantalones 315229 confecci n en serie de otra ropa exterior de materiales textiles 0 a 5 personas privada division del norte calle division del norte calle 10 de septiembre privada ninguno sn colonia santa cruz 74169 21 puebla 074 huejotzingo 0029 santa ana xalmimilulco 0203 059 2271121709 fijo 2024 11 data raw denue2026 denue26 area estudio shp denue26 area estudio shp denue2026 denue 315229 pantalon textiles,confeccion_maquila,,generica,media,media,"SCIAN 315229 | confeccion: ropa, pantalon",,scian_prefijo_315; texto_confeccion,False,False,False,False,False,False,False,False,False,False,True,cercania a hidrografia requiere cautela documental; maquila o confeccion productiva sin senal humeda,alta,media,actividad productiva o ambigua cerca de hidrografia,incluir_contexto_productivo,fuera_alcance_contexto_textil,,False,textil fuera del alcance operativo definido para este proyecto,True,False,"sin senales suficientes de proceso humedo, tratamiento, mezclilla prioritaria o maquila relevante",False,False,False,False,False,True,False,False,True,True,True,False,False,False,False,DESHEBRA PANTALONES Santa Ana Xalmimilulco Huejotzingo Puebla Google Maps,DESHEBRA PANTALONES Santa Ana Xalmimilulco Huejotzingo Puebla textil maquila confeccion lavanderia tintoreria,,,,,,,,,,,11539121,foco_estricto_alternativo,DESHEBRA PANTALONES,,Confecci�n en serie de otra ropa exterior de materiales textiles,0 a 5 personas,PRIVADA,DIVISION DEL NORTE,CALLE,DIVISION DEL NORTE,CALLE,10 DE SEPTIEMBRE,PRIVADA,NINGUNO,,SN,,,,,COLONIA,SANTA CRUZ,,,,74169,21,Puebla,074,0029,0203,059,2271121709,,,Fijo,2024-11,False,False,False,False,False,False,True,False,False,False,True,False,True,inc_mezclilla_nombre,,incluir,Inclusion: inc_mezclilla_nombre,mezclilla_jeans_deshebrado,False,False,False,inc_mezclilla_nombre,Alternativa analitica trazable; no sustituye al universo canonico original ni constituye evidencia de descarga o contaminacion.,,,,True,solo_foco_estricto,fuera_de_ambos,solo_foco_estricto,foco estricto alternativo
11573367,21074315223000071000000000U9,TALLER DE DESHEBRADO DE PANTALON SIN NOMBRE,315229,19.20820945,-98.38672240999999,data\raw\denue2026\Denue26 area estudio.shp,Denue26 area estudio.shp,denue2026,denue,11573367 21074315223000071000000000u9 taller de deshebrado de pantalon sin nombre 315229 confecci�n en serie de otra ropa exterior de materiales textiles 0 a 5 personas prolongacion rafael serrano calle aquiles serdan sur calle san miguel calle san antonio 3 colonia san antonio 74169 21 puebla 074 huejotzingo 0029 santa ana xalmimilulco 0025 029 2481987725 fijo 2024-11 data\raw\denue2026\denue26 area estudio.shp denue26 area estudio.shp denue2026 denue,315229,deshebrado; pantalon; textiles,media_relevancia_ambiental,"Priorizacion preliminar por produccion, confeccion, maquila, acabado o lavado textil; se excluye comercio de prendas y no implica evidencia de contaminacion directa.",761.1139018984642,False,False,False,True,500-1000 m,Santa Ana Xalmimilulco,Huejotzingo,11573367 21074315223000071000000000u9 taller de deshebrado de pantalon sin nombre 315229 confecci�n en serie de otra ropa exterior de materiales textiles 0 a 5 personas prolongacion rafael serrano calle aquiles serdan sur calle san miguel calle san antonio 3 colonia san antonio 74169 21 puebla 074 huejotzingo 0029 santa ana xalmimilulco 0025 029 2481987725 fijo 2024-11 data\raw\denue2026\denue26 area estudio.shp denue26 area estudio.shp denue2026 denue,315229,taller de deshebrado de pantalon sin nombre 11573367 21074315223000071000000000u9 taller de deshebrado de pantalon sin nombre 315229 confecci n en serie de otra ropa exterior de materiales textiles 0 a 5 personas prolongacion rafael serrano calle aquiles serdan sur calle san miguel calle san antonio 3 colonia san antonio 74169 21 puebla 074 huejotzingo 0029 santa ana xalmimilulco 0025 029 2481987725 fijo 2024 11 data raw denue2026 denue26 area estudio shp denue26 area estudio shp denue2026 denue 315229 deshebrado pantalon textiles,fabricacion_mezclilla,confeccion_maquila,generica,media,media,"SCIAN 315229 | mezclilla_jeans: deshebrado | confeccion: ropa, pantalon",deshebrado,scian_prefijo_315; texto_confeccion; texto_mezclilla_jeans,False,True,False,False,False,False,False,False,False,False,True,mezclilla/jeans sin evidencia directa de proceso humedo,media,media,contexto productivo textil,validar_documentalmente,dentro_alcance_proyecto,,True,senal de mezclilla/jeans,False,False,"sin senales suficientes de proceso humedo, tratamiento, mezclilla prioritaria o maquila relevante",False,True,False,False,False,False,False,False,True,True,False,False,False,False,False,TALLER DE DESHEBRADO DE PANTALON SIN NOMBRE Santa Ana Xalmimilulco Huejotzingo Puebla Google Maps,TALLER DE DESHEBRADO DE PANTALON SIN NOMBRE Santa Ana Xalmimilulco Huejotzingo Puebla mezclilla jeans maquila textil,,,,,,,,,,,11573367,foco_estricto_alternativo,TALLER DE DESHEBRADO DE PANTALON SIN NOMBRE,,Confecci�n en serie de otra ropa exterior de materiales textiles,0 a 5 personas,PROLONGACION,RAFAEL SERRANO,CALLE,AQUILES SERDAN SUR,CALLE,SAN MIGUEL,CALLE,SAN ANTONIO,3,,,,,,COLONIA,SAN ANTONIO,,,,74169,21,Puebla,074,0029,0025,029,2481987725,,,Fijo,2024-11,False,False,False,False,False,False,True,True,False,False,True,False,True,inc_mezclilla_nombre; inc_mezclilla_etapa,,incluir,Inclusion: inc_mezclilla_nombre; inc_mezclilla_etapa,mezclilla_jeans_deshebrado,False,False,False,inc_mezclilla_nombre; inc_mezclilla_etapa,Alternativa analitica trazable; no sustituye al universo canonico original ni constituye evidencia de descarga o contaminacion.,,,,True,solo_foco_estricto,fuera_de_ambos,solo_foco_estricto,foco estricto alternativo
3326083,21074315229001261000000000U2,MAQUILA DE PANTALON DE MESCLILLA,315229,19.2142724,-98.37712002,data\raw\denue2026\Denue26 area estudio.shp,Denue26 area estudio.shp,denue2026,denue,3326083 21074315229001261000000000u2 maquila de pantalon de mesclilla 315229 confecci�n en serie de otra ropa exterior de materiales textiles 0 a 5 personas calle rio xochiac privada ninguno calle real de la posta calle melchor ocampo 1 localidad santa ana xalmimilulco 74169 21 puebla 074 huejotzingo 0029 santa ana xalmimilulco 0203 007 fijo 2014-12 data\raw\denue2026\denue26 area estudio.shp denue26 area estudio.shp denue2026 denue,315229,maquila; pantalon; textiles,media_relevancia_ambiental,"Priorizacion preliminar por produccion, confeccion, maquila, acabado o lavado textil; se excluye comercio de prendas y no implica evidencia de contaminacion directa.",944.2028461262155,False,False,False,True,500-1000 m,Santa Ana Xalmimilulco,Huejotzingo,3326083 21074315229001261000000000u2 maquila de pantalon de mesclilla 315229 confecci�n en serie de otra ropa exterior de materiales textiles 0 a 5 personas calle rio xochiac privada ninguno calle real de la posta calle melchor ocampo 1 localidad santa ana xalmimilulco 74169 21 puebla 074 huejotzingo 0029 santa ana xalmimilulco 0203 007 fijo 2014-12 data\raw\denue2026\denue26 area estudio.shp denue26 area estudio.shp denue2026 denue,315229,maquila de pantalon de mesclilla 3326083 21074315229001261000000000u2 maquila de pantalon de mesclilla 315229 confecci n en serie de otra ropa exterior de materiales textiles 0 a 5 personas calle rio xochiac privada ninguno calle real de la posta calle melchor ocampo 1 localidad santa ana xalmimilulco 74169 21 puebla 074 huejotzingo 0029 santa ana xalmimilulco 0203 007 fijo 2014 12 data raw denue2026 denue26 area estudio shp denue26 area estudio shp denue2026 denue 315229 maquila pantalon textiles,confeccion_maquila,,maquila_productiva,media,media,"SCIAN 315229 | maquila: maquila | confeccion: ropa, pantalon",maquila,scian_prefijo_315; texto_confeccion; texto_maquila,False,False,False,False,False,False,True,False,False,False,False,,baja,media,contexto productivo textil,incluir_contexto_productivo,fuera_alcance_contexto_textil,,False,textil fuera del alcance operativo definido para este proyecto,True,False,"sin senales suficientes de proceso humedo, tratamiento, mezclilla prioritaria o maquila relevante",False,False,False,False,False,True,False,False,False,True,False,False,False,False,False,MAQUILA DE PANTALON DE MESCLILLA Santa Ana Xalmimilulco Huejotzingo Puebla Google Maps,MAQUILA DE PANTALON DE MESCLILLA Santa Ana Xalmimilulco Huejotzingo Puebla textil maquila confeccion lavanderia tintoreria,,,,,,,,,,,3326083,foco_estricto_alternativo,MAQUILA DE PANTALON DE MESCLILLA,,Confecci�n en serie de otra ropa exterior de materiales textiles,0 a 5 personas,CALLE,RIO XOCHIAC,PRIVADA,NINGUNO,CALLE,REAL DE LA POSTA,CALLE,MELCHOR OCAMPO,1,,,,,,LOCALIDAD,SANTA ANA XALMIMILULCO,,,,74169,21,Puebla,074,0029,0203,007,,,,Fijo,2014-12,False,False,False,False,False,False,True,False,False,False,True,False,True,inc_mezclilla_nombre,,incluir,Inclusion: inc_mezclilla_nombre,mezclilla_jeans_deshebrado,False,False,False,inc_mezclilla_nombre,Alternativa analitica trazable; no sustituye al universo canonico original ni constituye evidencia de descarga o contaminacion.,,,,True,solo_foco_estricto,fuera_de_ambos,solo_foco_estricto,foco estricto alternativo
3326133,21074315229001451000000000U9,DESEBRADO DE BLUSA SIN NOMBRE,315229,19.2125903,-98.38502297,data\raw\denue2026\Denue26 area estudio.shp,Denue26 area estudio.shp,denue2026,denue,3326133 21074315229001451000000000u9 desebrado de blusa sin nombre 315229 confecci�n en serie de otra ropa exterior de materiales textiles 0 a 5 personas privada domingo arenas calle el rebozo calle adolfo lopez mateos calle violetas poniente 52 localidad santa ana xalmimilulco 74169 21 puebla 074 huejotzingo 0029 santa ana xalmimilulco 0190 021 2271093445 fijo 2014-12 data\raw\denue2026\denue26 area estudio.shp denue26 area estudio.shp denue2026 denue,315229,textiles,revisar,"Priorizacion preliminar por produccion, confeccion, maquila, acabado o lavado textil; se excluye comercio de prendas y no implica evidencia de contaminacion directa.",486.9181072006298,False,False,True,True,250-500 m,Santa Ana Xalmimilulco,Huejotzingo,3326133 21074315229001451000000000u9 desebrado de blusa sin nombre 315229 confecci�n en serie de otra ropa exterior de materiales textiles 0 a 5 personas privada domingo arenas calle el rebozo calle adolfo lopez mateos calle violetas poniente 52 localidad santa ana xalmimilulco 74169 21 puebla 074 huejotzingo 0029 santa ana xalmimilulco 0190 021 2271093445 fijo 2014-12 data\raw\denue2026\denue26 area estudio.shp denue26 area estudio.shp denue2026 denue,315229,desebrado de blusa sin nombre 3326133 21074315229001451000000000u9 desebrado de blusa sin nombre 315229 confecci n en serie de otra ropa exterior de materiales textiles 0 a 5 personas privada domingo arenas calle el rebozo calle adolfo lopez mateos calle violetas poniente 52 localidad santa ana xalmimilulco 74169 21 puebla 074 huejotzingo 0029 santa ana xalmimilulco 0190 021 2271093445 fijo 2014 12 data raw denue2026 denue26 area estudio shp denue26 area estudio shp denue2026 denue 315229 textiles,confeccion_maquila,,generica,media,media,SCIAN 315229 | confeccion: ropa,,scian_prefijo_315; texto_confeccion,False,False,False,False,False,False,False,False,False,False,False,,baja,media,contexto productivo textil,incluir_contexto_productivo,fuera_alcance_contexto_textil,,False,textil fuera del alcance operativo definido para este proyecto,True,False,"sin senales suficientes de proceso humedo, tratamiento, mezclilla prioritaria o maquila relevante",False,False,False,False,False,True,False,False,False,True,False,False,False,False,False,DESEBRADO DE BLUSA SIN NOMBRE Santa Ana Xalmimilulco Huejotzingo Puebla Google Maps,DESEBRADO DE BLUSA SIN NOMBRE Santa Ana Xalmimilulco Huejotzingo Puebla textil maquila confeccion lavanderia tintoreria,,,,,,,,,,,3326133,foco_estricto_alternativo,DESEBRADO DE BLUSA SIN NOMBRE,,Confecci�n en serie de otra ropa exterior de materiales textiles,0 a 5 personas,PRIVADA,DOMINGO ARENAS,CALLE,EL REBOZO,CALLE,ADOLFO LOPEZ MATEOS,CALLE,VIOLETAS PONIENTE,52,,,,,,LOCALIDAD,SANTA ANA XALMIMILULCO,,,,74169,21,Puebla,074,0029,0190,021,2271093445,,,Fijo,2014-12,False,False,False,False,False,False,True,False,False,False,True,False,True,inc_mezclilla_nombre,,incluir,Inclusion: inc_mezclilla_nombre,mezclilla_jeans_deshebrado,False,True,False,inc_mezclilla_nombre,Alternativa analitica trazable; no sustituye al universo canonico original ni constituye evidencia de descarga o contaminacion.,,,,True,mh_foco_no_canonico_no_2026,solo_mh_filtrado,solo_foco_estricto,MH filtrado; foco estricto alternativo
3427200,21074315229000551000000000U7,PRETINA Y PRESILLA DE PANTALON DE MEZCLILLA SIN NOMBRE,315229,19.20630768,-98.37806532,data\raw\denue2026\Denue26 area estudio.shp,Denue26 area estudio.shp,denue2026,denue,3427200 21074315229000551000000000u7 pretina y presilla de pantalon de mezclilla sin nombre 315229 confecci�n en serie de otra ropa exterior de materiales textiles 0 a 5 personas privada ninguno calle narciso mendoza otro(especifique) cultivo privada ninguno 6 localidad santa ana xalmimilulco 74169 21 puebla 074 huejotzingo 0029 santa ana xalmimilulco 0025 068 fijo 2010-07 data\raw\denue2026\denue26 area estudio.shp denue26 area estudio.shp denue2026 denue,315229,mezclilla; pantalon; textiles,media_relevancia_ambiental,"Priorizacion preliminar por produccion, confeccion, maquila, acabado o lavado textil; se excluye comercio de prendas y no implica evidencia de contaminacion directa.",735.8170163569271,False,False,False,True,500-1000 m,Santa Ana Xalmimilulco,Huejotzingo,3427200 21074315229000551000000000u7 pretina y presilla de pantalon de mezclilla sin nombre 315229 confecci�n en serie de otra ropa exterior de materiales textiles 0 a 5 personas privada ninguno calle narciso mendoza otro(especifique) cultivo privada ninguno 6 localidad santa ana xalmimilulco 74169 21 puebla 074 huejotzingo 0029 santa ana xalmimilulco 0025 068 fijo 2010-07 data\raw\denue2026\denue26 area estudio.shp denue26 area estudio.shp denue2026 denue,315229,pretina y presilla de pantalon de mezclilla sin nombre 3427200 21074315229000551000000000u7 pretina y presilla de pantalon de mezclilla sin nombre 315229 confecci n en serie de otra ropa exterior de materiales textiles 0 a 5 personas privada ninguno calle narciso mendoza otro especifique cultivo privada ninguno 6 localidad santa ana xalmimilulco 74169 21 puebla 074 huejotzingo 0029 santa ana xalmimilulco 0025 068 fijo 2010 07 data raw denue2026 denue26 area estudio shp denue26 area estudio shp denue2026 denue 315229 mezclilla pantalon textiles,fabricacion_mezclilla,confeccion_maquila,generica,media,media,"SCIAN 315229 | mezclilla_jeans: mezclilla | confeccion: ropa, pantalon",mezclilla,scian_prefijo_315; texto_confeccion; texto_mezclilla_jeans,False,True,False,False,False,False,False,False,False,False,True,mezclilla/jeans sin evidencia directa de proceso humedo,media,media,contexto productivo textil,validar_documentalmente,dentro_alcance_proyecto,,True,senal de mezclilla/jeans,False,False,"sin senales suficientes de proceso humedo, tratamiento, mezclilla prioritaria o maquila relevante",False,True,False,False,False,False,False,False,True,True,False,False,False,False,False,PRETINA Y PRESILLA DE PANTALON DE MEZCLILLA SIN NOMBRE Santa Ana Xalmimilulco Huejotzingo Puebla Google Maps,PRETINA Y PRESILLA DE PANTALON DE MEZCLILLA SIN NOMBRE Santa Ana Xalmimilulco Huejotzingo Puebla mezclilla jeans maquila textil,,,,,,,,,,,3427200,foco_estricto_alternativo,PRETINA Y PRESILLA DE PANTALON DE MEZCLILLA SIN NOMBRE,,Confecci�n en serie de otra ropa exterior de materiales textiles,0 a 5 personas,PRIVADA,NINGUNO,CALLE,NARCISO MENDOZA,OTRO(ESPECIFIQUE),CULTIVO,PRIVADA,NINGUNO,6,,,,,,LOCALIDAD,SANTA ANA XALMIMILULCO,,,,74169,21,Puebla,074,0029,0025,068,,,,Fijo,2010-07,False,False,False,False,False,False,True,True,False,False,True,False,True,inc_mezclilla_nombre; inc_mezclilla_etapa,,incluir,Inclusion: inc_mezclilla_nombre; inc_mezclilla_etapa,mezclilla_jeans_deshebrado,False,False,False,inc_mezclilla_nombre; inc_mezclilla_etapa,Alternativa analitica trazable; no sustituye al universo canonico original ni constituye evidencia de descarga o contaminacion.,,,,True,solo_foco_estricto,fuera_de_ambos,solo_foco_estricto,foco estricto alternativo
3428151,21074315229001371002000000U9,MAQUILA DE PANTALON DE MESCLILLA,315229,19.2131021,-98.38392209,data\raw\denue2026\Denue26 area estudio.shp,Denue26 area estudio.shp,denue2026,denue,3428151 21074315229001371002000000u9 maquila de pantalon de mesclilla 315229 confecci�n en serie de otra ropa exterior de materiales textiles 0 a 5 personas calle calle del prado calle san martin calle aquiles serdan norte calle violetas poniente 47 colonia santa ana xalmiminulco 74169 21 puebla 074 huejotzingo 0029 santa ana xalmimilulco 0190 010 2271530278 fijo 2010-07 data\raw\denue2026\denue26 area estudio.shp denue26 area estudio.shp denue2026 denue,315229,maquila; pantalon; textiles,media_relevancia_ambiental,"Priorizacion preliminar por produccion, confeccion, maquila, acabado o lavado textil; se excluye comercio de prendas y no implica evidencia de contaminacion directa.",524.2340826878153,False,False,False,True,500-1000 m,Santa Ana Xalmimilulco,Huejotzingo,3428151 21074315229001371002000000u9 maquila de pantalon de mesclilla 315229 confecci�n en serie de otra ropa exterior de materiales textiles 0 a 5 personas calle calle del prado calle san martin calle aquiles serdan norte calle violetas poniente 47 colonia santa ana xalmiminulco 74169 21 puebla 074 huejotzingo 0029 santa ana xalmimilulco 0190 010 2271530278 fijo 2010-07 data\raw\denue2026\denue26 area estudio.shp denue26 area estudio.shp denue2026 denue,315229,maquila de pantalon de mesclilla 3428151 21074315229001371002000000u9 maquila de pantalon de mesclilla 315229 confecci n en serie de otra ropa exterior de materiales textiles 0 a 5 personas calle calle del prado calle san martin calle aquiles serdan norte calle violetas poniente 47 colonia santa ana xalmiminulco 74169 21 puebla 074 huejotzingo 0029 santa ana xalmimilulco 0190 010 2271530278 fijo 2010 07 data raw denue2026 denue26 area estudio shp denue26 area estudio shp denue2026 denue 315229 maquila pantalon textiles,confeccion_maquila,,maquila_productiva,media,media,"SCIAN 315229 | maquila: maquila | confeccion: ropa, pantalon",maquila,scian_prefijo_315; texto_confeccion; texto_maquila,False,False,False,False,False,False,True,False,False,False,False,,baja,media,contexto productivo textil,incluir_contexto_productivo,fuera_alcance_contexto_textil,,False,textil fuera del alcance operativo definido para este proyecto,True,False,"sin senales suficientes de proceso humedo, tratamiento, mezclilla prioritaria o maquila relevante",False,False,False,False,False,True,False,False,False,True,False,False,False,False,False,MAQUILA DE PANTALON DE MESCLILLA Santa Ana Xalmimilulco Huejotzingo Puebla Google Maps,MAQUILA DE PANTALON DE MESCLILLA Santa Ana Xalmimilulco Huejotzingo Puebla textil maquila confeccion lavanderia tintoreria,,,,,,,,,,,3428151,foco_estricto_alternativo,MAQUILA DE PANTALON DE MESCLILLA,,Confecci�n en serie de otra ropa exterior de materiales textiles,0 a 5 personas,CALLE,CALLE DEL PRADO,CALLE,SAN MARTIN,CALLE,AQUILES SERDAN NORTE,CALLE,VIOLETAS PONIENTE,47,,,,,,COLONIA,SANTA ANA XALMIMINULCO,,,,74169,21,Puebla,074,0029,0190,010,2271530278,,,Fijo,2010-07,False,False,False,False,False,False,True,False,False,False,True,False,True,inc_mezclilla_nombre,,incluir,Inclusion: inc_mezclilla_nombre,mezclilla_jeans_deshebrado,False,True,False,inc_mezclilla_nombre,Alternativa analitica trazable; no sustituye al universo canonico original ni constituye evidencia de descarga o contaminacion.,,,,True,mh_foco_no_canonico_no_2026,solo_mh_filtrado,solo_foco_estricto,MH filtrado; foco estricto alternativo
3428204,21074315229000241000000000U5,MAQUILA DE PANTALON DE MESCLILLA,315229,19.21390585,-98.38287639,data\raw\denue2026\Denue26 area estudio.shp,Denue26 area estudio.shp,denue2026,denue,3428204 21074315229000241000000000u5 maquila de pantalon de mesclilla 315229 confecci�n en serie de otra ropa exterior de materiales textiles 0 a 5 personas calle calle del refugio privada ninguno callejon callejon del refugio calle providencia 22 pueblo santa ana xalmiminulco 74169 21 puebla 074 huejotzingo 0029 santa ana xalmimilulco 0190 005 fijo 2010-07 data\raw\denue2026\denue26 area estudio.shp denue26 area estudio.shp denue2026 denue,315229,maquila; pantalon; textiles,media_relevancia_ambiental,"Priorizacion preliminar por produccion, confeccion, maquila, acabado o lavado textil; se excluye comercio de prendas y no implica evidencia de contaminacion directa.",532.3815960313843,False,False,False,True,500-1000 m,Santa Ana Xalmimilulco,Huejotzingo,3428204 21074315229000241000000000u5 maquila de pantalon de mesclilla 315229 confecci�n en serie de otra ropa exterior de materiales textiles 0 a 5 personas calle calle del refugio privada ninguno callejon callejon del refugio calle providencia 22 pueblo santa ana xalmiminulco 74169 21 puebla 074 huejotzingo 0029 santa ana xalmimilulco 0190 005 fijo 2010-07 data\raw\denue2026\denue26 area estudio.shp denue26 area estudio.shp denue2026 denue,315229,maquila de pantalon de mesclilla 3428204 21074315229000241000000000u5 maquila de pantalon de mesclilla 315229 confecci n en serie de otra ropa exterior de materiales textiles 0 a 5 personas calle calle del refugio privada ninguno callejon callejon del refugio calle providencia 22 pueblo santa ana xalmiminulco 74169 21 puebla 074 huejotzingo 0029 santa ana xalmimilulco 0190 005 fijo 2010 07 data raw denue2026 denue26 area estudio shp denue26 area estudio shp denue2026 denue 315229 maquila pantalon textiles,confeccion_maquila,,maquila_productiva,media,media,"SCIAN 315229 | maquila: maquila | confeccion: ropa, pantalon",maquila,scian_prefijo_315; texto_confeccion; texto_maquila,False,False,False,False,False,False,True,False,False,False,False,,baja,media,contexto productivo textil,incluir_contexto_productivo,fuera_alcance_contexto_textil,,False,textil fuera del alcance operativo definido para este proyecto,True,False,"sin senales suficientes de proceso humedo, tratamiento, mezclilla prioritaria o maquila relevante",False,False,False,False,False,True,False,False,False,True,False,False,False,False,False,MAQUILA DE PANTALON DE MESCLILLA Santa Ana Xalmimilulco Huejotzingo Puebla Google Maps,MAQUILA DE PANTALON DE MESCLILLA Santa Ana Xalmimilulco Huejotzingo Puebla textil maquila confeccion lavanderia tintoreria,,,,,,,,,,,3428204,foco_estricto_alternativo,MAQUILA DE PANTALON DE MESCLILLA,,Confecci�n en serie de otra ropa exterior de materiales textiles,0 a 5 personas,CALLE,CALLE DEL REFUGIO,PRIVADA,NINGUNO,CALLEJON,CALLEJON DEL REFUGIO,CALLE,PROVIDENCIA,22,,,,,,PUEBLO,SANTA ANA XALMIMINULCO,,,,74169,21,Puebla,074,0029,0190,005,,,,Fijo,2010-07,False,False,False,False,False,False,True,False,False,False,True,False,True,inc_mezclilla_nombre,,incluir,Inclusion: inc_mezclilla_nombre,mezclilla_jeans_deshebrado,False,False,False,inc_mezclilla_nombre,Alternativa analitica trazable; no sustituye al universo canonico original ni constituye evidencia de descarga o contaminacion.,,,,True,solo_foco_estricto,fuera_de_ambos,solo_foco_estricto,foco estricto alternativo
3428329,21074812210000243010000000U9,POLIPROCESO,313310,19.21009567,-98.37624609,data\raw\denue2026\Denue26 area estudio.shp,Denue26 area estudio.shp,denue2026,denue,3428329 21074812210000243010000000u9 poliproceso lic daniel davila romero 313310 acabado de productos textiles 11 a 30 personas calle primero de mayo privada privada de ixtacuixtla calle juan pizaco calle ixtacuixtla norte 1 localidad santa ana xalmimilulco 74169 21 puebla 074 huejotzingo 0029 santa ana xalmimilulco 0190 038 2272769418 poliproceso@hotmail.com fijo 2010-07 data\raw\denue2026\denue26 area estudio.shp denue26 area estudio.shp denue2026 denue,313310,acabado; textiles,alta_relevancia_ambiental,"Priorizacion preliminar por produccion, confeccion, maquila, acabado o lavado textil; se excluye comercio de prendas y no implica evidencia de contaminacion directa.",994.2954381024825,False,False,False,True,500-1000 m,Santa Ana Xalmimilulco,Huejotzingo,3428329 21074812210000243010000000u9 poliproceso lic daniel davila romero 313310 acabado de productos textiles 11 a 30 personas calle primero de mayo privada privada de ixtacuixtla calle juan pizaco calle ixtacuixtla norte 1 localidad santa ana xalmimilulco 74169 21 puebla 074 huejotzingo 0029 santa ana xalmimilulco 0190 038 2272769418 poliproceso@hotmail.com fijo 2010-07 data\raw\denue2026\denue26 area estudio.shp denue26 area estudio.shp denue2026 denue,313310,poliproceso 3428329 21074812210000243010000000u9 poliproceso lic daniel davila romero 313310 acabado de productos textiles 11 a 30 personas calle primero de mayo privada privada de ixtacuixtla calle juan pizaco calle ixtacuixtla norte 1 localidad santa ana xalmimilulco 74169 21 puebla 074 huejotzingo 0029 santa ana xalmimilulco 0190 038 2272769418 poliproceso hotmail com fijo 2010 07 data raw denue2026 denue26 area estudio shp denue26 area estudio shp denue2026 denue 313310 acabado textiles,acabado_textil,fabricacion_textil,,alta,alta,SCIAN 313310 | acabado_tratamiento: acabado,acabado,scian_prefijo_313; texto_acabado_tratamiento,True,False,False,False,True,False,False,False,False,False,False,,alta,alta,proceso humedo o tratamiento; senal compatible con proceso humedo o tratamiento de prendas,incluir_prioritario,dentro_alcance_proyecto,,True,senal de proceso humedo o tratamiento,False,True,senal compatible con proceso humedo o tratamiento de prendas; proceso humedo o tratamiento,True,False,False,False,True,False,False,False,False,True,False,False,False,False,False,POLIPROCESO Santa Ana Xalmimilulco Huejotzingo Puebla Google Maps,POLIPROCESO Santa Ana Xalmimilulco Huejotzingo Puebla acabado textil tratamiento prendas,,,,,,,,,,,3428329,foco_estricto_alternativo,POLIPROCESO,LIC DANIEL DAVILA ROMERO,Acabado de productos textiles,11 a 30 personas,CALLE,PRIMERO DE MAYO,PRIVADA,PRIVADA DE IXTACUIXTLA,CALLE,JUAN PIZACO,CALLE,IXTACUIXTLA NORTE,1,,,,,,LOCALIDAD,SANTA ANA XALMIMILULCO,,,,74169,21,Puebla,074,0029,0190,038,2272769418,POLIPROCESO@HOTMAIL.COM,,Fijo,2010-07,False,False,False,True,True,True,False,False,True,True,False,True,True,inc_humedo_flags; inc_humedo_texto; inc_humedo_etapa_scian; inc_material_textil,,incluir,Inclusion: inc_humedo_flags; inc_humedo_texto; inc_humedo_etapa_scian; inc_material_textil,tratamiento_lavado_acabado_textil,False,True,True,inc_humedo_flags; inc_humedo_texto; inc_humedo_etapa_scian; inc_material_textil,Alternativa analitica trazable; no sustituye al universo canonico original ni constituye evidencia de descarga o contaminacion.,,,,True,mh_foco_2026_no_canonico,solo_mh_filtrado,solo_foco_estricto,MH filtrado; foco estricto alternativo; filtrado 2026
7742908,21074311830001391110000000U6,DESHEBRADO,315229,19.21997081,-98.37473248,data\raw\denue2026\Denue26 area estudio.shp,Denue26 area estudio.shp,denue2026,denue,7742908 21074311830001391110000000u6 deshebrado 315229 confecci�n en serie de otra ropa exterior de materiales textiles 0 a 5 personas calle real de la posta privada ninguno privada ninguno calle san angel sn localidad santa ana xalmimilulco 74169 21 puebla 074 huejotzingo 0029 santa ana xalmimilulco 0203 002 2271457140 fijo 2019-11 data\raw\denue2026\denue26 area estudio.shp denue26 area estudio.shp denue2026 denue,315229,deshebrado; textiles,media_relevancia_ambiental,"Priorizacion preliminar por produccion, confeccion, maquila, acabado o lavado textil; se excluye comercio de prendas y no implica evidencia de contaminacion directa.",679.0506605863178,False,False,False,True,500-1000 m,Santa Ana Xalmimilulco,Huejotzingo,7742908 21074311830001391110000000u6 deshebrado 315229 confecci�n en serie de otra ropa exterior de materiales textiles 0 a 5 personas calle real de la posta privada ninguno privada ninguno calle san angel sn localidad santa ana xalmimilulco 74169 21 puebla 074 huejotzingo 0029 santa ana xalmimilulco 0203 002 2271457140 fijo 2019-11 data\raw\denue2026\denue26 area estudio.shp denue26 area estudio.shp denue2026 denue,315229,deshebrado 7742908 21074311830001391110000000u6 deshebrado 315229 confecci n en serie de otra ropa exterior de materiales textiles 0 a 5 personas calle real de la posta privada ninguno privada ninguno calle san angel sn localidad santa ana xalmimilulco 74169 21 puebla 074 huejotzingo 0029 santa ana xalmimilulco 0203 002 2271457140 fijo 2019 11 data raw denue2026 denue26 area estudio shp denue26 area estudio shp denue2026 denue 315229 deshebrado textiles,fabricacion_mezclilla,confeccion_maquila,generica,media,media,SCIAN 315229 | mezclilla_jeans: deshebrado | confeccion: ropa,deshebrado,scian_prefijo_315; texto_confeccion; texto_mezclilla_jeans,False,True,False,False,False,False,False,False,False,False,True,mezclilla/jeans sin evidencia directa de proceso humedo,media,media,contexto productivo textil,validar_documentalmente,dentro_alcance_proyecto,,True,senal de mezclilla/jeans,False,False,"sin senales suficientes de proceso humedo, tratamiento, mezclilla prioritaria o maquila relevante",False,True,False,False,False,False,False,False,True,True,False,False,False,False,False,DESHEBRADO Santa Ana Xalmimilulco Huejotzingo Puebla Google Maps,DESHEBRADO Santa Ana Xalmimilulco Huejotzingo Puebla mezclilla jeans maquila textil,,,,,,,,,,,7742908,foco_estricto_alternativo,DESHEBRADO,,Confecci�n en serie de otra ropa exterior de materiales textiles,0 a 5 personas,CALLE,REAL DE LA POSTA,PRIVADA,NINGUNO,PRIVADA,NINGUNO,CALLE,SAN ANGEL,,SN,,,,,LOCALIDAD,SANTA ANA XALMIMILULCO,,,,74169,21,Puebla,074,0029,0203,002,2271457140,,,Fijo,2019-11,False,False,False,False,False,False,True,True,False,False,True,False,True,inc_mezclilla_nombre; inc_mezclilla_etapa,,incluir,Inclusion: inc_mezclilla_nombre; inc_mezclilla_etapa,mezclilla_jeans_deshebrado,False,False,False,inc_mezclilla_nombre; inc_mezclilla_etapa,Alternativa analitica trazable; no sustituye al universo canonico original ni constituye evidencia de descarga o contaminacion.,,,,True,solo_foco_estricto,fuera_de_ambos,solo_foco_estricto,foco estricto alternativo
8088969,21074315229001661000000000U3,DESHEBRADO DE PANTALON SIN NOMBRE,315229,19.20847206,-98.37541144,data\raw\denue2026\Denue26 area estudio.shp,Denue26 area estudio.shp,denue2026,denue,8088969 21074315229001661000000000u3 deshebrado de pantalon sin nombre 315229 confecci�n en serie de otra ropa exterior de materiales textiles 0 a 5 personas calle corregidora calle carril a de agua santa calle los reyes privada libertad sn localidad santa ana xalmimilulco 74169 21 puebla 074 huejotzingo 0029 santa ana xalmimilulco 0025 065 fijo 2019-11 data\raw\denue2026\denue26 area estudio.shp denue26 area estudio.shp denue2026 denue,315229,deshebrado; pantalon; textiles,media_relevancia_ambiental,"Priorizacion preliminar por produccion, confeccion, maquila, acabado o lavado textil; se excluye comercio de prendas y no implica evidencia de contaminacion directa.",794.9841375176545,False,False,False,True,500-1000 m,Santa Ana Xalmimilulco,Huejotzingo,8088969 21074315229001661000000000u3 deshebrado de pantalon sin nombre 315229 confecci�n en serie de otra ropa exterior de materiales textiles 0 a 5 personas calle corregidora calle carril a de agua santa calle los reyes privada libertad sn localidad santa ana xalmimilulco 74169 21 puebla 074 huejotzingo 0029 santa ana xalmimilulco 0025 065 fijo 2019-11 data\raw\denue2026\denue26 area estudio.shp denue26 area estudio.shp denue2026 denue,315229,deshebrado de pantalon sin nombre 8088969 21074315229001661000000000u3 deshebrado de pantalon sin nombre 315229 confecci n en serie de otra ropa exterior de materiales textiles 0 a 5 personas calle corregidora calle carril a de agua santa calle los reyes privada libertad sn localidad santa ana xalmimilulco 74169 21 puebla 074 huejotzingo 0029 santa ana xalmimilulco 0025 065 fijo 2019 11 data raw denue2026 denue26 area estudio shp denue26 area estudio shp denue2026 denue 315229 deshebrado pantalon textiles,fabricacion_mezclilla,confeccion_maquila,generica,media,media,"SCIAN 315229 | mezclilla_jeans: deshebrado | confeccion: ropa, pantalon",deshebrado,scian_prefijo_315; texto_confeccion; texto_mezclilla_jeans,False,True,False,False,False,False,False,False,False,False,True,mezclilla/jeans sin evidencia directa de proceso humedo,media,media,contexto productivo textil,validar_documentalmente,dentro_alcance_proyecto,,True,senal de mezclilla/jeans,False,False,"sin senales suficientes de proceso humedo, tratamiento, mezclilla prioritaria o maquila relevante",False,True,False,False,False,False,False,False,True,True,False,False,False,False,False,DESHEBRADO DE PANTALON SIN NOMBRE Santa Ana Xalmimilulco Huejotzingo Puebla Google Maps,DESHEBRADO DE PANTALON SIN NOMBRE Santa Ana Xalmimilulco Huejotzingo Puebla mezclilla jeans maquila textil,,,,,,,,,,,8088969,foco_estricto_alternativo,DESHEBRADO DE PANTALON SIN NOMBRE,,Confecci�n en serie de otra ropa exterior de materiales textiles,0 a 5 personas,CALLE,CORREGIDORA,CALLE,CARRIL A DE AGUA SANTA,CALLE,LOS REYES,PRIVADA,LIBERTAD,,SN,,,,,LOCALIDAD,SANTA ANA XALMIMILULCO,,,,74169,21,Puebla,074,0029,0025,065,,,,Fijo,2019-11,False,False,False,False,False,False,True,True,False,False,True,False,True,inc_mezclilla_nombre; inc_mezclilla_etapa,,incluir,Inclusion: inc_mezclilla_nombre; inc_mezclilla_etapa,mezclilla_jeans_deshebrado,False,False,False,inc_mezclilla_nombre; inc_mezclilla_etapa,Alternativa analitica trazable; no sustituye al universo canonico original ni constituye evidencia de descarga o contaminacion.,,,,True,solo_foco_estricto,fuera_de_ambos,solo_foco_estricto,foco estricto alternativo
8089385,21074315229001861000000000U9,DESHEBRADO SIN NOMBRE,315229,19.20865442,-98.38539492999999,data\raw\denue2026\Denue26 area estudio.shp,Denue26 area estudio.shp,denue2026,denue,8089385 21074315229001861000000000u9 deshebrado sin nombre 315229 confecci�n en serie de otra ropa exterior de materiales textiles 0 a 5 personas privada privada del volcan calle san antonio callejon volcancito calle aquiles serdan sur 7 colonia san antonio 74169 21 puebla 074 huejotzingo 0029 santa ana xalmimilulco 0025 046 fijo 2019-11 data\raw\denue2026\denue26 area estudio.shp denue26 area estudio.shp denue2026 denue,315229,deshebrado; textiles,media_relevancia_ambiental,"Priorizacion preliminar por produccion, confeccion, maquila, acabado o lavado textil; se excluye comercio de prendas y no implica evidencia de contaminacion directa.",805.3916068322551,False,False,False,True,500-1000 m,Santa Ana Xalmimilulco,Huejotzingo,8089385 21074315229001861000000000u9 deshebrado sin nombre 315229 confecci�n en serie de otra ropa exterior de materiales textiles 0 a 5 personas privada privada del volcan calle san antonio callejon volcancito calle aquiles serdan sur 7 colonia san antonio 74169 21 puebla 074 huejotzingo 0029 santa ana xalmimilulco 0025 046 fijo 2019-11 data\raw\denue2026\denue26 area estudio.shp denue26 area estudio.shp denue2026 denue,315229,deshebrado sin nombre 8089385 21074315229001861000000000u9 deshebrado sin nombre 315229 confecci n en serie de otra ropa exterior de materiales textiles 0 a 5 personas privada privada del volcan calle san antonio callejon volcancito calle aquiles serdan sur 7 colonia san antonio 74169 21 puebla 074 huejotzingo 0029 santa ana xalmimilulco 0025 046 fijo 2019 11 data raw denue2026 denue26 area estudio shp denue26 area estudio shp denue2026 denue 315229 deshebrado textiles,fabricacion_mezclilla,confeccion_maquila,generica,media,media,SCIAN 315229 | mezclilla_jeans: deshebrado | confeccion: ropa,deshebrado,scian_prefijo_315; texto_confeccion; texto_mezclilla_jeans,False,True,False,False,False,False,False,False,False,False,True,mezclilla/jeans sin evidencia directa de proceso humedo,media,media,contexto productivo textil,validar_documentalmente,dentro_alcance_proyecto,,True,senal de mezclilla/jeans,False,False,"sin senales suficientes de proceso humedo, tratamiento, mezclilla prioritaria o maquila relevante",False,True,False,False,False,False,False,False,True,True,False,False,False,False,False,DESHEBRADO SIN NOMBRE Santa Ana Xalmimilulco Huejotzingo Puebla Google Maps,DESHEBRADO SIN NOMBRE Santa Ana Xalmimilulco Huejotzingo Puebla mezclilla jeans maquila textil,,,,,,,,,,,8089385,foco_estricto_alternativo,DESHEBRADO SIN NOMBRE,,Confecci�n en serie de otra ropa exterior de materiales textiles,0 a 5 personas,PRIVADA,PRIVADA DEL VOLCAN,CALLE,SAN ANTONIO,CALLEJON,VOLCANCITO,CALLE,AQUILES SERDAN SUR,7,,,,,,COLONIA,SAN ANTONIO,,,,74169,21,Puebla,074,0029,0025,046,,,,Fijo,2019-11,False,False,False,False,False,False,True,True,False,False,True,False,True,inc_mezclilla_nombre; inc_mezclilla_etapa,,incluir,Inclusion: inc_mezclilla_nombre; inc_mezclilla_etapa,mezclilla_jeans_deshebrado,False,False,False,inc_mezclilla_nombre; inc_mezclilla_etapa,Alternativa analitica trazable; no sustituye al universo canonico original ni constituye evidencia de descarga o contaminacion.,,,,True,solo_foco_estricto,fuera_de_ambos,solo_foco_estricto,foco estricto alternativo
8089451,21074315229001901000000000U3,DESEBRADORA SIN NOMBRE,315229,19.20447416,-98.38030722,data\raw\denue2026\Denue26 area estudio.shp,Denue26 area estudio.shp,denue2026,denue,8089451 21074315229001901000000000u3 desebradora sin nombre 315229 confecci�n en serie de otra ropa exterior de materiales textiles 0 a 5 personas calle san isidro calle ixtacuixtla sur calle porfirio diaz calle adolfo lopez mateos 25 localidad santa ana xalmimilulco 74169 21 puebla 074 huejotzingo 0029 santa ana xalmimilulco 0167 006 fijo 2019-11 data\raw\denue2026\denue26 area estudio.shp denue26 area estudio.shp denue2026 denue,315229,textiles,revisar,"Priorizacion preliminar por produccion, confeccion, maquila, acabado o lavado textil; se excluye comercio de prendas y no implica evidencia de contaminacion directa.",685.5136982968341,False,False,False,True,500-1000 m,Santa Ana Xalmimilulco,Huejotzingo,8089451 21074315229001901000000000u3 desebradora sin nombre 315229 confecci�n en serie de otra ropa exterior de materiales textiles 0 a 5 personas calle san isidro calle ixtacuixtla sur calle porfirio diaz calle adolfo lopez mateos 25 localidad santa ana xalmimilulco 74169 21 puebla 074 huejotzingo 0029 santa ana xalmimilulco 0167 006 fijo 2019-11 data\raw\denue2026\denue26 area estudio.shp denue26 area estudio.shp denue2026 denue,315229,desebradora sin nombre 8089451 21074315229001901000000000u3 desebradora sin nombre 315229 confecci n en serie de otra ropa exterior de materiales textiles 0 a 5 personas calle san isidro calle ixtacuixtla sur calle porfirio diaz calle adolfo lopez mateos 25 localidad santa ana xalmimilulco 74169 21 puebla 074 huejotzingo 0029 santa ana xalmimilulco 0167 006 fijo 2019 11 data raw denue2026 denue26 area estudio shp denue26 area estudio shp denue2026 denue 315229 textiles,confeccion_maquila,,generica,media,media,SCIAN 315229 | confeccion: ropa,,scian_prefijo_315; texto_confeccion,False,False,False,False,False,False,False,False,False,False,False,,baja,media,contexto productivo textil,incluir_contexto_productivo,fuera_alcance_contexto_textil,,False,textil fuera del alcance operativo definido para este proyecto,True,False,"sin senales suficientes de proceso humedo, tratamiento, mezclilla prioritaria o maquila relevante",False,False,False,False,False,True,False,False,False,True,False,False,False,False,False,DESEBRADORA SIN NOMBRE Santa Ana Xalmimilulco Huejotzingo Puebla Google Maps,DESEBRADORA SIN NOMBRE Santa Ana Xalmimilulco Huejotzingo Puebla textil maquila confeccion lavanderia tintoreria,,,,,,,,,,,8089451,foco_estricto_alternativo,DESEBRADORA SIN NOMBRE,,Confecci�n en serie de otra ropa exterior de materiales textiles,0 a 5 personas,CALLE,SAN ISIDRO,CALLE,IXTACUIXTLA SUR,CALLE,PORFIRIO DIAZ,CALLE,ADOLFO LOPEZ MATEOS,25,,,,,,LOCALIDAD,SANTA ANA XALMIMILULCO,,,,74169,21,Puebla,074,0029,0167,006,,,,Fijo,2019-11,False,False,False,False,False,False,True,False,False,False,True,False,True,inc_mezclilla_nombre,,incluir,Inclusion: inc_mezclilla_nombre,mezclilla_jeans_deshebrado,False,False,False,inc_mezclilla_nombre,Alternativa analitica trazable; no sustituye al universo canonico original ni constituye evidencia de descarga o contaminacion.,,,,True,solo_foco_estricto,fuera_de_ambos,solo_foco_estricto,foco estricto alternativo
8118934,21074315229002071000000000U4,DESHEBRADO,315229,19.21184171,-98.38357505999998,data\raw\denue2026\Denue26 area estudio.shp,Denue26 area estudio.shp,denue2026,denue,8118934 21074315229002071000000000u4 deshebrado 315229 confecci�n en serie de otra ropa exterior de materiales textiles 0 a 5 personas calle ninguno calle domingo arenas calle violetas poniente calle reforma 1 pueblo santa ana xalmiminulco 74169 21 puebla 074 huejotzingo 0029 santa ana xalmimilulco 0190 009 2271124857 fijo 2019-11 data\raw\denue2026\denue26 area estudio.shp denue26 area estudio.shp denue2026 denue,315229,deshebrado; textiles,media_relevancia_ambiental,"Priorizacion preliminar por produccion, confeccion, maquila, acabado o lavado textil; se excluye comercio de prendas y no implica evidencia de contaminacion directa.",651.3723920419002,False,False,False,True,500-1000 m,Santa Ana Xalmimilulco,Huejotzingo,8118934 21074315229002071000000000u4 deshebrado 315229 confecci�n en serie de otra ropa exterior de materiales textiles 0 a 5 personas calle ninguno calle domingo arenas calle violetas poniente calle reforma 1 pueblo santa ana xalmiminulco 74169 21 puebla 074 huejotzingo 0029 santa ana xalmimilulco 0190 009 2271124857 fijo 2019-11 data\raw\denue2026\denue26 area estudio.shp denue26 area estudio.shp denue2026 denue,315229,deshebrado 8118934 21074315229002071000000000u4 deshebrado 315229 confecci n en serie de otra ropa exterior de materiales textiles 0 a 5 personas calle ninguno calle domingo arenas calle violetas poniente calle reforma 1 pueblo santa ana xalmiminulco 74169 21 puebla 074 huejotzingo 0029 santa ana xalmimilulco 0190 009 2271124857 fijo 2019 11 data raw denue2026 denue26 area estudio shp denue26 area estudio shp denue2026 denue 315229 deshebrado textiles,fabricacion_mezclilla,confeccion_maquila,generica,media,media,SCIAN 315229 | mezclilla_jeans: deshebrado | confeccion: ropa,deshebrado,scian_prefijo_315; texto_confeccion; texto_mezclilla_jeans,False,True,False,False,False,False,False,False,False,False,True,mezclilla/jeans sin evidencia directa de proceso humedo,media,media,contexto productivo textil,validar_documentalmente,dentro_alcance_proyecto,,True,senal de mezclilla/jeans,False,False,"sin senales suficientes de proceso humedo, tratamiento, mezclilla prioritaria o maquila relevante",False,True,False,False,False,False,False,False,True,True,False,False,False,False,False,DESHEBRADO Santa Ana Xalmimilulco Huejotzingo Puebla Google Maps,DESHEBRADO Santa Ana Xalmimilulco Huejotzingo Puebla mezclilla jeans maquila textil,,,,,,,,,,,8118934,foco_estricto_alternativo,DESHEBRADO,,Confecci�n en serie de otra ropa exterior de materiales textiles,0 a 5 personas,CALLE,NINGUNO,CALLE,DOMINGO ARENAS,CALLE,VIOLETAS PONIENTE,CALLE,REFORMA,1,,,,,,PUEBLO,SANTA ANA XALMIMINULCO,,,,74169,21,Puebla,074,0029,0190,009,2271124857,,,Fijo,2019-11,False,False,False,False,False,False,True,True,False,False,True,False,True,inc_mezclilla_nombre; inc_mezclilla_etapa,,incluir,Inclusion: inc_mezclilla_nombre; inc_mezclilla_etapa,mezclilla_jeans_deshebrado,False,False,False,inc_mezclilla_nombre; inc_mezclilla_etapa,Alternativa analitica trazable; no sustituye al universo canonico original ni constituye evidencia de descarga o contaminacion.,,,,True,solo_foco_estricto,fuera_de_ambos,solo_foco_estricto,foco estricto alternativo
8271528,21074315229001641000000000U5,DESHEBRADO DE PANTALON SIN NOMBRE,315229,19.20887583,-98.38169434,data\raw\denue2026\Denue26 area estudio.shp,Denue26 area estudio.shp,denue2026,denue,8271528 21074315229001641000000000u5 deshebrado de pantalon sin nombre 315229 confecci�n en serie de otra ropa exterior de materiales textiles 0 a 5 personas calle xicohtencatl calle real de puebla calle palma calle porfirio diaz 18 colonia centro 74169 21 puebla 074 huejotzingo 0029 santa ana xalmimilulco 0025 011 fijo 2019-11 data\raw\denue2026\denue26 area estudio.shp denue26 area estudio.shp denue2026 denue,315229,deshebrado; pantalon; textiles,media_relevancia_ambiental,"Priorizacion preliminar por produccion, confeccion, maquila, acabado o lavado textil; se excluye comercio de prendas y no implica evidencia de contaminacion directa.",1025.408897268121,False,False,False,False,>1000 m,Santa Ana Xalmimilulco,Huejotzingo,8271528 21074315229001641000000000u5 deshebrado de pantalon sin nombre 315229 confecci�n en serie de otra ropa exterior de materiales textiles 0 a 5 personas calle xicohtencatl calle real de puebla calle palma calle porfirio diaz 18 colonia centro 74169 21 puebla 074 huejotzingo 0029 santa ana xalmimilulco 0025 011 fijo 2019-11 data\raw\denue2026\denue26 area estudio.shp denue26 area estudio.shp denue2026 denue,315229,deshebrado de pantalon sin nombre 8271528 21074315229001641000000000u5 deshebrado de pantalon sin nombre 315229 confecci n en serie de otra ropa exterior de materiales textiles 0 a 5 personas calle xicohtencatl calle real de puebla calle palma calle porfirio diaz 18 colonia centro 74169 21 puebla 074 huejotzingo 0029 santa ana xalmimilulco 0025 011 fijo 2019 11 data raw denue2026 denue26 area estudio shp denue26 area estudio shp denue2026 denue 315229 deshebrado pantalon textiles,fabricacion_mezclilla,confeccion_maquila,generica,media,media,"SCIAN 315229 | mezclilla_jeans: deshebrado | confeccion: ropa, pantalon",deshebrado,scian_prefijo_315; texto_confeccion; texto_mezclilla_jeans,False,True,False,False,False,False,False,False,False,False,True,mezclilla/jeans sin evidencia directa de proceso humedo,media,media,contexto productivo textil,validar_documentalmente,dentro_alcance_proyecto,,True,senal de mezclilla/jeans,False,False,"sin senales suficientes de proceso humedo, tratamiento, mezclilla prioritaria o maquila relevante",False,True,False,False,False,False,False,False,True,True,False,False,False,False,False,DESHEBRADO DE PANTALON SIN NOMBRE Santa Ana Xalmimilulco Huejotzingo Puebla Google Maps,DESHEBRADO DE PANTALON SIN NOMBRE Santa Ana Xalmimilulco Huejotzingo Puebla mezclilla jeans maquila textil,,,,,,,,,,,8271528,foco_estricto_alternativo,DESHEBRADO DE PANTALON SIN NOMBRE,,Confecci�n en serie de otra ropa exterior de materiales textiles,0 a 5 personas,CALLE,XICOHTENCATL,CALLE,REAL DE PUEBLA,CALLE,PALMA,CALLE,PORFIRIO DIAZ,18,,,,,,COLONIA,CENTRO,,,,74169,21,Puebla,074,0029,0025,011,,,,Fijo,2019-11,False,False,False,False,False,False,True,True,False,False,True,False,True,inc_mezclilla_nombre; inc_mezclilla_etapa,,incluir,Inclusion: inc_mezclilla_nombre; inc_mezclilla_etapa,mezclilla_jeans_deshebrado,False,False,False,inc_mezclilla_nombre; inc_mezclilla_etapa,Alternativa analitica trazable; no sustituye al universo canonico original ni constituye evidencia de descarga o contaminacion.,,,,True,solo_foco_estricto,fuera_de_ambos,solo_foco_estricto,foco estricto alternativo
8776861,21074461110008371010000000U6,DESHEBRADO DE PANTALON,315229,19.20787139,-98.37602851000001,data\raw\denue2026\Denue26 area estudio.shp,Denue26 area estudio.shp,denue2026,denue,8776861 21074461110008371010000000u6 deshebrado de pantalon 315229 confecci�n en serie de otra ropa exterior de materiales textiles 0 a 5 personas calle gloria calle ninguno calle ixtacuixtla norte calle real de puebla 89 localidad santa ana xalmimilulco 74169 21 puebla 074 huejotzingo 0029 santa ana xalmimilulco 0025 032 fijo 2019-11 data\raw\denue2026\denue26 area estudio.shp denue26 area estudio.shp denue2026 denue,315229,deshebrado; pantalon; textiles,media_relevancia_ambiental,"Priorizacion preliminar por produccion, confeccion, maquila, acabado o lavado textil; se excluye comercio de prendas y no implica evidencia de contaminacion directa.",767.4557704209839,False,False,False,True,500-1000 m,Santa Ana Xalmimilulco,Huejotzingo,8776861 21074461110008371010000000u6 deshebrado de pantalon 315229 confecci�n en serie de otra ropa exterior de materiales textiles 0 a 5 personas calle gloria calle ninguno calle ixtacuixtla norte calle real de puebla 89 localidad santa ana xalmimilulco 74169 21 puebla 074 huejotzingo 0029 santa ana xalmimilulco 0025 032 fijo 2019-11 data\raw\denue2026\denue26 area estudio.shp denue26 area estudio.shp denue2026 denue,315229,deshebrado de pantalon 8776861 21074461110008371010000000u6 deshebrado de pantalon 315229 confecci n en serie de otra ropa exterior de materiales textiles 0 a 5 personas calle gloria calle ninguno calle ixtacuixtla norte calle real de puebla 89 localidad santa ana xalmimilulco 74169 21 puebla 074 huejotzingo 0029 santa ana xalmimilulco 0025 032 fijo 2019 11 data raw denue2026 denue26 area estudio shp denue26 area estudio shp denue2026 denue 315229 deshebrado pantalon textiles,fabricacion_mezclilla,confeccion_maquila,generica,media,media,"SCIAN 315229 | mezclilla_jeans: deshebrado | confeccion: ropa, pantalon",deshebrado,scian_prefijo_315; texto_confeccion; texto_mezclilla_jeans,False,True,False,False,False,False,False,False,False,False,True,mezclilla/jeans sin evidencia directa de proceso humedo,media,media,contexto productivo textil,validar_documentalmente,dentro_alcance_proyecto,,True,senal de mezclilla/jeans,False,False,"sin senales suficientes de proceso humedo, tratamiento, mezclilla prioritaria o maquila relevante",False,True,False,False,False,False,False,False,True,True,False,False,False,False,False,DESHEBRADO DE PANTALON Santa Ana Xalmimilulco Huejotzingo Puebla Google Maps,DESHEBRADO DE PANTALON Santa Ana Xalmimilulco Huejotzingo Puebla mezclilla jeans maquila textil,,,,,,,,,,,8776861,foco_estricto_alternativo,DESHEBRADO DE PANTALON,,Confecci�n en serie de otra ropa exterior de materiales textiles,0 a 5 personas,CALLE,GLORIA,CALLE,NINGUNO,CALLE,IXTACUIXTLA NORTE,CALLE,REAL DE PUEBLA,89,,,,,,LOCALIDAD,SANTA ANA XALMIMILULCO,,,,74169,21,Puebla,074,0029,0025,032,,,,Fijo,2019-11,False,False,False,False,False,False,True,True,False,False,True,False,True,inc_mezclilla_nombre; inc_mezclilla_etapa,,incluir,Inclusion: inc_mezclilla_nombre; inc_mezclilla_etapa,mezclilla_jeans_deshebrado,False,False,False,inc_mezclilla_nombre; inc_mezclilla_etapa,Alternativa analitica trazable; no sustituye al universo canonico original ni constituye evidencia de descarga o contaminacion.,,,,True,solo_foco_estricto,fuera_de_ambos,solo_foco_estricto,foco estricto alternativo
9566007,21074315223001311000000000U8,DESHEBRADO DE PANTALON,315229,19.20777613,-98.37572813,data\raw\denue2026\Denue26 area estudio.shp,Denue26 area estudio.shp,denue2026,denue,9566007 21074315223001311000000000u8 deshebrado de pantalon 315229 confecci�n en serie de otra ropa exterior de materiales textiles 0 a 5 personas calle gloria calle ninguno calle ixtacuixtla norte calle real de puebla sn localidad santa ana xalmimilulco 74169 21 puebla 074 huejotzingo 0029 santa ana xalmimilulco 0025 032 fijo 2024-11 data\raw\denue2026\denue26 area estudio.shp denue26 area estudio.shp denue2026 denue,315229,deshebrado; pantalon; textiles,media_relevancia_ambiental,"Priorizacion preliminar por produccion, confeccion, maquila, acabado o lavado textil; se excluye comercio de prendas y no implica evidencia de contaminacion directa.",743.2140282504606,False,False,False,True,500-1000 m,Santa Ana Xalmimilulco,Huejotzingo,9566007 21074315223001311000000000u8 deshebrado de pantalon 315229 confecci�n en serie de otra ropa exterior de materiales textiles 0 a 5 personas calle gloria calle ninguno calle ixtacuixtla norte calle real de puebla sn localidad santa ana xalmimilulco 74169 21 puebla 074 huejotzingo 0029 santa ana xalmimilulco 0025 032 fijo 2024-11 data\raw\denue2026\denue26 area estudio.shp denue26 area estudio.shp denue2026 denue,315229,deshebrado de pantalon 9566007 21074315223001311000000000u8 deshebrado de pantalon 315229 confecci n en serie de otra ropa exterior de materiales textiles 0 a 5 personas calle gloria calle ninguno calle ixtacuixtla norte calle real de puebla sn localidad santa ana xalmimilulco 74169 21 puebla 074 huejotzingo 0029 santa ana xalmimilulco 0025 032 fijo 2024 11 data raw denue2026 denue26 area estudio shp denue26 area estudio shp denue2026 denue 315229 deshebrado pantalon textiles,fabricacion_mezclilla,confeccion_maquila,generica,media,media,"SCIAN 315229 | mezclilla_jeans: deshebrado | confeccion: ropa, pantalon",deshebrado,scian_prefijo_315; texto_confeccion; texto_mezclilla_jeans,False,True,False,False,False,False,False,False,False,False,True,mezclilla/jeans sin evidencia directa de proceso humedo,media,media,contexto productivo textil,validar_documentalmente,dentro_alcance_proyecto,,True,senal de mezclilla/jeans,False,False,"sin senales suficientes de proceso humedo, tratamiento, mezclilla prioritaria o maquila relevante",False,True,False,False,False,False,False,False,True,True,False,False,False,False,False,DESHEBRADO DE PANTALON Santa Ana Xalmimilulco Huejotzingo Puebla Google Maps,DESHEBRADO DE PANTALON Santa Ana Xalmimilulco Huejotzingo Puebla mezclilla jeans maquila textil,,,,,,,,,,,9566007,foco_estricto_alternativo,DESHEBRADO DE PANTALON,,Confecci�n en serie de otra ropa exterior de materiales textiles,0 a 5 personas,CALLE,GLORIA,CALLE,NINGUNO,CALLE,IXTACUIXTLA NORTE,CALLE,REAL DE PUEBLA,,SN,,,,,LOCALIDAD,SANTA ANA XALMIMILULCO,,,,74169,21,Puebla,074,0029,0025,032,,,,Fijo,2024-11,False,False,False,False,False,False,True,True,False,False,True,False,True,inc_mezclilla_nombre; inc_mezclilla_etapa,,incluir,Inclusion: inc_mezclilla_nombre; inc_mezclilla_etapa,mezclilla_jeans_deshebrado,False,False,False,inc_mezclilla_nombre; inc_mezclilla_etapa,Alternativa analitica trazable; no sustituye al universo canonico original ni constituye evidencia de descarga o contaminacion.,,,,True,solo_foco_estricto,fuera_de_ambos,solo_foco_estricto,foco estricto alternativo
9590208,21074315223001201000000000U1,DESHEBRADO DE PANTALON,315229,19.21873841,-98.3777512,data\raw\denue2026\Denue26 area estudio.shp,Denue26 area estudio.shp,denue2026,denue,9590208 21074315223001201000000000u1 deshebrado de pantalon 315229 confecci�n en serie de otra ropa exterior de materiales textiles 0 a 5 personas calle concepcion calle san angel calle linda vista calle la merced 3 colonia santa cruz 74169 21 puebla 074 huejotzingo 0029 santa ana xalmimilulco 0203 005 2271161775 fijo 2024-11 data\raw\denue2026\denue26 area estudio.shp denue26 area estudio.shp denue2026 denue,315229,deshebrado; pantalon; textiles,media_relevancia_ambiental,"Priorizacion preliminar por produccion, confeccion, maquila, acabado o lavado textil; se excluye comercio de prendas y no implica evidencia de contaminacion directa.",570.0656804310155,False,False,False,True,500-1000 m,Santa Ana Xalmimilulco,Huejotzingo,9590208 21074315223001201000000000u1 deshebrado de pantalon 315229 confecci�n en serie de otra ropa exterior de materiales textiles 0 a 5 personas calle concepcion calle san angel calle linda vista calle la merced 3 colonia santa cruz 74169 21 puebla 074 huejotzingo 0029 santa ana xalmimilulco 0203 005 2271161775 fijo 2024-11 data\raw\denue2026\denue26 area estudio.shp denue26 area estudio.shp denue2026 denue,315229,deshebrado de pantalon 9590208 21074315223001201000000000u1 deshebrado de pantalon 315229 confecci n en serie de otra ropa exterior de materiales textiles 0 a 5 personas calle concepcion calle san angel calle linda vista calle la merced 3 colonia santa cruz 74169 21 puebla 074 huejotzingo 0029 santa ana xalmimilulco 0203 005 2271161775 fijo 2024 11 data raw denue2026 denue26 area estudio shp denue26 area estudio shp denue2026 denue 315229 deshebrado pantalon textiles,fabricacion_mezclilla,confeccion_maquila,generica,media,media,"SCIAN 315229 | mezclilla_jeans: deshebrado | confeccion: ropa, pantalon",deshebrado,scian_prefijo_315; texto_confeccion; texto_mezclilla_jeans,False,True,False,False,False,False,False,False,False,False,True,mezclilla/jeans sin evidencia directa de proceso humedo,media,media,contexto productivo textil,validar_documentalmente,dentro_alcance_proyecto,,True,senal de mezclilla/jeans,False,False,"sin senales suficientes de proceso humedo, tratamiento, mezclilla prioritaria o maquila relevante",False,True,False,False,False,False,False,False,True,True,False,False,False,False,False,DESHEBRADO DE PANTALON Santa Ana Xalmimilulco Huejotzingo Puebla Google Maps,DESHEBRADO DE PANTALON Santa Ana Xalmimilulco Huejotzingo Puebla mezclilla jeans maquila textil,,,,,,,,,,,9590208,foco_estricto_alternativo,DESHEBRADO DE PANTALON,,Confecci�n en serie de otra ropa exterior de materiales textiles,0 a 5 personas,CALLE,CONCEPCION,CALLE,SAN ANGEL,CALLE,LINDA VISTA,CALLE,LA MERCED,3,,,,,,COLONIA,SANTA CRUZ,,,,74169,21,Puebla,074,0029,0203,005,2271161775,,,Fijo,2024-11,False,False,False,False,False,False,True,True,False,False,True,False,True,inc_mezclilla_nombre; inc_mezclilla_etapa,,incluir,Inclusion: inc_mezclilla_nombre; inc_mezclilla_etapa,mezclilla_jeans_deshebrado,False,False,False,inc_mezclilla_nombre; inc_mezclilla_etapa,Alternativa analitica trazable; no sustituye al universo canonico original ni constituye evidencia de descarga o contaminacion.,,,,True,solo_foco_estricto,fuera_de_ambos,solo_foco_estricto,foco estricto alternativo
9605960,21074315229002531000000000U7,TALLER DE DESHEBRADO SIN NOMBRE,315229,19.20806014,-98.3839219,data\raw\denue2026\Denue26 area estudio.shp,Denue26 area estudio.shp,denue2026,denue,9605960 21074315229002531000000000u7 taller de deshebrado sin nombre 315229 confecci�n en serie de otra ropa exterior de materiales textiles 0 a 5 personas calle flores magon calle porfirio diaz calle el volcan calle mucio martinez 13 colonia centro 74169 21 puebla 074 huejotzingo 0029 santa ana xalmimilulco 0025 001 2221477763 fijo 2024-11 data\raw\denue2026\denue26 area estudio.shp denue26 area estudio.shp denue2026 denue,315229,deshebrado; textiles,media_relevancia_ambiental,"Priorizacion preliminar por produccion, confeccion, maquila, acabado o lavado textil; se excluye comercio de prendas y no implica evidencia de contaminacion directa.",954.2699099753793,False,False,False,True,500-1000 m,Santa Ana Xalmimilulco,Huejotzingo,9605960 21074315229002531000000000u7 taller de deshebrado sin nombre 315229 confecci�n en serie de otra ropa exterior de materiales textiles 0 a 5 personas calle flores magon calle porfirio diaz calle el volcan calle mucio martinez 13 colonia centro 74169 21 puebla 074 huejotzingo 0029 santa ana xalmimilulco 0025 001 2221477763 fijo 2024-11 data\raw\denue2026\denue26 area estudio.shp denue26 area estudio.shp denue2026 denue,315229,taller de deshebrado sin nombre 9605960 21074315229002531000000000u7 taller de deshebrado sin nombre 315229 confecci n en serie de otra ropa exterior de materiales textiles 0 a 5 personas calle flores magon calle porfirio diaz calle el volcan calle mucio martinez 13 colonia centro 74169 21 puebla 074 huejotzingo 0029 santa ana xalmimilulco 0025 001 2221477763 fijo 2024 11 data raw denue2026 denue26 area estudio shp denue26 area estudio shp denue2026 denue 315229 deshebrado textiles,fabricacion_mezclilla,confeccion_maquila,generica,media,media,SCIAN 315229 | mezclilla_jeans: deshebrado | confeccion: ropa,deshebrado,scian_prefijo_315; texto_confeccion; texto_mezclilla_jeans,False,True,False,False,False,False,False,False,False,False,True,mezclilla/jeans sin evidencia directa de proceso humedo,media,media,contexto productivo textil,validar_documentalmente,dentro_alcance_proyecto,,True,senal de mezclilla/jeans,False,False,"sin senales suficientes de proceso humedo, tratamiento, mezclilla prioritaria o maquila relevante",False,True,False,False,False,False,False,False,True,True,False,False,False,False,False,TALLER DE DESHEBRADO SIN NOMBRE Santa Ana Xalmimilulco Huejotzingo Puebla Google Maps,TALLER DE DESHEBRADO SIN NOMBRE Santa Ana Xalmimilulco Huejotzingo Puebla mezclilla jeans maquila textil,,,,,,,,,,,9605960,foco_estricto_alternativo,TALLER DE DESHEBRADO SIN NOMBRE,,Confecci�n en serie de otra ropa exterior de materiales textiles,0 a 5 personas,CALLE,FLORES MAGON,CALLE,PORFIRIO DIAZ,CALLE,EL VOLCAN,CALLE,MUCIO MARTINEZ,13,,,,,,COLONIA,CENTRO,,,,74169,21,Puebla,074,0029,0025,001,2221477763,,,Fijo,2024-11,False,False,False,False,False,False,True,True,False,False,True,False,True,inc_mezclilla_nombre; inc_mezclilla_etapa,,incluir,Inclusion: inc_mezclilla_nombre; inc_mezclilla_etapa,mezclilla_jeans_deshebrado,False,False,False,inc_mezclilla_nombre; inc_mezclilla_etapa,Alternativa analitica trazable; no sustituye al universo canonico original ni constituye evidencia de descarga o contaminacion.,,,,True,solo_foco_estricto,fuera_de_ambos,solo_foco_estricto,foco estricto alternativo
9637988,21074315223000192000000000U3,TALLER DE DESHEBRADO DE PANTALON,315229,19.20583312,-98.3875958,data\raw\denue2026\Denue26 area estudio.shp,Denue26 area estudio.shp,denue2026,denue,9637988 21074315223000192000000000u3 taller de deshebrado de pantalon 315229 confecci�n en serie de otra ropa exterior de materiales textiles 6 a 10 personas calle santa maria calle aquiles serdan sur calle san miguel calle san vicente 1 localidad santa ana xalmimilulco 74169 21 puebla 074 huejotzingo 0029 santa ana xalmimilulco 0237 005 fijo 2024-11 data\raw\denue2026\denue26 area estudio.shp denue26 area estudio.shp denue2026 denue,315229,deshebrado; pantalon; textiles,media_relevancia_ambiental,"Priorizacion preliminar por produccion, confeccion, maquila, acabado o lavado textil; se excluye comercio de prendas y no implica evidencia de contaminacion directa.",913.5146645884819,False,False,False,True,500-1000 m,Santa Ana Xalmimilulco,Huejotzingo,9637988 21074315223000192000000000u3 taller de deshebrado de pantalon 315229 confecci�n en serie de otra ropa exterior de materiales textiles 6 a 10 personas calle santa maria calle aquiles serdan sur calle san miguel calle san vicente 1 localidad santa ana xalmimilulco 74169 21 puebla 074 huejotzingo 0029 santa ana xalmimilulco 0237 005 fijo 2024-11 data\raw\denue2026\denue26 area estudio.shp denue26 area estudio.shp denue2026 denue,315229,taller de deshebrado de pantalon 9637988 21074315223000192000000000u3 taller de deshebrado de pantalon 315229 confecci n en serie de otra ropa exterior de materiales textiles 6 a 10 personas calle santa maria calle aquiles serdan sur calle san miguel calle san vicente 1 localidad santa ana xalmimilulco 74169 21 puebla 074 huejotzingo 0029 santa ana xalmimilulco 0237 005 fijo 2024 11 data raw denue2026 denue26 area estudio shp denue26 area estudio shp denue2026 denue 315229 deshebrado pantalon textiles,fabricacion_mezclilla,confeccion_maquila,generica,media,media,"SCIAN 315229 | mezclilla_jeans: deshebrado | confeccion: ropa, pantalon",deshebrado,scian_prefijo_315; texto_confeccion; texto_mezclilla_jeans,False,True,False,False,False,False,False,False,False,False,True,mezclilla/jeans sin evidencia directa de proceso humedo,media,media,contexto productivo textil,validar_documentalmente,dentro_alcance_proyecto,,True,senal de mezclilla/jeans,False,False,"sin senales suficientes de proceso humedo, tratamiento, mezclilla prioritaria o maquila relevante",False,True,False,False,False,False,False,False,True,True,False,False,False,False,False,TALLER DE DESHEBRADO DE PANTALON Santa Ana Xalmimilulco Huejotzingo Puebla Google Maps,TALLER DE DESHEBRADO DE PANTALON Santa Ana Xalmimilulco Huejotzingo Puebla mezclilla jeans maquila textil,,,,,,,,,,,9637988,foco_estricto_alternativo,TALLER DE DESHEBRADO DE PANTALON,,Confecci�n en serie de otra ropa exterior de materiales textiles,6 a 10 personas,CALLE,SANTA MARIA,CALLE,AQUILES SERDAN SUR,CALLE,SAN MIGUEL,CALLE,SAN VICENTE,1,,,,,,LOCALIDAD,SANTA ANA XALMIMILULCO,,,,74169,21,Puebla,074,0029,0237,005,,,,Fijo,2024-11,False,False,False,False,False,False,True,True,False,False,True,False,True,inc_mezclilla_nombre; inc_mezclilla_etapa,,incluir,Inclusion: inc_mezclilla_nombre; inc_mezclilla_etapa,mezclilla_jeans_deshebrado,False,False,False,inc_mezclilla_nombre; inc_mezclilla_etapa,Alternativa analitica trazable; no sustituye al universo canonico original ni constituye evidencia de descarga o contaminacion.,,,,True,solo_foco_estricto,fuera_de_ambos,solo_foco_estricto,foco estricto alternativo
9645802,21074315223001251000000000U6,DESHEBRADO,315229,19.21790672,-98.37946319000001,data\raw\denue2026\Denue26 area estudio.shp,Denue26 area estudio.shp,denue2026,denue,9645802 21074315223001251000000000u6 deshebrado deshebrado de pantalon 315229 confecci�n en serie de otra ropa exterior de materiales textiles 0 a 5 personas calle ni�o perdido privada ninguno calle linda vista calle santa cruz 1 colonia santa cruz 74169 21 puebla 074 huejotzingo 0029 santa ana xalmimilulco 0203 010 2481769980 fijo 2024-11 data\raw\denue2026\denue26 area estudio.shp denue26 area estudio.shp denue2026 denue,315229,deshebrado; pantalon; textiles,media_relevancia_ambiental,"Priorizacion preliminar por produccion, confeccion, maquila, acabado o lavado textil; se excluye comercio de prendas y no implica evidencia de contaminacion directa.",510.3727066213873,False,False,False,True,500-1000 m,Santa Ana Xalmimilulco,Huejotzingo,9645802 21074315223001251000000000u6 deshebrado deshebrado de pantalon 315229 confecci�n en serie de otra ropa exterior de materiales textiles 0 a 5 personas calle ni�o perdido privada ninguno calle linda vista calle santa cruz 1 colonia santa cruz 74169 21 puebla 074 huejotzingo 0029 santa ana xalmimilulco 0203 010 2481769980 fijo 2024-11 data\raw\denue2026\denue26 area estudio.shp denue26 area estudio.shp denue2026 denue,315229,deshebrado 9645802 21074315223001251000000000u6 deshebrado deshebrado de pantalon 315229 confecci n en serie de otra ropa exterior de materiales textiles 0 a 5 personas calle ni o perdido privada ninguno calle linda vista calle santa cruz 1 colonia santa cruz 74169 21 puebla 074 huejotzingo 0029 santa ana xalmimilulco 0203 010 2481769980 fijo 2024 11 data raw denue2026 denue26 area estudio shp denue26 area estudio shp denue2026 denue 315229 deshebrado pantalon textiles,fabricacion_mezclilla,confeccion_maquila,generica,media,media,"SCIAN 315229 | mezclilla_jeans: deshebrado | confeccion: ropa, pantalon",deshebrado,scian_prefijo_315; texto_confeccion; texto_mezclilla_jeans,False,True,False,False,False,False,False,False,False,False,True,mezclilla/jeans sin evidencia directa de proceso humedo,media,media,contexto productivo textil,validar_documentalmente,dentro_alcance_proyecto,,True,senal de mezclilla/jeans,False,False,"sin senales suficientes de proceso humedo, tratamiento, mezclilla prioritaria o maquila relevante",False,True,False,False,False,False,False,False,True,True,False,False,False,False,False,DESHEBRADO Santa Ana Xalmimilulco Huejotzingo Puebla Google Maps,DESHEBRADO Santa Ana Xalmimilulco Huejotzingo Puebla mezclilla jeans maquila textil,,,,,,,,,,,9645802,foco_estricto_alternativo,DESHEBRADO,DESHEBRADO DE PANTALON,Confecci�n en serie de otra ropa exterior de materiales textiles,0 a 5 personas,CALLE,NI�O PERDIDO,PRIVADA,NINGUNO,CALLE,LINDA VISTA,CALLE,SANTA CRUZ,1,,,,,,COLONIA,SANTA CRUZ,,,,74169,21,Puebla,074,0029,0203,010,2481769980,,,Fijo,2024-11,False,False,False,False,False,False,True,True,False,False,True,False,True,inc_mezclilla_nombre; inc_mezclilla_etapa,,incluir,Inclusion: inc_mezclilla_nombre; inc_mezclilla_etapa,mezclilla_jeans_deshebrado,False,False,False,inc_mezclilla_nombre; inc_mezclilla_etapa,Alternativa analitica trazable; no sustituye al universo canonico original ni constituye evidencia de descarga o contaminacion.,,,,True,solo_foco_estricto,fuera_de_ambos,solo_foco_estricto,foco estricto alternativo
9811409,21074315223001281000000000U3,VICTORIA LIRA LIRA,315229,19.20891569,-98.37730833000002,data\raw\denue2026\Denue26 area estudio.shp,Denue26 area estudio.shp,denue2026,denue,9811409 21074315223001281000000000u3 victoria lira lira deshebrado 315229 confecci�n en serie de otra ropa exterior de materiales textiles 0 a 5 personas calle los reyes calle calle del carmen privada privada de la gloria calle gloria 18 d localidad santa ana xalmimilulco 74169 21 puebla 074 huejotzingo 0029 santa ana xalmimilulco 0025 047 fijo 2024-11 data\raw\denue2026\denue26 area estudio.shp denue26 area estudio.shp denue2026 denue,315229,deshebrado; textiles,media_relevancia_ambiental,"Priorizacion preliminar por produccion, confeccion, maquila, acabado o lavado textil; se excluye comercio de prendas y no implica evidencia de contaminacion directa.",934.2843214830461,False,False,False,True,500-1000 m,Santa Ana Xalmimilulco,Huejotzingo,9811409 21074315223001281000000000u3 victoria lira lira deshebrado 315229 confecci�n en serie de otra ropa exterior de materiales textiles 0 a 5 personas calle los reyes calle calle del carmen privada privada de la gloria calle gloria 18 d localidad santa ana xalmimilulco 74169 21 puebla 074 huejotzingo 0029 santa ana xalmimilulco 0025 047 fijo 2024-11 data\raw\denue2026\denue26 area estudio.shp denue26 area estudio.shp denue2026 denue,315229,victoria lira lira 9811409 21074315223001281000000000u3 victoria lira lira deshebrado 315229 confecci n en serie de otra ropa exterior de materiales textiles 0 a 5 personas calle los reyes calle calle del carmen privada privada de la gloria calle gloria 18 d localidad santa ana xalmimilulco 74169 21 puebla 074 huejotzingo 0029 santa ana xalmimilulco 0025 047 fijo 2024 11 data raw denue2026 denue26 area estudio shp denue26 area estudio shp denue2026 denue 315229 deshebrado textiles,fabricacion_mezclilla,confeccion_maquila,generica,media,media,SCIAN 315229 | mezclilla_jeans: deshebrado | confeccion: ropa,deshebrado,scian_prefijo_315; texto_confeccion; texto_mezclilla_jeans,False,True,False,False,False,False,False,False,False,False,True,mezclilla/jeans sin evidencia directa de proceso humedo,media,media,contexto productivo textil,validar_documentalmente,dentro_alcance_proyecto,,True,senal de mezclilla/jeans,False,False,"sin senales suficientes de proceso humedo, tratamiento, mezclilla prioritaria o maquila relevante",False,True,False,False,False,False,False,False,True,True,False,False,False,False,False,VICTORIA LIRA LIRA Santa Ana Xalmimilulco Huejotzingo Puebla Google Maps,VICTORIA LIRA LIRA Santa Ana Xalmimilulco Huejotzingo Puebla mezclilla jeans maquila textil,,,,,,,,,,,9811409,foco_estricto_alternativo,VICTORIA LIRA LIRA,DESHEBRADO,Confecci�n en serie de otra ropa exterior de materiales textiles,0 a 5 personas,CALLE,LOS REYES,CALLE,CALLE DEL CARMEN,PRIVADA,PRIVADA DE LA GLORIA,CALLE,GLORIA,18,D,,,,,LOCALIDAD,SANTA ANA XALMIMILULCO,,,,74169,21,Puebla,074,0029,0025,047,,,,Fijo,2024-11,False,False,False,False,False,False,False,True,False,False,True,False,True,inc_mezclilla_etapa,,incluir,Inclusion: inc_mezclilla_etapa,mezclilla_jeans_deshebrado,False,False,False,inc_mezclilla_etapa,Alternativa analitica trazable; no sustituye al universo canonico original ni constituye evidencia de descarga o contaminacion.,,,,True,solo_foco_estricto,fuera_de_ambos,solo_foco_estricto,foco estricto alternativo
10262715,21074313310000111000000000U0,IMPRESOS EN SERVILLETAS PARA RECUERDO,313310,19.21216914,-98.38222036,data\raw\denue2026\Denue26 area estudio.shp,Denue26 area estudio.shp,denue2026,denue,10262715 21074313310000111000000000u0 impresos en servilletas para recuerdo 313310 acabado de productos textiles 0 a 5 personas calle magnolia calle industria calle providencia calle donato guerra 4 colonia centro 74169 21 puebla 074 huejotzingo 0029 santa ana xalmimilulco 0190 002 2484922581 fijo 2024-11 data\raw\denue2026\denue26 area estudio.shp denue26 area estudio.shp denue2026 denue,313310,acabado; textiles,alta_relevancia_ambiental,"Priorizacion preliminar por produccion, confeccion, maquila, acabado o lavado textil; se excluye comercio de prendas y no implica evidencia de contaminacion directa.",725.1893173331662,False,False,False,True,500-1000 m,Santa Ana Xalmimilulco,Huejotzingo,10262715 21074313310000111000000000u0 impresos en servilletas para recuerdo 313310 acabado de productos textiles 0 a 5 personas calle magnolia calle industria calle providencia calle donato guerra 4 colonia centro 74169 21 puebla 074 huejotzingo 0029 santa ana xalmimilulco 0190 002 2484922581 fijo 2024-11 data\raw\denue2026\denue26 area estudio.shp denue26 area estudio.shp denue2026 denue,313310,impresos en servilletas para recuerdo 10262715 21074313310000111000000000u0 impresos en servilletas para recuerdo 313310 acabado de productos textiles 0 a 5 personas calle magnolia calle industria calle providencia calle donato guerra 4 colonia centro 74169 21 puebla 074 huejotzingo 0029 santa ana xalmimilulco 0190 002 2484922581 fijo 2024 11 data raw denue2026 denue26 area estudio shp denue26 area estudio shp denue2026 denue 313310 acabado textiles,acabado_textil,fabricacion_textil,,alta,alta,SCIAN 313310 | acabado_tratamiento: acabado | industrial: industria,acabado; industria,scian_prefijo_313; texto_acabado_tratamiento; texto_industrial,True,False,False,False,True,True,False,False,False,False,False,,alta,alta,proceso humedo o tratamiento; senal compatible con proceso humedo o tratamiento de prendas,incluir_prioritario,dentro_alcance_proyecto,,True,senal de proceso humedo o tratamiento,False,True,senal compatible con proceso humedo o tratamiento de prendas; proceso humedo o tratamiento,True,False,False,False,True,False,False,False,False,True,False,True,False,False,False,IMPRESOS EN SERVILLETAS PARA RECUERDO Santa Ana Xalmimilulco Huejotzingo Puebla Google Maps,IMPRESOS EN SERVILLETAS PARA RECUERDO Santa Ana Xalmimilulco Huejotzingo Puebla acabado textil tratamiento prendas,,,,,,,,False,,,10262715,filtrado_2026,IMPRESOS EN SERVILLETAS PARA RECUERDO,,Acabado de productos textiles,0 a 5 personas,CALLE,MAGNOLIA,CALLE,INDUSTRIA,CALLE,PROVIDENCIA,CALLE,DONATO GUERRA,4,,,,,,COLONIA,CENTRO,,,,74169,21,Puebla,074,0029,0190,002,2484922581,,,Fijo,2024-11,,,,,,,,,,,,,,,,,,,False,False,True,,,,,,False,solo_filtrado_2026,fuera_de_ambos,fuera_de_ambos,filtrado 2026
11444709,21074221312000021000000000U8,AGUA POTABLE COAPAXAL,221312,19.21253062,-98.38241370000001,data\raw\denue2026\Denue26 area estudio.shp,Denue26 area estudio.shp,denue2026,denue,"11444709 21074221312000021000000000u8 agua potable coapaxal presidencia auxiliar 221312 captaci�n, tratamiento y suministro de agua realizados por el sector p�blico 6 a 10 personas calle providencia callejon callej�n del refugio calle reforma calle calle del refugio 17 colonia primer seccion 74169 21 puebla 074 huejotzingo 0029 santa ana xalmimilulco 0190 001 fijo 2024-11 data\raw\denue2026\denue26 area estudio.shp denue26 area estudio.shp denue2026 denue",221312,tratamiento,alta_relevancia_ambiental,"Priorizacion preliminar por produccion, confeccion, maquila, acabado o lavado textil; se excluye comercio de prendas y no implica evidencia de contaminacion directa.",681.5176854147586,False,False,False,True,500-1000 m,Santa Ana Xalmimilulco,Huejotzingo,"11444709 21074221312000021000000000u8 agua potable coapaxal presidencia auxiliar 221312 captaci�n, tratamiento y suministro de agua realizados por el sector p�blico 6 a 10 personas calle providencia callejon callej�n del refugio calle reforma calle calle del refugio 17 colonia primer seccion 74169 21 puebla 074 huejotzingo 0029 santa ana xalmimilulco 0190 001 fijo 2024-11 data\raw\denue2026\denue26 area estudio.shp denue26 area estudio.shp denue2026 denue",221312,agua potable coapaxal 11444709 21074221312000021000000000u8 agua potable coapaxal presidencia auxiliar 221312 captaci n tratamiento y suministro de agua realizados por el sector p blico 6 a 10 personas calle providencia callejon callej n del refugio calle reforma calle calle del refugio 17 colonia primer seccion 74169 21 puebla 074 huejotzingo 0029 santa ana xalmimilulco 0190 001 fijo 2024 11 data raw denue2026 denue26 area estudio shp denue26 area estudio shp denue2026 denue 221312 tratamiento,acabado_textil,,,alta,alta,acabado_tratamiento: tratamiento,tratamiento,texto_acabado_tratamiento,True,False,False,False,True,False,False,False,False,False,False,,alta,alta,proceso humedo o tratamiento; senal compatible con proceso humedo o tratamiento de prendas,incluir_prioritario,dentro_alcance_proyecto,,True,senal de proceso humedo o tratamiento,False,True,senal compatible con proceso humedo o tratamiento de prendas; proceso humedo o tratamiento,True,False,False,False,True,False,False,False,False,True,False,False,False,False,False,AGUA POTABLE COAPAXAL Santa Ana Xalmimilulco Huejotzingo Puebla Google Maps,AGUA POTABLE COAPAXAL Santa Ana Xalmimilulco Huejotzingo Puebla acabado textil tratamiento prendas,,,,,,,,False,,,11444709,filtrado_2026,AGUA POTABLE COAPAXAL,PRESIDENCIA AUXILIAR,"Captaci�n, tratamiento y suministro de agua realizados por el sector p�blico",6 a 10 personas,CALLE,PROVIDENCIA,CALLEJON,Callej�n del Refugio,CALLE,Reforma,CALLE,Calle del Refugio,17,,,,,,COLONIA,PRIMER SECCION,,,,74169,21,Puebla,074,0029,0190,001,,,,Fijo,2024-11,,,,,,,,,,,,,,,,,,,False,False,True,,,,,,False,solo_filtrado_2026,fuera_de_ambos,fuera_de_ambos,filtrado 2026
,,,,,,,,,,,,,,,,,,,,,,,,,,,,,,,,,,,,,,,,,,,,,,,,,,,,,,,,,,,,,,,,,,,,,,,,,,,,,,,,,,,,10122074,mh_filtrado,34,,,,,,,,,,,,,,,,,,,,,,,,,,,,,,,,,,,,,,,,,,,,,,,,,,,,,False,True,False,,,34,1.0,10122074.0,False,solo_mh_filtrado,solo_mh_filtrado,fuera_de_ambos,MH filtrado
,,,,,,,,,,,,,,,,,,,,,,,,,,,,,,,,,,,,,,,,,,,,,,,,,,,,,,,,,,,,,,,,,,,,,,,,,,,,,,,,,,,,10398573,mh_filtrado,26,,,,,,,,,,,,,,,,,,,,,,,,,,,,,,,,,,,,,,,,,,,,,,,,,,,,,False,True,False,,,26,1.0,10398573.0,False,solo_mh_filtrado,solo_mh_filtrado,fuera_de_ambos,MH filtrado
,,,,,,,,,,,,,,,,,,,,,,,,,,,,,,,,,,,,,,,,,,,,,,,,,,,,,,,,,,,,,,,,,,,,,,,,,,,,,,,,,,,,10416578,mh_filtrado,41,,,,,,,,,,,,,,,,,,,,,,,,,,,,,,,,,,,,,,,,,,,,,,,,,,,,,False,True,False,,,41,1.0,10416578.0,False,solo_mh_filtrado,solo_mh_filtrado,fuera_de_ambos,MH filtrado
,,,,,,,,,,,,,,,,,,,,,,,,,,,,,,,,,,,,,,,,,,,,,,,,,,,,,,,,,,,,,,,,,,,,,,,,,,,,,,,,,,,,10494863,mh_filtrado,39,,,,,,,,,,,,,,,,,,,,,,,,,,,,,,,,,,,,,,,,,,,,,,,,,,,,,False,True,False,,,39,1.0,10494863.0,False,solo_mh_filtrado,solo_mh_filtrado,fuera_de_ambos,MH filtrado
,,,,,,,,,,,,,,,,,,,,,,,,,,,,,,,,,,,,,,,,,,,,,,,,,,,,,,,,,,,,,,,,,,,,,,,,,,,,,,,,,,,,11119257,mh_filtrado,30,,,,,,,,,,,,,,,,,,,,,,,,,,,,,,,,,,,,,,,,,,,,,,,,,,,,,False,True,False,,,30,1.0,11119257.0,False,solo_mh_filtrado,solo_mh_filtrado,fuera_de_ambos,MH filtrado
,,,,,,,,,,,,,,,,,,,,,,,,,,,,,,,,,,,,,,,,,,,,,,,,,,,,,,,,,,,,,,,,,,,,,,,,,,,,,,,,,,,,11179294,mh_filtrado,20,,,,,,,,,,,,,,,,,,,,,,,,,,,,,,,,,,,,,,,,,,,,,,,,,,,,,False,True,False,,,20,1.0,11179294.0,False,solo_mh_filtrado,solo_mh_filtrado,fuera_de_ambos,MH filtrado
,,,,,,,,,,,,,,,,,,,,,,,,,,,,,,,,,,,,,,,,,,,,,,,,,,,,,,,,,,,,,,,,,,,,,,,,,,,,,,,,,,,,11290346,mh_filtrado,48,,,,,,,,,,,,,,,,,,,,,,,,,,,,,,,,,,,,,,,,,,,,,,,,,,,,,False,True,False,,,48,1.0,11290346.0,False,solo_mh_filtrado,solo_mh_filtrado,fuera_de_ambos,MH filtrado
,,,,,,,,,,,,,,,,,,,,,,,,,,,,,,,,,,,,,,,,,,,,,,,,,,,,,,,,,,,,,,,,,,,,,,,,,,,,,,,,,,,,11303687,mh_filtrado,43,,,,,,,,,,,,,,,,,,,,,,,,,,,,,,,,,,,,,,,,,,,,,,,,,,,,,False,True,False,,,43,1.0,11303687.0,False,solo_mh_filtrado,solo_mh_filtrado,fuera_de_ambos,MH filtrado
,,,,,,,,,,,,,,,,,,,,,,,,,,,,,,,,,,,,,,,,,,,,,,,,,,,,,,,,,,,,,,,,,,,,,,,,,,,,,,,,,,,,11313187,mh_filtrado,31,,,,,,,,,,,,,,,,,,,,,,,,,,,,,,,,,,,,,,,,,,,,,,,,,,,,,False,True,False,,,31,1.0,11313187.0,False,solo_mh_filtrado,solo_mh_filtrado,fuera_de_ambos,MH filtrado
,,,,,,,,,,,,,,,,,,,,,,,,,,,,,,,,,,,,,,,,,,,,,,,,,,,,,,,,,,,,,,,,,,,,,,,,,,,,,,,,,,,,11359086,mh_filtrado,9,,,,,,,,,,,,,,,,,,,,,,,,,,,,,,,,,,,,,,,,,,,,,,,,,,,,,False,True,False,,,9,1.0,11359086.0,False,solo_mh_filtrado,solo_mh_filtrado,fuera_de_ambos,MH filtrado
,,,,,,,,,,,,,,,,,,,,,,,,,,,,,,,,,,,,,,,,,,,,,,,,,,,,,,,,,,,,,,,,,,,,,,,,,,,,,,,,,,,,11521781,mh_filtrado,38,,,,,,,,,,,,,,,,,,,,,,,,,,,,,,,,,,,,,,,,,,,,,,,,,,,,,False,True,False,,,38,1.0,11521781.0,False,solo_mh_filtrado,solo_mh_filtrado,fuera_de_ambos,MH filtrado
,,,,,,,,,,,,,,,,,,,,,,,,,,,,,,,,,,,,,,,,,,,,,,,,,,,,,,,,,,,,,,,,,,,,,,,,,,,,,,,,,,,,11528292,mh_filtrado,40,,,,,,,,,,,,,,,,,,,,,,,,,,,,,,,,,,,,,,,,,,,,,,,,,,,,,False,True,False,,,40,1.0,11528292.0,False,solo_mh_filtrado,solo_mh_filtrado,fuera_de_ambos,MH filtrado
,,,,,,,,,,,,,,,,,,,,,,,,,,,,,,,,,,,,,,,,,,,,,,,,,,,,,,,,,,,,,,,,,,,,,,,,,,,,,,,,,,,,3326144,mh_filtrado,24,,,,,,,,,,,,,,,,,,,,,,,,,,,,,,,,,,,,,,,,,,,,,,,,,,,,,False,True,False,,,24,1.0,3326144.0,False,solo_mh_filtrado,solo_mh_filtrado,fuera_de_ambos,MH filtrado
,,,,,,,,,,,,,,,,,,,,,,,,,,,,,,,,,,,,,,,,,,,,,,,,,,,,,,,,,,,,,,,,,,,,,,,,,,,,,,,,,,,,3326347,mh_filtrado,11,,,,,,,,,,,,,,,,,,,,,,,,,,,,,,,,,,,,,,,,,,,,,,,,,,,,,False,True,False,,,11,1.0,3326347.0,False,solo_mh_filtrado,solo_mh_filtrado,fuera_de_ambos,MH filtrado
,,,,,,,,,,,,,,,,,,,,,,,,,,,,,,,,,,,,,,,,,,,,,,,,,,,,,,,,,,,,,,,,,,,,,,,,,,,,,,,,,,,,3327188,mh_filtrado,13,,,,,,,,,,,,,,,,,,,,,,,,,,,,,,,,,,,,,,,,,,,,,,,,,,,,,False,True,False,,,13,1.0,3327188.0,False,solo_mh_filtrado,solo_mh_filtrado,fuera_de_ambos,MH filtrado
,,,,,,,,,,,,,,,,,,,,,,,,,,,,,,,,,,,,,,,,,,,,,,,,,,,,,,,,,,,,,,,,,,,,,,,,,,,,,,,,,,,,3427182,mh_filtrado,15,,,,,,,,,,,,,,,,,,,,,,,,,,,,,,,,,,,,,,,,,,,,,,,,,,,,,False,True,False,,,15,1.0,3427182.0,False,solo_mh_filtrado,solo_mh_filtrado,fuera_de_ambos,MH filtrado
,,,,,,,,,,,,,,,,,,,,,,,,,,,,,,,,,,,,,,,,,,,,,,,,,,,,,,,,,,,,,,,,,,,,,,,,,,,,,,,,,,,,3427211,mh_filtrado,16,,,,,,,,,,,,,,,,,,,,,,,,,,,,,,,,,,,,,,,,,,,,,,,,,,,,,False,True,False,,,16,1.0,3427211.0,False,solo_mh_filtrado,solo_mh_filtrado,fuera_de_ambos,MH filtrado
,,,,,,,,,,,,,,,,,,,,,,,,,,,,,,,,,,,,,,,,,,,,,,,,,,,,,,,,,,,,,,,,,,,,,,,,,,,,,,,,,,,,3427268,mh_filtrado,7,,,,,,,,,,,,,,,,,,,,,,,,,,,,,,,,,,,,,,,,,,,,,,,,,,,,,False,True,False,,,7,1.0,3427268.0,False,solo_mh_filtrado,solo_mh_filtrado,fuera_de_ambos,MH filtrado
,,,,,,,,,,,,,,,,,,,,,,,,,,,,,,,,,,,,,,,,,,,,,,,,,,,,,,,,,,,,,,,,,,,,,,,,,,,,,,,,,,,,3427858,mh_filtrado,21,,,,,,,,,,,,,,,,,,,,,,,,,,,,,,,,,,,,,,,,,,,,,,,,,,,,,False,True,False,,,21,1.0,3427858.0,False,solo_mh_filtrado,solo_mh_filtrado,fuera_de_ambos,MH filtrado
,,,,,,,,,,,,,,,,,,,,,,,,,,,,,,,,,,,,,,,,,,,,,,,,,,,,,,,,,,,,,,,,,,,,,,,,,,,,,,,,,,,,3427887,mh_filtrado,22,,,,,,,,,,,,,,,,,,,,,,,,,,,,,,,,,,,,,,,,,,,,,,,,,,,,,False,True,False,,,22,1.0,3427887.0,False,solo_mh_filtrado,solo_mh_filtrado,fuera_de_ambos,MH filtrado
,,,,,,,,,,,,,,,,,,,,,,,,,,,,,,,,,,,,,,,,,,,,,,,,,,,,,,,,,,,,,,,,,,,,,,,,,,,,,,,,,,,,3427899,mh_filtrado,23,,,,,,,,,,,,,,,,,,,,,,,,,,,,,,,,,,,,,,,,,,,,,,,,,,,,,False,True,False,,,23,1.0,3427899.0,False,solo_mh_filtrado,solo_mh_filtrado,fuera_de_ambos,MH filtrado
,,,,,,,,,,,,,,,,,,,,,,,,,,,,,,,,,,,,,,,,,,,,,,,,,,,,,,,,,,,,,,,,,,,,,,,,,,,,,,,,,,,,3428048,mh_filtrado,17,,,,,,,,,,,,,,,,,,,,,,,,,,,,,,,,,,,,,,,,,,,,,,,,,,,,,False,True,False,,,17,1.0,3428048.0,False,solo_mh_filtrado,solo_mh_filtrado,fuera_de_ambos,MH filtrado
,,,,,,,,,,,,,,,,,,,,,,,,,,,,,,,,,,,,,,,,,,,,,,,,,,,,,,,,,,,,,,,,,,,,,,,,,,,,,,,,,,,,3428168,mh_filtrado,32,,,,,,,,,,,,,,,,,,,,,,,,,,,,,,,,,,,,,,,,,,,,,,,,,,,,,False,True,False,,,32,1.0,3428168.0,False,solo_mh_filtrado,solo_mh_filtrado,fuera_de_ambos,MH filtrado
,,,,,,,,,,,,,,,,,,,,,,,,,,,,,,,,,,,,,,,,,,,,,,,,,,,,,,,,,,,,,,,,,,,,,,,,,,,,,,,,,,,,3538483,mh_filtrado,1,,,,,,,,,,,,,,,,,,,,,,,,,,,,,,,,,,,,,,,,,,,,,,,,,,,,,False,True,False,,,1,1.0,3538483.0,False,solo_mh_filtrado,solo_mh_filtrado,fuera_de_ambos,MH filtrado
,,,,,,,,,,,,,,,,,,,,,,,,,,,,,,,,,,,,,,,,,,,,,,,,,,,,,,,,,,,,,,,,,,,,,,,,,,,,,,,,,,,,6272576,mh_filtrado,45,,,,,,,,,,,,,,,,,,,,,,,,,,,,,,,,,,,,,,,,,,,,,,,,,,,,,False,True,False,,,45,1.0,6272576.0,False,solo_mh_filtrado,solo_mh_filtrado,fuera_de_ambos,MH filtrado
,,,,,,,,,,,,,,,,,,,,,,,,,,,,,,,,,,,,,,,,,,,,,,,,,,,,,,,,,,,,,,,,,,,,,,,,,,,,,,,,,,,,6450047,mh_filtrado,18,,,,,,,,,,,,,,,,,,,,,,,,,,,,,,,,,,,,,,,,,,,,,,,,,,,,,False,True,False,,,18,1.0,6450047.0,False,solo_mh_filtrado,solo_mh_filtrado,fuera_de_ambos,MH filtrado
,,,,,,,,,,,,,,,,,,,,,,,,,,,,,,,,,,,,,,,,,,,,,,,,,,,,,,,,,,,,,,,,,,,,,,,,,,,,,,,,,,,,8089208,mh_filtrado,12,,,,,,,,,,,,,,,,,,,,,,,,,,,,,,,,,,,,,,,,,,,,,,,,,,,,,False,True,False,,,12,1.0,8089208.0,False,solo_mh_filtrado,solo_mh_filtrado,fuera_de_ambos,MH filtrado
,,,,,,,,,,,,,,,,,,,,,,,,,,,,,,,,,,,,,,,,,,,,,,,,,,,,,,,,,,,,,,,,,,,,,,,,,,,,,,,,,,,,8089455,mh_filtrado,6,,,,,,,,,,,,,,,,,,,,,,,,,,,,,,,,,,,,,,,,,,,,,,,,,,,,,False,True,False,,,6,1.0,8089455.0,False,solo_mh_filtrado,solo_mh_filtrado,fuera_de_ambos,MH filtrado
,,,,,,,,,,,,,,,,,,,,,,,,,,,,,,,,,,,,,,,,,,,,,,,,,,,,,,,,,,,,,,,,,,,,,,,,,,,,,,,,,,,,8090624,mh_filtrado,28,,,,,,,,,,,,,,,,,,,,,,,,,,,,,,,,,,,,,,,,,,,,,,,,,,,,,False,True,False,,,28,1.0,8090624.0,False,solo_mh_filtrado,solo_mh_filtrado,fuera_de_ambos,MH filtrado
,,,,,,,,,,,,,,,,,,,,,,,,,,,,,,,,,,,,,,,,,,,,,,,,,,,,,,,,,,,,,,,,,,,,,,,,,,,,,,,,,,,,9804661,mh_filtrado,35,,,,,,,,,,,,,,,,,,,,,,,,,,,,,,,,,,,,,,,,,,,,,,,,,,,,,False,True,False,,,35,1.0,9804661.0,False,solo_mh_filtrado,solo_mh_filtrado,fuera_de_ambos,MH filtrado
,,,,,,,,,,,,,,,,,,,,,,,,,,,,,,,,,,,,,,,,,,,,,,,,,,,,,,,,,,,,,,,,,,,,,,,,,,,,,,,,,,,,9890180,mh_filtrado,33,,,,,,,,,,,,,,,,,,,,,,,,,,,,,,,,,,,,,,,,,,,,,,,,,,,,,False,True,False,,,33,1.0,9890180.0,False,solo_mh_filtrado,solo_mh_filtrado,fuera_de_ambos,MH filtrado
,,,,,,,,,,,,,,,,,,,,,,,,,,,,,,,,,,,,,,,,,,,,,,,,,,,,,,,,,,,,,,,,,,,,,,,,,,,,,,,,,,,,9890969,mh_filtrado,42,,,,,,,,,,,,,,,,,,,,,,,,,,,,,,,,,,,,,,,,,,,,,,,,,,,,,False,True,False,,,42,1.0,9890969.0,False,solo_mh_filtrado,solo_mh_filtrado,fuera_de_ambos,MH filtrado
,,,,,,,,,,,,,,,,,,,,,,,,,,,,,,,,,,,,,,,,,,,,,,,,,,,,,,,,,,,,,,,,,,,,,,,,,,,,,,,,,,,,mh_sin_id_1,mh_filtrado,2,,,,,,,,,,,,,,,,,,,,,,,,,,,,,,,,,,,,,,,,,,,,,,,,,,,,,False,True,False,,,2,0.0,,False,mh_sin_id,mh_sin_id,fuera_de_ambos,MH filtrado
,,,,,,,,,,,,,,,,,,,,,,,,,,,,,,,,,,,,,,,,,,,,,,,,,,,,,,,,,,,,,,,,,,,,,,,,,,,,,,,,,,,,mh_sin_id_2,mh_filtrado,3,,,,,,,,,,,,,,,,,,,,,,,,,,,,,,,,,,,,,,,,,,,,,,,,,,,,,False,True,False,,,3,0.0,,False,mh_sin_id,mh_sin_id,fuera_de_ambos,MH filtrado
,,,,,,,,,,,,,,,,,,,,,,,,,,,,,,,,,,,,,,,,,,,,,,,,,,,,,,,,,,,,,,,,,,,,,,,,,,,,,,,,,,,,mh_sin_id_3,mh_filtrado,4,,,,,,,,,,,,,,,,,,,,,,,,,,,,,,,,,,,,,,,,,,,,,,,,,,,,,False,True,False,,,4,0.0,,False,mh_sin_id,mh_sin_id,fuera_de_ambos,MH filtrado
,,,,,,,,,,,,,,,,,,,,,,,,,,,,,,,,,,,,,,,,,,,,,,,,,,,,,,,,,,,,,,,,,,,,,,,,,,,,,,,,,,,,mh_sin_id_4,mh_filtrado,19,,,,,,,,,,,,,,,,,,,,,,,,,,,,,,,,,,,,,,,,,,,,,,,,,,,,,False,True,False,,,19,0.0,,False,mh_sin_id,mh_sin_id,fuera_de_ambos,MH filtrado
,,,,,,,,,,,,,,,,,,,,,,,,,,,,,,,,,,,,,,,,,,,,,,,,,,,,,,,,,,,,,,,,,,,,,,,,,,,,,,,,,,,,mh_sin_id_5,mh_filtrado,25,,,,,,,,,,,,,,,,,,,,,,,,,,,,,,,,,,,,,,,,,,,,,,,,,,,,,False,True,False,,,25,0.0,,False,mh_sin_id,mh_sin_id,fuera_de_ambos,MH filtrado
,,,,,,,,,,,,,,,,,,,,,,,,,,,,,,,,,,,,,,,,,,,,,,,,,,,,,,,,,,,,,,,,,,,,,,,,,,,,,,,,,,,,mh_sin_id_6,mh_filtrado,36,,,,,,,,,,,,,,,,,,,,,,,,,,,,,,,,,,,,,,,,,,,,,,,,,,,,,False,True,False,,,36,0.0,,False,mh_sin_id,mh_sin_id,fuera_de_ambos,MH filtrado
